1.0,126.0,477.0,496.0,291714929.12003744,5825442.570000761,51120.07999999154,879162.4699995742,43908.72999999256,93436467.18995245
190.0,104.0,395.0,411.0,274463946.1899955,5090210.669999569,43262.84999999745,675075.5499996835,35172.03000000639,88044214.79995759
1.0,247.0,418.0,434.0,396844551.90016496,5490345.400000781,54678.68999999423,1735557.6599994898,68253.88999998226,127240390.94996671
2.0,149.0,363.0,586.0,341801750.58013964,7471629.180002576,57079.08999998258,996953.6599994063,43953.509999988644,109414343.49995576
2.0,130.0,496.0,472.0,283357466.870009,5995065.270000526,51634.88999999074,797926.2299996518,40226.509999994065,90744792.47995056
2.0,297.0,323.0,478.0,436763528.6202966,6496402.110001983,58098.66999998444,1873064.799999264,68860.33999998817,140002250.8999712
226.0,123.0,303.0,448.0,329246893.9200767,5709239.620000677,45366.01999999877,956541.1799994782,43075.059999990684,105616369.97995435
175.0,215.0,364.0,346.0,368659059.10009205,4162065.689999271,45633.310000004276,1562019.049999668,62739.39999997469,118380860.61996986
192.0,236.0,257.0,415.0,411190821.41017854,5557702.980001022,50138.899999996174,1633674.4999998,62133.89999997976,131963189.82996266
198.0,244.0,265.0,393.0,401164067.0801451,5072793.090000263,48535.469999999994,1658591.0599996997,62448.89999998024,128761904.5399655
251.0,376.0,227.0,246.0,495745442.9101708,4041811.8499997645,47972.95000000473,2462530.130000085,86549.86000002445,159271747.22997567
397.0,311.0,188.0,204.0,504197414.6201374,3527064.800000267,43808.65000000757,2459899.150000135,88837.2500000108,162120041.41994423
365.0,48.0,330.0,357.0,263382962.48998037,4867611.949999288,37758.29000000644,431663.4400000295,27764.540000004523,84607809.67995869
297.0,444.0,68.0,291.0,572453508.2802328,4347417.080000199,49127.80000000397,2918712.3799997373,95440.79000002079,183917072.25992423
261.0,390.0,236.0,213.0,502074100.8100947,2990677.730000544,45144.590000010045,2688252.4099999988,94823.29000001031,161373747.13997054
507.0,66.0,115.0,412.0,312592543.65007454,5819876.190000173,37433.86000000579,513176.3500000093,25530.419999997906,100417022.5099448
472.0,370.0,56.0,202.0,527867892.57014054,3374715.550000013,40473.85000001105,2544765.510000109,85265.60000000325,169749511.04994354
558.0,38.0,265.0,239.0,251060032.45998842,3395669.819999442,27899.07000000536,358178.3899998877,25541.86000000335,80873994.76997294
647.0,44.0,77.0,332.0,301139129.0300223,4638648.30999905,29548.53000000966,417870.22999988927,22703.039999996836,96903252.44995522
681.0,47.0,81.0,291.0,281569305.57001096,3765540.4099990614,24942.340000006086,351034.99999984686,21589.60999999843,90704825.37996188
377.0,0.0,352.0,371.0,221386143.4399783,5037953.159999297,36333.350000005994,91335.43999997349,18329.55999999683,71117421.10997383
362.0,0.0,360.0,378.0,215684887.19998088,4658961.169998974,35041.08000000781,88988.69999997888,18672.5199999983,69305720.35997672
330.0,138.0,308.0,324.0,335825675.0200989,4367629.219999267,39997.80000000163,1096041.7299994973,46116.41999998896,107905745.7799532
351.0,0.0,403.0,346.0,207467709.57998267,4567857.92999892,35787.47000000605,86339.91999997756,19600.239999998346,66666819.10997485
512.0,1.0,479.0,108.0,164951628.34999382,1891134.0400001258,24554.470000002162,67392.61000000208,22355.680000006287,53286235.979983084
396.0,166.0,454.0,84.0,262354801.4799954,1460569.8999999277,30513.710000005856,996400.2599996354,49123.359999992215,84549924.93996769
449.0,1.0,549.0,101.0,149671922.92999488,1651885.7200001117,25559.130000001438,69579.51000000296,23423.48000000744,48361757.60998281
413.0,184.0,410.0,93.0,318226058.3400223,1760939.0899998466,32521.330000008806,1362105.0100000869,59113.339999979056,102478809.21996258
296.0,132.0,362.0,310.0,318263420.78004915,4190869.6099989763,40334.240000003214,1035018.3399993978,46737.129999994366,102255769.04995388
380.0,170.0,464.0,86.0,286905237.67000526,1778475.0699998918,31945.270000007276,1131345.1499997552,53318.04999999086,92419818.07996339
232.0,460.0,187.0,221.0,558732624.2801889,3806045.1400000504,50332.71000000373,2995735.6699999673,101854.21000002994,179515146.67994663
198.0,477.0,195.0,230.0,583833310.5301406,3277357.78000055,50933.5800000101,3347747.859999167,114072.66000002249,187591316.45994592
184.0,593.0,148.0,175.0,654743806.2601479,3264855.240000755,53404.86000001254,3858919.4599988656,129464.80000002812,210392961.22991455
205.0,405.0,295.0,195.0,508228912.7501021,3122539.940000339,47329.01000000728,2756888.389999939,96578.08000001826,163327182.6799793
172.0,341.0,139.0,448.0,491432286.69026625,6210392.6100020725,54402.64999999584,2154852.539999819,74950.70999999868,157670952.67996892
133.0,429.0,191.0,347.0,573413776.2302613,5301920.190001556,57500.289999998684,2965777.9900001907,101953.53000005383,184084595.77997282
132.0,318.0,231.0,419.0,488390410.7902716,5697368.08000124,54563.6399999952,2243194.6999999285,78041.75000000946,156723018.46996614
121.0,476.0,119.0,384.0,588294722.8502821,5717982.570001712,58258.64999999857,3001129.2399998987,98564.7700000398,188815122.34995463
140.0,551.0,246.0,163.0,598889117.8301115,2634406.6100002234,50938.00000001274,3604096.109998911,122480.36000001614,192451807.48993886
112.0,438.0,196.0,354.0,561279147.9902161,4602939.360000601,55001.7300000011,3025909.4399999,101929.17000004344,180196275.28997052
438.0,146.0,381.0,135.0,292022368.1600099,2349699.2899998305,32525.060000008303,1024949.609999495,48664.419999989994,94038775.83996393
140.0,212.0,553.0,195.0,344731680.5400385,2682542.2300000475,43583.2200000072,1702839.4599999755,72062.4899999894,110796790.22996882
275.0,502.0,239.0,84.0,563405460.180053,1902894.3399994527,44179.770000011515,3279914.029998914,112395.98000001791,181191923.23995316
258.0,86.0,676.0,80.0,187177484.85999435,1620938.8700000083,32200.310000004967,541713.4799999276,39148.62999999905,60323805.499973625
479.0,160.0,418.0,43.0,285713673.19999886,1257449.2599999094,28910.000000004708,1130990.5299998508,53094.6699999837,92113176.96995865
199.0,363.0,520.0,18.0,432029180.45001453,1007536.5199997423,41630.320000010084,2568067.5699998126,98037.32000002149,139004085.8699737
74.0,112.0,883.0,31.0,162498065.6599989,981497.1799999957,36442.56000000182,691869.569999939,48103.81999998844,52341397.81995141
80.0,668.0,319.0,33.0,640885871.7900252,1163524.4399995059,52450.84000001718,4254330.109998235,144033.9800000028,206022685.44996586
49.0,404.0,579.0,68.0,462355990.04004544,1639698.9399996053,48051.21000000981,2842240.6599997277,106707.91000004236,148626579.04997867
51.0,423.0,605.0,21.0,435742459.070003,1049667.2299996046,45742.980000012554,2754263.159999577,104520.76000002779,140112418.38999587
327.0,234.0,309.0,230.0,346788233.81006765,3520779.3499995014,38493.06000000663,1320748.0599998469,54751.32999998518,111497503.3299515
242.0,259.0,344.0,255.0,403270584.2101321,4152249.9899996477,45954.630000004545,1780533.6600002348,70099.50999998295,129549606.04995699
384.0,83.0,363.0,270.0,259152819.96998355,3768868.4899993753,35297.13000000688,585014.7999998913,34288.15000000079,83350643.76996818
370.0,264.0,206.0,260.0,428882069.68009764,3633105.3699999107,39926.10000000858,1856256.2800004566,68894.85999998206,137888119.0499509
337.0,240.0,318.0,205.0,402483622.0501057,3405321.019999834,41648.19000000683,1800965.170000362,69865.83999998467,129394102.32994726
462.0,100.0,257.0,281.0,315119750.0700498,3988430.8799991123,34298.79000001005,797667.9899994695,37989.599999997314,101387619.66994911
287.0,309.0,241.0,263.0,449244903.94015044,4003107.5699994913,45236.93000000195,2077648.9800001862,75425.18000000651,144349425.9199613
300.0,98.0,427.0,275.0,267143882.75998437,3825405.179998944,37750.15000000589,706558.1099996153,37932.33000000234,85859379.67995623
341.0,112.0,286.0,361.0,320395085.50005776,4702272.829999497,39220.58000000533,882303.4599994554,40401.02999999572,102941135.4799585
357.0,117.0,299.0,327.0,311742576.98003626,4610577.779999487,39695.020000004864,859410.8899995273,40516.86999999911,100160695.67995349
477.0,285.0,60.0,278.0,460564496.740126,4177532.5199996405,39459.9100000096,1897997.5600006313,66456.24999998577,148083582.15993848
554.0,250.0,53.0,243.0,423240221.0501097,3436190.5099997018,33267.2800000128,1651960.750000409,58314.19999998858,136181559.72995585
456.0,320.0,58.0,266.0,516167569.6302061,4236260.139999776,44103.60000000514,2422101.9600004475,83224.92000001573,165906655.8299439
327.0,196.0,386.0,191.0,324633212.27004194,2821590.619999924,37551.66000000626,1309192.1499998074,56841.9599999838,104425001.85995787
370.0,221.0,47.0,462.0,453929812.8502214,6311487.200001428,47277.399999999,1607174.7799997444,56877.139999984785,145737104.59993926
266.0,187.0,314.0,333.0,350907887.1300979,4489428.629999566,43514.670000003534,1296952.0999995966,53515.379999981116,112695013.14995456
335.0,151.0,298.0,316.0,321430426.9800384,3955083.4999993155,37409.10000000815,1032758.409999406,45031.969999991976,103312255.48995548
429.0,227.0,41.0,403.0,442939450.270205,5187567.720000586,41712.550000006035,1620439.2700000247,58174.28999998374,142310694.39995092
385.0,204.0,342.0,169.0,369461915.5000462,2629494.2199998833,37008.400000008485,1620940.4900002321,64697.88999997937,118857909.58995408
328.0,173.0,291.0,308.0,344299194.8500774,4190079.5699990396,39889.94000000682,1199742.2399996393,50646.16999998462,110636641.50995429
58.0,393.0,260.0,389.0,548928855.9102888,5056921.490000733,58039.55999999587,2911567.090000477,100940.09000005903,176182739.03997713
138.0,363.0,240.0,359.0,511864937.95021653,5125807.310000856,54419.609999999935,2540930.829999966,89931.34000002364,164302552.99996865
56.0,412.0,253.0,379.0,533880207.6602305,4775191.810000629,55159.19999999914,2810409.9400001657,95762.8700000452,171342904.16997966
66.0,457.0,125.0,452.0,572280964.7603474,6761414.910002847,60890.96999999056,2759093.4000002067,90245.97000002836,183565903.05993482
75.0,516.0,341.0,168.0,545384521.3801062,2925284.6400000784,52006.65000000856,3209029.8099996615,110657.62000003974,175202919.33000517
89.0,650.0,165.0,196.0,729549973.6301804,3230431.1700007604,60153.08000001426,4577707.27999978,152204.0400000162,234374287.23989123
212.0,556.0,152.0,180.0,607339189.9301478,3173984.9900002913,50434.98000000869,3472835.1699991687,114857.50000002561,195169009.9099317
172.0,484.0,298.0,146.0,547279950.9600837,2524930.2299999236,47816.49000001096,3166579.1599994656,109619.37000002916,175912648.06998304
154.0,435.0,111.0,400.0,566943903.6402929,5789934.150001907,56531.61000000031,2811986.969999833,93505.14000001622,181959874.989942
204.0,576.0,146.0,174.0,658328089.8901566,3130864.7800008785,53729.43000001393,3920166.179998371,132130.28000002325,211558898.79989645
254.0,85.0,22.0,739.0,351412679.80020493,8493522.720002813,48335.47999998787,523680.1700001941,20493.35999999378,112530032.33995414
644.0,46.0,12.0,398.0,311804281.6900565,5043409.479999573,29755.230000009793,390102.6899998554,19594.309999996494,100298710.59995048
138.0,547.0,12.0,403.0,684308805.9003632,5838702.330002393,61732.18999999559,3720933.3299999,119073.01000005324,219658937.92987597
121.0,40.0,588.0,351.0,196175171.41998416,4321359.07999868,42001.469999997746,297873.93000007013,29330.270000012897,62930120.96996066
570.0,190.0,50.0,290.0,402409357.3201235,4486401.779999394,35340.18000001125,1313089.0899997249,48821.77999998952,129422753.72993475
107.0,421.0,518.0,54.0,458866533.85003436,1431359.829999532,46668.43000001131,2827459.3799997196,105320.87000003106,147539826.649995
497.0,35.0,514.0,54.0,187834514.22999638,1288756.4300000058,23735.56000000326,314691.65999986813,30479.980000013078,60700079.20999075
559.0,470.0,10.0,61.0,581125685.6100328,1595664.059999464,35585.760000012306,3154456.509999021,104942.95999998793,187047999.07989255
315.0,265.0,326.0,194.0,397810951.84005904,2959890.470000191,40223.91000000705,1831139.6700004295,71389.72999999567,127930483.3099671
369.0,310.0,381.0,40.0,422877970.3900185,1317271.1399997142,35945.10000000834,2220453.3100006124,84323.27999999914,136146196.9499654
416.0,340.0,312.0,32.0,407505139.32002646,1358565.3999998176,33317.68000000824,2018989.6700010486,75948.9899999924,131235429.1399537
284.0,405.0,372.0,39.0,497560966.500025,1225644.1999996356,40980.45000001075,2885953.8599995472,102530.95000001058,160090693.67997184
502.0,184.0,375.0,39.0,293500077.07000566,1122034.4799998936,25770.630000004323,1093005.369999683,49794.729999992865,94670597.47996041
438.0,357.0,271.0,34.0,454313962.9000224,1259316.2899997078,34428.300000009134,2368520.130000289,86531.26000000488,146287502.7399477
321.0,262.0,240.0,277.0,419057454.75011826,4038615.389999843,43228.880000005076,1827174.310000116,68101.98999998401,134648161.06996134
386.0,141.0,239.0,334.0,334284095.72006756,4728194.779999597,38971.85000000617,950640.1999994232,41942.589999993885,107429574.37994991
219.0,313.0,237.0,331.0,465865258.6201585,4517564.649999969,47843.280000002786,2160928.020000016,76711.1199999936,149612931.16995823
247.0,158.0,323.0,372.0,326875371.52007455,5069030.23999986,43571.520000002165,972514.9499993847,43916.30999999131,104952132.21995164
385.0,247.0,416.0,52.0,361326917.6300221,1353003.479999771,33946.01000000704,1767679.0800006608,71388.89999998994,116354349.63995847
260.0,166.0,281.0,393.0,356171978.67008203,4774927.859999881,43462.830000003785,1250069.06999962,50695.83999998363,114375598.16995776
445.0,148.0,126.0,381.0,367556022.2101486,5851739.220000767,41248.69000000236,967406.699999353,38878.719999992136,118052986.76994641
105.0,225.0,192.0,578.0,411323373.43019235,7283690.8700024905,55384.48999998931,1423349.0499993628,52870.26999998257,131808899.69996785
514.0,1.0,146.0,439.0,257390190.68997556,5528422.889999845,33158.28000001272,114943.80999997126,14369.729999995787,82698539.97997364
378.0,126.0,272.0,324.0,307271921.08005744,4160552.399999127,36846.10000000679,879107.7999995074,41318.85999999189,98759578.44996397
437.0,146.0,124.0,393.0,366054851.0501385,5452138.980000375,40620.58000000466,1031140.9399992338,42035.229999991054,117600023.02994908
419.0,1.0,302.0,378.0,230027789.36997867,4841231.159999173,33785.09000000909,93261.22999997721,17419.719999995945,73943394.73997098
81.0,174.0,375.0,470.0,347505618.1901243,6179622.340001184,51734.40999999201,1142487.9899994445,48368.439999981725,111396815.85995586
127.0,3.0,232.0,738.0,273538049.1899789,8418901.950002681,50977.299999983115,143108.7199999499,14856.13999999208,87459832.59995134
98.0,2.0,457.0,543.0,216103505.679972,6341820.700000714,46865.65999999144,118303.30999994646,20326.779999999104,69172017.08995478
96.0,2.0,445.0,557.0,213278182.36997193,6255252.340000393,46231.36999999316,107963.13999995113,19789.729999998355,68255028.30995312
208.0,385.0,363.0,144.0,475401770.1400827,2529328.0399996,44364.820000009444,2580905.499999923,93927.54000002622,152842533.32998648
281.0,354.0,333.0,132.0,464536623.48006845,2284121.8199999514,41378.96000001014,2462199.3300002203,88176.60000000535,149393347.41996476
240.0,275.0,419.0,166.0,422042568.1502565,3707114.5200005877,47597.10000000188,2031249.580001834,96038.94000013269,135709741.95988828
279.0,516.0,112.0,193.0,627350084.6401474,3547008.6600011,51252.25000001117,3547119.759998912,119964.7800000186,201611804.0999203
205.0,378.0,356.0,161.0,455571190.8200841,2510998.9100000304,44420.43000000905,2470851.9600000335,89829.83000002167,146438402.93999055
330.0,377.0,133.0,260.0,526259772.42018646,4039940.269999975,46690.70000000703,2616776.510000004,90243.6300000119,169112849.8899338
358.0,452.0,98.0,192.0,594933205.6201566,3098627.5999999163,46487.08000001076,3248326.039999712,109241.11000001959,191269721.02992722
314.0,244.0,373.0,169.0,390962965.05005884,2738822.129999869,38876.930000008666,1795379.140000488,70026.57999999188,125734620.33995108
436.0,340.0,119.0,205.0,482638046.8301357,3464862.5299998205,40404.18000000996,2258703.3300005817,79080.17999999813,155199016.10993955
425.0,331.0,116.0,228.0,492589767.090173,3684439.2899996736,41925.31000000924,2295859.050000646,80349.51000000253,158387930.01993674
190.0,264.0,387.0,259.0,390327543.5100915,3739810.459999642,45574.98000000521,1772062.5200000464,68720.54999998618,125398427.02995998
282.0,238.0,348.0,232.0,369768519.7300512,3036969.619999962,39268.690000005416,1632384.6800002046,64137.34999997941,118876535.38995673
153.0,427.0,312.0,208.0,492950893.10011053,3203520.0600001663,48352.75000000747,2671820.0099997525,93761.20000001632,158372760.65997878
200.0,278.0,350.0,272.0,405652084.8201458,4469687.979999508,47092.39000000196,1755356.789999885,68511.4499999803,130291740.33995643
147.0,204.0,298.0,451.0,383739782.9801517,5626663.770000506,49629.969999997105,1429753.5999995018,55496.06999997923,123100776.6099633
128.0,356.0,223.0,393.0,519077654.2102224,4794420.980000673,52957.5500000041,2630270.4899999416,89887.97000002328,166629020.47997817
231.0,194.0,244.0,431.0,371562307.2201461,5327659.08000053,45707.36999999893,1302456.48999955,52211.129999984696,119261902.86995874
190.0,321.0,234.0,355.0,463041851.4001907,4579844.880000131,49321.25999999937,2178152.540000191,79247.09000001135,148677216.93996096
241.0,406.0,255.0,198.0,466866426.2300939,3206263.910000134,44184.840000008466,2345815.7600001576,83917.15000001628,150063023.7299789
196.0,330.0,208.0,366.0,478329917.9802139,4833185.950000141,49566.62999999852,2237926.1600002,77164.34000001178,153567680.4699741
318.0,365.0,55.0,362.0,531039552.3802636,5281424.93000124,48653.57999999847,2395906.1800002703,80035.53000001803,170577153.12993082
11.0,509.0,77.0,503.0,645824488.5804093,6978355.270003686,66180.13999998939,3362228.330000303,107831.06000005396,207140879.7599323
396.0,184.0,69.0,451.0,427089179.67023283,5861712.41000132,44232.740000000624,1453019.709999676,53378.07999998371,137143100.81995395
328.0,377.0,21.0,374.0,565415055.5903124,5679897.970001529,52282.1099999979,2651484.840000561,88565.210000035,181568002.5799168
379.0,436.0,66.0,219.0,576174389.8801515,3467686.18000042,45641.17000000727,3051986.4699996077,102014.12000001216,185202427.8699062
523.0,242.0,33.0,302.0,459766428.3401702,4153180.2899991916,37380.630000009616,1821657.480000433,63078.099999985905,147850526.4999421
15.0,696.0,39.0,350.0,790392895.3403238,5143681.030002415,68000.75999999544,4797764.170001059,152880.64000004,253728966.85985523
22.0,411.0,154.0,513.0,566325389.4204065,6901587.450002977,62941.53999998791,2748362.120000004,92529.31000004537,181614254.61994833
16.0,302.0,41.0,741.0,518956877.9004921,9872029.13999879,67179.14999996891,1888427.109998731,61357.89999997367,166156660.76995966
24.0,451.0,62.0,563.0,595508398.4803469,6766401.990002768,61980.38999999355,2965330.439999614,96017.45000003059,190975464.6499348
341.0,114.0,537.0,108.0,241237517.64999208,1900287.2299999653,31720.890000006282,787334.7399996674,43766.68999999074,77722388.39997274
195.0,136.0,641.0,128.0,249235890.82998675,2338160.4300000034,38878.2400000052,1004348.7699996107,52934.07999998669,80167817.1799691
353.0,80.0,556.0,111.0,217098709.9499968,1933710.710000061,30829.890000004616,608813.6999998357,39448.25000000681,69965655.73996982
359.0,120.0,508.0,113.0,263769399.12999168,2164813.189999971,33459.65000000754,941294.6799995746,48466.17999999058,84927408.20996279
333.0,111.0,525.0,131.0,234428972.0999927,2009379.7800000226,32396.450000005912,754710.8499997414,43074.20999999975,75503403.03997144
362.0,82.0,514.0,142.0,212330097.3599911,2156779.200000033,30298.5600000064,509971.22999990016,35245.68000000932,68422360.4299815
201.0,140.0,595.0,164.0,245105281.64999232,2552737.0199998943,37134.240000005666,869823.9199996853,46173.12999999041,78832771.15995792
197.0,93.0,649.0,161.0,191775118.40998983,2479296.0199998813,35776.520000004515,494211.209999995,37553.90000001079,61706300.02996137
216.0,102.0,640.0,142.0,210933663.77999607,1861038.0200000256,34769.42000000384,742757.4399998022,44852.99999999797,67896611.99996513
209.0,99.0,620.0,172.0,211329793.03999054,2421997.0999998865,36446.82000000582,662149.3999998196,42513.269999995544,67989296.91996546
40.0,415.0,236.0,409.0,545761246.8602736,5091874.69000096,57175.42999999751,2879934.8500004304,97134.51000005101,175135803.26998237
335.0,300.0,170.0,295.0,440077158.9701745,4364441.34999954,43194.03000000606,1875327.6600002174,68201.42999998596,141407386.25996622
41.0,392.0,244.0,423.0,531919758.1702606,5531808.160002165,58469.13999999696,2723148.8100000066,95119.0700000418,170661008.60996592
42.0,437.0,191.0,430.0,564576166.4503292,6373905.100002887,61338.31999999322,2815395.8200000636,94537.6400000437,181100553.11996633
38.0,406.0,231.0,425.0,534684753.6102868,5992246.750002326,59262.089999994205,2658729.3000001386,91137.97000004612,171507728.84996736
42.0,402.0,193.0,463.0,538839120.6703296,6047646.580001866,58399.299999990435,2633512.260000199,87514.60000003944,172854637.20996684
341.0,305.0,134.0,320.0,465942014.6701758,4450438.219999798,43916.000000002976,2018289.1100003778,70772.67999999042,149714180.7799423
337.0,275.0,172.0,316.0,451115129.740195,4605564.79999987,44263.31000000299,1922651.3800002097,68174.56999998212,144928379.91994894
356.0,290.0,140.0,314.0,460821526.9001814,4545475.289999922,44689.810000002835,1993563.8900004746,72233.43000000075,148074988.21994263
350.0,285.0,137.0,328.0,463043919.3201991,4483547.079999773,43650.96000000549,2000969.7900004808,71225.0799999953,148790442.43994987
89.0,202.0,502.0,307.0,337165990.94007015,3997899.849999283,47370.169999999314,1468144.9299996055,62571.719999971654,108219482.73995987
196.0,180.0,449.0,275.0,307584507.1100565,4059406.349999122,43525.319999999614,1121638.0699995595,51077.05999998105,98790950.22995667
77.0,324.0,434.0,265.0,425408793.05012476,3230149.95999975,48627.45000000405,2268287.0899999146,85231.29000001994,136633157.45997846
145.0,329.0,124.0,502.0,522505538.7803478,6534959.320002369,56823.64999999063,2362384.8099996755,80203.44000000882,167620303.2799568
101.0,229.0,571.0,199.0,325270809.22004586,2992249.309999744,45434.600000003236,1562483.149999853,67306.24999997969,104488925.19996402
136.0,578.0,117.0,269.0,651985304.690249,4463143.460000873,58367.88000000402,3725727.4799995604,123843.25000004916,209369843.53993773
359.0,330.0,125.0,286.0,495664957.96015495,3892367.5100001497,43344.630000008656,2324892.440000108,80323.7900000008,159308552.7499476
190.0,325.0,434.0,151.0,416123178.9600919,2412332.3999998495,42893.6900000077,2203680.6100002625,82461.17000000783,133775248.8599771
247.0,422.0,86.0,345.0,552694649.7702204,4675767.170000601,50759.62000000485,2786933.3099999125,94515.47000001819,177509862.1799404
286.0,488.0,99.0,227.0,612026312.0301657,3544294.4800002268,49473.02000000757,3364767.8499992704,111628.0300000215,196691448.93991643
298.0,360.0,24.0,418.0,566082622.3403381,6136722.900001993,53670.93999999652,2592680.4100000816,86494.98000002709,181746722.16992104
347.0,338.0,23.0,392.0,525428657.9702632,5640490.870001166,48575.33000000247,2280158.150000155,76026.14999999791,168741669.07992882
275.0,419.0,22.0,384.0,580608385.7903104,5723541.420001632,53268.349999999205,2786716.619999899,90232.46000002779,186415945.57991448
240.0,290.0,234.0,336.0,440667979.9701872,4673221.109999872,46708.69000000051,1953986.9099999757,70300.28999999612,141508767.28996795
319.0,385.0,26.0,370.0,534189246.2602666,5203381.49000074,48057.50000000142,2430669.240000328,79980.35000001098,171571246.9299207
236.0,360.0,231.0,273.0,503602003.8001561,4041372.8800001773,49116.360000004446,2565295.660000103,90779.83000001858,161787516.6399569
297.0,290.0,235.0,278.0,447520472.2501699,3786742.229999489,43515.77000000483,2070739.5000003106,74239.32000000219,143817394.8399689
341.0,419.0,22.0,318.0,575269674.9402733,5117969.240001201,50298.96000000166,2783501.480000233,90780.48000002433,184787274.2399045
265.0,326.0,209.0,300.0,460674664.2901688,4069180.489999624,44874.310000003425,2149662.3900002106,76689.77000000581,148010300.2299685
278.0,342.0,220.0,260.0,467267056.5901495,3593039.799999678,43904.270000006654,2253798.130000272,80977.43000001194,150173665.3999763
423.0,235.0,399.0,43.0,350008099.47001517,1262706.7599997937,31681.97000000871,1649878.2700006843,68854.88999998067,112758937.88996102
465.0,220.0,375.0,40.0,314231672.90001106,1379105.6599998723,28901.530000005936,1309395.8400000278,56587.229999986164,101270470.12996122
390.0,304.0,367.0,39.0,406061269.1800238,1234339.749999754,35023.67000000875,2140128.830000895,81812.81000000238,130732058.08995849
537.0,298.0,211.0,54.0,422913810.580029,1525730.5199996836,31980.700000009103,2063931.010001087,76608.80999999294,136192234.18996346
305.0,169.0,287.0,339.0,348006755.9900917,4382758.989999346,40303.70000000352,1179783.6899996107,48636.43999998668,111815996.64995746
335.0,261.0,132.0,372.0,455788798.610221,5291335.230000523,45986.29000000193,1818812.850000077,64774.96999997922,146395440.3999514
398.0,189.0,134.0,379.0,398279672.2301201,5007619.929999851,40422.09000000585,1369033.8399997044,49956.38999998894,127944410.4099497
321.0,214.0,259.0,306.0,396667906.9101083,4023944.9599996028,41873.1400000067,1647899.1299999675,63532.87999997839,127461791.60996065
527.0,351.0,177.0,45.0,483319049.74002224,1332465.369999637,33586.0400000103,2518014.1700002286,89724.90999999687,155625206.559939
373.0,248.0,125.0,354.0,446062841.5601997,5308295.630000684,44732.6300000012,1722715.7200001706,61944.00999998131,143290819.9699518
173.0,485.0,149.0,293.0,621529087.3302333,3958468.4200001713,54335.14000000611,3522528.339999606,118099.73000004073,199642790.5599251
230.0,455.0,140.0,275.0,570785851.6702158,4282286.800000191,50872.980000004354,2978141.989999802,98935.71000002373,183350143.36993805
275.0,126.0,236.0,463.0,356324220.50010955,6028309.770000873,45820.05000000034,1020632.789999469,42197.49999999134,114338641.21995762
140.0,390.0,335.0,235.0,507487808.0602019,3837108.9799998705,51681.5200000039,2726301.9400001415,97726.92000004528,162998608.5299709
186.0,519.0,159.0,236.0,613724692.310174,3671375.1500006877,52845.50000000872,3473312.649999158,117682.91000003042,197181375.39992577
214.0,99.0,515.0,272.0,386186651.6406798,9875197.579998238,70695.6199999217,1017489.4999973036,81700.40000011401,123954470.45975146
197.0,391.0,335.0,177.0,462623577.0201054,2791528.1000000304,46604.04000000717,2511149.2200000845,90944.82000001843,148687041.60997397
388.0,126.0,236.0,350.0,332356081.0400861,4850713.8699997645,38793.480000005395,918786.099999395,39862.789999994355,106785933.04994838
261.0,85.0,443.0,311.0,263537451.3199863,3841554.73999913,38471.69000000502,727134.5299997603,39127.52000000261,84682019.63995917
280.0,91.0,477.0,252.0,235337188.14998585,3101312.8299996485,36076.24000000393,648249.9799998435,38478.77000000149,75677206.69997182
305.0,223.0,112.0,460.0,438040679.9102449,6317107.120001601,47713.32999999616,1552266.9499996325,54347.65999998431,140590606.2499556
252.0,238.0,119.0,491.0,460578970.6902349,6162531.400001571,50265.49999999677,1806227.209999751,63688.16999997882,147808905.62996477
317.0,191.0,116.0,476.0,425869312.66018665,5883768.140001265,46258.58999999942,1519302.56999989,55245.28999998319,136703178.3299523
261.0,191.0,254.0,394.0,369765989.4301252,5487600.84000087,47020.53999999755,1288776.1599996022,51861.359999982684,118677585.82996228
288.0,210.0,105.0,497.0,429241251.53023565,6174553.730001482,47213.349999996644,1514612.119999845,53479.59999998465,137750468.7799482
256.0,154.0,248.0,442.0,340355179.02013046,5510096.87000038,44240.5999999986,1018230.959999314,43453.15999998629,109226746.82995375
202.0,191.0,254.0,453.0,378704981.7901523,6408656.690001612,49888.25999999403,1213707.2899995153,48237.91999998545,121474227.68995188
245.0,191.0,116.0,548.0,434632717.98021543,7079112.890002341,51849.749999994245,1481528.7599994603,53125.619999983326,139404476.59995732
221.0,172.0,277.0,430.0,341114836.7100892,5195532.650000106,44309.26000000103,1090662.7199993571,45991.07999998639,109491117.20995218
208.0,163.0,262.0,467.0,353055426.7901213,6141940.750000907,47408.759999996204,1036318.4399992744,43320.73999998927,113255640.24995318
396.0,344.0,274.0,86.0,415489313.31003225,1847414.4699997576,35131.830000010494,2041096.770000686,75930.1499999842,133732325.00996384
367.0,358.0,286.0,89.0,441111673.00005865,1786358.9599996866,36922.75000001033,2271816.140000789,83699.28000000557,141965615.93995702
405.0,327.0,280.0,88.0,422514684.96004194,1909774.5199997006,36077.91000000824,2115206.8800008628,79142.66999999962,135975020.52996492
358.0,311.0,353.0,78.0,424028723.1300449,1621372.159999645,36802.10000001037,2186423.900000758,82723.04000000155,136484178.719967
381.0,331.0,264.0,124.0,453389207.4300729,2242056.1299996683,38141.60000000679,2258242.4000008404,81765.75000000097,145876757.0199503
353.0,285.0,348.0,114.0,397610652.1800422,1892460.2699997646,37120.25000000778,1979690.2700006831,75248.51999999835,127939780.48996298
319.0,312.0,353.0,116.0,419727007.58004975,2151245.5099997036,38745.870000009716,2111786.9400007124,79444.38000000334,135030821.75996032
360.0,327.0,281.0,132.0,454780619.8700805,2409315.7099998593,40504.89000000876,2319269.57000057,84623.37000000916,146280379.58995935
338.0,306.0,374.0,82.0,407992894.3300453,1749459.2999997644,37677.450000009594,2094589.010000638,79855.79000000465,131291678.4699663
325.0,295.0,361.0,119.0,404846478.7900252,2223512.869999804,38722.260000009446,2018770.880000718,78389.08000000367,130244228.92996258
361.0,47.0,212.0,480.0,289150144.7000122,6259251.8500007,40942.52000000073,379033.0000000059,22356.079999997368,92779007.6099566
323.0,50.0,222.0,505.0,284208740.2500156,6423599.820000889,43154.91999999634,392101.6100000516,23450.429999997457,91148670.99995194
301.0,223.0,176.0,400.0,415215768.9401736,5407232.570000297,45459.56000000201,1539820.28999962,57322.00999998384,133316446.9999577
400.0,53.0,115.0,532.0,312692075.1300741,6535509.130001058,41086.01000000087,487924.83000008133,24628.769999996723,100327725.81995039
608.0,80.0,357.0,55.0,234404414.97999677,1337061.0000000175,22235.85000000246,561354.4699997456,34516.51000000963,75692826.06998307
519.0,384.0,150.0,47.0,479083176.4900332,1414454.5199996412,33023.58000001162,2471904.10000058,87551.69999999365,154255280.59995043
688.0,106.0,233.0,73.0,285802741.5699964,1858258.3200000117,23245.420000003716,763040.1899995742,38036.48000000208,92221747.98996359
413.0,359.0,284.0,44.0,441246855.00002986,1384277.8499997698,35112.84000000969,2312200.2500005346,85192.06999999961,142055329.47996268
292.0,253.0,99.0,456.0,442497324.1801986,5801963.360001015,46701.25000000064,1680799.9599996258,57381.32999998233,142011221.68996316
475.0,413.0,161.0,51.0,529432206.5600201,1266404.7899995414,36498.05000001212,2948899.4499992165,101546.42999999596,170408981.59991792
111.0,297.0,462.0,230.0,393390493.4300927,3284037.209999807,47045.71000000487,1975311.2400000193,77613.12000000726,126376036.21996832
60.0,313.0,485.0,242.0,392180762.72011095,3469158.3299997826,49365.0100000016,2018459.5499998692,80279.13000001242,125938944.10996646
149.0,23.0,619.0,309.0,195216539.81998286,4479062.729998843,41435.55999999863,240152.97000003417,26830.890000009458,62628363.26996063
123.0,330.0,392.0,255.0,437958836.9100991,3454217.879999991,48127.80000000436,2264100.1400000285,83114.71000001083,140656257.35998103
106.0,284.0,440.0,270.0,409479478.8901268,3833647.3099997067,48965.36000000172,2016005.9399998938,77681.93000000787,131490307.54997379
159.0,25.0,509.0,407.0,205812902.47997865,4696107.84999913,41563.73000000018,246540.91000003475,26548.110000009536,66017476.02996235
63.0,330.0,393.0,314.0,435548519.6701473,4373944.779999818,52869.39000000135,2161252.049999799,82388.74000000877,139813015.1299768
77.0,23.0,620.0,380.0,201080927.17997727,5176373.909999539,45596.589999995915,250552.67000005426,27904.86000001181,64423765.279950835
95.0,29.0,592.0,384.0,194105169.24998075,4683549.809999134,43116.619999997485,267627.5600000753,27553.980000010408,62205058.34995647
88.0,27.0,548.0,437.0,197034074.57997975,5134210.619999594,44234.71999999675,212449.89000002848,24946.360000007822,63113455.17995917
146.0,374.0,445.0,135.0,462433483.7200978,2427315.209999772,47008.73000000714,2607130.360000072,95929.0400000343,148638896.40998048
434.0,261.0,311.0,94.0,405832055.1500475,2114531.7999997414,35668.53000000841,1899487.7900009572,73759.42999999558,130636430.26994738
173.0,240.0,527.0,160.0,334100062.5900523,2707858.6799997673,42089.840000004646,1583412.0099999765,66460.24999998033,107384928.91996543
158.0,404.0,392.0,146.0,464627629.4600977,2451106.4499997376,46284.780000006394,2612950.2400000026,95991.58000003172,149341881.96998727
97.0,248.0,296.0,459.0,411252370.5102289,6025858.750001189,52743.96999999116,1640712.519999447,60956.529999976025,131884013.92997
115.0,159.0,284.0,542.0,385605221.1301944,6769423.7000019485,52880.30999998795,1271396.6599992623,49663.19999998402,123608318.32995647
333.0,201.0,195.0,371.0,392251791.57014495,5258738.03000021,44651.59000000279,1411045.1899995315,54603.95999998636,125964639.20995085
348.0,114.0,250.0,388.0,325400973.49006253,5140030.340000046,40295.52000000395,850294.0199994497,39147.49999999578,104528777.28994973
516.0,169.0,302.0,113.0,301204346.54000735,1959032.909999884,29081.240000007598,1079931.5999995552,49248.83999998725,97047137.88996802
364.0,119.0,212.0,405.0,333076594.9400998,5341913.040000014,41356.27000000327,893450.159999373,39545.71999999283,106955975.09995906
227.0,312.0,339.0,222.0,443555534.43012255,3979043.030000007,47303.54000000618,2108466.5000002985,78707.73000000225,142516757.0099627
72.0,367.0,399.0,262.0,451440559.88014704,4215277.209999788,52748.960000002764,2320724.449999822,86438.25000001701,144929996.56998187
241.0,263.0,360.0,236.0,407734716.55011743,3326360.149999892,43640.03000000822,1954057.0200002869,75643.58999999572,131037315.76996924
233.0,321.0,317.0,229.0,431297194.66010094,3340584.1899998556,44730.640000001535,2111895.770000315,77334.51000001877,138599698.21997276
259.0,356.0,386.0,99.0,422837916.11005056,1954260.359999701,41007.67000000798,2265237.41000029,86930.27000001482,136011711.52997106
287.0,314.0,389.0,110.0,406374518.6000519,1845566.5199997232,38477.970000009715,2109561.250000698,81754.38999999492,130747532.89996612
87.0,447.0,441.0,125.0,530562409.12010336,2350735.509999581,51405.96000000954,3224746.5199995534,116059.28000004786,170503216.85998914
91.0,372.0,507.0,130.0,438028645.35004604,2114094.2799996403,46956.820000009844,2552134.8799998574,95970.96000002732,140787979.84998897
80.0,325.0,403.0,292.0,442667837.8901542,3985372.079999668,50506.27000000097,2243785.389999977,82828.78000001876,142134207.94998422
95.0,388.0,481.0,136.0,446201017.8300595,2319775.7599998624,46880.10000000773,2546840.2799999486,94744.0100000279,143404301.2499736
589.0,102.0,152.0,257.0,320303947.8000404,3780789.3599991775,29781.910000009117,748448.529999548,34112.43999999922,103100434.60994536
386.0,142.0,213.0,359.0,343731402.06009793,4961540.029999797,39145.94000000623,992774.0899993175,41458.099999992104,110427377.64995839
398.0,425.0,103.0,174.0,536745083.0701405,3022605.71999998,41977.91000000945,2750027.489999987,91806.03000000803,172601478.09992734
621.0,108.0,99.0,272.0,319450527.4500666,3656981.0499992506,27930.810000009293,730436.8899995205,33123.03999999792,102853635.72996296
767.0,133.0,198.0,2.0,299097816.6200003,886649.6699999686,18089.70000000289,907026.7199995072,41135.619999998096,96613733.64995967
493.0,527.0,79.0,1.0,597218665.2000115,978788.2599996497,37226.18000001541,3470883.639997764,118476.7399999851,192240659.57989612
641.0,236.0,219.0,4.0,362093647.2800006,894239.5999998698,24910.0600000054,1561641.4300008137,61664.23999998776,116765740.75995912
287.0,653.0,158.0,2.0,745312419.6900005,1045892.6399993933,51080.64000002127,4868271.669999565,160953.85999996943,239687340.1198615
242.0,551.0,82.0,225.0,672812542.0001494,3437874.540001032,53296.160000013355,3937767.4999987236,129222.2000000148,216183293.00989062
304.0,691.0,103.0,2.0,722382796.9600121,1090597.9399993403,47402.85000001974,4577474.479998062,150716.72999997763,232363554.5998412
167.0,268.0,299.0,366.0,404480426.88015246,4883594.650000271,48154.510000000184,1698850.3799998104,65162.86999997466,129847081.4199616
317.0,225.0,251.0,307.0,387051141.5201211,4005070.589999314,41358.12000000354,1562422.9600000312,59384.82999998046,124368856.46995525
179.0,206.0,322.0,393.0,385304751.39012456,5093458.940000523,47921.03000000281,1518100.8599996474,60344.58999997473,123688004.89996637
173.0,277.0,272.0,378.0,450243537.45013237,4796139.420000491,50080.61000000441,2085271.5200001926,76457.76000000292,144557045.36997297
195.0,314.0,351.0,240.0,417386693.7801025,3543619.269999915,45337.19000000414,2007604.1500001464,75137.60000000443,134084148.11996488
222.0,256.0,350.0,272.0,391443222.89011234,3836547.199999529,43873.48000000394,1737757.2100000903,66297.22999997584,125751642.2699611
373.0,265.0,260.0,202.0,402925345.96006405,2927424.6900001685,38528.91000000842,1823359.4500002728,69445.55999998258,129584386.28996441
386.0,197.0,307.0,210.0,346767542.15006393,3002984.799999774,36971.93000000886,1382406.5100000484,57278.769999982724,111540473.86995615
347.0,176.0,241.0,336.0,351923148.3000764,4461826.279999356,40291.24000000572,1176111.729999585,47574.22999999186,113071649.12995125
400.0,204.0,279.0,217.0,362187064.83007526,3400422.7199996235,37283.400000008405,1370372.5600001188,57006.75999998086,116516376.12994422
160.0,18.0,486.0,436.0,213144292.16997558,5542273.369999891,43696.71999999734,182245.37000001982,22834.17000000531,68300469.95995793
358.0,14.0,384.0,344.0,229192044.0699784,4812640.589999161,37557.99000000372,210680.5499999728,23058.56000000183,73634699.44996716
155.0,53.0,470.0,422.0,239017095.71997884,5344254.60999981,44268.899999996116,407478.05000011437,29403.490000009962,76634723.03995796
282.0,32.0,20.0,766.0,345545706.9501957,9037140.800001144,49883.779999983555,392078.1100001546,17823.88999999378,110640869.62994763
240.0,27.0,725.0,108.0,136079031.36999592,1667218.2900000934,31942.91000000462,206175.7699999834,31317.370000023755,43881778.02996439
590.0,201.0,43.0,266.0,420681860.6001162,4266625.209999512,35511.85000001083,1460651.990000132,53510.16999998725,135323680.5799481
898.0,36.0,23.0,143.0,269829716.09999275,2456669.249999915,16108.690000000846,291590.7499997044,19757.329999998856,87144274.69996926
467.0,56.0,502.0,75.0,200698454.15999508,1503712.870000022,25729.400000003,406779.599999822,32566.38000001439,64800132.51999128
522.0,63.0,13.0,502.0,342569888.02012336,6315595.520001056,37698.92000000566,572297.7799998048,25389.299999993855,110034662.8699445
842.0,102.0,22.0,134.0,312267576.3100106,2124392.740000014,18034.610000002594,693061.3299994926,31638.489999997466,100785505.56996001
443.0,300.0,203.0,154.0,447301689.32011944,2803823.0599997467,37295.16000000839,2065735.1200008814,74877.40000000721,143916024.11994946
226.0,399.0,270.0,205.0,493987739.35015255,3233977.8000000226,47078.58000000807,2609052.300000173,92563.43000001645,158754938.1399648
428.0,326.0,197.0,149.0,453757754.5201116,2649194.059999729,37557.94000000977,2154707.580000986,76786.0600000049,145981062.719945
409.0,278.0,271.0,142.0,421365329.46004647,2220927.4099997617,35414.9500000086,1961805.3800008704,73956.97999999173,135616621.3199496
374.0,254.0,172.0,300.0,426258035.38015676,4199416.399999549,41406.42000000621,1753532.2300003092,65559.20999997796,136988119.50995266
341.0,260.0,226.0,273.0,391053223.3301103,4038502.6999996635,40391.750000004686,1534510.760000032,58778.58999998492,125697869.95996198
168.0,295.0,289.0,348.0,428983836.0001713,4686458.1900000665,48916.13000000015,1933947.3100000683,71275.0500000015,137719710.53996328
176.0,348.0,210.0,366.0,487052456.79019237,5144665.260001144,51977.910000001284,2292606.3100001165,81368.6000000147,156357361.67996836
196.0,388.0,339.0,177.0,470665684.06008166,2792374.0900001545,45689.880000008394,2540527.079999924,92500.03000001173,151280062.9699775
162.0,321.0,280.0,337.0,435494191.7801584,4597801.530000049,48170.06000000132,1966136.470000009,71260.18999998657,139821252.80996403
302.0,159.0,344.0,295.0,328204894.2900588,4221402.779999208,40191.800000005365,1125764.919999557,48495.03999998805,105445668.09995978
39.0,211.0,458.0,392.0,369911796.68014103,5268122.990000363,52640.75999999395,1536092.54999955,62890.449999971104,118651766.59995645
234.0,370.0,267.0,229.0,507507123.6001249,3368968.07000006,47934.650000007896,2711758.519999917,95927.39000001892,163085171.03997412
365.0,193.0,185.0,357.0,392096338.6701879,5220790.40000022,43258.42999999887,1368156.9499997033,52587.01999998412,125931235.40995014
255.0,135.0,291.0,419.0,334788042.55008787,5297738.170000445,43638.79000000196,998705.839999467,43794.049999988616,107465719.08995295
232.0,368.0,118.0,382.0,534488403.51028675,5693904.260001399,52697.029999994644,2480577.4200002546,82548.64000003318,171602434.6499464
38.0,209.0,201.0,652.0,433542233.1103067,8040067.980003248,59538.90999998067,1540901.9599990381,55488.91999997639,138858020.50996515
24.0,390.0,281.0,405.0,503424072.87022793,5517213.740001509,57832.039999996174,2530629.1899998514,87929.49000002425,161492340.09997845
34.0,550.0,176.0,340.0,617586360.3602315,4839594.1400015615,59679.85000000514,3496234.6499993787,118071.4700000432,198224580.8599527
28.0,455.0,145.0,472.0,594758212.3303128,6573618.77000292,63220.82999999474,3034862.9800000526,98934.74000004487,190774949.10994628
40.0,906.0,128.0,26.0,898789632.830009,1334154.4799989632,63655.74000002724,6252219.5800013,202173.699999943,288846625.7398274
414.0,586.0,83.0,17.0,639319541.3500125,1103675.779999579,41122.11000001435,3821448.5599980503,126453.16999999336,205722459.68990174
73.0,743.0,236.0,48.0,762442265.4000486,1564983.1199992804,57710.95000002072,5113987.090000309,167708.93999998044,245034668.58992124
23.0,535.0,527.0,15.0,763175474.0401105,2423711.209999752,86229.85999971052,6507423.360013442,422048.13000056497,245410441.96041238
29.0,659.0,93.0,319.0,702208111.5703022,4867393.440001106,62946.630000001154,4126871.4599998314,132681.45000006317,225421464.71992388
25.0,249.0,554.0,272.0,373084760.4900732,3491822.639999954,48661.07000000369,1873790.3699998364,75170.58000000066,119773064.19996881
245.0,347.0,341.0,167.0,481783372.57010984,2743925.7200001604,44839.670000010505,2587563.2200001446,94641.2300000187,154890783.81995898
438.0,275.0,87.0,300.0,473451824.2701719,4397519.360000004,41824.810000006095,2004413.8100005963,69520.75999999458,152186585.52994344
359.0,225.0,501.0,15.0,306508457.7400007,894806.0499998567,32640.66000000594,1477288.2400003774,65064.87999998341,98760944.39996195
297.0,186.0,414.0,203.0,331155134.46004677,3079026.9199998337,38106.750000006105,1280113.419999764,54906.92999998586,106517962.23995547
72.0,24.0,362.0,642.0,266894880.80996615,7969045.940002446,53190.96999998153,265455.22000017425,21511.809999998757,85340774.679949
339.0,18.0,268.0,475.0,255901897.6799749,5777646.340000198,39622.860000001376,248346.31000001504,20341.609999997705,82113780.75996844
44.0,435.0,224.0,397.0,562703894.430268,5600724.040002067,60074.29999999755,2945230.430000144,100386.54000004925,180557924.9599692
66.0,22.0,422.0,590.0,251396021.68996745,7489665.590001851,51594.83999998397,226409.99000010648,21467.519999999855,80401135.98994465
94.0,31.0,471.0,504.0,239882424.6899731,6394191.590000966,48263.9699999882,309475.85000012204,25700.030000005216,76798342.1599531
49.0,477.0,311.0,263.0,516153362.32015604,3650603.8500001878,53588.21000000555,2910542.769999731,102751.00000003645,165752138.67999166
379.0,20.0,380.0,321.0,213024042.53998128,4147206.7399986135,33680.13000000849,151422.58999996874,21080.35999999961,68507164.2399786
264.0,405.0,208.0,223.0,522095135.6201336,3575727.900000171,46910.96000001179,2713566.6799996323,93925.52000000475,167776252.11995524
223.0,342.0,223.0,312.0,477235165.6501472,4045695.2000000663,47518.850000001774,2342250.300000043,81918.48000001395,153289091.7699636
251.0,386.0,251.0,212.0,497459032.9601529,3409473.5399998934,47074.860000005894,2597703.9299999713,92240.52000002495,159871821.30997437
219.0,206.0,299.0,376.0,361456442.2801412,4701811.249999554,45511.6699999984,1362169.179999594,55359.61999997993,116054394.62996005
297.0,187.0,273.0,343.0,361196539.1101082,4867530.82999998,42735.710000002415,1244199.6799995985,50138.23999998652,115996753.57995361
187.0,336.0,256.0,321.0,471060104.37013006,4192028.3300003344,49229.990000006444,2357738.079999874,84187.74000000325,151280278.14997202
214.0,201.0,318.0,367.0,380222900.1601464,5406890.180000523,48442.85999999834,1420265.7099994563,56693.899999978894,122024938.00995903
234.0,220.0,319.0,327.0,379936514.84011525,4527165.34999961,45432.02000000218,1531786.3699998192,61254.10999997531,122005398.99995859
193.0,348.0,288.0,271.0,457264952.63015467,4042499.0799997244,48762.03000000036,2245334.800000172,82579.99000002688,146877718.6999686
308.0,195.0,308.0,289.0,350867465.65007174,4325582.049999426,41824.44000000444,1233770.7599997274,51990.05999998391,112746825.43994345
270.0,327.0,249.0,254.0,451403684.92011636,3856424.589999905,44822.35000000518,2116075.7100005187,75990.24999999841,145040809.88995925
252.0,305.0,252.0,291.0,438918373.91015667,4145821.6599993845,45225.3300000042,1981272.5000001865,73408.61000000424,141016166.48996335
265.0,320.0,265.0,250.0,434168526.47013503,3769442.589999581,43348.06000000448,1980559.3500004709,72635.16999999012,139516753.72996458
697.0,233.0,1.0,169.0,429804250.1300764,2756921.0599999945,28513.340000009302,1650399.0400007267,60339.65999998901,138427394.98993343
606.0,285.0,1.0,208.0,474260546.2401589,3342188.6899997066,34233.17000001306,1995134.7300008838,69029.56999999147,152616363.65993038
508.0,468.0,1.0,123.0,604948148.7101134,2587059.1299998616,41295.49000001287,3267552.7999987835,108620.44000000137,194588902.95988044
662.0,221.0,56.0,161.0,406716833.50007546,2808868.050000045,29541.740000009668,1529043.4600004638,56402.44999998911,130967483.51994346
555.0,185.0,1.0,359.0,404936530.61016876,5013394.38999987,36217.19000001096,1231015.37999947,44690.78999998903,130184290.83995017
414.0,382.0,35.0,269.0,556817230.0801917,3989847.740000045,45094.75000000838,2756727.1699999906,91401.9200000067,178962238.3899035
440.0,206.0,52.0,402.0,422876895.27016795,5457909.410000574,41249.3300000046,1396952.3499999298,50287.249999988286,135868912.27994293
342.0,445.0,0.0,313.0,602343742.1102252,4820754.370001277,50450.820000005064,3036459.2899997295,99595.65000001529,193511038.85989687
398.0,518.0,47.0,137.0,634499639.5900909,2364967.129999754,44415.92000001376,3624189.6599984095,119322.7799999964,204053827.38988802
330.0,429.0,39.0,302.0,573359296.4702251,4202363.17999998,47235.980000006035,2896205.739999989,94774.69000001973,184235201.3299146
146.0,373.0,243.0,338.0,506524464.52020514,4675828.620000416,52034.54000000013,2549800.2199999243,87867.02000002038,162614882.7199828
36.0,416.0,272.0,376.0,538972405.5402285,5110981.12000128,57707.759999998474,2848720.120000055,97528.43000004979,172959362.44998708
190.0,151.0,318.0,441.0,344954687.6601217,5573395.110000342,47278.58999999645,1115228.8599993926,46235.34999998692,110676569.51995064
142.0,362.0,268.0,328.0,487666378.08016455,4389902.7900003465,51381.250000002816,2454436.2500002664,87646.72000002633,156594286.53996965
208.0,532.0,347.0,13.0,563742838.5600075,1050946.2599995688,45164.35000001447,3526477.699998754,122863.1100000123,181324142.74995956
294.0,232.0,556.0,18.0,309309442.44999474,847937.2399998603,34132.34000000625,1582275.8300005137,70184.34999998106,99635464.54996134
52.0,594.0,440.0,14.0,599385900.7800049,991863.5199995174,51819.40000001615,4015906.319998392,140178.0600000259,192689408.7699899
90.0,317.0,668.0,25.0,357741007.2700029,853085.4199998346,42514.810000008685,2189678.7000003136,89680.56000001765,115074757.0999617
47.0,167.0,398.0,488.0,344003735.19013286,6419229.330001415,54415.23999998875,1166670.0899993663,50405.41999998498,110232715.98995595
83.0,293.0,701.0,23.0,338813714.3100036,809980.5799998848,41629.98000000711,2039345.0100003348,84002.0900000143,108996617.76996522
207.0,190.0,426.0,277.0,330921389.39002556,3633758.8999996553,41508.05000000706,1296913.6399997943,55558.13999998066,106330506.06995398
104.0,212.0,475.0,309.0,356400835.1601002,4369395.409999685,49694.47000000037,1560440.6199997312,66606.06999997403,114402970.81996505
209.0,178.0,432.0,281.0,335280173.9700511,3987625.679999373,42676.64000000589,1278705.439999628,54390.40999998416,107711068.18996009
296.0,273.0,134.0,397.0,440994033.18020064,5443447.740000789,46323.8699999991,1728617.5700000809,62144.33999998012,141600620.6699476
200.0,184.0,413.0,303.0,332179781.21008795,3947577.3799991617,42554.89000000163,1274090.9799996174,53417.92999998258,106696405.16996057
288.0,246.0,130.0,436.0,438651770.3801924,5626128.590000981,47642.58000000225,1734782.5799997454,63540.759999978465,140815251.90996146
149.0,303.0,149.0,499.0,479822748.3703247,6334109.810002062,54045.89999998962,2029376.5799997186,71057.71999999827,153921035.22997826
102.0,192.0,465.0,341.0,322596355.77005756,4232841.349999242,46752.48999999952,1291059.1699995187,56227.509999984286,103538239.31995788
161.0,303.0,161.0,475.0,498070548.92028713,5979469.770001856,54068.98999999364,2231263.0400000336,77368.51000001557,159824077.72997317
152.0,287.0,152.0,509.0,460883097.72028214,6337295.04000211,53042.61999999032,1876188.2299997369,66323.23999997553,147848473.5499664
450.0,433.0,183.0,34.0,521290986.1600164,1190970.4799995369,35964.51000001189,2881033.8799995584,100634.50000000207,167810568.78994676
375.0,483.0,204.0,38.0,570437816.4400111,1259530.3799994746,40296.29000001327,3319867.4399986644,113452.47999999758,183557222.1199275
456.0,425.0,185.0,34.0,532377039.4200383,1501387.8099995905,37665.08000001278,2935567.5899994844,102566.8499999977,171352085.41992998
395.0,380.0,295.0,30.0,491463971.84002775,1241090.7499997076,37414.5900000108,2742922.939999772,97098.6300000118,158180317.1099633
435.0,420.0,177.0,68.0,534991212.85005486,1644415.1999995655,39407.280000010025,2982613.179999611,103726.3200000141,172153296.00995618
388.0,362.0,290.0,60.0,447268226.1800437,1548165.5699997148,36450.22000000955,2341397.850000553,85327.87000000125,143970587.91996065
315.0,405.0,315.0,65.0,504088062.5600231,1415503.9599995995,41024.620000012575,2907877.759999419,104474.16000001767,162180725.71997365
367.0,457.0,200.0,76.0,557080820.0400602,1981404.4599995231,42723.520000011966,3164812.2199997664,109984.9600000155,179193409.6199475
329.0,409.0,329.0,33.0,469996198.830012,1170230.7799996852,38569.70000001042,2645485.130000057,96927.20000000557,151269449.43995696
318.0,397.0,319.0,66.0,463784569.71004283,1435518.7499997532,38728.69000000995,2582609.2300000223,91601.50000001154,149223636.39997053
328.0,69.0,304.0,399.0,286986172.38003266,4808693.679999543,39360.980000003125,678214.5099996515,35390.63999999782,92166745.16996302
410.0,62.0,272.0,356.0,279078397.6299985,4783295.409999369,36725.170000006314,512772.7299999903,29572.640000003914,89692263.09995855
272.0,246.0,252.0,330.0,401991640.57009554,4006832.6099996245,42517.3300000049,1725046.7899999819,65114.45999997682,129147829.02996737
357.0,75.0,234.0,434.0,305945054.50006443,5740547.160000226,40986.1200000012,617335.3099997949,30411.410000000702,98231126.40995693
404.0,85.0,375.0,236.0,250639051.5899874,3241521.7999994676,32056.110000008022,548879.8899998887,33030.220000009074,80674909.84997214
350.0,317.0,229.0,204.0,435193903.72010076,3253491.8699999666,39539.270000009,1992816.7500004924,71560.34999998842,139923814.76995605
540.0,81.0,253.0,226.0,262777767.48998818,3105841.8699995438,28275.910000006515,550318.3199998317,30866.170000003654,84622469.3399693
403.0,262.0,267.0,168.0,392478414.8100475,2452644.659999967,35694.13000000825,1768523.8700005242,68097.23999998448,126291889.7899613
368.0,239.0,173.0,320.0,414383435.08013195,4442335.489999438,40417.24000000606,1591246.4400000693,57211.85999998498,133156097.58995435
434.0,282.0,203.0,181.0,419629294.0200636,2777629.7000001497,35077.87000000954,1820956.6500008153,65624.45999998391,135020670.53994966
152.0,559.0,110.0,279.0,678503760.6502049,4059368.20000106,56924.78000001084,3933840.759998778,127660.30000001895,217928779.28988662
318.0,461.0,91.0,230.0,581569257.6502088,4008506.319999977,48424.670000006314,3023897.3399999468,100946.86000002512,186884388.2199122
262.0,169.0,189.0,480.0,379362779.29014844,5945819.120001103,46172.85000000021,1225284.2299993292,48414.76999998413,121714909.84995931
92.0,340.0,499.0,169.0,435958893.77009195,2696852.810000013,48519.440000006114,2440119.519999931,92364.37000003629,140067939.33998966
105.0,384.0,76.0,535.0,569622910.8203535,7037034.660003064,60402.08999998976,2654305.1499999566,86503.57000002118,182693818.19993886
91.0,58.0,488.0,463.0,258941784.26997256,5976564.750000429,48305.349999991944,516729.4200001707,31156.550000009574,82951899.659953
167.0,242.0,355.0,336.0,372826383.7700918,4446387.959999621,47124.170000003265,1593285.999999684,63601.36999997414,119674324.18997185
309.0,79.0,88.0,624.0,344728088.9801525,7685460.330002192,46670.18999999312,577906.8099999037,25506.70999999399,110524082.22994332
268.0,68.0,571.0,193.0,212276677.31998938,2666525.1399998367,34929.31000000536,548909.1599999164,36700.550000007024,68305156.41997483
203.0,52.0,434.0,411.0,245276900.3399767,5327020.779999752,42678.1800000006,414085.200000091,28660.620000008406,78665870.84995438
207.0,287.0,600.0,6.0,345232769.9599996,764301.9799999068,38298.94000000715,1956890.660000712,80533.43000001227,111137135.10996136
467.0,203.0,426.0,4.0,318150778.3900002,776516.1599998984,28094.350000005386,1447766.310000369,61609.30999997915,102567337.0699627
236.0,173.0,684.0,7.0,231645183.62999967,686466.7599999699,32817.96000000375,1068896.7299997709,56175.729999982505,74670730.2299706
371.0,515.0,203.0,11.0,559645139.5200015,1007166.8899996249,39164.0900000125,3264762.519998861,112445.72999999562,180117001.56992745
133.0,185.0,386.0,396.0,355279056.2801136,5201527.03000025,48617.81999999679,1318762.2399994796,55317.56999997593,113984354.90995745
209.0,154.0,115.0,622.0,403090476.2702505,7517408.5000025,51450.41999999081,1181834.229999182,44188.65999998835,129218703.05995764
432.0,189.0,74.0,405.0,421205754.3101626,5301323.260000593,41954.50000000415,1464697.2299998947,53961.00999998555,135322630.619947
357.0,83.0,326.0,334.0,276306487.49999744,4375898.779998819,36426.50000000817,591904.9899997563,33100.53000001111,88806067.51995544
779.0,180.0,134.0,7.0,330247227.380002,890470.7699999474,18690.66000000369,1159591.6999997862,48354.48999999575,106612334.13994905
470.0,109.0,81.0,440.0,339337453.9601042,5647626.820000412,37686.45000000666,747650.049999535,31438.99999999577,108992405.09994814
359.0,403.0,92.0,246.0,517825199.8301608,3726094.739999943,43096.10000000727,2508400.290000223,84996.77000001093,166448855.14994514
158.0,513.0,116.0,313.0,636654606.8402332,4300320.230000429,55209.990000006284,3577306.7299995655,116879.08000003433,204463034.10992754
385.0,352.0,98.0,265.0,486259687.6001417,3941998.789999658,41890.67000000882,2233737.5900006895,76539.0999999999,156290947.2399449
300.0,338.0,256.0,206.0,458021060.77009535,2860237.610000232,42298.22000001154,2296398.5300004017,85232.90999999798,147271901.7399587
414.0,465.0,106.0,115.0,572820009.8300743,2216311.259999578,40941.650000013615,3150702.8299991693,105587.5300000015,184262907.22992322
361.0,330.0,308.0,101.0,450330418.71004003,1817982.9199995939,38417.14000001049,2376138.670000407,88059.32000000599,144907221.1499609
146.0,475.0,361.0,118.0,558805534.710092,2571346.3900003196,50834.780000012186,3323021.109998966,118429.44000003189,179605705.56996956
212.0,560.0,157.0,171.0,662163193.7201383,2982860.220000265,52772.770000011646,3952070.039998802,131699.65000002063,212805758.5498954
136.0,359.0,335.0,270.0,463312376.71015203,3893309.90999971,48989.89000000238,2349979.080000229,84779.43000002528,148800930.05998722
159.0,420.0,393.0,128.0,490761814.39007074,2150939.039999753,46747.790000012326,2856417.8599994583,103082.40000002658,157767658.82997856
480.0,39.0,456.0,125.0,204684863.63999465,1922039.7000000707,26392.40000000375,351498.8099998784,30859.68000001466,66047550.82998839
4.0,68.0,807.0,221.0,169468559.6299912,2909664.6499996693,42349.74000000009,495606.57000009046,39491.66000000855,54395221.67995334
350.0,327.0,332.0,91.0,384643757.2300376,1966137.0999997824,36703.2000000086,1873422.8300004478,72226.47999999087,123776262.78996843
638.0,51.0,245.0,166.0,240440307.91999155,2390494.76999993,23004.710000003637,366310.96999978245,26314.700000005352,77574070.05998665
441.0,35.0,420.0,204.0,215524097.97998974,2991208.2299995073,30226.24000000691,306253.49999990733,26765.800000009425,69422018.50998133
395.0,370.0,152.0,183.0,489861694.3601229,2935873.0200001346,40401.51000000801,2427139.2700002263,84151.51000000261,157540403.7399452
6.0,95.0,454.0,545.0,279350617.4800004,6915072.690001474,53334.899999985966,608615.660000052,33021.75000000838,89391633.11994861
2.0,438.0,444.0,216.0,495220749.6501401,3401424.3800001545,54510.18000000632,2868680.8999996553,103431.10000004053,159021593.76999992
3.0,650.0,267.0,180.0,681717185.7301576,2978273.1200004346,59317.57000001074,4323925.519999351,143571.66000003647,218967339.62997383
3.0,576.0,237.0,284.0,663609657.2102177,4012773.7900007283,60915.72000000528,4013207.039999216,132302.1300000505,213068050.3599553
237.0,282.0,213.0,368.0,434025647.6501743,5056109.54000044,47386.37000000236,1816599.8400000117,65746.43999997746,139353067.7899575
244.0,279.0,212.0,365.0,442393447.5702021,5014077.440000144,47659.78000000036,1878171.6499998046,67513.47999997802,142050394.57995358
254.0,222.0,229.0,395.0,403588504.3801708,5053989.700000483,46376.10999999875,1577844.9399997422,60523.429999975546,129578675.57996076
198.0,236.0,358.0,308.0,374466029.89008707,4221879.259999324,44735.18000000351,1552959.2999999446,60986.33999997831,120258742.99995679
218.0,259.0,196.0,427.0,426520963.2002406,5836048.010001131,50470.839999993856,1689484.6499996118,62282.76999997679,136873265.7899581
195.0,170.0,352.0,383.0,344295412.4800937,5063222.969999735,45656.14999999933,1155759.9899993625,48819.69999998896,110532338.019949
190.0,218.0,332.0,360.0,360730688.11010575,5015190.840000015,47007.92999999994,1342583.399999431,54723.849999981096,115783947.64995182
239.0,201.0,208.0,452.0,406753864.34017974,6360879.730001548,49483.629999995435,1395178.7299995236,51956.45999998274,130498492.77995563
217.0,182.0,377.0,324.0,369071983.67017055,4724101.389999893,46623.4999999965,1445942.4699996512,59268.41999998007,118508889.31996298
201.0,169.0,350.0,380.0,339118203.03011197,4911131.60999966,46338.47999999719,1223305.3999994253,52438.84999997831,108837639.22995763
264.0,148.0,46.0,642.0,382316317.18026185,8171431.780002914,50015.50999998618,829876.1599992244,31159.949999992055,122525487.75993912
390.0,126.0,39.0,545.0,377394989.9502036,6826636.590001741,43620.44999999975,892773.7199993262,34420.41999999258,121114949.03995048
294.0,40.0,51.0,715.0,337584721.47016513,8783074.830001904,49756.18999998618,394320.5500001586,19314.04999999388,108117021.55994144
234.0,132.0,165.0,569.0,377612015.01017904,7120959.280001843,49075.54999999216,1019875.2999993473,39749.70999999268,121071763.75994952
415.0,233.0,73.0,379.0,433697840.99020356,5375226.900000708,42858.25000000389,1552864.2999997856,55852.41999998236,139338260.7599494
399.0,55.0,281.0,365.0,266155074.1799842,4650255.669999152,35465.54000000838,424083.10999996966,26350.88000000185,85528551.17996241
488.0,158.0,197.0,257.0,334619101.1800372,3907813.379999307,33971.22000000948,975387.3399994235,41228.929999994325,107639796.73995264
645.0,51.0,65.0,339.0,295575905.18002796,4157515.3999988427,26851.640000007435,427584.52999987284,23609.16999999776,95166302.09996635
382.0,30.0,154.0,534.0,302419985.93007,7341059.940001695,44076.60999999407,301763.83000005677,19434.829999994996,96966470.50994717
547.0,43.0,222.0,288.0,260219779.2699841,3828984.669999203,29827.13000000775,380295.94999988785,25481.84000000013,83770102.06996591
378.0,308.0,247.0,167.0,448275243.38010216,2859995.2300000605,40704.630000008765,2189039.2000004617,79966.22999999796,144162804.25995922
80.0,435.0,349.0,236.0,555837481.2102251,4059160.5999999824,56496.23000000213,3113290.9799999795,110263.23000006951,178506584.680002
402.0,257.0,263.0,178.0,432171036.59008765,2947427.4699997436,38981.540000007706,1998539.8500006434,72960.06999999534,139010435.97996143
351.0,287.0,307.0,155.0,403318099.3100701,2385631.4099998795,37845.41000000941,1921575.2500007804,74718.88000000211,129764369.86995526
320.0,262.0,209.0,309.0,430126736.9201418,4247244.809999592,43764.50000000576,1855510.1500002304,68651.93999998209,138196416.52995586
316.0,202.0,277.0,305.0,390075076.71008295,4034063.5099999206,42085.070000004736,1605329.390000194,61437.82999998322,125340393.41995546
59.0,320.0,343.0,378.0,462693978.02024466,5929327.83000151,57404.05999999302,2126922.6999996845,76426.44000001714,148422065.23997495
69.0,291.0,299.0,441.0,444455620.11024046,6086921.530001588,55691.3899999922,1933903.9199995091,71175.58000000306,142539785.38997057
79.0,333.0,457.0,231.0,451713853.7000959,3282480.090000167,50089.610000004766,2436305.2900000243,89072.26000003329,145084283.71998602
63.0,267.0,367.0,403.0,423161773.8001991,5349433.190000679,53060.959999994906,1881502.5099995201,69930.07999999044,135748314.60996667
335.0,248.0,171.0,346.0,415167189.310166,4979731.3600002155,43611.92000000474,1594243.3899997957,59335.30999997975,133334801.42995258
235.0,281.0,194.0,390.0,467339262.26021785,5757517.710001011,51122.23999999814,1963393.4899998968,69744.33999998657,150019685.75995237
286.0,373.0,146.0,295.0,520602870.11023724,4722692.450000072,49137.420000001875,2495463.7200001543,85241.42000002443,167217813.119949
396.0,293.0,3.0,408.0,505951231.4502408,5279932.540000731,44844.620000003895,2101665.800000459,69967.16999999528,162549383.9399325
343.0,255.0,176.0,326.0,408378178.50015193,4485350.239999491,41449.44000000455,1568405.9999998983,58201.50999998195,131227070.52995679
337.0,440.0,3.0,320.0,606653527.6102386,4681367.210000702,50615.79000000081,3125882.940000235,102003.82000003355,194862801.7399082
294.0,352.0,4.0,450.0,547081291.2502861,5816628.480001748,50515.32999999867,2462772.730000055,79154.10000000794,175644233.48991647
202.0,424.0,166.0,308.0,534988968.6702098,4443931.270000265,50418.96000000332,2719391.3600000474,92327.78000002095,171819082.85995507
230.0,484.0,3.0,383.0,628985778.3703212,5550348.640001849,55940.089999999094,3244649.819999833,104150.38000003407,201942112.7899028
237.0,498.0,3.0,362.0,661065416.1102875,5123124.59000166,56172.890000003164,3517631.9399997373,113938.29000003508,212299887.8198859
61.0,522.0,445.0,72.0,538863018.6200342,1714979.5099994314,50772.240000013415,3417468.6499989857,121302.0600000274,173195705.99998835
348.0,378.0,322.0,52.0,455808644.5800233,1288521.8799996434,36262.9500000093,2454449.7400006102,89419.10000000449,146728265.7599589
91.0,243.0,659.0,107.0,316956183.96002513,1990034.23999985,42607.630000007055,1657696.0800000313,72368.82999998723,101894978.29996274
73.0,616.0,326.0,85.0,634233937.8300381,1671638.4499992193,52523.080000016045,4084122.19999826,137932.12000001018,203853224.4199697
63.0,535.0,456.0,46.0,538328649.1200252,1329477.2399994456,49664.020000015065,3469964.459998937,125232.6200000401,173064567.50000435
124.0,330.0,557.0,89.0,407525524.6200456,1935408.9799996333,44586.070000008825,2311252.050000166,90745.1300000216,131026961.12997626
400.0,434.0,229.0,37.0,528833951.70004386,1598404.3999995587,39240.6500000113,2950753.969999461,104224.25000000525,170183503.0399433
467.0,159.0,431.0,43.0,286727252.6500047,1078781.1499999198,26788.330000003636,1110843.8099998017,51905.56999999012,92472026.17996141
533.0,181.0,306.0,80.0,324589729.8000184,1955838.9899999008,29686.590000006723,1218816.599999885,53068.16999998701,104588717.42995392
548.0,187.0,315.0,50.0,325220235.10001427,1347948.3199999053,27864.710000005296,1334728.730000314,56470.23999998602,104830658.05996132
54.0,326.0,148.0,572.0,509992899.3102917,7212587.550002729,59760.669999990445,2215082.92999962,74927.32000000277,163499787.05996627
66.0,323.0,146.0,565.0,501952706.29033226,6577972.490002454,57557.70999998904,2257326.829999606,78363.60000000866,160971826.5499617
53.0,342.0,145.0,560.0,514838936.48035204,7500177.00000313,60842.699999985,2231636.5999995004,75078.7600000058,165026961.54995903
39.0,236.0,412.0,413.0,381443913.84016496,5434974.570000765,52912.89999999382,1598936.6799994654,63844.01999996986,122324359.57996498
64.0,382.0,173.0,481.0,511252292.0802655,5850471.080001521,55542.03999999524,2427947.839999955,81129.84000002308,163997298.6499741
43.0,277.0,453.0,327.0,418190343.14013463,4023237.419999693,51367.30000000203,2103863.559999929,81129.26000002654,134240964.01997116
53.0,261.0,457.0,329.0,392087682.6701409,4582932.689999741,51748.48999999737,1829069.3099996503,72604.25999999422,125820281.05996624
75.0,393.0,167.0,465.0,537919405.1203088,6498983.840002567,59390.25999999321,2541669.680000163,86715.58000003264,172553334.9299603
47.0,246.0,403.0,404.0,404770684.7701995,5532892.580000884,54478.65999999318,1773581.20999952,69592.43999998324,129828376.28996658
52.0,275.0,449.0,324.0,366109751.94010836,4167186.439999274,48971.17999999994,1675027.2199997054,66007.59999997007,117502909.54996406
243.0,411.0,300.0,146.0,506499680.37007296,2301938.820000017,44330.6700000123,2844285.4599995017,101252.01000002222,162858952.67996952
248.0,409.0,298.0,145.0,481906508.39009756,2450231.2099999194,43195.890000008374,2591745.7799999723,93113.82000001472,154954630.3699628
383.0,12.0,474.0,231.0,191027408.51998657,3355516.449999321,32392.580000008245,171269.199999979,24227.180000004544,61479400.199975684
282.0,479.0,169.0,170.0,569801300.060144,2970984.0899998774,46951.2000000088,3150175.1099998374,107552.0800000263,183170107.37995362
266.0,452.0,330.0,52.0,506974666.76002765,1453875.0599995367,42008.080000011214,2939326.8299993626,105350.94000001963,163097524.559983
603.0,19.0,362.0,116.0,200233778.21999407,2106891.730000119,23443.290000002577,189379.29999990284,23308.27000000522,64650916.64999859
322.0,530.0,188.0,60.0,597370120.610024,1451898.3599993715,43132.92000001411,3553231.2299987073,118997.9400000006,192162417.75993797
455.0,14.0,546.0,85.0,150552627.789995,1563974.5000000838,26251.630000001907,114379.34000000163,25609.220000012152,48645742.819983125
500.0,16.0,291.0,293.0,229873616.7799837,4005082.5699988236,29606.890000006708,156360.10999996177,19175.46999999797,73980785.94997433
611.0,19.0,356.0,114.0,196715473.4999958,1582689.6400000677,21421.240000001613,240833.76999986684,25578.660000006763,63565625.37000066
428.0,121.0,242.0,309.0,325416996.4400674,4410946.069999218,37069.49000000832,896908.7799994417,41130.69999999221,104613477.48995185
433.0,120.0,240.0,307.0,320701035.60006154,4306321.97999893,35634.86000000888,860809.0799994094,38309.75999999781,103111233.66995326
421.0,136.0,238.0,305.0,326460346.3500589,4319457.1699992595,37838.81000000595,970272.0099994212,42208.20999999323,104935228.9099491
403.0,114.0,291.0,292.0,306287737.5000234,3912419.299999156,35962.090000008175,852248.8899995399,39915.54999999548,98493658.18995245
482.0,136.0,272.0,210.0,302319250.2000232,3233660.249999472,33034.55000001013,899897.4899994895,42256.87999999375,97303696.54996349
444.0,143.0,320.0,193.0,321572368.7200446,3140035.529999738,34293.970000008914,1068436.4299993995,47461.85999999253,103490372.10995603
456.0,127.0,322.0,195.0,295506301.680019,3024015.809999462,31741.000000009477,861935.2799994634,41335.85999999352,95135876.1199556
479.0,152.0,265.0,204.0,343543446.76002836,2874599.190000031,33086.020000009536,1240104.1099998502,52793.889999988176,110585813.19995147
403.0,128.0,284.0,285.0,304690600.79003054,3944407.4099992528,35586.250000007465,847530.24999954,39170.41999999494,97969296.80996461
449.0,142.0,317.0,192.0,303921513.90001005,2706313.039999838,31538.350000006245,1006597.2699995671,45500.20999999381,97850193.61995521
170.0,379.0,499.0,52.0,440702849.32002926,1272028.4499997268,42880.91000000883,2599028.1600001613,97663.62000002645,141759634.35998547
178.0,376.0,495.0,51.0,431849522.43003464,1384487.6499996614,43438.83000001089,2561347.250000002,97559.60000002009,138890583.68998325
168.0,390.0,491.0,51.0,454939839.84001434,1296174.4299996744,43674.83000001042,2725989.7099996647,100940.03000002757,146311065.27998185
288.0,639.0,86.0,87.0,689203636.7300787,1958263.0999993682,48693.600000014834,4216691.239998082,137420.86000000098,221600355.35988492
126.0,279.0,368.0,327.0,698423586.9519871,16909225.109952558,118207.06999965153,2804258.1200025207,171786.97000030158,224042494.0501453
177.0,410.0,53.0,460.0,594899465.8203832,6233396.600002065,58015.269999995326,2936150.030000273,95924.64000004315,190901194.4199338
187.0,396.0,53.0,464.0,590937952.6103662,6770852.100002963,59181.20999999194,2779713.170000226,89239.05000003274,189618450.30992672
130.0,287.0,362.0,321.0,404784195.4401385,4445353.849999477,47744.00999999994,1791555.6499998053,68014.389999977,129958254.00995538
291.0,642.0,83.0,84.0,713660190.2300833,2000468.219999339,49572.35000001712,4381558.259998492,141099.45000000004,229464523.26987472
185.0,407.0,52.0,456.0,584839392.0703619,6848127.810003194,59351.27999999237,2731540.670000135,90598.76000003055,187675594.61992052
362.0,87.0,472.0,179.0,251978801.62999102,2849296.679999967,33100.610000008804,689877.8299997413,39251.01999999933,81112327.58996882
371.0,86.0,466.0,177.0,226777577.47998905,2538613.4299998274,31978.31000000695,549585.3299998794,36069.55000001244,73038244.55997817
261.0,369.0,341.0,129.0,461021400.74005353,2334254.1800001045,43422.57000000896,2510490.619999954,91893.72000001413,148233160.96997187
331.0,80.0,525.0,164.0,213704800.6399918,2564478.279999769,32977.100000006256,527542.5599999393,34999.040000013025,68796481.94997029
304.0,74.0,397.0,325.0,266398642.53998405,4228537.629998713,37798.43000000422,575692.6199998267,33581.57000000803,85629488.58994928
217.0,306.0,345.0,232.0,414405776.5901218,3421441.6699998206,45231.90000000274,2000326.0700002385,76903.75999999809,133169764.12997063
290.0,68.0,443.0,299.0,246778183.01998726,3596763.159999401,36886.9300000058,605649.0999998997,37429.07000000273,79340058.43996465
237.0,322.0,297.0,244.0,448833197.0701365,3697234.7100001085,46288.030000006984,2197101.390000378,82348.11000000493,144218975.18995544
252.0,343.0,385.0,120.0,428894833.13005656,2079113.8199996487,41185.210000007406,2285900.220000331,86498.94000000553,137944743.08996728
224.0,304.0,342.0,230.0,455768297.4700874,3179397.5300002005,46225.930000006374,2343503.700000172,85802.79000001328,146465473.35997716
441.0,281.0,44.0,334.0,452642530.1101568,4260754.609999501,38720.990000008984,1820046.0000004966,63402.229999985466,145497564.0599438
446.0,279.0,43.0,332.0,445483876.1101617,4141488.049999316,37753.510000008144,1776513.0900005763,62310.0099999844,143223223.7799387
548.0,82.0,54.0,416.0,335361788.8401124,5692183.010000419,35599.34000001105,600336.2499997427,27771.569999995838,107784064.39994615
418.0,267.0,98.0,317.0,466363580.09016263,4658562.030000212,43543.1900000045,1974618.4000003382,68714.35999998848,149852828.8399494
397.0,254.0,39.0,410.0,476057970.0301824,5193655.79000078,43834.22000000539,1902179.1400004653,66463.79999998459,152946873.65993485
455.0,68.0,107.0,470.0,318506868.1200947,5981656.180000612,38453.31000000363,548422.3499999441,26824.169999997834,102288858.49995787
383.0,240.0,88.0,389.0,425407166.30014414,4618131.99999983,39893.010000006,1609889.0800001512,55917.67999998778,136686173.399952
487.0,72.0,47.0,494.0,327421024.02011746,6069665.13000059,37080.01000000624,526704.3399999919,24368.21999999564,105159645.94994588
518.0,77.0,119.0,386.0,321682886.20005614,5325295.8999999035,35766.40000000877,609864.9999997591,28868.35999999884,103377187.3799544
460.0,68.0,106.0,466.0,320001396.7800792,5702129.940000198,37494.470000007284,570667.4299998854,28002.199999998164,102792788.52995223
326.0,166.0,389.0,219.0,322890530.6000286,3652807.0999995656,39645.76000000573,1157624.0299997306,50760.52999998895,103795501.68994771
331.0,165.0,386.0,218.0,302610732.18000877,2963447.329999726,35536.500000009095,1075901.519999479,48713.99999999299,97342648.36995894
321.0,179.0,384.0,216.0,309285150.49003667,3166763.939999844,37631.22000000548,1133333.1999996328,51172.88999998815,99464592.4699539
309.0,157.0,426.0,208.0,270284183.4199911,2726331.1599999927,34967.970000006484,910382.2299996341,44572.69999999366,86952167.46996313
293.0,150.0,351.0,306.0,333034238.6900691,4540032.009999277,41155.15000000315,1081578.219999311,46319.60999998835,106984250.37995131
276.0,154.0,381.0,289.0,307194196.96004033,3989322.2399991183,39340.400000004105,988133.6499994525,45130.749999990905,98715545.8199586
285.0,142.0,383.0,290.0,324706521.3900745,4504325.62999947,42060.69000000171,1061370.5299994196,46809.64999998755,104305706.13995439
295.0,160.0,344.0,301.0,338642230.8500797,4165448.959999305,41582.75000000281,1197779.7799995323,52168.00999998605,108801624.14994982
310.0,169.0,417.0,204.0,326357377.31003463,3017529.800000007,37833.280000006496,1292262.9199998581,54835.90999998807,104943506.969962
281.0,153.0,379.0,287.0,310678545.9700361,3830705.979999369,39819.41000000421,1055079.9199994467,48671.509999989656,99856759.31995626
95.0,396.0,159.0,450.0,564403737.6503224,6174061.500002055,58892.9499999928,2783563.6199998944,92810.83000003251,181085736.69994357
102.0,394.0,158.0,446.0,553529969.2603394,6464852.370002702,60244.019999989876,2689288.3799998853,92978.3700000405,177578104.21995592
94.0,406.0,157.0,443.0,511895349.9202864,5931386.940001767,55884.86999999645,2425809.289999893,84325.25000001608,164223476.35996124
90.0,376.0,207.0,427.0,515241165.1602813,5669785.160001598,57063.66999999442,2529767.4999999925,87255.23000002757,165311693.47998488
138.0,574.0,230.0,158.0,641070817.4401335,3080366.2400005306,55641.970000011315,3893250.3799987105,133877.87000003253,205984930.76993513
125.0,543.0,288.0,144.0,582945642.4900879,2366721.299999749,51295.260000012495,3544826.319999,120688.59000002872,187340716.2099789
137.0,527.0,290.0,146.0,597566632.0501037,2902542.2200007187,53359.57000001205,3586281.3899988895,123345.90000002664,192015162.67994884
145.0,578.0,223.0,154.0,646115859.7301425,2842404.9100004737,54362.53000001082,3941955.869998829,132156.47000002913,207617072.28994444
96.0,383.0,203.0,418.0,535473538.67024386,5514902.300001595,56799.74999999694,2678272.5300002815,90864.08000003427,171844879.92997476
134.0,538.0,285.0,143.0,595102494.5801172,2826199.1700003985,52612.860000010034,3575230.109999298,120798.20000003008,191210516.60996667
90.0,108.0,488.0,414.0,287600520.510012,5531269.680000281,47640.31999999398,800069.8899995872,39777.4899999986,92203191.49995299
274.0,88.0,399.0,339.0,269708024.6299836,4527599.779999173,39639.98000000386,618730.9699998938,34038.68000000556,86633493.21995841
65.0,378.0,356.0,301.0,477745127.7501874,4592765.010000295,54443.41999999944,2460773.6799999205,88511.8000000311,153346517.45999363
96.0,116.0,443.0,445.0,296386350.63004,5736079.300000406,48802.349999992315,853581.219999556,40556.919999996324,94996565.9799547
103.0,125.0,565.0,307.0,272175406.4399882,4301166.909999023,45546.81000000095,894089.5899996248,46127.96999999091,87354966.75995287
76.0,444.0,353.0,227.0,531946727.4501481,3810894.01000031,54961.970000006855,2996912.0799999274,106430.65000004772,170833536.8399981
329.0,106.0,405.0,260.0,279633810.4399886,3647196.309999288,36902.35000000492,820092.1799996649,40769.25999999841,89893657.73995154
229.0,355.0,334.0,182.0,457432921.9701048,2906199.5000000177,44947.49000000754,2391017.460000008,87047.63000001542,147023345.3299689
219.0,340.0,270.0,271.0,468575682.66017544,3969095.88999947,47133.09000000302,2300270.550000195,81384.93000002246,150523433.35998335
240.0,373.0,296.0,191.0,480237889.41011024,2876641.8800001224,44959.260000009475,2567167.5799999083,91293.68000001097,154355716.27997622
402.0,420.0,176.0,102.0,523435236.7000714,2090050.2799996038,40108.84000001102,2830515.9899993762,98387.92000000773,168387748.22992992
35.0,641.0,269.0,155.0,660386457.4601237,2547517.380000438,57440.26000001457,4218362.689998914,141640.17000004722,212163416.20997733
499.0,256.0,219.0,126.0,386160099.76007247,2649615.7199998363,34163.30000001116,1628802.4300004614,64380.36999998236,124290161.75995709
432.0,451.0,108.0,109.0,557817520.580064,1932095.6699995645,39390.040000013774,3065304.3599993354,103836.57000000686,179468856.39990586
281.0,293.0,123.0,403.0,460274703.7202524,4999221.680000016,45875.77999999959,1931876.8500001049,67258.00999998512,147804297.18995348
343.0,177.0,86.0,494.0,405163069.0401832,5968120.06000109,44246.360000002256,1311120.1399994711,48703.28999998442,130061330.35995375
22.0,412.0,99.0,567.0,588580473.7304766,7643493.060003791,65033.82999998028,2792542.5900006704,90881.63000005986,188710019.3299433
25.0,232.0,197.0,646.0,427014932.27033955,8093279.04000344,59542.3199999783,1486074.749999025,54431.64999997616,136751442.48996776
58.0,527.0,256.0,259.0,627051278.9901924,3943678.43000071,58303.63000000655,3698324.4899994913,122905.72000004555,201355728.83995292
27.0,251.0,122.0,700.0,468654104.6604439,8927368.880001862,62657.5599999739,1653884.639998912,56604.87999997672,150067825.88996908
356.0,168.0,212.0,364.0,380371480.9701454,4857680.619999698,42118.89000000292,1314171.6699995976,51133.39999998611,122191785.44995618
146.0,216.0,272.0,466.0,395935584.850177,5810532.870001288,50522.50999999511,1505257.5099995343,57353.08999998256,126993869.89996327
406.0,37.0,242.0,415.0,268138103.12997884,5023374.219999392,35560.27000000871,337547.47999998514,22797.259999997703,86161526.71996424
313.0,148.0,319.0,320.0,332128694.5300379,4562404.289999603,40871.41000000548,1077388.0799994555,46801.79999998961,106690178.65995017
390.0,184.0,232.0,294.0,355426718.3800688,3545174.5799997705,36910.64000000895,1306496.5899999288,53695.189999985945,114300436.96995366
384.0,35.0,391.0,290.0,222215432.08998206,4169917.949998748,35556.37000000594,282204.54999995953,25875.460000007166,71424723.58996882
137.0,203.0,437.0,323.0,340956426.71006185,4376886.239999414,46303.070000001186,1350819.2599996831,56811.51999997854,109461850.05995502
200.0,57.0,372.0,471.0,286295698.3400278,6204678.0500009265,46421.569999995125,571610.2499999355,31797.680000006363,91792793.26995257
144.0,41.0,457.0,458.0,241201050.26997307,5977192.1900006095,46821.11999999107,351612.54000011034,27615.940000007435,77274708.57994938
161.0,46.0,513.0,380.0,223944100.12997827,4747743.919999229,41920.319999997984,374559.69000007625,28676.24000001004,71838946.8399596
246.0,576.0,20.0,258.0,695190281.5302542,4217946.490000359,55890.270000006625,3977473.8899994395,128675.24000003235,223324018.74989185
401.0,471.0,17.0,211.0,592854284.9101305,3451392.600000547,44398.34000001255,3061372.499999532,101336.63999999942,190615481.33988607
305.0,450.0,25.0,320.0,626576263.8302501,4597629.350000818,51775.69000000596,3254557.7999993647,106342.09000002674,201322247.4798797
202.0,474.0,211.0,213.0,563435871.0001371,3105373.5000002575,47876.380000008605,3109328.0699995025,102886.36000002368,181071052.37993675
284.0,667.0,23.0,126.0,746443737.7200928,2748842.6000003316,53633.530000016995,4547724.439998685,149108.9099999907,239942168.1798322
277.0,410.0,290.0,123.0,505962215.63008356,2390210.2099997285,43728.29000000935,2754836.389999777,97951.23000002815,162707143.69998276
377.0,442.0,197.0,84.0,527232737.5400438,1795233.629999569,39281.6900000097,2887805.9299997943,99359.21000000904,169643002.39995667
549.0,406.0,23.0,122.0,532331400.6200769,2414166.2899998045,35438.8600000117,2625441.3200000636,88732.82999999842,171333614.43990764
395.0,292.0,206.0,207.0,422629295.6000964,2954101.4900000165,37119.86000001126,1882687.1700005669,69006.37999998854,135948582.33996212
443.0,327.0,232.0,98.0,451128248.8200695,2029415.7299997136,35780.18000000897,2224125.170000941,80714.99999999825,145196349.19995096
234.0,260.0,355.0,251.0,370701262.6601092,3769388.3599994536,43390.42000000374,1605229.1499998372,63115.83999997716,119091081.18996738
526.0,172.0,235.0,167.0,337015724.64003426,2775248.5599998794,30559.680000007724,1115778.1199994846,47368.219999990266,108525762.73994778
154.0,548.0,233.0,165.0,608686332.3701024,2719593.220000544,51832.88000001392,3658860.259998731,124663.13000002412,195603076.99994904
180.0,200.0,527.0,193.0,332298174.09003836,2902643.4599998533,42271.72000000557,1514088.3900000453,64879.879999971876,106805587.67995676
194.0,215.0,294.0,397.0,386691790.73014075,5125608.520000334,46721.149999998765,1488188.6099996385,56835.459999983104,124117409.85996112
115.0,411.0,338.0,236.0,506926862.7501278,3473453.370000091,49460.680000005836,2735667.579999878,94619.37000002814,162823199.79000765
394.0,129.0,340.0,237.0,312709680.3500243,3763018.60999937,36840.12000000768,962591.4699994606,44193.85999999133,100578569.93994524
355.0,372.0,159.0,214.0,477412125.74010885,3254005.57000004,40435.33000000691,2266946.520000349,78730.93000000509,153497841.9399619
341.0,357.0,294.0,108.0,455619532.1900608,2035902.6099996578,39039.370000008304,2362404.4100005846,86449.44000000987,146594377.00996536
313.0,328.0,270.0,189.0,452812770.85006803,2674874.9200003105,40290.79000001038,2274841.0000003553,82199.53000000102,145612489.57997212
259.0,269.0,306.0,266.0,396280309.050117,3817903.82999949,42947.64000000173,1724608.9700000081,64819.90999997619,127339061.62995674
156.0,302.0,344.0,298.0,414582098.4101152,3958078.4299997073,47333.74000000382,1965208.0999999926,74050.86999999058,133144046.9299679
289.0,172.0,342.0,297.0,341252513.790081,3862523.999999179,39825.22000000477,1250615.5199995793,51690.659999986136,109679964.24995497
320.0,333.0,119.0,328.0,509108465.3202163,4924174.350000725,48074.17000000319,2333938.4900002796,80816.1600000078,163542561.8399528
335.0,348.0,395.0,22.0,445694068.77001476,1068679.689999677,37451.120000010655,2490035.2800000976,92438.71000001206,143465304.1999729
542.0,321.0,202.0,35.0,458209557.5500205,1390498.9999996969,32337.670000009828,2294969.6100007608,83168.08999999095,147569712.089947
293.0,568.0,204.0,35.0,603789989.1600178,1289301.2599995018,44057.370000015355,3658505.9699984784,123383.51000000752,194228301.75993925
248.0,275.0,547.0,30.0,353601863.230009,1042002.4899999031,36917.940000006696,1901228.300000508,76771.08000000147,113829084.47995913
233.0,258.0,162.0,447.0,474702631.6302457,6090855.700001872,52287.13999999666,1993242.4099997801,70856.3799999874,152352798.53995275
376.0,417.0,262.0,45.0,516072679.5800419,1482503.3799995857,39904.56000001326,2887986.189999514,102899.80000001096,166084165.54996058
749.0,69.0,227.0,55.0,253235675.23999533,1342042.2699999793,19139.630000002406,560912.2199997051,32977.53000000628,81813079.44997866
438.0,130.0,428.0,104.0,286306977.9800045,1869664.5799999675,30559.980000005708,1016219.9299995011,49172.13999998926,92257532.89994954
620.0,246.0,188.0,46.0,393602241.88002056,1221562.2099997979,26812.89000000681,1733561.530000814,66024.89999998538,126858541.88995498
500.0,46.0,517.0,37.0,175305463.03999647,1095174.0000000042,24375.52000000203,327972.3799998474,31332.930000012722,56661956.62999199
557.0,52.0,169.0,322.0,281526669.81999594,4317835.749998773,30701.740000009937,420215.1399999126,24873.890000000516,90579599.22995141
366.0,145.0,378.0,211.0,297901081.2200204,3555075.9799994407,37214.42000000535,948209.7999995435,44563.62999999263,95798716.31995617
170.0,50.0,564.0,316.0,206881545.33998233,4185303.9699987285,40484.490000002814,340941.060000045,30033.960000014104,66410795.99996307
215.0,275.0,210.0,400.0,447141283.7102308,5240124.670000578,48963.04999999543,1907961.1199998464,69149.65999999315,143548032.83996862
188.0,241.0,626.0,45.0,299238122.5100012,968300.5899998542,37064.61000000575,1596312.730000393,70371.02999998348,96326704.83995804
147.0,189.0,490.0,274.0,346406564.6400652,3732627.2499997793,45882.690000003204,1497853.809999907,63703.36999997374,111268475.61995445
12.0,342.0,410.0,336.0,450599055.0301686,4526927.69000017,54252.49999999978,2298968.2399999043,83745.88000002499,144599533.76998946
302.0,251.0,301.0,246.0,385894758.18009835,3685864.4199996195,41627.89000000548,1614817.030000095,64174.019999977405,124049475.8899601
11.0,404.0,377.0,308.0,502405602.01018524,4543331.900000516,56216.08000000066,2682821.70000007,95322.11000005149,161254317.60999545
18.0,528.0,35.0,519.0,663263601.3604691,7555725.420004138,68252.54999998107,3399948.4100005426,109298.7000000669,212706717.65991646
10.0,298.0,357.0,435.0,420363268.8802427,5887727.4100012295,55984.919999989244,1841626.0299994426,70256.43999999673,134783603.72996843
13.0,498.0,25.0,564.0,651930686.8605063,8052668.330004507,68849.15999997886,3227372.750000797,102664.24000006777,209025877.87992194
356.0,295.0,19.0,430.0,513794453.70025253,5898595.410001983,49301.699999999415,2179858.380000357,73658.02999999498,164981607.99992785
257.0,275.0,256.0,312.0,437887125.2501418,4486624.390000003,45905.67000000421,1943730.6700001233,70334.1999999896,140639340.59996554
375.0,400.0,20.0,305.0,565145468.4801984,4336398.169999984,46156.59000000593,2746387.8699998367,89041.47000000637,181607458.5999086
330.0,353.0,18.0,399.0,550735286.2102598,5093302.920000751,48317.53000000487,2567215.299999951,84830.71000000573,176905150.8899241
59.0,331.0,331.0,379.0,438988078.94018716,5147178.880000425,53233.759999997026,2031557.1999997366,72940.1999999942,140847196.83996773
701.0,127.0,127.0,145.0,332604961.79003394,2655481.979999867,24850.510000006245,954835.0699994415,41139.57999999426,107192402.10996805
23.0,791.0,133.0,153.0,827319477.0801473,2811952.8600002495,65036.87000001767,5491744.620001268,179871.32999998875,265770894.24985003
52.0,292.0,422.0,334.0,408931655.9701437,4885372.05000036,52804.19999999809,1901692.8899995782,73556.20000000918,131201347.82996553
24.0,137.0,138.0,801.0,396077687.0703109,10108643.789997589,62315.11999996874,894374.8099994422,33187.88999999179,126658646.98995517
14.0,488.0,119.0,479.0,653055114.7704122,6527793.510003389,66506.59999998924,3502939.2100005853,114099.60000007805,209507830.2999433
441.0,80.0,115.0,464.0,317756901.0200621,5590764.110000229,37500.83000000725,621178.179999826,28447.909999997686,102044584.8599546
332.0,357.0,60.0,351.0,523891474.770233,4952223.350000436,47009.220000003625,2369438.440000508,79191.42000000899,168288828.69992805
433.0,464.0,113.0,90.0,568773377.2900487,2009280.439999404,40327.71000001105,3156884.2799992696,107134.61000000077,182979621.12991905
325.0,348.0,85.0,342.0,520427826.2401884,4702998.930000419,46996.12000000596,2420435.9300001035,82633.05000000658,167190039.06993413
232.0,286.0,286.0,296.0,420720830.0501539,3947457.4999995544,44800.96000000253,1908863.640000206,71335.76999998942,135168165.51995742
156.0,311.0,311.0,322.0,443333365.88015306,4066338.0599995074,48163.66000000194,2141190.640000164,78275.05000001148,142376619.48996985
259.0,190.0,320.0,331.0,348174702.64010257,4771786.779999888,43731.789999999426,1220114.8299995814,50954.52999998685,111796463.90996765
226.0,279.0,307.0,288.0,436093472.2601338,3620946.87999987,45760.020000007,2154557.670000334,80473.8100000115,140099328.24997354
264.0,325.0,325.0,186.0,456199011.9300803,2912386.1300001303,42709.28000000853,2308874.6300002285,83359.44000000869,146665388.19997045
290.0,212.0,394.0,204.0,332538267.40004015,3014946.479999859,38845.37000000731,1353564.9299998211,58761.96999997827,106945954.5299495
174.0,347.0,382.0,197.0,438549151.63010067,2973218.100000056,45361.59000000672,2279301.140000301,84250.03000001,140938614.7599836
207.0,245.0,413.0,235.0,363292777.4100705,3577620.7899998967,42580.180000005224,1534524.529999972,62746.42999997663,116753656.2399615
171.0,202.0,375.0,352.0,353640523.2601149,5017226.720000036,46987.92999999574,1302359.5599996815,53585.30999998293,113504763.099956
199.0,236.0,438.0,227.0,353645230.17006195,3737137.0699995705,43985.66000000588,1501370.1799998307,61902.89999997535,113609589.20996161
428.0,220.0,220.0,232.0,394203585.29009587,3668216.489999742,38513.570000006956,1563188.790000397,60949.809999977384,126771563.0399418
64.0,339.0,339.0,358.0,500428234.6602279,5219575.190001049,57329.90999999595,2544902.0699999835,90810.6300000402,160587516.97998542
493.0,86.0,254.0,267.0,274179055.17999154,3565266.899999398,30785.750000008822,593414.7499998264,31650.840000003387,88235440.24996282
414.0,213.0,248.0,225.0,365233032.0400704,3173356.639999677,35670.11000000948,1427669.5700000413,56266.72999998538,117482056.59995088
504.0,259.0,259.0,78.0,377490514.62002516,1958102.8999998004,30445.310000008674,1583474.3600005214,62075.15999998388,121597498.7799456
570.0,100.0,342.0,88.0,262892923.31999555,1721553.4300000074,24043.45000000347,706286.6999996703,37555.12000000505,84816211.5399701
78.0,414.0,483.0,125.0,465288365.4800759,2324456.339999632,48337.88000000904,2710758.869999882,99214.29000003383,149530637.43000215
113.0,204.0,602.0,181.0,285652640.4000167,2887135.1399997477,42458.400000003014,1244190.4299996726,57878.93999997726,91774007.7499579
75.0,136.0,467.0,422.0,305081121.810034,5450832.660000304,49942.15999999581,995989.5899994681,46270.50999998335,97807125.40995823
104.0,187.0,643.0,166.0,291540074.32002294,2546470.119999699,43080.95000000073,1364099.6999998104,61375.51999997421,93685847.45996425
102.0,330.0,330.0,338.0,447632469.0901278,4395788.78000012,50419.95000000177,2176414.8399999347,77938.58000000722,143681317.92998257
192.0,300.0,300.0,308.0,419370933.6301363,4178302.5699993838,46576.93000000339,1906596.950000082,71147.68999999203,134696654.3499575
111.0,256.0,362.0,371.0,408570995.060142,4925982.5300002685,51084.77000000025,1812622.14999971,69251.80999998312,131112944.80996503
99.0,323.0,347.0,331.0,469319865.18018806,4399387.2100000875,52361.56000000026,2377634.030000275,87423.83000002582,150678561.4299767
113.0,367.0,367.0,253.0,483003639.5101639,3969464.6300000595,51207.77000000307,2537660.79,90020.02000002445,155109173.14996746
122.0,280.0,425.0,273.0,386688196.4301306,3879102.009999642,47587.850000000144,1806466.0399998992,71382.75999999176,124169512.58997193
207.0,323.0,347.0,223.0,833893567.0719461,15232990.319944602,121902.19999950407,4032929.6799947345,264397.9099998102,267905455.4098309
232.0,256.0,362.0,250.0,388613776.3600577,3439954.5799999675,42656.87000000757,1731988.1200000856,67260.72999997933,124900481.9399597
204.0,226.0,343.0,327.0,369157326.5800802,4734232.779999906,46041.570000002765,1434381.659999773,58545.909999981006,118522354.4499524
226.0,250.0,380.0,244.0,393661167.5501092,3471554.729999596,43311.20000000544,1780086.370000027,68231.28999998463,126510216.66995806
221.0,151.0,289.0,439.0,328881877.6200835,5503222.960000404,45175.57999999745,968180.5799994315,42481.60999999421,105525965.6199527
336.0,132.0,251.0,381.0,321523626.6900815,5242924.849999984,40547.75000000259,821735.3199994451,37130.9699999966,103249507.33995344
178.0,337.0,232.0,353.0,492633836.75020397,4716566.820000719,50514.82000000147,2392155.320000197,83398.03000001868,158173978.0799766
244.0,166.0,207.0,483.0,370276254.46014273,5732195.020000543,45507.99999999838,1208136.6399994274,46355.749999987675,118799493.23995851
305.0,209.0,399.0,187.0,335815706.1200463,2700368.549999884,37916.09000000701,1435828.8400001526,61417.719999972105,108003636.48995195
253.0,479.0,214.0,154.0,553252859.6201074,2577700.7900000014,46508.120000010735,3117185.78999966,106256.35000002164,177867387.22997093
494.0,193.0,240.0,173.0,357298774.20006925,2777932.829999806,32917.33000001024,1360382.1600000062,55280.72999998564,115027253.28995658
345.0,375.0,259.0,121.0,472980309.53007054,2312763.4799999846,40798.55000001054,2464978.0800003046,89024.6299999963,152141013.69994408
297.0,322.0,144.0,337.0,495657273.74017787,4319981.350000041,46223.2100000044,2349911.270000279,80633.05000000444,159232677.97995672
376.0,409.0,183.0,132.0,503986956.7500898,2376239.979999777,40094.03000000865,2647075.6300001373,91387.50000000792,162108023.6999462
497.0,427.0,13.0,163.0,566137294.3601024,2549178.749999916,38583.5300000112,2914687.6399994832,98037.44000000069,182143389.12989616
170.0,658.0,21.0,251.0,776409507.2502518,4051169.950000823,61212.05000000863,4694908.210000225,149190.97000002547,249396087.21984875
669.0,193.0,18.0,220.0,396802272.09008044,3145413.449999836,28528.12000000951,1345231.110000119,51627.08999998946,127787236.67995009
352.0,303.0,329.0,116.0,426046595.29006654,2233407.3599997587,39047.63000001031,2149847.9400008447,81480.449999995,137064756.65996343
406.0,348.0,11.0,335.0,523362743.0502121,5018483.2100008475,45598.41000000527,2299538.39000038,76527.37999999966,168149935.88992545
361.0,104.0,337.0,298.0,286444472.1500104,4097179.7599991737,36917.41000000653,756689.259999597,37855.269999998105,92067427.5299622
86.0,333.0,361.0,320.0,468086147.74016476,4146639.899999671,52200.96000000213,2424729.690000088,88481.78000003718,150269032.78998888
179.0,233.0,22.0,666.0,481593639.44035923,8109351.550003589,56376.9399999829,1699606.4099993515,56876.82999997932,154353183.30996037
138.0,179.0,579.0,204.0,294052530.2400163,2876128.989999778,42533.60000000562,1264492.2599997995,59859.289999976376,94507556.32995632
108.0,140.0,452.0,400.0,306207855.7600303,5338448.600000014,48068.73999999862,969404.0199994683,45355.90999998607,98195683.91995098
359.0,13.0,427.0,301.0,198694298.9999846,3666444.039999031,33150.22000000867,164924.00999997582,22917.560000005793,63909643.40997545
276.0,15.0,475.0,334.0,210041641.55998096,4375970.419998873,37135.420000004546,203169.97999998298,24123.590000004537,67460338.22997503
361.0,6.0,430.0,303.0,202197823.76998445,3962035.1299988516,33947.86000000776,118931.96999997638,21341.180000002627,65017477.53997848
546.0,20.0,76.0,458.0,283017288.5500189,5750742.9900001325,33639.84000001192,198800.17999996143,15995.939999995588,90930336.70995775
293.0,11.0,348.0,448.0,233942975.6799756,5823116.100000244,41223.90999999882,157929.04000000533,20108.109999998527,75038660.88996205
410.0,7.0,57.0,626.0,302804393.0300592,8140185.410002558,44425.11999999408,149561.52999995163,12312.649999994735,97044192.8799426
317.0,17.0,64.0,702.0,311129714.17007434,8260108.930002593,45378.649999992755,231787.91000005434,13709.909999994215,99635213.42995194
222.0,5.0,382.0,491.0,286934418.6400547,9549515.079997754,58926.72999995244,135644.9699999315,21620.79000000494,91897817.13988562
451.0,11.0,91.0,547.0,282507156.2700141,6368251.8600006355,36969.820000006475,211963.17999999388,15417.019999995218,90664395.95995578
320.0,8.0,64.0,708.0,315505919.32012767,9205645.5200007,50386.53999998096,173907.46000004312,12386.339999993419,100995120.45994586
167.0,579.0,303.0,51.0,638110514.7100397,1481302.289999263,51028.96000001675,4095670.7099983576,141197.48000000825,205159487.5699367
582.0,322.0,168.0,28.0,463442012.1400299,1295258.119999691,31316.58000001036,2318933.1500008353,82871.62999999498,149268905.5199587
170.0,572.0,307.0,51.0,629289607.5300525,1700983.979999374,50625.760000014816,3963067.5399983707,135295.40000002302,202321744.59996402
127.0,440.0,495.0,38.0,427258805.58002084,1299523.019999649,43775.590000009935,2556469.56999998,98212.37000002956,137421013.60997638
115.0,399.0,209.0,377.0,519149504.19023544,5050149.210001002,53604.630000000354,2590988.0999999214,88191.91000002505,166635612.86997005
95.0,321.0,372.0,312.0,454243290.9901378,4366756.950000205,52308.64000000215,2298785.1599999974,86324.38000002711,145821263.70997602
408.0,225.0,254.0,213.0,374397929.3600641,3198735.0499999113,36099.80000000986,1496397.7299999818,57984.22999998385,120421548.79996164
469.0,252.0,135.0,244.0,418189844.54011315,3720141.539999832,36935.65000000925,1664872.3000002871,60796.61999998418,134482730.33994684
498.0,268.0,310.0,24.0,382619409.4200074,1066177.609999804,30474.850000006925,1836177.9000009908,70849.53999998643,123276374.30995658
410.0,221.0,255.0,214.0,379959798.67007554,3349852.9299998996,37636.84000000783,1552673.5300001996,59627.089999982556,122176206.84996104
126.0,271.0,492.0,211.0,372528012.35007006,3121834.0799998026,45928.08000000461,1837861.0099999625,73749.2099999943,119678867.60996722
151.0,265.0,479.0,205.0,363629508.8200563,3042866.3000000645,44569.07000000717,1772707.2600000117,71780.9499999933,116832300.26996955
112.0,364.0,437.0,187.0,426535467.0200893,2790516.6100001177,47030.810000006684,2300417.3900001864,87673.8700000189,137066208.9699713
179.0,387.0,233.0,301.0,539233398.2402209,4340354.699999974,52494.71000000123,2831000.960000288,97171.18000004407,173190251.68997446
139.0,300.0,543.0,118.0,389458155.8600374,2220185.6399999126,44224.14000000793,2112455.7600003164,82761.09000001055,125189042.83997132
171.0,560.0,223.0,146.0,617857575.8901575,2904384.5900000916,52470.59000001074,3690293.839999223,123052.73000002878,198534466.81995344
244.0,429.0,258.0,169.0,538998526.4501199,2849350.6100001917,47137.99000000938,3016423.219999357,104074.34000002747,173237498.7199643
146.0,388.0,465.0,101.0,750255721.271022,8082192.86002221,98732.09999962374,4933531.600003397,324458.3200000862,241191204.8400822
181.0,481.0,191.0,247.0,587861993.9301867,3947653.3400002024,53016.72000000721,3235486.0799995526,110836.98000003907,188855823.2799577
203.0,540.0,216.0,141.0,608217803.8201268,2675966.7000001636,50473.170000010716,3577605.829999292,121298.84000003326,195496961.15996164
273.0,369.0,129.0,329.0,511347572.78021985,4680988.060000203,48918.10000000463,2452705.1300000036,84736.60000000743,164246756.1199447
287.0,362.0,127.0,324.0,493072507.5701536,4162280.4100000286,45407.08000000531,2359200.140000163,80589.5600000077,158401378.59996969
373.0,103.0,176.0,448.0,308588762.55006593,5533409.550000178,39579.400000003945,640819.4499997932,30337.200000000703,99073543.18996456
237.0,319.0,259.0,285.0,438896237.49014103,4160030.359999535,45365.03000000186,1980712.5800001144,70750.61999999484,140973786.22996646
291.0,393.0,137.0,279.0,563458882.8202006,4174749.7400002265,50044.51000000428,2911774.2199999182,101203.14000002976,181059172.4999314
331.0,92.0,361.0,316.0,280307420.68999916,4434054.389999058,38945.560000002035,689184.5999996333,36539.44000000018,90085800.00995645
263.0,332.0,269.0,236.0,472092307.0801519,3445690.899999742,44084.730000003656,2344553.8800000376,81382.31000001759,151705705.01997203
424.0,110.0,187.0,379.0,339240900.95011437,5373486.060000066,39969.240000003745,857281.7999993408,37741.14999999429,108975891.22995071
323.0,84.0,330.0,363.0,269725412.50997907,4610631.929999337,37971.900000004585,562951.6399999745,31895.900000005204,86656886.59996542
346.0,90.0,354.0,310.0,295226873.7500232,4616744.1199993575,39493.260000004215,759129.4799996306,37866.70999999737,94857491.65995601
567.0,124.0,345.0,64.0,279092136.50000703,1531589.2599999632,25580.5400000041,893492.0399995473,44080.689999995695,90024972.86996356
397.0,164.0,455.0,84.0,283946532.190011,1600465.1099999656,30001.750000006006,1087918.2999997041,50766.44999999303,91495528.82996567
503.0,234.0,306.0,57.0,335120218.6000214,1338390.5899998674,27442.530000006314,1347301.7700001625,56271.84999998643,108027781.3999617
808.0,177.0,24.0,91.0,357867455.9300116,1805128.9399999205,19755.160000004118,1112610.9399996428,43589.86999999404,115451706.85994008
393.0,86.0,240.0,381.0,295364959.63002926,5210527.34999972,37955.58000000533,551571.3699999154,28586.190000003233,94879915.65995395
447.0,208.0,13.0,432.0,419879555.0401936,5410077.220000301,39874.87000000633,1400126.8699995095,48225.91999998706,134867202.2599556
335.0,138.0,18.0,609.0,418022453.360273,7411951.470002493,48432.87999999313,1178310.939999237,42952.51999998735,134082695.75995196
227.0,199.0,260.0,414.0,380402490.08016944,5857817.180001027,47788.819999995925,1281039.679999558,52026.88999998153,122067948.0599455
514.0,449.0,28.0,109.0,569412154.5200738,2236672.469999659,37400.610000011264,2977477.7899993164,97745.90999999724,183216498.47990087
293.0,257.0,16.0,534.0,478014758.92029035,6837824.880002324,50171.94999999415,1766435.839999617,58835.97999998178,153368169.44994968
273.0,418.0,51.0,358.0,595102954.850272,5249266.1300016055,53526.36000000067,2989345.2300000763,98693.98000002874,191117292.8299141
10.0,552.0,67.0,471.0,686845939.5103718,6202794.620002843,65273.00999999496,3785920.6800001077,120264.28000006065,220363908.25990918
242.0,495.0,45.0,318.0,633192125.6802578,4538165.640000389,53393.76000000058,3401204.7499998403,110458.43000004221,203378866.99991873
221.0,339.0,251.0,289.0,496888694.5901647,3905619.709999972,48018.020000006385,2487870.8000002094,88146.3000000203,159653384.87996355
301.0,462.0,56.0,281.0,586995636.4001895,4045216.1300002523,48807.52000000758,3100134.599999871,102847.42000001919,188597435.90990993
215.0,440.0,245.0,200.0,534640005.1501734,3511434.4199999226,49213.73000000386,2871237.0299999025,97583.95000003165,171788532.3499678
8.0,465.0,345.0,282.0,532664827.160178,4082965.0400001025,56205.02000000196,2998740.6199998707,103558.08000004488,170991673.39999482
9.0,705.0,65.0,321.0,801999310.210318,5344833.340003406,70697.30999998156,4900854.090001622,160776.11000003398,257459663.95982227
7.0,497.0,277.0,319.0,585437275.9502373,4529320.790000616,58981.71000000174,3312727.820000183,111530.05000005483,187921871.98997203
7.0,543.0,302.0,248.0,628116255.2401941,3764142.010000423,59508.86000000637,3801716.1899996,129004.88000005836,201689747.4699688
230.0,59.0,313.0,498.0,280135490.6300058,5927937.940000307,44142.329999996706,515536.0900001183,29468.53000000294,89828812.69995876
107.0,67.0,358.0,568.0,294038422.730043,7217213.8900017645,51510.479999987074,544431.4000000976,29592.93000000369,94148627.42995232
177.0,299.0,241.0,383.0,481822372.410251,5194412.640000696,52446.269999998265,2275135.79000023,81465.30000002297,154668658.34996837
284.0,73.0,128.0,615.0,353110588.1501846,7597499.330002239,48250.03999999164,704679.7899996212,30739.699999995522,113194817.4499456
220.0,56.0,300.0,524.0,293989345.40003896,6486779.160001122,46394.91999999327,551302.4000000661,29880.780000000905,94250520.07995695
199.0,337.0,90.0,474.0,513194911.83028626,6416918.730002132,54684.70999999541,2269413.479999859,77884.41000000475,164650717.71994796
128.0,81.0,142.0,749.0,358594729.81023294,9173458.310000973,55847.47999997715,664271.1799997654,27543.859999993645,114739469.5299527
76.0,318.0,257.0,449.0,473083012.6103022,6310698.5500016585,57290.20999999137,2111796.2499995385,76079.74000000556,151737526.0699932
95.0,395.0,105.0,505.0,572101459.9503219,6550764.620002638,59441.6399999932,2746901.1100002695,90663.62000003566,183535386.8899512
91.0,377.0,101.0,531.0,560008083.2103914,7037587.770003425,60820.18999998769,2596211.4600005304,86190.24000004181,179609496.34994832
352.0,246.0,404.0,98.0,354818342.2800246,1792109.369999798,34757.29000000747,1659864.7000004037,67830.46999998183,114221478.2899586
290.0,267.0,437.0,106.0,367221929.9800395,2087040.1099997961,37230.08000000885,1754516.060000408,68993.83999998072,118153233.06996033
438.0,38.0,502.0,122.0,185882471.2199908,2038309.7900001172,28175.72000000406,305649.8599999097,30228.87000001447,59953703.15997939
399.0,279.0,311.0,111.0,397772242.3100657,2042927.3699998416,35124.54000000905,1881174.7600005898,70969.04999999033,128016348.51995613
342.0,239.0,393.0,126.0,357198574.17003876,2038001.1199998173,34859.98000000836,1589762.550000371,64664.29999997729,114981202.79995392
492.0,43.0,384.0,181.0,221735655.97998574,2907739.399999594,28681.680000005705,327368.9299998814,26970.18000000741,71446509.61997983
321.0,295.0,329.0,155.0,397898003.7600709,2394715.0799997807,38776.130000008096,1933474.9100005168,73384.01999999581,127977970.36996195
354.0,41.0,534.0,171.0,192848826.32999086,2459012.1899999543,30800.620000005358,331667.25999991834,31089.790000013425,62137012.05998051
439.0,50.0,450.0,161.0,213454653.4899909,2298126.530000016,28016.510000004244,402927.24999991857,31156.65000001174,68805435.20998055
420.0,48.0,430.0,202.0,221841334.58998674,3033073.3699995526,31247.8900000061,375437.0499998894,29730.480000013882,71440089.24997483
305.0,175.0,110.0,510.0,400615320.0002187,6661297.440001455,47529.13999999568,1216515.649999161,45327.23999998699,128518194.89995132
404.0,153.0,96.0,447.0,374360321.3101491,5961807.14000101,41604.78000000153,1006253.659999286,39886.91999999146,120215626.15994346
307.0,169.0,111.0,513.0,395861922.54019994,6428385.0200015,45832.7299999959,1199673.6899993753,44501.90999998715,127031645.17994693
280.0,160.0,192.0,468.0,367440487.34017104,6397239.910001301,46942.11999999589,1061791.1699991808,42173.79999999119,117879351.81995663
542.0,310.0,195.0,53.0,447013513.780029,1451788.5699996976,31707.690000009145,2198042.6200013203,79519.08999999853,143968989.89994532
472.0,259.0,323.0,46.0,343575146.88000447,1276399.8699997787,30013.940000006536,1552709.890000413,63023.74999998152,110696990.66996567
579.0,220.0,263.0,38.0,336724766.85000956,1138880.1899999115,24941.620000005376,1336986.600000164,55397.129999991215,108588671.59996149
660.0,240.0,157.0,43.0,352331237.8000159,1454671.6799998903,23749.31000000491,1335240.3700000215,52373.65999999047,113606857.88995175
376.0,137.0,171.0,416.0,363471751.5001444,5363443.550000363,40752.71000000055,1034790.1499991709,42513.93999999079,116765889.07993916
584.0,213.0,265.0,38.0,343845151.81000745,1128164.109999822,25983.450000005967,1394619.490000319,58177.76999998397,110882887.44996317
46.0,434.0,369.0,251.0,500694663.2901497,3786140.240000081,53500.00000000343,2770619.1199999372,98285.34000005043,160768094.42000586
176.0,380.0,324.0,220.0,482999121.4600985,3343120.2500002044,48395.730000007316,2582194.290000061,93217.82000002968,155181896.37998518
46.0,430.0,372.0,252.0,520596499.75017697,3898212.990000116,55218.390000003536,2922367.3199997577,103091.76000004316,167155980.5299878
42.0,398.0,430.0,230.0,492832119.30014366,3476038.090000141,53404.09000000363,2773732.1399997314,101084.14000005006,158284604.21000585
45.0,419.0,357.0,279.0,518320276.3501917,3789166.6499998006,54273.02000000279,2906434.1300002746,103458.74000005293,166432805.89000517
41.0,382.0,419.0,258.0,468723895.1601333,3471452.4200000204,51792.22000000603,2595091.489999982,94725.27000003446,150510429.02999905
159.0,343.0,370.0,228.0,434436282.82014155,3340076.3099997654,46694.730000002935,2199702.950000144,82933.90000001994,139587809.00996935
172.0,365.0,316.0,247.0,461467781.09017473,3774248.739999713,48540.3300000032,2340583.52000041,85866.99000002803,148239041.2599715
164.0,349.0,382.0,205.0,442431071.86013216,3117306.289999988,46385.35000000592,2306243.550000215,85816.51000001453,142171147.32997367
160.0,339.0,372.0,229.0,465530407.6901255,3483673.299999914,48434.56000000457,2438291.329999971,87974.48000002193,149560702.13997376
96.0,295.0,296.0,413.0,448559321.05020446,5365705.000000729,53021.56999999776,2037391.359999605,73994.72000000287,143917721.95998743
359.0,218.0,218.0,305.0,397361804.29009634,4159539.8499993486,40762.65000000578,1529296.9700000475,58782.10999998258,127732515.19995333
119.0,104.0,366.0,511.0,287196964.78003216,6394484.580000901,48915.219999993096,647914.0199998654,34832.58000000513,92000675.98994736
76.0,231.0,470.0,323.0,348070510.49005705,4199736.659999501,47432.46000000256,1500380.2699996457,61851.739999976664,111717160.78996386
149.0,459.0,459.0,33.0,492256298.78002423,1310166.6699996244,45199.67000001191,3019331.569999482,109633.1300000249,158305477.1000042
133.0,115.0,823.0,29.0,176975311.3300008,905771.4799999617,34980.260000003684,754694.4399998919,49925.669999988815,57025573.91995962
382.0,232.0,470.0,16.0,343434525.98000395,954854.2299999044,32517.030000006966,1694157.5300008017,71100.24999998497,110647211.37995052
604.0,104.0,366.0,26.0,237981037.09999883,958921.8799999424,22055.550000002837,684574.6099996979,39613.36000000014,76863727.67997912
338.0,58.0,417.0,287.0,233427554.77998543,4010048.4599988973,37750.410000004944,467692.800000023,32238.730000013282,75011216.70996217
449.0,77.0,554.0,20.0,192940107.0399977,846381.789999977,25355.230000002,508938.30999980465,38080.97000000786,62339086.65998319
287.0,403.0,403.0,7.0,488642617.50000703,933359.3899997609,40214.48000001121,2912806.8699994297,104332.30000001295,157236938.4399834
63.0,514.0,514.0,9.0,520543489.7700148,893859.499999706,47678.040000013556,3391729.319999085,121289.64000003523,167376249.53001118
324.0,315.0,453.0,8.0,374891422.8000024,876983.0899998283,35045.52000000817,2003726.7500010515,80336.53999999908,120732609.31995393
390.0,546.0,155.0,9.0,595362190.3300054,1001497.0999996373,39695.020000013115,3537896.0999985933,117896.42000000029,191580911.8699268
237.0,331.0,331.0,201.0,453934775.7701172,3183933.9999998743,45293.860000006025,2287634.540000224,85307.12000001543,145917315.6399643
341.0,333.0,136.0,290.0,482065593.44019073,4140850.999999589,43742.480000005555,2211996.730000303,75756.01000000411,154914332.60996628
67.0,546.0,156.0,331.0,658171128.160259,4711134.870000987,60718.330000003065,3805574.1699996716,129006.14000005311,211304980.65991157
56.0,316.0,453.0,275.0,430952149.71009535,3528848.990000391,50800.2500000067,2303937.0499998294,86440.98000001394,138370412.76998463
120.0,684.0,279.0,17.0,695504571.540019,1112546.409999382,52948.3800000202,4625006.77999904,155266.22999998435,223602628.489939
79.0,448.0,183.0,390.0,578357841.6102077,4843247.840001026,55850.670000002756,3092027.1000000704,102451.44000003254,185644676.90996882
512.0,69.0,69.0,450.0,314884922.5400747,5813077.880000104,35243.97000001104,439786.03999997827,21424.37999999644,101150433.09995513
289.0,96.0,96.0,619.0,369891941.0601994,7435414.700002119,48074.859999992725,864266.129999355,34830.73999999453,118598861.20994548
367.0,360.0,50.0,323.0,532565840.50022966,4660845.1400002185,46270.130000005556,2492728.2000001017,84147.11000001316,171105346.96992946
348.0,47.0,399.0,306.0,234102163.58998233,3935250.3599989316,35421.53000000624,379702.21999998303,28710.680000009757,75268149.88995996
508.0,69.0,69.0,454.0,320768759.13007975,5882730.590000282,36892.250000007414,529667.930000001,24986.349999995975,103029848.75994742
274.0,269.0,313.0,244.0,424619290.1701139,3639958.059999804,43973.140000004016,1965379.6200003156,74126.51000000257,136469972.34996122
174.0,58.0,488.0,380.0,249527832.3199805,4973474.239999587,43325.62999999795,526248.7100001,33203.08000001243,80052298.69995463
186.0,446.0,62.0,406.0,617961712.190305,5590982.220002419,57317.179999999644,3191354.6400001845,106323.40000004221,198397191.91990972
132.0,316.0,369.0,283.0,440132908.9701532,4206597.22999948,50245.570000000924,2167199.1700000744,80310.83000001522,141322167.31996447
131.0,315.0,368.0,286.0,462099185.66014993,3904477.8699998977,49375.2800000032,2330585.6400000243,83745.52000001995,148404646.21997985
218.0,363.0,363.0,156.0,456616593.5600844,2990387.4700004673,46610.69000000741,2430587.6200000574,90781.04000000846,146757256.78996566
400.0,288.0,288.0,124.0,432213337.430078,2388767.969999827,37977.77000001037,2108736.0400008173,78664.28000000422,139054780.98996508
253.0,243.0,423.0,181.0,388848203.40005,2793697.420000128,42476.01000000586,1877807.8400002897,74728.67999999423,125031996.6899683
233.0,389.0,312.0,166.0,447890782.42005765,2300256.6999998395,41634.78000000746,2371797.0700004,86371.00000000982,144018769.1399747
216.0,361.0,361.0,162.0,449501469.62006396,2364344.419999734,42656.34000000936,2405307.6400001487,87625.9900000075,144522117.8599723
272.0,260.0,365.0,203.0,383157101.9300658,3073115.1800001212,41025.97000000626,1755111.4300001669,68679.3499999812,123181187.09997153
419.0,303.0,243.0,135.0,432124936.8800844,2534089.309999923,37777.710000010324,2037818.370000695,76339.61999999914,139047601.4699681
448.0,185.0,323.0,144.0,319780457.64002925,2333345.1399998385,31989.010000008315,1208584.410000033,52340.309999986835,102956111.9699583
477.0,198.0,277.0,148.0,341728330.8600352,2450288.429999853,31827.28000000802,1298657.5499999335,53881.72999998642,110033018.82996447
475.0,196.0,276.0,153.0,360778407.78007364,2650365.349999753,33537.690000010734,1418555.0600002026,57275.92999998184,116130551.91995135
257.0,126.0,515.0,202.0,265854122.7399901,3133690.5799996173,38048.3700000069,896540.3599996195,46248.979999988165,85488812.51996116
414.0,103.0,419.0,164.0,257890770.43998954,2675163.859999728,32013.540000008514,712621.4199996814,39919.05000000224,83056976.29996076
259.0,120.0,518.0,203.0,252652944.13999033,2974701.8199997204,36450.62000000568,772267.6999997734,42644.549999996256,81262729.69996239
272.0,134.0,480.0,214.0,286185402.0600053,3486549.469999549,39830.43000000497,992377.8499994951,48912.13999999029,91999970.89995538
207.0,102.0,415.0,376.0,285350735.64003134,5160769.329999892,43792.60999999845,705333.4599996903,36640.20999999701,91569823.78995462
218.0,101.0,384.0,397.0,274452312.1599877,4895587.909999548,42353.08000000105,688370.169999789,36392.14000000388,88076961.87995358
360.0,89.0,320.0,331.0,275314417.67000604,3881243.59999924,35544.50000000633,684177.6799997141,36150.30000000161,88509732.00996117
348.0,81.0,352.0,319.0,288885320.6100168,4486653.949999158,38550.87000000466,714843.6399997254,37233.949999999066,92818101.76995717
437.0,102.0,388.0,173.0,254386357.20998952,2912377.1799996444,30822.900000007467,588504.5399997444,34894.530000005,81935453.09996359
362.0,85.0,321.0,332.0,280768412.87000066,4631535.999999395,38043.700000004064,596969.579999822,32884.640000003485,90223378.89996643
351.0,262.0,174.0,313.0,435334067.2101455,4627829.189999964,43356.14000000881,1794820.070000053,66057.75999998048,139874547.14995536
203.0,314.0,208.0,375.0,459612219.60019296,5121081.740000788,49662.009999999515,2041990.179999956,72335.10999999483,147552177.27996835
352.0,258.0,175.0,315.0,405678445.7101198,3877703.549999524,38972.470000007816,1638136.540000105,60663.68999998397,130400899.55996142
365.0,273.0,136.0,326.0,443401760.8902138,4756338.069999828,44197.12000000161,1829377.2199999199,66408.00999998298,142448090.00996953
416.0,310.0,206.0,168.0,455168481.71010923,2932876.8299997705,39770.89000000622,2179771.270000766,78692.5500000093,146395167.1099496
438.0,321.0,164.0,177.0,468900277.48007536,2797234.650000229,37967.64000001061,2224354.1600006465,79406.05999999444,150850909.97993907
265.0,409.0,205.0,221.0,525403628.9401445,3298042.67000038,46320.440000009236,2805569.3199997996,97046.35000002121,168849973.14997295
251.0,381.0,258.0,210.0,483174008.07010746,3196676.1800001543,46220.56000000689,2534205.629999858,90790.10000001629,155283478.1499758
214.0,325.0,165.0,396.0,524219353.4902422,5039796.000000949,51777.83999999863,2548019.9200003445,87353.64000002806,168306421.03996104
267.0,404.0,206.0,223.0,529993060.75015056,3780911.130000166,48426.59000000688,2753435.8499998325,94932.26000001372,170302266.75995418
386.0,256.0,385.0,73.0,354766719.8400255,1668742.1599998334,34215.56000000759,1642909.6200006462,67071.23999998311,114234427.60994832
158.0,337.0,509.0,96.0,408643564.7100254,1982740.2599996708,43887.130000010024,2278867.410000157,87080.77000001422,131386931.15997088
314.0,413.0,314.0,59.0,502350554.4800284,1424659.3999995068,40636.26000001196,2891827.0099991886,104623.30000000792,161631939.78996158
410.0,271.0,342.0,77.0,372090561.8700307,1599127.889999728,34001.77000000933,1785657.3800004772,71371.95999999013,119805624.42997712
384.0,255.0,383.0,78.0,362479858.67003435,1731848.6799998274,35448.61000000798,1731946.8600006942,71084.74999999383,116691380.34994899
328.0,431.0,274.0,67.0,528514068.14004344,1646661.9699995436,41368.79000001125,3023834.119999794,105816.24000000978,170023215.4399609
170.0,362.0,457.0,111.0,461187923.9200811,2169715.999999676,46150.180000008244,2633705.2899999563,96264.57000002716,148257173.7599824
121.0,512.0,388.0,79.0,548738265.020056,1699079.849999416,49617.710000014624,3435299.1699988195,122320.86000003801,176407043.35997626
129.0,546.0,347.0,78.0,573168606.9600743,1870747.7999994059,49819.10000001283,3555358.6399992085,122910.28000004169,184240742.38999298
128.0,543.0,345.0,84.0,589159363.6000847,2059125.4299993466,52380.99000001571,3710832.969998837,130193.7400000317,189365138.47995716
127.0,515.0,126.0,332.0,610642946.9502474,4481944.010000564,55989.120000002535,3398087.770000009,113118.7300000461,196087632.27993235
308.0,419.0,103.0,270.0,549049066.0601456,3626565.6400001054,45294.420000007216,2827916.979999885,92999.63000000737,176451837.83992827
168.0,328.0,166.0,438.0,498986376.29028493,6111112.380001671,53418.109999995046,2186339.5999998227,75385.59000000868,160118214.7099607
135.0,546.0,67.0,352.0,673125209.9303049,5168922.170001634,59772.940000001574,3747450.4499997916,122677.8700000477,216109848.0798959
127.0,512.0,125.0,336.0,616208302.370242,4866346.610001489,56740.820000003325,3349416.489999684,111282.14000003322,197851529.66992918
180.0,352.0,90.0,478.0,532943382.9503458,6624771.590002263,56550.5899999897,2360895.16000021,78584.59000003137,170990512.62996185
322.0,437.0,54.0,287.0,620626734.6402513,4550366.280000921,52113.93000000515,3256667.239999497,108082.02000002637,199390055.49989474
382.0,251.0,127.0,340.0,435994427.7502069,5062423.590000383,44098.6100000005,1703190.429999902,61982.689999978465,140064941.25995538
408.0,267.0,68.0,357.0,462625848.19018036,5086602.420000447,43471.28000000456,1836266.370000237,63579.19999998217,148619672.4199506
405.0,266.0,68.0,361.0,457963390.01019603,4966626.17000012,43011.47000000419,1842825.1600003403,63495.71999998439,147121084.32994562
107.0,33.0,400.0,560.0,259697153.269971,6601824.550001054,48393.329999989895,403967.97000020265,26683.870000003597,83137944.72995026
28.0,35.0,432.0,605.0,255604814.82996553,7589948.790001986,53629.829999983194,295124.39000017097,24047.52000000369,81726918.059944
95.0,153.0,355.0,497.0,331453219.10010946,6912124.620001853,53958.56999999008,951132.5899993883,44257.16999998776,106194792.42994952
100.0,31.0,445.0,524.0,242366015.04997307,6288867.060000637,47696.70999999103,313224.5100001316,25475.720000004054,77608160.02995451
107.0,32.0,398.0,563.0,255482686.56996945,6600069.330001105,47875.769999991026,338347.5500001458,25530.010000005084,81801791.01995438
89.0,143.0,396.0,472.0,338701621.56011325,6039054.420001078,51324.20999999263,1125498.8499994136,49125.71999997677,108571491.73995261
26.0,33.0,475.0,566.0,249061715.02996907,6879799.860001386,51716.17999998811,372883.13000021066,27377.27000000477,79669878.68995059
25.0,162.0,378.0,535.0,333925119.410126,6437150.630001561,53317.10999998707,1065102.1199993507,46625.589999989614,106972260.84995641
23.0,153.0,425.0,499.0,335310885.47012573,6840231.920001681,55720.939999986935,1051045.4499991843,46525.339999986594,107402829.64995074
23.0,152.0,422.0,503.0,330128095.19013536,6164602.720001202,52884.069999989646,1088404.7999993702,47680.85999998519,105779199.50995596
401.0,327.0,106.0,266.0,483114230.10014576,3871097.999999867,41779.34000000487,2189195.1300006453,76585.37000000289,155308979.21994036
345.0,353.0,115.0,287.0,535919483.5202302,4129442.639999733,47214.31000000588,2686281.320000114,92169.98000002185,172205300.55992836
356.0,414.0,94.0,236.0,551491993.4901822,3694990.7899997123,45345.37000000507,2789241.800000161,93985.31000002108,177278100.14992195
375.0,306.0,170.0,249.0,470143257.0601492,3720826.3699999703,42799.730000008305,2200728.890000248,79480.58000000777,151133094.49996412
399.0,325.0,105.0,271.0,489266201.04012513,3871097.4900000975,41089.79000000877,2200421.1900006062,76324.85000000132,157297464.12994373
334.0,388.0,151.0,227.0,513077341.5901437,3417874.4699999318,43377.75000000673,2565427.2100001182,87660.90000001156,164927110.68995178
320.0,326.0,182.0,272.0,473086709.30015874,4087739.64999969,45187.66000000692,2211765.240000441,78489.07999999895,152019460.7399538
302.0,440.0,100.0,258.0,570570119.5201958,3875304.1000002166,48584.94000000744,3010723.999999721,102188.82000002322,183346192.51994467
285.0,415.0,163.0,237.0,562288084.1201457,3463469.1500001275,47949.24000000823,3029465.5799997714,103308.31000002111,180696473.60993388
284.0,413.0,161.0,242.0,533397592.42018175,3728713.6400000695,47170.3000000063,2739686.6400000677,93430.77000001897,171419196.1599418
357.0,117.0,357.0,269.0,277397781.99000305,3416708.4299993664,35135.14000000677,789128.0899996182,41633.79999999968,89234493.71995966
319.0,123.0,375.0,283.0,298878154.5400466,4005365.9199990006,38940.580000002206,900275.5399995636,42493.869999991206,96068732.85995734
330.0,192.0,329.0,249.0,335534313.5800485,3256843.6099996744,37259.900000007554,1271217.5799997705,53643.32999998136,107886543.75995421
410.0,135.0,246.0,309.0,333814344.5600616,4173070.8099991684,36684.19000000684,994833.669999373,43418.33999999205,107332959.65994792
430.0,141.0,430.0,99.0,274217241.4999996,1817173.1799999499,28892.060000005546,913703.6499995809,45652.109999995824,88391235.04996733
456.0,265.0,274.0,105.0,404669768.5400365,2003670.3099997204,34412.69000001067,1921106.0000006834,72386.4299999922,130249877.78996395
466.0,179.0,329.0,126.0,324482114.55002606,2224882.3599998807,31618.690000007922,1250870.2199998663,54711.48999998544,104507215.11995552
352.0,240.0,413.0,95.0,330418064.39002115,1544449.7599998577,33263.38000000701,1509400.3800002688,62293.759999977614,106389747.02996473
336.0,230.0,237.0,297.0,417921001.0101755,4689539.340000294,45000.94999999878,1713682.6199999345,65506.919999977545,134254712.0999614
414.0,283.0,292.0,111.0,412096451.9100312,1804772.3099996806,35099.09000001046,2018094.7700010655,77344.89999999422,132652683.91995302
254.0,474.0,253.0,119.0,507020614.2101066,2435620.2099996563,44076.28000000682,2801195.079999906,97977.74000004052,163015188.98996338
187.0,512.0,273.0,128.0,576414135.1700845,2288539.5899995724,48533.02000001232,3421536.0099990633,116562.24000002962,185286349.7999729
430.0,41.0,428.0,201.0,209297611.93999282,2676054.5899997624,29413.710000005653,321143.689999921,28059.090000009368,67436654.78998502
317.0,591.0,44.0,148.0,658967451.7501323,2903201.7899998855,48773.28000001087,3802367.179998761,125167.38000001467,211842337.5698867
200.0,372.0,199.0,329.0,517306090.5202542,4950380.050000754,52119.1899999981,2528811.0900001395,87528.0800000309,166103653.49995783
381.0,37.0,53.0,629.0,330724219.86013323,7563349.630001975,43771.29999999575,437831.2100000911,20642.069999994157,106041456.23995583
173.0,473.0,35.0,419.0,610375340.6803359,5985947.790002063,57493.40999999561,3058036.320000073,99917.74000003647,195918574.4499203
218.0,31.0,320.0,531.0,340899629.53047866,11179550.279992703,66812.77999992827,295413.85000021756,27953.300000014802,109204148.35983607
541.0,77.0,110.0,372.0,315029184.81007004,5163204.279999829,34126.92000001035,558129.6099998464,26475.539999996992,101266765.85994601
291.0,42.0,59.0,708.0,339236770.79019135,9198042.8800008,51756.85999997937,373678.96000017563,18429.479999992833,108596180.22994934
389.0,544.0,70.0,97.0,659468948.3201056,2453567.2599995728,47537.950000012905,3843164.2999984566,126289.39000000806,212061438.64989313
469.0,482.0,62.0,87.0,591276538.7300879,2105989.3899994995,40859.870000013034,3278468.0999990613,109111.31999999899,190220294.91990903
395.0,535.0,71.0,99.0,637045921.3900771,2230989.4499996104,45225.31000001523,3693891.349998583,123005.63999999824,204881800.16987762
226.0,316.0,502.0,56.0,382659428.76001716,1247234.7599997972,39053.91000000891,2114908.420000706,83333.96000000782,123139784.7499622
383.0,537.0,69.0,111.0,606295603.2301061,2364657.8899998507,43017.580000012305,3408780.6399992807,111934.0800000069,194990513.24989805
226.0,306.0,503.0,65.0,388119019.93002725,1603068.5799997025,39911.890000008825,2106338.070000376,82566.41000001486,124861534.27996951
284.0,292.0,464.0,60.0,377266343.2700209,1312112.559999787,36837.14000000701,1992353.7200007671,77591.98999999605,121421782.95996422
470.0,468.0,62.0,100.0,571338912.6500651,1820472.579999508,37482.9200000124,3078613.429999512,103466.18999999891,183866446.1498951
289.0,287.0,471.0,53.0,373210895.36001414,1251942.679999793,36664.37000000844,1978476.6600007901,78698.94999999736,120132619.53995954
286.0,285.0,468.0,61.0,367462327.32002264,1676069.4699998305,37602.47000000829,1853214.000000529,75237.93999999299,118264721.28995809
309.0,357.0,213.0,221.0,483323269.8301018,3532055.9100004486,43334.21000000985,2336229.2000001976,82863.27000000246,155360872.38996103
339.0,343.0,205.0,213.0,479543296.1901146,3244479.839999945,42262.22000000859,2360681.070000233,82896.16000001067,154173461.55996707
311.0,353.0,214.0,222.0,455307831.2101071,3279527.110000041,42468.18000000528,2218557.4600004815,79909.1400000064,146371637.52995968
355.0,410.0,81.0,254.0,577927457.7101879,3919736.69000009,47360.41000000653,2977897.12999967,99153.97000001992,185734239.41991168
308.0,355.0,212.0,225.0,465082963.48012453,3456436.569999999,43024.1800000058,2225252.15000039,78654.37000000471,149499534.85995728
356.0,404.0,81.0,259.0,557147684.4101597,3926640.5200003306,46552.200000005505,2822214.4099998088,93997.80000001838,179060712.27993205
385.0,390.0,78.0,247.0,546798598.540162,3697138.580000098,44264.48000000859,2715904.250000254,93780.16000001103,175796951.09992507
339.0,339.0,205.0,217.0,482362161.6801022,3200462.850000336,41961.7300000099,2371542.6900004228,83708.2900000058,155085744.929954
389.0,388.0,78.0,245.0,529206694.8201658,4045876.9999999716,44192.63000000765,2536729.130000101,86606.31000000959,170106311.61993232
387.0,387.0,78.0,248.0,520087284.710178,4055992.3199999044,44637.2500000075,2499802.0700003626,85098.37000001135,167149865.89994106
447.0,145.0,245.0,263.0,327609595.7900712,3735391.4599992703,34930.750000009706,1015298.119999326,44700.15999999146,105377427.14995232
496.0,134.0,227.0,243.0,327793678.5800683,3619858.1899992875,32920.61000001095,942228.7299993511,42087.95999999425,105501387.199947
330.0,395.0,181.0,194.0,486376974.50012463,2959812.8399998653,41050.4300000077,2436420.5500003067,84598.31000000906,156388362.09996513
307.0,99.0,514.0,180.0,237143863.81999013,2543293.81999989,34238.91000000642,733321.0399997608,41875.01999999716,76323710.82996993
326.0,105.0,179.0,490.0,355651014.69013095,6363321.660001082,44600.449999996934,889179.3999993907,35904.26999999374,114122095.12994622
204.0,245.0,343.0,308.0,364558075.7700996,4416478.789999549,44592.91000000297,1446539.0199997274,57919.28999998061,117072209.00996138
280.0,76.0,392.0,352.0,265270312.96998066,4561787.7999992715,39504.86000000263,598257.5999998852,33584.82000000544,85189763.18996315
297.0,296.0,135.0,372.0,471828518.6402368,5371852.450000715,47977.629999998804,1992154.8800000397,69497.66999998393,151515820.4599514
283.0,282.0,396.0,139.0,384816271.72005016,2170875.169999732,39261.64000000742,1925493.9900005276,76026.49999999498,123791156.5399714
237.0,236.0,330.0,297.0,387957281.9301464,3940383.8799994206,44162.43000000153,1665498.300000018,64886.61999997592,124634780.85995685
26.0,316.0,374.0,384.0,467054634.1401909,5075410.320000559,56561.669999996906,2338949.9499997743,85602.68000001609,149855663.26998293
75.0,302.0,357.0,366.0,430733665.66014886,4664782.660000063,52022.830000001966,2061158.8099997484,77073.84000000858,138236857.46997452
34.0,99.0,477.0,490.0,272552188.9799828,5778019.2800004985,50133.949999994446,731962.5599998116,39561.51999999735,87299917.33995366
32.0,374.0,239.0,455.0,521908374.1902891,5976945.01000166,58907.16999999494,2570317.379999688,88941.03000002868,167404883.7399666
33.0,398.0,471.0,198.0,487712131.70013934,3292520.559999772,53798.83000000407,2816153.0100000757,102996.42000005856,156625832.86001706
64.0,184.0,479.0,373.0,321279002.94005877,4853895.249999768,48920.79999999907,1221598.5099994484,54608.43999997698,103045336.49995117
114.0,461.0,295.0,230.0,560992302.1001478,3435067.3800005154,53208.94000000753,3226299.1399994628,110815.140000031,180196747.969974
125.0,124.0,599.0,252.0,244294280.93998557,3622542.649999253,42679.27000000055,807362.4299996743,44593.29999999035,78443430.1399515
116.0,115.0,299.0,570.0,339276331.7701546,7039956.910001941,51680.14999998876,896502.5499993953,39030.48999999191,108702307.7799536
167.0,166.0,431.0,336.0,306816629.0400472,3937368.3399991277,42545.020000001234,1097207.6899994405,49155.10999998536,98537049.57995716
28.0,256.0,380.0,436.0,415150490.2701978,6057744.840001496,56215.939999990514,1766805.5599994932,67521.31999997872,133113486.09996162
412.0,164.0,244.0,280.0,340085787.7200521,4128037.459999016,37259.0500000091,1072921.939999388,44919.57999999056,109329776.06994964
35.0,48.0,474.0,543.0,240698515.2499705,6289022.410000851,49949.0299999894,390968.5800001641,29146.990000009944,77044940.76994647
22.0,205.0,523.0,350.0,343460998.150068,4390294.349999602,49927.47999999933,1504758.219999583,62768.149999974106,110190135.72996017
32.0,292.0,435.0,341.0,411596728.15015095,4671234.329999973,52926.2499999988,1973545.5099996487,76039.40000000599,132074127.56996849
30.0,42.0,706.0,322.0,177347350.07998353,3967551.999998976,43560.57000000089,342268.1900000803,32031.750000019863,56852209.679951124
382.0,152.0,389.0,177.0,316397800.7200217,2397127.949999932,33935.61000000854,1233542.3799998034,54053.769999985554,101842368.36996125
520.0,31.0,308.0,241.0,220895192.22999012,3184741.8599995538,27906.930000005257,245942.79999991643,23377.070000001597,71165546.29998913
399.0,24.0,406.0,271.0,215865115.0899867,3666536.5799989677,32298.27000000885,244113.76999995217,24081.350000003782,69459039.33997855
433.0,26.0,440.0,201.0,201997224.6799926,2807230.079999621,29073.330000005226,254655.66999991052,25551.480000008465,65078804.48998438
361.0,588.0,48.0,103.0,689467271.7200928,2429386.37999966,48797.100000015955,4107417.6299979878,135775.15000000407,221689408.88986012
325.0,617.0,50.0,108.0,675873121.7300992,2344533.609999541,47476.970000012334,3994533.279998358,130413.1400000084,217322491.8398963
450.0,462.0,59.0,129.0,584511385.620095,2328856.129999567,41280.61000001142,3198671.0599993947,107411.32000000331,188021562.349895
289.0,471.0,257.0,83.0,534951887.8500325,1807050.6499994376,43332.05000001405,3085362.389999119,109466.36000000864,172074601.44995803
244.0,398.0,32.0,426.0,573916482.8003273,6499888.3300028425,56486.10999999622,2664467.37000001,87322.47000002321,184179574.2999157
236.0,243.0,209.0,412.0,423046374.2902177,5715480.720000935,48137.829999996,1612710.6899997487,58853.019999979355,135783489.7599579
184.0,350.0,191.0,375.0,510782397.0502024,4883230.790001024,51353.83000000314,2508081.6999999294,89085.25000001762,164001431.77997452
251.0,300.0,38.0,511.0,523337210.6703649,7085736.790002963,55505.419999988226,2164538.220000017,71287.04000000125,167896532.54993907
309.0,369.0,319.0,103.0,458608369.99007064,2279727.7199997464,41242.130000008365,2416976.300000422,87715.31000000636,147507063.50996473
209.0,250.0,216.0,425.0,421198010.1001739,5278604.410000113,47997.21000000096,1707662.069999693,62457.40999997631,135176339.75995982
328.0,56.0,341.0,375.0,263736422.81997833,5533258.159999973,41195.92000000138,399231.890000045,26550.450000004046,84641851.82995488
114.0,71.0,435.0,480.0,282489676.4800068,6139689.600000825,49159.75999998904,660631.5699997831,35484.62000000191,90512573.18995175
262.0,267.0,272.0,299.0,419315746.590144,4441748.409999563,46464.47000000225,1823857.1399999906,69039.02999998325,134680685.16995844
340.0,57.0,314.0,389.0,275775343.8599875,5036329.549999703,38439.340000002456,499589.24999998644,28689.13000000346,88568941.23996066
356.0,60.0,370.0,314.0,251824986.95998317,4203193.599998852,36041.38000000545,455098.5599999703,29795.87000000816,80941992.45995976
288.0,293.0,266.0,253.0,436684873.15013856,3911427.4199997457,44511.05000000615,2011428.2800003234,72961.4099999958,140308707.48996136
133.0,83.0,452.0,432.0,259198679.35997385,5424318.509999909,45338.13999999457,562872.6500000978,32562.90000000981,83105096.97995512
94.0,349.0,355.0,302.0,473209147.6901618,4262824.639999873,51850.25000000239,2412100.680000023,87496.63000002957,151933976.639981
89.0,334.0,303.0,374.0,464583712.89019793,4935252.490000534,52995.64999999839,2240177.239999861,80454.1800000149,149104889.26998094
97.0,362.0,328.0,313.0,493524856.49016577,4375272.700000243,53428.45000000442,2565589.3499999214,91966.68000002747,158443764.5199979
194.0,422.0,214.0,270.0,531375951.3201935,3986845.31999987,50212.960000003615,2798648.959999749,95968.97000002471,170680244.33995464
379.0,336.0,170.0,215.0,485992407.21012294,3395408.7500000647,42113.170000008235,2342765.6900003147,81641.12000000112,156257314.1299433
242.0,255.0,267.0,336.0,434609881.9901715,4964740.29000046,48247.90000000078,1871782.9100000046,69673.16999998322,139557773.939956
206.0,446.0,163.0,285.0,566445240.8401731,3889871.6600002283,50002.03000000735,3038306.0299996375,103027.40000002779,181971153.93994957
222.0,482.0,245.0,151.0,546894495.4400948,2439330.1000000113,46242.95000000873,3123888.939999482,105959.44000002745,175808312.81995884
312.0,329.0,247.0,212.0,471823503.6701447,3413259.229999782,43990.38000000771,2323680.5000002095,83402.39000001653,151664232.7699722
442.0,392.0,143.0,123.0,521491074.7700839,2302047.0399999404,40172.83000001264,2763118.5499997996,98527.74000000447,167779084.54993063
510.0,219.0,229.0,142.0,387490752.4200601,2325285.2899999563,32464.920000009435,1630726.5700006823,63043.60999998409,124768775.17994264
474.0,204.0,153.0,269.0,421485395.70008415,3853766.7800001986,38262.9100000066,1689662.3900004695,62605.90999998028,135535885.48995736
542.0,233.0,175.0,150.0,407315473.7200864,2661973.1299998583,32842.95000001153,1666963.270000775,64079.969999984096,131131757.5299381
508.0,11.0,239.0,342.0,251461640.5699813,4831230.319999168,32292.870000010676,174524.1899999645,18229.62999999706,80864815.00996923
604.0,9.0,201.0,286.0,241845614.81998703,3952035.0499988873,27539.940000006944,141725.57999997697,18128.419999996342,77897975.2499732
426.0,187.0,201.0,286.0,385738758.38010496,4081729.1599994157,38905.580000008486,1433380.329999941,56932.26999998443,124022611.90994978
350.0,7.0,508.0,235.0,177124405.97998738,2963279.3699995945,31257.680000005716,115061.38999998951,23839.840000008317,57057207.689976476
384.0,8.0,181.0,527.0,271321455.24997497,6640315.6300009545,40472.68999999956,141734.77999997252,15752.329999993834,87045197.0699587
258.0,113.0,375.0,354.0,299568443.34003985,4721407.749999532,41377.65000000058,828274.0999994671,40060.33999999681,96184429.87995598
365.0,6.0,375.0,354.0,217637773.27998167,4538689.429999095,36085.400000005444,173618.35999998916,22155.760000002414,69921637.46997267
421.0,130.0,140.0,409.0,361876848.3501255,5847900.540000725,41085.37000000465,917205.3499993713,37355.49999999278,116229673.96995272
391.0,121.0,402.0,186.0,274401343.15999144,2814552.2599998657,32303.50000000855,843825.4999995918,42094.35999999791,88323520.20996355
333.0,103.0,341.0,323.0,287130202.6800044,4303976.1399990935,38730.91000000266,769441.9799996297,38949.459999999555,92268364.1999606
347.0,193.0,264.0,296.0,359260954.1001205,4455835.799999386,41212.38000000332,1267006.7699997597,50484.49999998449,115425139.70994884
48.0,270.0,369.0,413.0,425021550.0902132,5549308.96000101,54471.26999999329,1888483.259999497,70157.97999998406,136325581.1999671
328.0,244.0,249.0,279.0,393999080.77012515,4637067.229999917,43590.56000000338,1509182.9199998998,58409.76999998161,126581542.45994875
436.0,242.0,51.0,371.0,450047726.58022803,5190004.180000319,42414.40000000446,1702807.1000001878,60517.859999983804,144602327.38994187
459.0,255.0,349.0,37.0,366805518.71001196,1239857.699999733,31956.940000007427,1767629.8000007297,71931.09999998802,118163045.4599583
567.0,422.0,66.0,45.0,542981113.5200424,1542047.0999996525,34339.76000001245,2876826.649999548,96880.32999999198,174800224.89991304
128.0,718.0,150.0,104.0,729539110.5600879,2161349.2899993127,55819.96000001745,4700651.289999692,153664.26999999228,234455882.88989168
65.0,487.0,496.0,52.0,511832574.6000456,1479669.359999545,49301.140000013525,3250673.689999164,117614.71000004506,164529894.66000512
60.0,452.0,71.0,517.0,602145396.1003743,6841804.390003565,62670.91999998998,3006958.8300002604,98378.65000004595,193133866.76994804
105.0,788.0,123.0,84.0,791655101.180086,2068615.1599990807,58193.480000018615,5198355.740000704,168226.72999997856,254410542.59986418
523.0,203.0,350.0,24.0,321306302.68000865,1103382.7399998766,27146.500000005177,1308981.2700000221,56702.529999984676,103608899.9899524
348.0,265.0,456.0,31.0,358222674.3700067,1067618.7499997998,33756.910000006654,1808157.6000005815,72941.20999998838,115371610.98996992
353.0,494.0,237.0,16.0,526018410.7200069,1015816.9699997047,37595.16000001079,3011677.769999548,104899.89999999944,169311423.26994947
405.0,157.0,520.0,18.0,257245812.47999874,921372.5499999287,28914.590000003715,1038575.949999635,52627.94999997985,82963232.63996574
433.0,168.0,289.0,210.0,343582849.7400581,3353116.979999558,34922.25000000855,1210650.7199996253,50184.909999989446,110529542.74995245
264.0,369.0,339.0,128.0,464859447.9200744,2583098.5399997286,44464.7700000096,2513127.490000218,93768.43000002198,149468987.21998635
211.0,160.0,529.0,200.0,288439399.69001347,3403287.3099993696,42162.20000000475,1076698.409999505,52910.60999997946,92705600.99994907
184.0,502.0,240.0,174.0,574824299.900138,3038519.9300004668,50416.28000001127,3305495.11999938,113758.8900000306,184721735.6499609
174.0,475.0,436.0,15.0,510011299.37001437,953468.519999755,43866.1200000114,3143292.5499992915,111204.74000003192,164055115.30000278
153.0,418.0,384.0,145.0,463647561.49008137,2368782.6999998917,46057.51000000919,2618396.8799996763,97301.36000002534,149038065.0099871
77.0,347.0,433.0,243.0,446147535.4201334,3629881.1399997855,51193.50000000292,2384493.5200000447,88527.37000003389,143260576.55998296
301.0,271.0,338.0,190.0,382248169.7800622,2633761.3799999505,38649.30000000732,1792389.8400003659,69300.47999998914,122919589.16996197
89.0,229.0,501.0,281.0,333824604.8800677,3692671.0099994717,46856.5100000013,1507220.7599996948,64282.969999969544,107176351.72996576
101.0,461.0,216.0,322.0,585665857.7102554,4789652.600000852,57411.92000000171,3203880.5799995754,109767.6400000474,188036744.30994844
68.0,310.0,386.0,336.0,425832928.0101923,4904684.150000281,52581.909999996096,1996783.7399996936,74860.44000000198,136643292.29997715
103.0,268.0,220.0,509.0,436726421.05022967,6797015.830002207,55198.06999998991,1695167.6099994697,60939.179999975124,140023238.94996047
333.0,300.0,141.0,326.0,468879452.7501717,4434986.239999802,44076.260000003684,2066219.1200002828,71878.60999999786,150641344.7099572
304.0,156.0,342.0,298.0,343225259.6000752,3718404.5699993065,39691.40000000387,1276708.4999998228,54165.57999998247,110320638.09994805
428.0,220.0,182.0,270.0,402673329.44012696,4068147.7399993753,38439.52000000636,1539171.8300001,56995.23999998518,129453150.19995475
377.0,194.0,160.0,369.0,380006407.3201069,4460369.009999782,38423.87000000623,1297397.1099998378,50433.54999998704,122122827.93995343
153.0,131.0,255.0,561.0,350333917.7701291,7157210.900001995,51696.639999988845,927587.8599994885,39443.99999998895,112259768.02995381
243.0,118.0,231.0,508.0,355303908.5901355,6106530.270000849,46851.449999997036,1043368.309999181,43422.69999998836,113973805.08995248
138.0,223.0,231.0,508.0,414265055.6802342,6832995.6000021845,53626.45999998863,1485815.1899993517,55342.71999998124,132819341.20996092
139.0,119.0,330.0,512.0,330658933.6901188,6728123.660001494,50579.009999989816,902901.3499994765,39432.78999999457,105952400.98995215
191.0,164.0,320.0,425.0,341544097.6901087,5476755.95000052,47024.01999999713,1133579.369999451,48654.82999998883,109577319.3799604
152.0,246.0,362.0,340.0,386399602.83013874,4805850.069999915,47391.45000000041,1595261.2999997584,61223.78999997835,124024682.36996445
268.0,130.0,362.0,340.0,283634886.00999993,4630315.999999317,40944.45000000357,758241.3899997383,37745.169999997546,91051473.6399594
266.0,244.0,253.0,337.0,410068801.7701965,5078373.850000218,47467.68999999906,1668626.909999841,63791.82999997568,131649059.43996367
205.0,189.0,277.0,429.0,387494153.8201896,5551518.120000557,47950.05999999462,1418330.439999605,54309.0299999804,124359253.89995353
243.0,223.0,327.0,307.0,355436474.90007454,4057633.229999333,42128.31000000472,1389194.0499996704,56386.309999980556,114170963.5799632
303.0,289.0,366.0,142.0,381436295.2800573,2372929.619999821,38465.880000008576,1800289.6800004733,70303.9399999892,122704439.49995542
352.0,271.0,344.0,133.0,382020017.780038,1903226.4999998424,36239.98000000768,1863128.920000746,71411.29999999232,122921525.93995719
284.0,339.0,344.0,133.0,434300749.86005586,2253766.2799998187,40447.69000000822,2253127.9900004813,82655.51000000746,139673843.4399685
443.0,422.0,27.0,208.0,567330058.7001833,3534391.3900001016,43845.07000000967,2902001.759999986,97623.96000000958,182397563.1199101
346.0,330.0,419.0,5.0,410610801.56999534,824236.049999866,35479.450000008874,2270001.2000006046,87480.93000000996,132210987.08995846
485.0,579.0,29.0,7.0,650089528.050011,1097187.5299995358,39216.40000001432,3830693.9199977005,124806.93999998218,209211866.08987626
601.0,463.0,29.0,7.0,574584523.3000046,1044852.4199996355,33322.44000001245,3172733.7299986873,106861.33999998237,185009544.5398856
373.0,359.0,364.0,4.0,441103946.31000257,911383.049999751,35669.01000000948,2439617.1800004747,90808.1800000036,142020822.53996086
460.0,443.0,22.0,175.0,553284495.0401069,2858066.3600002932,39334.260000010094,2802864.159999903,91265.13999999882,177951459.92991832
544.0,524.0,26.0,6.0,633826882.1700022,1112815.3099994767,37871.490000014295,3667949.7999977875,121030.99999997798,204008078.61985514
501.0,228.0,68.0,303.0,426446572.1901394,4383108.469999832,38051.85000000846,1588956.3000000294,58017.41999998417,137106161.59995267
393.0,269.0,81.0,357.0,465108149.3802147,4844694.640000194,43054.480000007,1926128.3600001463,67396.78999998547,149424210.32995492
463.0,293.0,63.0,281.0,482539476.0801392,3995325.9099999364,40014.17000000987,2101102.1700009448,72261.08999999498,155143522.49993467
383.0,175.0,310.0,232.0,330035333.1400308,3174396.9099998185,35553.840000009644,1189389.7399996894,51291.56999998975,106163681.85995726
592.0,270.0,81.0,157.0,447637048.5200897,2787633.990000033,33340.680000012086,1954039.6500010197,70817.5799999882,144075266.87994057
406.0,257.0,329.0,108.0,377155118.95003986,1875337.539999812,33621.81000000809,1723328.6900005445,66814.63999998239,121422921.7799555
334.0,228.0,405.0,133.0,327918101.8600174,2044478.4599998498,35972.000000008,1472287.280000132,63302.789999981105,105535484.10995975
431.0,409.0,88.0,172.0,544871260.9700924,2776220.480000113,41162.420000010236,2835012.679999628,95216.90000000657,175239966.01992765
270.0,257.0,328.0,245.0,387617745.7400819,3577036.9999996936,41308.91000000437,1650674.2900002792,63995.67999997573,124594624.85994984
309.0,293.0,375.0,123.0,408568487.30006176,2067713.0199997332,38047.04000000818,2046734.4600007772,77425.74999999767,131449823.93996209
245.0,484.0,324.0,47.0,537087908.1500397,1687947.7999994487,45671.65000001322,3226574.749999001,115413.74000001597,172727796.41995522
92.0,570.0,382.0,56.0,571795207.2500411,1643858.9499994235,50319.07000001283,3626707.1699988325,125687.67000003348,183800843.53999075
398.0,99.0,526.0,77.0,222726376.5999969,1331119.5999999486,27699.200000003562,689028.5299997401,40486.51000000109,71846620.249983
291.0,574.0,179.0,56.0,668873374.390035,1688631.1799992681,48895.180000018,4146337.5299977246,139405.2799999993,215095608.48990765
187.0,369.0,247.0,297.0,489940836.4601826,4358943.5900001535,50291.770000003344,2434009.599999971,86928.66000001787,157351793.21995252
319.0,80.0,195.0,506.0,304899460.4700672,6072534.920000739,41597.72999999878,560529.4099999809,28404.199999998727,97826042.49996041
78.0,483.0,150.0,389.0,638688552.8803049,5363272.020002015,61776.889999998566,3550517.120000043,118360.96000006616,205004732.05993518
101.0,79.0,418.0,502.0,278082469.91000074,6373374.77000096,48919.67999999244,582241.0500000255,31945.43000000564,89076054.15995103
255.0,200.0,490.0,155.0,316458588.5500236,2511602.939999838,39327.300000007024,1403331.2799999292,61628.839999975826,101769624.89995895
127.0,100.0,243.0,630.0,337375491.020135,7564653.4700023355,52160.62999998355,784392.1399994846,34760.979999997624,108035227.93995981
236.0,214.0,505.0,145.0,321306322.350033,2222602.6799998516,38659.64000000526,1476594.2599999423,64503.34999997406,103363367.29996216
23.0,267.0,629.0,181.0,325317195.0600181,2712233.25999994,45631.11000000378,1637555.7999998527,69078.58999997754,104494204.3799558
214.0,298.0,457.0,131.0,383308061.4700658,2500661.0299998135,41894.16000000479,1907341.1900003182,75867.2400000057,123256658.70996071
215.0,195.0,558.0,132.0,295660349.5300125,2231759.1399998567,38610.79000000447,1309442.289999936,59581.52999997744,95106280.69995824
214.0,194.0,459.0,233.0,318889891.240044,3340583.509999389,41926.850000004146,1313720.9899997534,57999.30999997686,102479781.00995891
181.0,253.0,469.0,197.0,339330688.89003605,2981172.599999993,42306.9600000065,1540520.2000000286,64198.369999971896,109057270.63996352
19.0,214.0,611.0,256.0,311276587.56002104,3080410.4699997767,46697.950000002755,1509378.5899997416,67486.08999997708,99946009.81996052
19.0,327.0,500.0,254.0,420117431.4801161,3844057.119999885,52562.50000000196,2204088.359999871,85389.85000002077,134867676.24997535
19.0,328.0,609.0,144.0,352688920.9700418,2301565.5599998212,46428.36000000456,1948175.789999948,78846.52000000613,113312895.27995992
17.0,298.0,553.0,232.0,385460654.8100685,3267819.3099998776,49803.180000003325,2031355.709999921,81053.30000000926,123770025.6699692
354.0,341.0,107.0,298.0,503748016.57017106,3949545.8999998546,43489.33000000535,2365184.050000567,82108.57000001616,161916761.65994337
250.0,388.0,122.0,340.0,534666561.9002113,4789513.55000104,49647.030000003135,2590453.320000221,88541.92000002215,171722288.54993993
333.0,387.0,101.0,279.0,522306450.8601874,4446621.2600002345,46618.63000000343,2464255.670000592,85481.08000002135,167846500.5799332
334.0,321.0,164.0,281.0,488656316.8201995,4521837.320000009,47350.59000000329,2270943.2800004445,81328.21000002003,156994180.32995722
333.0,320.0,101.0,346.0,498650965.66021746,4948885.310000644,46901.420000001366,2209274.210000268,75324.70999999886,160182517.59993988
298.0,347.0,146.0,309.0,507358364.7901602,4298389.480000207,46747.660000007,2427845.770000062,85153.40000000568,163015073.79994887
219.0,340.0,174.0,367.0,494556004.47022104,5314667.760001127,51642.159999999596,2268707.900000011,80403.1100000111,158785680.91994834
218.0,410.0,107.0,365.0,573367638.0102497,5109739.610001075,53743.060000003665,2897847.7699999544,96869.28000002781,184125952.83993182
218.0,412.0,173.0,297.0,552431172.8402443,4583348.32000002,51925.87000000104,2818490.830000443,94929.66000003726,177430509.8999449
205.0,387.0,163.0,345.0,530898192.8901814,4277544.800000029,48846.14000000489,2676467.8100001244,89192.61000001513,170515137.32995647
402.0,48.0,339.0,311.0,250298411.81997937,4584112.019999004,35881.05000000593,344560.4799999768,25528.920000004076,80448927.90996416
469.0,43.0,306.0,282.0,242615233.52998525,3703957.789999205,31588.710000008614,357811.16999992216,26803.6100000034,78082762.05997366
286.0,352.0,241.0,221.0,454811013.24013317,3243051.6199998013,42772.740000006976,2246225.970000318,80044.85000001632,146179155.55997908
367.0,43.0,406.0,284.0,229546121.85998315,3968009.099998844,34175.3100000082,307354.5499999694,25336.05000000443,73825076.39997388
365.0,43.0,308.0,384.0,248110977.1699791,5100816.999999579,37956.26000000532,301362.1300000072,23384.9900000021,79668312.85996419
251.0,309.0,277.0,263.0,429620287.1701554,4129618.4499995764,45582.950000002165,1934024.3900004057,72441.54000000253,138028705.9699492
397.0,36.0,342.0,325.0,249250510.03998083,4511118.8299991395,35738.09000000368,320172.48999997793,25570.53000000539,80141067.56996076
321.0,307.0,210.0,262.0,485674108.06012845,3654094.6899999743,44323.320000006235,2347864.510000421,82003.71000001083,156094894.7999452
322.0,308.0,277.0,193.0,439931900.6001016,3080381.509999987,42090.43000000629,2143921.6000006446,79216.46999999855,141433446.37996405
303.0,290.0,260.0,247.0,458145116.6001674,3912906.009999735,45506.23000000539,2159205.0600002706,79132.00000000335,147231481.84996367
70.0,380.0,6.0,644.0,603709726.8504956,8334388.2000047285,65851.30999998009,2750299.020000566,88928.51000004652,193528050.65992793
168.0,344.0,5.0,583.0,566173240.2703747,7712065.730003722,60254.85999998825,2466034.560000224,79679.92000001825,181557794.16992363
87.0,203.0,7.0,803.0,462334447.90042955,9886288.479998546,61851.71999997269,1353711.6099989987,45132.59999998271,148001268.5999549
63.0,347.0,103.0,587.0,546969012.8703712,7570712.180003363,61776.95999998826,2437927.6199996434,80672.45000001421,175363187.34994495
140.0,766.0,12.0,182.0,836819498.3101953,3442637.270000675,63176.74000001572,5319003.960001558,172002.20000001008,268853336.4498031
176.0,412.0,284.0,228.0,514276779.3801587,3501885.69,49358.48000000627,2786888.3000000394,96173.62000002508,165199522.61996707
265.0,545.0,161.0,129.0,635972228.0201018,2520622.6199999657,48995.58000001354,3757021.589998771,125230.27000001444,204454998.73991504
458.0,404.0,14.0,224.0,570188680.5801821,3755658.689999834,43504.4700000098,2788192.8799999445,93693.79000001257,183340853.22990668
184.0,163.0,112.0,641.0,408994262.2002631,7590822.620002652,52757.49999998678,1235605.6199991577,45812.359999984306,131089930.6699523
370.0,326.0,224.0,180.0,470847072.7100708,2741541.140000308,41151.83000000991,2389710.2900002426,85959.02000000273,151408922.44996035
70.0,98.0,873.0,59.0,170401986.17999533,1291648.949999965,37926.370000004325,722101.8299999111,49949.75999998815,54863858.30995495
450.0,62.0,551.0,37.0,186856400.1299977,1144194.44999999,26241.450000001936,439032.16999987623,34408.22000001112,60346286.37998152
40.0,526.0,500.0,34.0,532737114.2300524,1530859.249999493,51133.590000012555,3439314.999999071,123779.53000005784,171232901.3100153
117.0,164.0,720.0,99.0,215453736.0199933,1760883.8699999757,38183.29000000495,905908.6999997562,51754.969999985115,69320580.2699589
46.0,64.0,573.0,417.0,236916624.8799801,5309925.989999833,48275.82999999574,528535.2000001599,35711.90000000898,75915801.88995005
37.0,492.0,230.0,341.0,581544556.8702295,4794680.090000811,57977.23000000161,3191122.429999947,106453.73000004698,186653326.1999801
418.0,57.0,252.0,373.0,264187571.379982,4810916.089999321,35442.55000000768,406203.3000000053,25111.100000003353,84861065.55996369
249.0,322.0,306.0,223.0,449943954.3601283,3425940.8199998112,44787.75000000707,2213983.2800003993,80255.13000001686,144597153.80998746
370.0,477.0,223.0,30.0,524493662.28001785,1137163.949999737,37746.38000000968,2979590.3799992185,100675.43000001133,168788076.97996512
291.0,375.0,175.0,259.0,500943837.910161,4040237.1999997897,46644.47000000615,2428787.850000267,84872.95000001491,160970981.10995215
293.0,308.0,212.0,287.0,447785630.1301462,4013287.2199997716,45032.84000000545,2095875.7100001303,76206.9200000033,143855448.1099806
149.0,363.0,250.0,338.0,472820549.1802135,4592376.379999971,50228.569999999876,2293852.7900001863,81096.25000002173,151808152.26998648
313.0,253.0,227.0,307.0,411476028.43016183,4668176.48999971,44820.49000000206,1673672.4399999478,63007.38999997878,132171424.0399559
235.0,246.0,389.0,230.0,381410748.3901072,3341797.099999559,42973.85000000372,1735964.9900001506,69424.47999999163,122582795.82995081
359.0,377.0,260.0,104.0,469075222.1600621,1946994.4699996593,38613.790000008776,2472754.340000248,89705.26000001087,150924526.5999691
293.0,237.0,485.0,85.0,329236178.19001174,1794262.2099998023,36633.64000000717,1550516.300000176,66384.64999997817,105969096.89996746
138.0,337.0,532.0,93.0,413616319.6800405,2004837.2899996259,44659.090000009164,2330807.9100002544,90614.89000002103,132984736.16996379
210.0,395.0,353.0,142.0,471257357.9300615,2315224.4499996393,44862.51000000952,2637648.3600000306,95883.34000001462,151501372.59999767
122.0,230.0,470.0,278.0,331482099.56007266,3858494.219999283,45669.3900000009,1380751.4399996654,58388.2599999745,106448181.40995705
149.0,279.0,572.0,100.0,337406606.6200074,1869750.0899997826,41383.930000008324,1758849.3000002888,73655.01999998595,108499585.5899625
421.0,180.0,340.0,159.0,303551468.36002094,2453623.8599998523,32425.460000008705,1085354.5799996099,49422.6299999909,97741645.50997102
299.0,212.0,401.0,188.0,338648692.02005047,3167254.139999622,39729.53000000548,1383022.919999745,58258.76999998128,108881539.70996349
450.0,117.0,363.0,170.0,284757380.00000703,2498677.759999917,31314.610000007488,895962.3199995266,43069.459999996085,91705885.04996245
537.0,230.0,130.0,203.0,393100515.230074,3262457.6599998423,33629.13000001067,1504398.0000000845,56771.03999998767,126479671.86996272
401.0,172.0,324.0,203.0,324669562.3900559,2961616.1399996984,34772.460000009094,1174362.5199997572,50930.8999999875,104479244.17995526
548.0,142.0,133.0,277.0,355155923.83008593,3849490.889999337,32848.870000011775,1051681.2499992314,43881.709999991675,114297389.8299449
373.0,264.0,150.0,313.0,433615989.34015936,3840722.829999439,40152.99000000586,1863237.1200004378,67725.74999998388,139384448.64995798
305.0,131.0,408.0,256.0,284036236.5400072,3688153.5699992697,37885.81000000643,873863.6599995705,43173.86999999443,91290665.76995875
447.0,193.0,180.0,280.0,364783246.86009765,4135428.009999241,36916.720000005225,1248115.0499997267,49418.08999998656,117270660.10995765
412.0,177.0,166.0,345.0,379979892.9701012,4628675.289999752,39142.86000000646,1287677.7499997956,50269.309999988036,122112970.69994898
165.0,436.0,84.0,415.0,592235098.8202845,5307442.310001288,55343.620000000155,3028838.659999853,101430.94000003951,190153801.3299328
388.0,332.0,64.0,316.0,502534498.24020517,4726442.980000438,44785.400000003894,2215485.5100004394,76175.84000000432,161493188.76992846
177.0,390.0,90.0,443.0,528795324.6302941,5835614.740001735,53335.52999999928,2455876.3400000897,81594.88000001642,169700381.7799589
132.0,349.0,287.0,332.0,463664641.8101938,4608541.529999972,51969.68000000037,2278644.3099999074,83796.6500000281,148848325.23998147
158.0,415.0,80.0,447.0,570982599.2403108,6043364.980001979,57063.559999995,2790530.33999976,93667.35000002339,183253961.43992737
134.0,296.0,290.0,380.0,456804780.15022695,5014650.530000294,51770.2499999977,2126132.8499998427,76840.58000000232,146618167.32997233
316.0,271.0,222.0,291.0,428565978.0701096,3980737.1099999007,43244.62000000903,1913334.0500004212,71626.08999999004,137713835.579962
393.0,281.0,65.0,361.0,484472366.8301997,4821626.290000374,44337.85000000426,2071218.900000492,72080.12999999261,155667353.6499331
340.0,244.0,239.0,277.0,394351940.7200965,4045437.5999996066,40298.8700000051,1562119.1499999391,59299.009999980975,126740667.91995333
330.0,236.0,231.0,303.0,391802411.61010253,3911031.5999995987,39936.69000000419,1576081.5400001202,59242.77999998249,125925402.48995486
229.0,244.0,148.0,479.0,447820837.94021654,6419984.400001861,51361.82999999522,1699550.109999657,60867.68999997977,143685286.8099621
372.0,204.0,124.0,400.0,422326307.55022967,5572236.550000681,44734.32000000208,1530697.8999996125,56197.77999998188,135616006.5999547
196.0,367.0,127.0,410.0,544285287.6603144,6192507.410001811,56305.339999995354,2527036.5300002303,84923.27000001822,174681998.46995428
254.0,271.0,43.0,532.0,499511539.730372,7290699.510002767,55294.4499999905,1979565.2299994996,67361.21999998613,160222864.80994943
327.0,348.0,212.0,213.0,468894178.1901184,3211437.710000085,42663.38000000798,2310643.8200004543,82595.96000001038,150737765.24996287
298.0,558.0,50.0,194.0,645151794.1201172,2993841.1300008125,48196.15000001138,3678964.7299987753,118886.17000000445,207370928.43987015
559.0,306.0,48.0,187.0,473050404.8800922,2892247.899999984,33620.82000001148,2046608.2200011294,72217.8899999953,152255278.979925
418.0,403.0,139.0,140.0,521348373.280066,2447220.0000002338,40360.500000012245,2764065.49999965,94847.14000000093,167689653.5399418
352.0,339.0,31.0,378.0,526358704.52030456,5628621.980001218,49352.07999999612,2327902.330000242,77343.91000001125,169023461.22993505
462.0,444.0,40.0,154.0,604950654.360151,2965580.4800002165,43957.59000001127,3227698.1099992422,108001.04000001072,194561740.13987914
331.0,341.0,276.0,152.0,461021771.12008405,2480119.669999882,41178.98000000777,2378448.970000242,85689.88000001725,148272873.48996258
159.0,418.0,337.0,186.0,515196948.63015586,3058757.5299998405,49558.74000000619,2869894.8599999202,101964.99000004081,165559593.7699722
415.0,148.0,346.0,191.0,290177773.34000754,2875994.3099998743,33321.98000000829,955540.7599995283,44063.93000000089,93381099.48996153
355.0,366.0,215.0,164.0,498582827.92009413,2766626.339999891,41793.96000000973,2579024.929999874,90491.6700000094,160320427.4099655
297.0,307.0,248.0,248.0,445299128.14013743,3426208.8699997137,42857.72000000646,2122305.120000382,77412.89000000707,143135079.93996832
393.0,141.0,238.0,328.0,348745589.1801049,4429216.239999347,38828.29000000407,1120735.5599995183,47072.589999987955,112081673.86995168
150.0,396.0,233.0,321.0,522968625.0701913,4598725.860000633,52823.78000000275,2685951.0699998005,93622.90000002224,167913315.32996318
178.0,163.0,379.0,380.0,350739847.3201011,5037585.570000082,47418.7399999981,1294002.2299995332,54145.49999997756,112564916.64995837
238.0,216.0,367.0,279.0,368445540.10009503,3787304.909999446,42373.210000004314,1547878.0699999402,61078.71999997833,118370236.6299608
197.0,179.0,305.0,419.0,355320606.69011784,5694669.950000574,47739.85999999669,1170464.2799994398,48407.36999998841,114007262.9999548
465.0,151.0,27.0,457.0,404262430.5101818,5919593.0200013155,41098.79000000286,1180236.359999489,43920.129999989935,129854736.66994865
125.0,232.0,41.0,702.0,474894059.08038896,8977759.630001847,60057.6599999794,1561556.6199991158,53414.249999978776,152143896.18995267
507.0,65.0,29.0,499.0,333554944.3101306,6699271.560001301,39690.930000002445,526813.3400000178,24047.169999995454,107061464.1099519
396.0,129.0,185.0,390.0,343553523.9301047,5201508.560000076,40179.12000000351,959363.5899993525,39849.539999991845,110347278.77995123
509.0,166.0,29.0,396.0,397555682.68017626,5867607.290000599,39995.1400000049,1100119.7999992757,40728.72999998929,127732594.94994031
464.0,59.0,216.0,361.0,271523483.4599849,4628509.449999051,33267.73000001233,422511.6699999798,25243.130000000085,87276329.84996547
110.0,206.0,294.0,490.0,411314067.2701903,6262616.3300017165,53472.06999999355,1615178.3899995598,60753.87999997545,131889164.74996576
169.0,123.0,56.0,752.0,404451198.7803033,8988754.450001761,56241.13999998113,987912.5099991441,36779.01999998918,129500786.11995749
110.0,80.0,292.0,618.0,309496766.12008804,7633839.280002157,52139.849999985956,575400.5000000377,29447.9600000029,99080996.07994968
124.0,91.0,332.0,553.0,313566511.6000674,7312755.930001891,52052.31999998526,676963.049999832,32168.750000002838,100409196.71994866
132.0,484.0,360.0,124.0,576149346.7301031,2474210.5600001416,52012.280000010884,3477992.659999062,121239.9600000311,185170609.3799619
330.0,385.0,286.0,99.0,494013643.380062,1883429.4299995888,41384.55000001043,2754412.0500000813,96341.39000001263,158889430.26997438
144.0,428.0,392.0,136.0,481937320.4700669,2316495.17999976,46772.010000009475,2778845.3199997935,99280.60000003301,154894931.81000456
113.0,413.0,468.0,106.0,476611625.9500637,2090614.439999565,47475.68000001009,2818653.1099998155,103427.08000003066,153199513.50998634
144.0,531.0,394.0,31.0,589191050.4900198,1238964.6499994716,49879.07000001799,3824912.80999839,136611.85000001112,189448279.66999027
132.0,391.0,549.0,28.0,430914861.28002465,1120729.2699996457,43451.46000000951,2612972.189999861,98319.12000002002,138600431.41998184
309.0,361.0,409.0,21.0,452317237.5500062,998002.1799997225,38610.700000010074,2582388.169999816,96253.4800000127,145585739.85997063
382.0,361.0,331.0,26.0,460116682.25001687,1093063.3199997416,36685.0500000112,2523788.4500001194,94036.85000000807,148134349.34995267
308.0,292.0,408.0,92.0,386498257.23001504,1643154.1999997294,36636.92000000849,1996128.030000685,77516.58999999666,124375520.41996132
329.0,312.0,437.0,22.0,390877712.0800053,979573.6499997642,35692.230000007774,2109847.0000007274,82601.40000000615,125848481.189965
145.0,311.0,110.0,534.0,522645305.64033175,6844393.080002719,57266.499999990534,2291193.2799997777,77846.1400000091,167630545.13995096
189.0,296.0,105.0,510.0,481462292.9503373,7239294.790002856,55389.639999987245,1886158.929999387,64391.349999977014,154384373.8799656
108.0,516.0,81.0,395.0,660495032.4902805,5291720.810001956,60910.88000000169,3674467.7599996133,121049.32000004505,212037922.60992625
159.0,340.0,15.0,586.0,540141292.220379,7645503.030003331,58757.79999998776,2261781.509999558,75047.71999999884,173208072.11993036
169.0,361.0,128.0,442.0,509030836.6802458,5694086.670001356,52049.64999999743,2324749.280000139,77658.2800000101,163349754.75997
129.0,621.0,12.0,338.0,722922701.3402976,5109542.690001869,61568.63000000565,4142746.859999262,131513.77000003413,232095566.7898772
241.0,379.0,17.0,463.0,574887034.8003898,6833578.550002676,57211.57999999144,2596160.9000003156,84775.70000002359,184488571.4999252
157.0,554.0,87.0,302.0,661042725.0102824,4504602.480000332,57265.070000002575,3748066.329999788,124326.70000005695,212307402.04991224
151.0,532.0,10.0,407.0,658810411.360304,5404338.640001743,58101.949999999975,3553458.7299999325,113502.64000004038,211485666.99989474
169.0,595.0,12.0,324.0,705437158.47026,4650355.49000153,58216.29000000755,4023905.6999992263,129118.41000002851,226543662.18987235
231.0,287.0,219.0,363.0,436691294.3401725,5347762.960000751,48257.939999999995,1783619.8199999223,65005.229999977215,140194870.94996372
245.0,283.0,215.0,357.0,453125131.55017346,4706827.530000066,47051.51000000266,2000857.2900000636,71668.83999999308,145533640.67996457
293.0,70.0,277.0,460.0,274790005.57997954,6033315.670000528,43252.8799999973,403841.78000005684,25808.910000000204,88150647.37995407
238.0,296.0,192.0,374.0,471947157.5901921,4976150.510000632,48854.36000000205,2140147.500000175,76175.47000000402,151541554.02996942
243.0,301.0,230.0,326.0,479759143.97021955,4942073.630000506,49771.460000000036,2180954.990000282,78475.94000001116,154088384.73996225
325.0,77.0,262.0,436.0,301724182.8800624,5517591.06000036,41834.109999999375,683066.6099996279,33782.489999999314,96855943.73995283
265.0,306.0,198.0,331.0,463296483.7302044,4588839.879999875,46480.55000000233,2063188.5600000944,73334.2699999987,148823404.01995933
328.0,73.0,289.0,410.0,290631125.7800333,5410398.0499999905,41381.19000000112,611471.5799998138,32092.590000005293,93315821.80995804
321.0,71.0,240.0,468.0,307658081.9800518,6036555.140000633,43295.53999999851,614946.7999998654,30954.88000000237,98728471.52994436
342.0,75.0,256.0,427.0,311559813.60004663,5709436.380000104,40670.1700000029,623004.5299998212,30542.55000000037,100041326.15994215
638.0,29.0,254.0,179.0,240026389.25999385,2778162.8099998315,24594.77000000331,314745.6099998468,25121.390000004907,77411412.87997766
652.0,28.0,246.0,174.0,238572838.99999171,2759618.979999704,23212.870000003983,246320.9299998409,22410.700000001878,76975669.69998592
516.0,234.0,205.0,145.0,393436746.7000701,2400165.8399999337,32533.000000010303,1648828.9200004286,63674.659999981835,126662282.13995577
678.0,31.0,201.0,190.0,241250941.2799906,2637927.6899997857,21524.22000000292,250113.64999983384,21498.050000000632,77844633.62998103
518.0,23.0,206.0,353.0,264647102.99997905,4870382.0699993875,33163.330000010814,276807.06999993144,20927.81999999665,85101183.98995978
452.0,205.0,134.0,309.0,365519895.59011185,4372470.689999371,36362.49000001038,1156851.8499994378,45833.09999998998,117519780.54995906
558.0,24.0,157.0,361.0,285739682.1199978,5460445.959999866,34630.8900000112,281753.46999993885,20009.38999999641,91862989.67996508
448.0,193.0,169.0,290.0,388877621.8901349,4256293.809999283,38594.120000007686,1380096.0499997933,54433.79999998484,125039266.67994758
557.0,239.0,156.0,148.0,390126843.43006754,2669475.119999904,31179.390000010706,1515477.8400004662,58304.61999998547,125623107.35994743
467.0,200.0,131.0,302.0,398858412.790154,4188215.719999406,37521.11000000705,1464202.8299999018,55665.679999984204,128236748.6699596
168.0,235.0,371.0,326.0,375581538.6001123,4217394.279999363,45605.30000000097,1590934.209999781,61865.5699999806,120599006.82996163
185.0,231.0,364.0,320.0,375763757.4301036,4043049.219999396,45376.22000000281,1608048.6499999547,64628.769999973905,120686749.64996503
147.0,343.0,325.0,285.0,480375372.8001273,3615195.4000000204,49467.87000000429,2530434.3800000106,89559.29000001721,154296667.2599694
174.0,244.0,344.0,338.0,388133777.4501256,4422597.52999944,47434.9700000015,1689988.8599997275,65437.469999974026,124613077.69996634
225.0,316.0,498.0,61.0,402093793.70002455,1388681.9799996465,40532.17000000867,2262655.3600005037,88110.04000001382,129375431.46996741
197.0,460.0,390.0,53.0,526675614.40003204,1424556.6899994472,45394.51000001399,3195905.259999138,114107.27000001866,169382253.5399873
260.0,323.0,455.0,62.0,394150995.79003394,1544477.5099997318,39901.610000008906,2141629.5200004457,84163.96000000746,126820904.42996858
209.0,432.0,409.0,50.0,469498765.3600243,1340059.8399995689,42709.80000001062,2784152.759999755,100852.51000002015,151014091.3699781
168.0,348.0,295.0,289.0,440995653.6301529,4260965.859999611,48371.30000000181,2096931.2300001334,76352.59000000493,141620153.1899676
217.0,450.0,381.0,52.0,502953422.70003706,1440999.9399996172,43879.27000001018,2983091.04999954,106688.71000002671,161768238.59998778
162.0,102.0,450.0,386.0,269227773.3199767,4845725.329999605,43787.66000000123,707045.1199998606,38383.499999996864,86386136.45995504
187.0,99.0,438.0,376.0,287582685.3900022,4823040.549999591,43147.57000000214,796095.1299996717,40016.97999999864,92290169.72995043
134.0,271.0,374.0,321.0,408484325.0701676,4650928.159999879,49973.31999999969,1835231.6199997102,69634.57999999382,131130713.2499612
200.0,126.0,297.0,477.0,322889303.1400689,5985471.360000783,46912.72999999721,873852.8499995486,39595.57999999419,103566207.88994792
152.0,97.0,425.0,426.0,274323668.0099927,5305814.759999832,45142.83999999803,695419.3099998262,36317.8400000045,87955883.34995645
151.0,304.0,224.0,421.0,439950527.54018205,5196020.070000619,49592.209999998995,1910712.5699998836,67895.30999998288,141203211.3199651
214.0,114.0,268.0,504.0,324859920.4400751,6185721.710000951,45623.22999999644,804955.1399996015,35513.04999999869,104176489.51995647
148.0,253.0,349.0,350.0,389344190.5901356,4600616.3499996895,47664.19000000028,1688914.8199996583,65566.02999996979,124979701.65997185
184.0,313.0,231.0,372.0,454862095.3901946,4975037.080000575,49525.8100000006,2057779.459999864,73709.83000000076,146024883.31997237
174.0,297.0,218.0,411.0,463679057.4601838,5250249.890000776,50072.45000000017,2048484.849999837,70099.8199999923,148833212.5899649
471.0,411.0,141.0,77.0,505827972.76006025,1954122.3099995898,36547.30000001164,2635317.789999999,89366.46999999422,162765477.55994517
488.0,400.0,137.0,75.0,485966097.49002475,1535506.6299996527,32794.10000000937,2472574.7600004855,84813.94999999717,156451139.42993912
735.0,25.0,220.0,120.0,232295852.70999286,2401533.8800000194,21101.12000000204,235657.62999979197,21725.620000002094,74997139.30998687
343.0,300.0,401.0,56.0,414554890.84003127,1524322.8199996734,37231.66000000936,2173070.410000659,82951.34000000726,133439544.6499691
444.0,389.0,133.0,134.0,474111360.80006355,2203012.739999698,36030.69000001055,2365289.1600004425,82462.02999999213,152560156.54995328
439.0,15.0,513.0,133.0,170884896.89999232,2192737.9200001075,27811.470000003457,148466.36999995343,25189.030000011786,55135147.06997978
344.0,282.0,377.0,97.0,402361526.16006875,1961566.679999722,37870.87000000818,2035625.0400006536,79414.60000000829,129471445.7399714
689.0,22.0,194.0,195.0,241312547.30998906,2903502.7299997075,22125.39000000237,198511.30999988504,19984.220000000878,77869741.57998507
482.0,16.0,528.0,74.0,162559821.1499968,1400766.4100000858,23903.08000000134,140030.0099999684,25283.94000001135,52551065.29998948
456.0,15.0,500.0,129.0,175149962.01999408,2118914.5100001795,26799.920000002727,159244.8699999435,24525.21000000778,56522469.679984815
202.0,165.0,387.0,346.0,314169054.60003006,4296216.789999085,42747.4000000046,1072839.5999994017,47741.85999998546,100886438.15995498
218.0,162.0,380.0,340.0,339124538.4200814,4727548.479999619,45162.57000000154,1217110.619999574,53391.26999998179,108873216.27995405
213.0,115.0,408.0,364.0,285864409.0500091,4802625.96999943,42756.89000000175,784096.0699996575,39326.96999999781,91747165.54995753
290.0,236.0,78.0,496.0,449907327.8502363,6092653.2200014675,48161.41999999652,1696369.8399997745,58653.47999998247,144396388.13995913
236.0,192.0,451.0,221.0,318335935.51003987,3460598.3699997417,41160.45000000618,1255918.209999671,55443.319999979205,102308632.09996518
400.0,216.0,108.0,376.0,424924977.0101579,5410645.350000616,43694.2800000037,1513507.0899999721,55343.18999998492,136493439.8599521
387.0,287.0,95.0,331.0,449381755.61022896,4777259.529999873,43311.21000000289,1835703.4800001197,64616.689999980685,144383527.26995656
268.0,133.0,469.0,230.0,271182585.85998654,3421049.209999351,38654.34000000474,856599.9999995528,44472.62999999069,87180442.64995486
333.0,165.0,82.0,520.0,412468795.2802623,6916751.910002231,47767.74999999392,1235329.1699993908,45832.73999998553,132327484.06995443
424.0,209.0,104.0,363.0,409643967.8901681,4789057.479999949,40289.26000000785,1480309.8099998925,55468.26999998451,131638118.15996075
7.0,566.0,296.0,231.0,631915653.5201927,3698502.5900001554,59819.16000000431,3843821.449999899,130059.41000007156,202919941.1299855
36.0,551.0,288.0,225.0,609080760.8501822,3326014.5900000343,55930.61000000556,3662979.0599997966,123174.22000005521,195616397.16997722
7.0,521.0,321.0,251.0,582011949.6901481,3611237.7000007317,57571.96000000795,3463932.1699995087,119356.33000004769,186891670.4999853
6.0,520.0,362.0,212.0,578302506.7301266,3191604.0100006415,56354.330000009555,3512390.109999261,120961.86000004485,185723692.43998346
5.0,422.0,221.0,452.0,568807439.1102806,5701140.120002209,60642.98999999714,2995501.2400001916,101968.39000004965,182475572.399982
5.0,355.0,292.0,448.0,465140136.6102625,6490077.570002348,59371.089999990654,2091178.7699993819,75852.33000001225,149128933.64998227
25.0,388.0,271.0,416.0,495180464.6702635,6221343.310002009,59790.98999999196,2364428.9399997117,84204.64000002817,158809074.48999214
29.0,372.0,229.0,470.0,530929877.99029136,6264157.310002307,60709.95999999511,2618150.429999952,91594.34000004383,170293841.74998972
35.0,462.0,380.0,223.0,526252004.2601706,3533487.9499999834,54074.20000000503,3015424.49999987,105756.77000004916,168994900.9699849
27.0,348.0,286.0,439.0,466507355.2502631,5725332.680001161,56640.97999999138,2197748.639999618,78429.88000001125,149614705.34997472
10.0,55.0,500.0,535.0,264276668.36997148,6705389.460001371,52812.33999998602,543413.9800002069,33095.63000000668,84570967.91994694
286.0,41.0,373.0,400.0,245626097.36997744,5085835.159999478,39706.88000000179,339660.9000000166,25519.200000003984,78838731.58996314
9.0,147.0,456.0,488.0,303867923.7300752,5918217.26000079,52384.66999999025,971530.2199993762,46249.22999998929,97345570.1099544
14.0,80.0,240.0,766.0,335963372.3402019,9342758.990000315,59627.57999997049,618627.1399999186,28875.659999997002,107401826.88995004
10.0,54.0,487.0,549.0,241184384.46997264,6597778.110000991,50777.85999998715,367900.07000021654,27479.140000009105,77150772.2599469
12.0,197.0,204.0,687.0,436918728.13032544,8308342.930003935,61221.51999997848,1548898.8999991398,55215.98999997975,139914029.80996674
360.0,52.0,158.0,530.0,306934965.1700702,6780704.0500012105,42636.86999999809,417426.8700000835,22960.349999997346,98472911.2899517
262.0,110.0,342.0,386.0,293785884.17002755,4642332.649999353,40930.32000000249,770319.2999996671,38956.94999999619,94357504.1999576
337.0,143.0,148.0,472.0,351372770.20014006,6162623.440001112,44394.84999999821,905847.6099994063,38309.12999999306,112756490.58995031
330.0,139.0,145.0,486.0,366005867.4301667,6421223.310001397,45318.309999996134,978778.1099992946,40106.03999999072,117455299.57994701
344.0,390.0,165.0,201.0,527655136.4000946,2963412.9600001443,43384.56000000831,2785404.289999807,94571.23000001324,169640836.16993952
65.0,534.0,226.0,275.0,598487697.4002225,4131752.799999968,57143.37000000363,3429822.9499997874,116482.01000005592,192179036.72995746
314.0,452.0,151.0,183.0,554984918.4801278,3110033.860000473,45594.490000009355,2985308.3299998078,101260.13000001539,178399201.44993687
263.0,298.0,385.0,154.0,430880194.93006045,2619235.1899999855,42767.74000000862,2227553.1100003165,83774.16000000783,138537735.95997283
336.0,380.0,161.0,223.0,512137157.53011423,3233932.8300000676,43838.91000000646,2608129.499999913,91381.92000001541,164647396.19994593
241.0,347.0,352.0,160.0,465652521.2300768,2425833.999999932,43258.830000010144,2506910.970000217,91549.53000001475,149728672.36996147
45.0,367.0,472.0,216.0,445505040.8501056,3173959.720000057,50543.78000000619,2471120.629999878,91521.48000002968,143076265.29000086
56.0,581.0,194.0,269.0,635791976.7402004,4005400.4100002055,57808.510000006216,3731024.009999721,122195.0900000512,204154774.75998512
42.0,438.0,443.0,177.0,491019062.53011066,2863632.469999914,52005.92000000704,2870138.819999909,103440.4400000489,157730686.3900029
41.0,428.0,433.0,198.0,502763422.7000989,2796060.990000092,52114.45000000954,2979639.6899996847,108252.64000003856,161499327.9199988
318.0,138.0,415.0,229.0,295218103.3600184,3267743.0899996953,37945.36000000479,1023644.9199995131,48979.75999998938,94937101.53996013
161.0,166.0,498.0,275.0,300784227.99002707,3838105.389999533,44196.46000000143,1147944.359999608,53579.80999998456,96603543.27996053
255.0,330.0,332.0,183.0,438465232.5301101,3012419.300000019,43161.78000000715,2189665.400000383,79569.48000000327,140939641.79996583
510.0,222.0,1.0,367.0,455176488.71018136,5087569.010000244,40557.76000000967,1687950.2200001595,59843.62999998497,146288992.24993506
385.0,167.0,501.0,47.0,274219678.1699971,1144100.6399998679,29823.36000000518,1117736.859999806,54023.67999998386,88404537.1999678
455.0,589.0,1.0,55.0,672309984.260057,1604904.4099994039,41815.7000000162,3927347.1399977347,127560.77999998463,216308703.0998338
473.0,490.0,1.0,136.0,617773580.8800898,2520607.319999897,42037.63000001202,3408264.7899990804,111061.76,198691836.29988745
147.0,454.0,457.0,42.0,495758873.9000177,1123147.2599996573,44638.540000011926,3052463.329999254,109914.05000002403,159451411.3199982
190.0,585.0,0.0,325.0,723909656.3102453,4842238.660002214,60272.80000000677,4161085.9999989183,136406.50000002995,232485972.70985627
251.0,775.0,1.0,73.0,813075668.4200724,1958243.4499990952,54280.01000001969,5191877.850000369,165427.10999998217,261390300.97979897
177.0,557.0,333.0,33.0,591410320.6200131,1318322.8399994385,47894.26000001625,3728362.629998388,128975.92000001817,190180941.789964
411.0,416.0,248.0,25.0,507315015.75001967,1227497.7799995653,38059.91000001117,2854787.9399995063,101477.47000000381,163285195.6599441
223.0,415.0,420.0,42.0,479200523.3300163,1398160.529999588,42428.27000001161,2806971.09999954,102103.47000002894,154152996.39999452
177.0,556.0,334.0,33.0,628076936.4800317,1269200.1899994342,49474.10000001672,4034471.099998127,136896.54000001907,201947540.53997168
133.0,419.0,250.0,298.0,525576728.9401979,4138000.1699997447,52036.12000000437,2784295.399999819,95968.75000003514,168775125.83997256
157.0,292.0,298.0,353.0,463486554.8901797,4771406.06000038,51130.32000000253,2196211.9299999177,80721.00000000632,148813201.3999666
329.0,333.0,201.0,237.0,468459912.1401406,3196951.4599999795,43054.56000000819,2324261.190000292,84043.45000000925,150588285.27996597
376.0,225.0,228.0,271.0,387436877.13009846,3559536.8199996385,38246.0200000069,1571581.050000062,59174.83999998447,124551484.1599575
485.0,290.0,296.0,29.0,398352741.3100136,1045898.3099998311,31771.30000000832,1998003.3500010425,76344.7700000001,128316311.92995685
375.0,225.0,229.0,271.0,390913065.2601245,3816331.069999354,38717.610000006636,1515048.0500001027,57611.36999998508,125674394.72995076
375.0,440.0,117.0,168.0,545622820.9301639,3094001.340000098,43616.02000000902,2839178.349999715,95847.25000001137,175441350.62993395
612.0,296.0,79.0,113.0,428679912.3200462,1988875.679999743,29154.710000008803,1869668.4400011196,67954.6399999904,138071815.3099524
534.0,159.0,167.0,240.0,348004932.6800653,3773969.9399992665,33286.71000001055,1046340.5099992899,43210.919999995815,111989357.33995463
373.0,439.0,121.0,167.0,577263282.7701029,2697004.510000123,44149.58000001021,3158877.9399994668,107235.33000001262,185635333.39992458
361.0,424.0,113.0,202.0,568388569.8201569,3443649.9700003047,46134.52000001086,2971627.7099999124,100640.650000015,182718953.66993842
505.0,150.0,163.0,282.0,336623477.4700524,3687717.889999402,32219.530000010436,978258.2699993751,41905.3299999918,108321906.83994693
596.0,288.0,79.0,137.0,455685382.6900671,2360106.369999745,31690.96000001088,2026712.2800013726,71466.12999999202,146708172.8899333
742.0,91.0,96.0,171.0,306282289.840016,2651539.769999929,22363.4200000044,704592.9099995627,33206.13999999803,98754121.60996373
763.0,94.0,102.0,141.0,295688171.45000625,2105348.6100000106,19473.080000003687,648440.1399995494,32516.950000000135,95437370.34997258
740.0,91.0,99.0,170.0,291444815.85001093,2666240.3299998436,22164.03000000394,626756.5799996732,30739.339999998556,93980662.27997294
311.0,335.0,218.0,236.0,455381320.5001394,3762069.229999785,43484.83000000865,2118678.130000415,75658.98999999216,146365498.9999553
182.0,390.0,253.0,275.0,502989726.30017394,4253399.9600002,50251.30000000263,2540252.6300003175,89383.87000002939,161554835.4399605
349.0,242.0,244.0,265.0,404056912.9701388,4133116.299999337,41965.46000000484,1637215.0300000494,61814.139999978266,129852721.58995591
311.0,335.0,218.0,236.0,506876296.680172,3563820.7999998042,46482.30000000772,2567509.170000282,91628.1200000256,162920620.81995362
307.0,330.0,215.0,248.0,473029438.7501409,3609862.7600001665,44260.150000006746,2296412.1600002903,83938.13000001252,152042964.30994838
343.0,238.0,242.0,277.0,405020764.2101091,3793951.75999958,40227.08000000674,1679555.670000125,62365.21999998137,130174756.53995234
179.0,383.0,251.0,287.0,506369695.57013273,3637708.770000331,49378.12000000701,2698339.23999982,96548.6800000213,162662912.66996586
204.0,282.0,285.0,329.0,434501412.410192,4506145.55999969,47965.09999999811,1968719.1499999936,72960.85999999607,139531499.22996372
208.0,287.0,291.0,314.0,405187684.5901862,4444838.149999476,45941.710000001025,1755816.9999998952,65364.53999997522,130110734.25996171
204.0,282.0,286.0,328.0,435194372.5001258,4305803.46999989,47187.350000005725,2017769.8000000787,74443.9399999922,139768452.76996642
428.0,139.0,249.0,284.0,344953749.59007925,4421042.799999203,39343.02000000735,1107765.9199993908,46897.57999998956,110889434.92995249
180.0,190.0,341.0,389.0,379346986.6801515,5510651.100000673,48906.62999999674,1412706.6599995105,56391.96999997873,121721053.9099611
305.0,414.0,178.0,203.0,529406688.81011504,3313643.780000418,45241.31000000832,2752153.8299999475,95215.4400000101,170175469.85994774
427.0,139.0,251.0,283.0,329171807.6700859,4361668.829999055,37723.22000000413,968145.6699993691,42490.87999999234,105820954.62994853
322.0,104.0,187.0,487.0,344215375.3001393,6538741.240001383,45131.32999999631,793391.0299995198,35506.44999999597,110445881.50995047
247.0,334.0,145.0,374.0,508479595.63025075,5183993.080000671,50134.82999999773,2342953.369999906,79365.29000000455,163275014.13994956
123.0,131.0,237.0,609.0,398280373.92055196,9869041.059997665,63711.95999995634,969993.4999984576,41927.58999997578,127540503.23990938
90.0,397.0,170.0,443.0,544988825.2403287,6129270.880002249,58919.00999999168,2652070.1900003203,89882.23000004466,174853145.92996538
116.0,511.0,222.0,251.0,591224326.2501898,3932617.3500004867,54761.300000006806,3352057.7199995113,113047.4100000361,189879169.8599552
90.0,396.0,172.0,442.0,582587194.7003385,6092824.130002628,60776.20999999552,2970987.9899999606,101885.78000004725,186943152.8099204
58.0,294.0,363.0,385.0,424269521.28014976,4823242.470000547,52943.389999999854,2002859.1999997343,77243.23000000633,136141073.98997694
239.0,243.0,300.0,318.0,402946527.610163,4381243.289999573,45023.73000000046,1711821.6499999063,65010.79999997592,129421157.74996094
67.0,175.0,416.0,442.0,336340974.2601068,5444999.690000478,50151.5699999969,1211805.289999433,50835.70999997891,107835454.5599655
58.0,294.0,364.0,384.0,421013859.5801554,4828095.200000291,52642.01999999931,1981714.2299997392,74903.94000000438,135100217.07996875
70.0,356.0,439.0,235.0,453708318.99012023,3665971.180000132,50823.70000000464,2385275.6400000164,87594.0100000182,145709594.89998353
83.0,218.0,521.0,278.0,335159511.10006106,3715419.6999995434,46961.44000000037,1526969.4699997266,64341.49999997195,107595895.8699616
279.0,283.0,351.0,187.0,415753776.0100789,2740284.759999912,41514.030000006445,2063060.600000391,77441.50000000169,133662943.11996625
319.0,168.0,399.0,214.0,313715968.2100421,3486595.839999415,37993.50000000581,1089362.899999538,48862.65999998504,100885726.88995254
267.0,141.0,337.0,355.0,312123225.7300574,4493061.40999918,41518.91000000208,984501.32999941,44447.3099999867,100238557.85995315
318.0,167.0,401.0,214.0,316624556.6500425,3095197.9399998006,37428.140000004685,1170220.089999672,51776.88999998743,101835781.48996064
146.0,196.0,224.0,534.0,405240688.59022033,6611867.060001798,51837.209999990264,1419880.7399994703,52355.649999984635,129927686.61995794
7.0,224.0,257.0,612.0,424055299.1803381,7946846.440003361,61190.69999997858,1548921.6699989375,58978.54999996966,135813427.53996772
133.0,281.0,203.0,483.0,454808057.4302587,5816676.770001055,52833.87999999308,1959002.9199996402,69686.52999999405,145901985.1399738
159.0,213.0,148.0,580.0,448534284.01032597,7731312.670003032,55825.96999998548,1540623.3499992888,55023.029999977756,143791273.15995485
237.0,318.0,363.0,182.0,446666186.95011944,3217456.569999942,46118.310000006,2280389.9800002147,85114.98000002443,143551268.39997438
228.0,484.0,213.0,175.0,573988733.540113,2966263.3200002094,48600.89000000756,3242425.879999474,110581.86000003158,184476660.66993588
15.0,478.0,333.0,274.0,577142501.5701761,4129586.9600007613,58097.54000000486,3328690.549999734,114178.94000004788,185291458.2099878
11.0,523.0,377.0,189.0,582766464.4701483,3055992.2200006256,56727.86000000959,3566145.319999275,123732.900000056,187182500.5499858
7.0,346.0,152.0,595.0,531056808.8403613,7326459.890003472,62034.949999986435,2411787.570000025,80852.39000002603,170222572.38997486
12.0,604.0,265.0,219.0,654605288.2702276,3943687.9600007087,61762.70000000701,3976809.0599993137,134717.47000005905,210204914.49997184
307.0,336.0,353.0,104.0,423157794.3600798,2265298.7399999127,40145.04000000887,2157932.4400005983,81885.900000007,136124136.1799583
241.0,364.0,383.0,112.0,464788753.72003955,1976179.0599995314,43683.83000001183,2609686.8999999664,97199.14000002468,149475336.16999355
288.0,382.0,333.0,97.0,484946995.9500556,1953319.8299995752,40714.55000001062,2640626.4099999415,93356.6200000035,155988237.91997838
322.0,353.0,316.0,109.0,457159939.69005,2060183.259999611,39756.39000001046,2420225.23000027,88141.33000000622,147066241.91996488
263.0,289.0,303.0,245.0,441110900.4301251,3621383.849999991,45077.6800000053,2113302.0900002914,77857.1000000027,141761350.61996436
260.0,343.0,255.0,242.0,480284964.93014956,3866546.050000124,47116.810000006044,2400447.2800002005,87207.30000001618,154319065.10996836
213.0,323.0,289.0,275.0,450706217.0401613,4297108.029999757,48375.360000003486,2149805.050000133,79542.98000000668,144757541.039959
193.0,352.0,307.0,248.0,463910882.84013575,3675750.4599997643,48036.28000000507,2358015.4700001143,85185.61000001933,149030237.3799697
237.0,432.0,320.0,111.0,499469648.7300684,2201421.8999996483,44883.580000011854,2830293.469999617,102148.86000002481,160599349.75998405
201.0,368.0,272.0,259.0,485498967.7701473,3907970.589999897,47682.390000004016,2421125.9000001624,85075.86000001364,155971878.72996813
519.0,11.0,32.0,538.0,293666839.60003465,6230316.160000624,34640.910000010794,203268.77999995693,14227.26999999607,94292699.53995393
457.0,12.0,36.0,595.0,303895553.7900803,7292451.650001632,39697.570000002765,189113.1200000271,13212.059999994754,97493189.18995379
391.0,279.0,24.0,406.0,485360129.54022634,5571620.950001027,45404.33000000235,1930798.5000000778,64765.78999998246,155894802.98994076
437.0,9.0,201.0,453.0,264485723.8999725,5974745.480000388,38089.22000000455,183303.27000000654,18426.759999996142,84925271.25995997
540.0,12.0,34.0,514.0,293240664.98004425,6473050.680000916,35603.45000000937,184217.00999999378,13955.289999996025,94150150.1599618
352.0,251.0,162.0,335.0,422606223.30017924,4866695.210000305,42968.7500000028,1627225.4499999888,59737.799999982424,135772845.33995554
393.0,11.0,227.0,469.0,255125643.7999742,5753431.839999969,36913.16000000552,154900.4799999543,16841.54999999435,81902840.24995542
347.0,311.0,27.0,415.0,502280249.460253,5682567.10000113,47199.61999999977,2098552.2800000454,69213.19999999221,161292702.54994664
292.0,261.0,168.0,379.0,432555879.0601742,5110553.91000042,46023.45000000299,1739935.2999998673,63576.06999997883,138919250.68996337
300.0,269.0,173.0,358.0,446357671.3401684,4604301.899999771,44890.570000002175,1898781.7799999882,67568.72999998642,143378228.70995855
246.0,284.0,305.0,265.0,424114798.030109,3844765.279999812,44859.42000000444,1930275.1300002735,71663.47999999986,136276805.02995676
156.0,314.0,337.0,293.0,445946153.3801226,3544863.410000085,47115.680000003755,2263894.200000083,82673.1500000122,143238438.8999815
296.0,117.0,367.0,320.0,290225441.0200132,4337649.259999282,39713.770000004646,820160.619999675,40719.84999999521,93241285.86995207
207.0,239.0,430.0,224.0,358810023.61005485,3049371.719999894,42077.27000000716,1655913.3300001626,66602.33999997731,115304642.18996702
257.0,295.0,318.0,230.0,427623231.6501183,2978733.2599998247,41821.700000008386,2085355.050000432,78123.42000001208,137466749.7499696
252.0,99.0,523.0,226.0,235106144.98998353,3104253.119999614,37178.0500000065,676132.7299998112,40416.06000000232,75591134.41995856
134.0,270.0,486.0,210.0,371207493.8500771,3245914.939999827,45776.6000000059,1810122.1400000094,73815.29999999773,119259656.45996246
203.0,140.0,439.0,318.0,309435371.25003487,4320915.899999292,43298.26000000167,1071726.7499994559,49149.42999998565,99358644.17995393
153.0,105.0,554.0,288.0,244808436.60997957,4175686.089998704,42851.559999998964,678256.2099998045,38922.87000000353,78590542.03995433
160.0,110.0,580.0,250.0,230481368.32998535,3546318.039999182,40468.020000001874,649897.5999998264,39966.350000003105,74043055.61995675
203.0,91.0,581.0,225.0,227992589.44998652,3151020.7599995206,38372.05000000472,670087.0299997729,40354.120000002105,73269555.76996116
231.0,88.0,563.0,218.0,252860945.49998832,2972654.519999833,37447.44000000402,800924.9099997174,43164.649999995796,81306237.95995884
187.0,173.0,533.0,207.0,300117583.5800195,3359914.669999622,42470.84000000349,1203280.0199997413,55131.3499999808,96429695.13995911
313.0,140.0,300.0,347.0,331457921.4100743,4508219.8499994995,40937.920000003716,1082917.0799994557,46612.20999998631,106462266.8999576
165.0,73.0,470.0,392.0,239579656.78997928,4952263.109999422,43323.85999999941,464539.32000008895,30912.700000011046,76849471.92995554
208.0,194.0,200.0,498.0,394109461.0801785,5896138.360000606,47844.649999996596,1387767.8299993994,51699.3599999813,126426407.52996255
260.0,99.0,212.0,529.0,329838678.4101227,6858003.280001653,46654.19999999343,692087.159999692,31286.890000000592,105759904.43995133
176.0,139.0,428.0,357.0,305511183.86004835,4918967.509999855,46213.29999999946,1002369.6599994774,46703.34999999025,98041139.83995524
310.0,245.0,253.0,292.0,405661072.41012245,4133210.5799994613,42776.68000000358,1701884.9200000153,64684.72999997917,130356182.8299609
237.0,187.0,194.0,482.0,401722546.96021104,6468718.430001515,49671.37999999365,1337279.0999993563,50618.099999982674,128865431.87996031
329.0,256.0,173.0,342.0,424176127.9601652,4319183.219999404,41525.13000000565,1737917.0500001328,62023.35999998242,136268993.39995596
344.0,251.0,169.0,336.0,425863496.8201516,4701817.90000007,44200.31000000297,1738593.4500000856,63523.999999980246,136800621.04995328
311.0,302.0,163.0,324.0,472741042.07016975,4322439.609999672,44433.150000006506,2129631.180000323,75641.83999999198,151900393.79994494
289.0,226.0,284.0,301.0,384164504.5101082,3921606.489999466,41236.21000000615,1558459.3100000112,59896.85999997965,123457639.02995604
416.0,325.0,218.0,141.0,464075818.5800554,2140073.419999678,37077.56000000972,2326142.990000619,85103.39000000722,149339219.7999518
334.0,325.0,328.0,113.0,413931933.980038,1960279.329999733,37480.71000000896,2090535.1300008288,79261.21000000428,133198408.1699589
371.0,271.0,341.0,117.0,389675631.3400568,2177714.999999735,36856.380000008336,1843158.1100005724,72936.24999999377,125403179.89995906
405.0,368.0,199.0,128.0,465933137.03007394,2360098.11999982,37684.20000001077,2325429.3600005573,83141.74000000283,149900952.62995684
289.0,263.0,266.0,282.0,422555099.6701419,4007416.929999542,43783.95000000553,1850850.230000363,68800.53999998274,135777203.17995363
349.0,318.0,322.0,111.0,433074798.87004936,2005185.139999689,38662.230000008894,2231031.760000499,83853.3600000087,139345727.86997196
359.0,246.0,425.0,70.0,351511924.14001715,1562040.4099997862,34765.11000000773,1674494.010000566,68827.28999997956,113169827.52995566
382.0,238.0,412.0,68.0,333683525.49001396,1468967.889999821,32469.45000000836,1499273.5600003086,62168.56999998432,107476828.65996434
329.0,316.0,391.0,64.0,401963807.5400362,1612743.9699996754,38089.93000001123,2094851.1400007482,83044.40000000474,129377754.43996564
553.0,379.0,61.0,107.0,524106709.9600619,2067010.8499995759,35208.36000001231,2660208.0399997733,92124.8799999914,168695593.28991708
376.0,258.0,446.0,20.0,352583552.10000473,920686.9499998498,32636.330000007147,1766527.2700005888,72063.58999998981,113576436.98996194
519.0,497.0,57.0,27.0,579839427.3400133,1307721.1099995882,36305.440000013456,3237305.2799986308,109755.52999998808,186648585.98989505
621.0,387.0,62.0,30.0,510964446.19003105,1339224.3699997023,30722.08000000936,2586200.5099999714,87940.61999999628,164566983.39991218
366.0,320.0,396.0,18.0,414108846.79000545,1055720.7499996678,35506.400000009446,2215671.4400007026,84178.79999999955,133333858.15996563
511.0,447.0,51.0,91.0,578184847.6000512,1875996.15999955,37696.11000001236,3127788.409999377,103978.78999999854,186057504.7098875
544.0,475.0,55.0,26.0,577994399.3700129,1217385.2699996403,34790.66000001096,3173515.84999903,104797.25999999022,186077720.95991403
48.0,557.0,115.0,380.0,668503571.170272,4940557.29000148,61359.95000000285,3853230.509999775,126673.18000005181,214589520.19992894
81.0,539.0,111.0,369.0,627710105.0802826,5194319.480001624,58527.97000000125,3413888.2699998873,109867.66000004124,201486375.42993146
91.0,64.0,219.0,726.0,337549346.0901705,8979438.140001036,56778.279999976825,592149.4000000306,27898.399999996014,107982820.08994785
39.0,458.0,289.0,314.0,560147428.0202141,4518135.120000541,57259.720000004934,3108098.6399995703,107073.42000003989,179809359.44998485
50.0,584.0,120.0,346.0,662698508.3703163,5160731.050001786,61467.19999999921,3747956.6500000157,121572.20000005532,212715811.02993095
69.0,48.0,506.0,477.0,239512604.92997712,5864784.83000038,48177.83999999146,417568.900000152,30455.80000001148,76709201.11995319
69.0,464.0,292.0,275.0,545112868.2101674,3812672.5700002913,54781.000000006505,3100758.6100000343,108799.7300000389,175039797.6599931
163.0,66.0,225.0,646.0,307283293.9000576,7302563.680002055,48537.96999999011,545247.8100001422,26968.04999999932,98404931.409957
108.0,43.0,455.0,494.0,235365585.2399743,5939320.440000301,46278.80999999427,318610.78000013693,24979.84000000464,75387790.54995218
115.0,46.0,484.0,455.0,238549077.45997375,5645939.890000183,45677.9499999961,393404.45000013383,29044.570000008047,76437942.17995296
70.0,275.0,501.0,254.0,369456167.6800638,3616922.2899999707,47732.99000000423,1778553.4099999045,71287.32999998523,118634918.34996367
383.0,191.0,349.0,177.0,328930115.7500391,2854302.8599998318,34738.15000000825,1225985.179999876,52083.32999998604,105833475.14995678
58.0,414.0,417.0,211.0,472610979.0401281,3225967.280000216,50840.510000006296,2635080.4199997257,95549.67000002772,151791965.80999488
70.0,274.0,503.0,253.0,391266922.70007735,3422870.2799998764,48876.41000000481,2014924.7199999453,78821.53000000384,125630632.129968
87.0,341.0,623.0,49.0,381509750.43001556,1170808.8599997412,43333.73000000876,2282854.5400002156,90968.88000003052,122710397.04997058
69.0,493.0,499.0,39.0,483635897.3400231,1185281.229999606,47143.65000001168,3077162.5799993323,111943.87000002513,155488520.73999503
442.0,221.0,405.0,32.0,333809612.71001637,1253646.2099998132,32031.52000000673,1558743.160000383,66523.30999997564,107542067.47995852
381.0,345.0,347.0,27.0,443537841.4900303,1319512.7799996047,36305.57000001019,2366245.5500004226,88628.42000000936,142788550.84995967
335.0,303.0,307.0,155.0,418620452.53008837,2991475.549999946,41723.92000000836,1978039.3900006942,76192.74999999952,134622560.02995044
380.0,344.0,349.0,27.0,455107946.25000995,1083319.039999679,37023.740000011,2519747.719999955,93503.41000001036,146507096.14996976
247.0,377.0,113.0,363.0,519317974.8702031,4528651.2300000815,47892.500000005544,2497583.1100001326,84300.29000000645,166802315.389946
158.0,416.0,125.0,401.0,559584213.720301,5696345.690002027,56392.269999995624,2776037.710000372,94386.58000003581,179608661.39992878
326.0,146.0,149.0,479.0,361361769.3001235,5974505.170000745,44238.080000000366,1057059.4299992283,42469.92999999166,115952313.08995102
247.0,376.0,114.0,363.0,549832413.7202231,4651062.890000582,49837.0200000033,2745567.5800000555,91274.78000001835,176579436.0999502
282.0,429.0,129.0,260.0,544564920.8901913,4122635.6099998183,48708.510000004484,2787432.4199998504,93434.3000000221,174950707.76995048
388.0,174.0,180.0,358.0,383393243.0301206,4872854.499999766,41368.490000004094,1330238.6899997604,52029.80999998597,123176785.37995104
183.0,480.0,146.0,291.0,602835430.8402034,4257379.10000049,54075.09000000541,3310728.999999702,111339.99000003695,193619879.04994008
265.0,204.0,209.0,422.0,412252357.4102294,6132682.28000148,48549.51999999461,1448831.2699995565,54785.58999998297,132312200.64995615
215.0,167.0,172.0,546.0,395795648.9002189,6684373.720001761,48998.699999993,1225323.9899992687,46039.37999998701,126939422.82995379
264.0,204.0,211.0,421.0,391712079.43018293,5241004.180000212,45359.96999999932,1456533.6499995901,55154.13999998423,125734480.05995807
553.0,114.0,340.0,93.0,271705593.79999685,1919495.29999999,25965.52000000499,784422.1299995974,41029.11999999986,87624203.9799695
119.0,204.0,611.0,166.0,303301005.140011,2516154.680000083,42077.49000000522,1427107.7699999546,63480.459999975945,97486288.57996072
608.0,16.0,374.0,102.0,195955844.24999413,1812152.260000063,22155.980000002313,221022.55999994214,25170.39000000664,63293295.02999574
552.0,114.0,342.0,92.0,265394460.8199964,1775805.7299999653,27042.990000004505,798390.6999996189,41330.349999996055,85578539.3899669
397.0,82.0,245.0,376.0,303320231.6800359,4899957.80999952,37379.310000006364,675912.8199997754,32551.440000002753,97466879.2899569
425.0,11.0,263.0,401.0,233395580.92998162,4798111.769999161,34127.27000000878,158326.5199999859,18850.29999999667,74996110.70997879
69.0,120.0,361.0,550.0,326409697.26013094,6926022.270001805,52944.95999998431,876526.9099993429,40102.60999999093,104553201.12994531
77.0,17.0,397.0,609.0,255871925.57996616,7230930.550001568,50252.239999988094,271338.4800001078,22190.62000000052,81859810.69995043
141.0,31.0,731.0,197.0,154622829.31999147,2591547.2699998477,37114.02000000147,272172.3499999983,32675.400000023634,49724772.449959956
77.0,17.0,398.0,608.0,245957696.55996925,7275908.070001707,49490.349999987215,193141.5500000229,19215.10999999534,78654845.86995459
231.0,436.0,18.0,415.0,634701556.7703052,5647848.360001988,57002.009999997405,3254709.2300000456,106654.83000004114,203791404.93989745
340.0,381.0,16.0,363.0,576808537.7202603,5174581.900001623,50689.81000000348,2804983.520000084,92999.22000001658,185256697.77991474
254.0,370.0,20.0,456.0,534107409.3502777,5757583.610001307,49890.87000000013,2377918.80000025,77474.20000000577,171469457.35992506
230.0,435.0,21.0,414.0,579886148.0403012,6410170.640002803,56313.739999995814,2686506.810000573,88985.15000003329,186152711.92990553
287.0,541.0,23.0,249.0,652324361.3301961,3869637.9500008756,51443.66000001072,3639804.159998895,119250.0300000152,209613331.84987664
322.0,469.0,29.0,280.0,594110470.3702179,3958053.659999865,47176.83000000702,3064427.6799998046,99412.40000001609,190922211.67990986
408.0,459.0,22.0,211.0,589794703.7201462,3285105.2000001622,43908.67000000975,3085514.52999956,102501.92000000831,189640782.28990272
453.0,392.0,21.0,234.0,521966201.0501608,3642689.789999944,39935.82000000871,2414149.0300002755,80576.63000000635,167851807.7699266
368.0,319.0,20.0,393.0,494174379.6602407,5520086.2000009585,45924.18000000183,2022032.9700002952,68545.60999999028,158721104.57992455
451.0,391.0,24.0,234.0,549779353.570134,3595026.720000342,41969.05000001061,2705469.319999894,90808.84000000407,176772995.399913
365.0,39.0,305.0,391.0,251021396.62997594,5307454.839999641,38508.88000000497,271823.96000001795,21943.81000000016,80610854.06996036
470.0,34.0,261.0,335.0,247573469.41998428,3975587.879998894,30037.5700000078,287342.0699999173,23062.140000000098,79680310.36997512
231.0,429.0,192.0,248.0,550198805.8701601,3563655.080000343,48642.85000000857,2946740.259999547,101586.95000002813,176809763.30994734
311.0,33.0,423.0,333.0,226050516.14998132,4316716.709998792,37225.62000000356,313028.6500000077,26006.12000000618,72618066.47996832
284.0,30.0,237.0,549.0,277621915.9799991,6777596.420001189,44268.54999999497,302725.39000008034,21206.109999998793,88997389.8099546
179.0,332.0,243.0,346.0,492996013.150197,4750774.370000252,50223.470000003406,2374609.0600000885,84275.40000001382,158294101.06997588
337.0,24.0,305.0,434.0,243084333.98997632,5374805.349999748,38282.76000000144,213953.90999999532,20483.049999997023,78025233.43996531
270.0,333.0,150.0,347.0,475499077.43018216,4834813.110000356,46718.98000000236,2119090.390000144,72996.08999999778,152709119.9299575
286.0,352.0,258.0,204.0,482386565.9901222,3332629.629999964,45403.27000000685,2446570.2800003365,87711.80000001795,155054944.61997148
249.0,307.0,224.0,320.0,443472607.6001877,4312421.7099992875,46171.25000000157,2020113.2100000929,73253.73000001047,142442430.56997663
440.0,247.0,405.0,8.0,377397189.85000575,875006.809999869,31296.960000007377,1881871.2300009672,75471.33999998869,121600338.769955
147.0,357.0,584.0,12.0,387109979.87000877,883799.71999984,42227.020000009165,2326517.550000125,92486.0500000287,124548490.6999674
470.0,190.0,431.0,9.0,283279889.54999864,885121.399999915,27201.890000004234,1120907.2599997146,53366.519999985976,91381302.88996685
632.0,355.0,101.0,12.0,468423224.95000607,1039738.2599997708,28078.30000000869,2305087.3300008,81160.399999993,150926975.4999422
376.0,211.0,346.0,167.0,322424312.3600336,2626751.150000043,34366.16000000659,1249053.1299998076,53686.19999998318,103752404.04996175
548.0,221.0,88.0,243.0,414071358.6501015,3747220.4599996214,35099.320000012565,1536571.6400002346,57458.83999998713,133217720.35994542
182.0,442.0,126.0,350.0,585972549.6002637,4864892.460000906,54926.41000000143,3086668.74000006,101622.7000000399,188146484.79994965
127.0,223.0,506.0,244.0,346469127.5800571,3655083.239999558,45757.10000000211,1552886.1899998754,64075.469999970795,111265993.77996106
313.0,546.0,216.0,25.0,609233286.0100125,1301528.069999493,43436.29000001528,3690246.1999982167,123262.11,195977892.309942
205.0,359.0,142.0,394.0,515404548.4802889,5740244.580001262,52921.70999999755,2351402.2800000194,78755.17000001034,165439014.21995655
412.0,170.0,86.0,432.0,1588270356.7776163,52491232.92032877,296866.00999934855,4011602.1700032954,261618.38000124085,509530769.89533186
309.0,195.0,99.0,497.0,397572670.82020277,6490397.520001493,46443.469999996516,1212909.219999353,45261.70999998744,127571353.89995368
447.0,90.0,94.0,469.0,337948137.4501143,6135113.820000719,39806.590000002834,662452.8699996808,29436.459999996037,108524842.38995276
298.0,122.0,368.0,312.0,295916933.8100115,3859188.149999145,38600.69000000515,921101.1899995938,43472.90999999027,95094023.5899567
587.0,241.0,123.0,149.0,401529356.4200837,2699821.8799998877,30876.990000010363,1569705.2000005418,58672.81999998942,129298816.07994318
409.0,82.0,505.0,104.0,212406139.81999555,1741454.4900000498,28828.360000002995,559696.7699998573,36993.50000001109,68497239.80998065
280.0,177.0,533.0,110.0,297609927.7999983,1882908.1999998759,36632.06000000732,1320990.080000071,61124.599999979495,95792162.85995099
544.0,168.0,175.0,213.0,363716228.4200884,3289444.109999581,32865.5900000123,1266270.779999669,50603.71999999071,117055867.43995146
228.0,71.0,434.0,367.0,254882426.25997666,4712459.86999928,41773.26000000132,567811.4499999721,34080.990000006816,81810916.61996084
306.0,94.0,581.0,119.0,222428915.63999382,1839840.4500000312,31548.050000005394,697511.2999998055,41870.4000000022,71663294.42997158
131.0,451.0,367.0,151.0,545828318.4401219,2932975.0499999793,52393.43000000863,3196296.579999709,114717.94000004588,175393745.45000646
398.0,327.0,266.0,109.0,431770137.94005686,1854622.609999709,36080.390000009385,2195211.8900006902,81331.43000000496,138950857.31996152
142.0,395.0,399.0,164.0,495805369.4500841,2785541.270000228,49079.050000009025,2800099.0199998626,101682.00000003524,159334013.34999377
150.0,515.0,262.0,173.0,594628454.4801087,2958542.080000757,52091.770000010954,3533188.409998861,121042.99000003008,191060366.22994503
108.0,371.0,303.0,318.0,490662011.64020216,4854761.030000627,53460.030000000756,2435349.090000198,86236.30000002199,157495065.68997627
130.0,361.0,227.0,382.0,531154893.0802854,5171853.420000793,55307.3499999968,2679189.8400000264,92990.45000003844,170499089.6799468
374.0,307.0,156.0,263.0,458275785.07014817,3774405.2499995786,41170.49000000656,2052927.180000631,73209.60999999872,147315193.48994857
363.0,240.0,242.0,255.0,376094147.37010485,3496676.4399995315,38335.79000000833,1511732.8599999996,59312.869999981194,120926836.52995399
467.0,310.0,195.0,128.0,437987900.5000516,2287463.639999863,35435.22000000976,2069581.7800010378,77372.60999999681,140967712.46995306
395.0,262.0,165.0,278.0,431714594.22014904,4030444.3199993894,40757.99000000535,1797302.8000002597,64705.59999998222,138769995.619961
266.0,372.0,336.0,126.0,463709630.710086,2340468.4599997816,41417.170000009246,2425416.8400001503,87648.62000001993,149137153.6399696
386.0,319.0,287.0,108.0,480908441.1800495,1932848.829999508,39379.47000001129,2582088.24999985,93294.00000000764,154727238.75995344
179.0,611.0,225.0,85.0,654335020.0600742,1923455.3599991398,51768.82000001595,4132310.719998186,140393.0000000055,210342938.19993246
155.0,217.0,654.0,74.0,293267635.239998,1444693.019999826,38636.340000008306,1512067.2400001895,67981.68999997292,94358931.08996274
116.0,162.0,146.0,676.0,385174254.83025813,8015687.750003097,54407.85999998039,1080438.679999078,39792.089999987365,123339524.63996267
76.0,260.0,320.0,444.0,409602431.3301842,5510200.900000772,51830.3399999971,1735634.2799995898,65719.48999996777,131380689.51996665
142.0,117.0,352.0,489.0,328836286.3000854,6138157.1300009545,48763.09999999389,939860.7899993842,42202.45999999192,105439711.82995015
153.0,308.0,113.0,526.0,511263446.52029574,6875330.890002783,56409.63999999282,2177753.429999777,74450.85999999815,163999118.44994754
190.0,384.0,473.0,53.0,424997588.5100219,1308519.9199996605,40940.23000000979,2444405.8000001037,92311.6000000085,136721878.98997205
123.0,248.0,305.0,424.0,411181362.5302054,5682342.270001017,51659.49999999588,1672049.4999995276,63816.5499999731,131901477.66997232
273.0,300.0,291.0,236.0,425608290.62011623,3315266.869999803,41977.81000000642,2008131.800000372,74320.56999999995,136803183.5899661
307.0,288.0,279.0,226.0,431537663.3801284,3527406.2799999015,42985.52000000702,2000411.7800003018,75770.81000001158,138721311.0599724
359.0,46.0,384.0,311.0,244517188.75998282,4176433.6899986668,35591.330000007714,408385.3199999889,28886.980000010448,78609021.64996053
334.0,368.0,109.0,289.0,520320595.69019043,4225780.349999914,46342.99000000828,2529910.2100000875,87604.95000000502,167190745.5999497
281.0,310.0,300.0,209.0,443818681.4401025,3363538.2700000796,43710.73000000753,2163563.5100003737,80055.2200000036,142656670.14996782
501.0,63.0,164.0,372.0,299325269.55000776,4720675.559999362,33692.51000000967,558091.6299999021,28090.30999999834,96235864.12995127
387.0,362.0,107.0,244.0,490265472.57015693,4142571.1799998004,43002.21000000791,2242441.770000568,78342.27000000072,157580559.4399373
416.0,45.0,377.0,262.0,229254653.80998766,3470658.859999246,31013.850000007307,319786.1399999021,25694.950000005207,73787558.7799721
519.0,56.0,144.0,381.0,299208409.15003127,5004326.349999774,34284.78000000971,488445.37999990326,26737.48000000037,96208552.19995347
545.0,59.0,152.0,344.0,282601881.7700077,4143215.479998789,30248.080000010155,458281.02999989624,26115.369999998893,90929724.82996283
459.0,244.0,232.0,165.0,401697416.35006225,2715292.6900000703,35905.57000000837,1762710.050000703,66753.03999998508,129240789.73995039
325.0,295.0,281.0,199.0,434347520.4100954,2896493.3900000323,40100.9500000103,2089099.0200005744,77108.73999999017,139682245.05996233
493.0,180.0,250.0,177.0,333361415.21005136,2962401.6099998183,33156.70000000954,1182468.9399996486,49753.369999986964,107288904.939952
374.0,199.0,393.0,134.0,334885206.7000335,2256918.4799999446,34822.78000000757,1399269.8599999708,58794.23999998459,107801285.16996077
477.0,253.0,241.0,129.0,384757856.5000463,2222258.1899997983,32221.180000010314,1636862.9700005178,63646.66999998144,123881866.0499578
409.0,149.0,431.0,111.0,261979048.06999338,1713110.4200000027,29234.18000000478,861243.6699996031,44698.819999998115,84443488.92996706
264.0,239.0,475.0,122.0,335143770.03005475,2384006.159999801,39521.09000000521,1554033.1300001005,66701.87999998008,107803328.25995947
374.0,232.0,322.0,172.0,367820804.7700634,2828631.7299999036,36947.9000000084,1536547.0800001794,61871.30999998149,118342119.71995324
273.0,169.0,490.0,168.0,289359692.2599988,2921325.7299999325,38323.71000000679,1071923.8299996264,51652.359999984335,93069786.8799556
284.0,176.0,509.0,131.0,307203702.8400253,1991827.1299998988,35206.03000000471,1306653.45999993,57846.17999998078,98894354.19995607
145.0,339.0,331.0,285.0,448118354.2001436,3918500.090000038,49627.910000004464,2256097.37999994,83483.20000001436,143911597.87997642
16.0,385.0,376.0,323.0,459346972.92020917,4495964.719999806,53814.64999999757,2359108.019999713,84538.33000001704,147408340.04998413
152.0,301.0,348.0,299.0,455311607.23016316,4106008.4899996775,49558.10000000089,2250633.4100001785,83742.37000002818,146232208.8299795
171.0,401.0,191.0,337.0,556993641.6902812,5083689.490000712,54918.13999999922,2838475.620000052,95767.66000003513,178838691.2599604
148.0,348.0,340.0,264.0,471145554.900187,4207477.399999712,50511.640000001375,2361741.9900000067,84702.69000004175,151314036.66998604
187.0,371.0,209.0,333.0,498337488.6001921,4541161.770000087,50411.020000005934,2448912.20999998,87308.41000001483,160038851.04998073
20.0,484.0,230.0,366.0,588326890.3402549,4917799.970001026,59863.12000000154,3274129.219999594,111075.51000004428,188822872.1399614
17.0,355.0,410.0,318.0,469001296.4401683,4341694.6400001915,55262.62000000261,2498265.7799999253,92781.71000003755,150529901.7499924
20.0,422.0,238.0,420.0,554922709.2602975,6154115.150002789,62380.509999993614,2843460.080000111,98989.62000005011,178008317.9199738
21.0,439.0,247.0,393.0,601551554.4703026,6236227.250002704,65301.20999999606,3211924.290000052,109221.57000005966,192993224.2699563
147.0,182.0,294.0,477.0,355411638.5101143,5544583.290000617,47541.739999998594,1225606.4199994402,50370.06999998252,114001880.63996778
87.0,193.0,313.0,507.0,398851972.7502182,7073426.220002223,56693.12999998814,1443340.6999991932,56070.129999976896,127813481.96995988
127.0,306.0,255.0,412.0,455788930.2101938,5509445.090001279,52917.469999997724,2032160.7399997464,73709.44000000287,146265890.01997605
132.0,163.0,378.0,427.0,309314028.1300593,5119423.45000002,46643.77999999873,1017430.0599993668,46621.49999998752,99201495.17996122
237.0,291.0,473.0,99.0,367598739.24003327,1840962.7499997641,40883.42000000697,1918603.940000486,78455.73000000483,118257037.6399539
165.0,395.0,471.0,69.0,456879829.27001435,1590920.2099995958,44626.65000001054,2710711.1099998155,100694.53000002197,146917302.50998703
121.0,268.0,620.0,91.0,331743254.14001703,1770388.98999973,42127.910000007316,1786926.6600001573,76545.27999999121,106685739.35996766
114.0,491.0,409.0,86.0,551588456.5200568,1812456.0899994138,50220.51000001478,3445640.989998829,123015.2200000417,177312485.52999997
68.0,292.0,347.0,393.0,432976709.29019064,5121256.22000076,53655.70999999685,2020311.3899998092,75562.45000000963,138916272.07997972
98.0,424.0,504.0,74.0,435962232.01003397,1604779.9999995825,45826.59000000911,2597716.4899999,97511.07000002844,140174843.0099985
397.0,431.0,45.0,227.0,585689006.7501769,3926922.279999891,46937.940000004164,2990594.7900000387,99590.26000003108,188267827.0699146
352.0,458.0,48.0,242.0,600226281.2102007,3885576.3399999845,47920.07000000795,3141044.5699996725,103012.21000002115,192907791.49990812
564.0,149.0,64.0,323.0,396741261.4601296,4693299.389999793,35931.14000001068,1224243.1099995442,46645.75999998907,127584427.85994391
356.0,386.0,154.0,204.0,523208165.77011985,3306973.7400002577,44323.61000000964,2678420.3299997994,93403.89000001363,168210607.90995225
369.0,400.0,42.0,289.0,540513281.3802022,4423293.029999966,45738.64000000626,2575840.1099999878,86239.12000001215,173688428.99994066
443.0,117.0,192.0,348.0,324669645.96005946,4805609.0399996145,36705.87000000591,781764.3099995364,35168.98999999816,104359219.41995123
293.0,380.0,152.0,275.0,504315740.00017613,4005387.7799997763,46451.030000005056,2478921.5800004485,86220.9800000179,162040194.58996752
460.0,145.0,63.0,432.0,373425963.3101439,5459754.280000203,38037.890000007916,1002082.4599992012,38889.74999999041,119975799.56995784
437.0,138.0,226.0,299.0,318221743.87005925,4397673.329999094,36747.17000000673,837534.1799994555,38417.13999999664,102307237.4699448
397.0,125.0,206.0,372.0,337008265.12010413,5375601.220000122,40195.320000003514,856901.0799994674,36726.4999999976,108242105.16994908
272.0,57.0,419.0,352.0,258218734.27997836,4953342.189999519,41317.94000000079,504867.37000004534,32209.33000000877,82902466.25995551
391.0,49.0,359.0,301.0,248726167.15998113,4159309.9099987987,34722.30000000826,412455.87999998656,28275.200000004374,79982144.5799649
235.0,198.0,363.0,304.0,334798685.480079,4046287.5999994837,42267.56000000379,1259071.0799997638,54479.59999997784,107546353.62995979
306.0,64.0,334.0,396.0,275854393.1699936,5052351.559999705,40274.960000001156,549649.4599999632,31668.050000006377,88579035.01995865
253.0,53.0,389.0,405.0,254013976.30997708,5519198.569999884,42447.130000000165,378402.480000071,26851.970000003555,81497041.07995757
243.0,204.0,264.0,389.0,379361445.3801439,4901075.7900001835,44563.36000000109,1421097.5799995796,55077.09999998262,121806113.01996146
403.0,50.0,262.0,385.0,269513737.79998034,5140926.309999778,37214.90000000408,384319.52000001224,24438.550000001684,86573249.10996507
326.0,164.0,299.0,311.0,334451611.2200696,4009772.6499992674,38267.4400000061,1122543.449999584,47661.97999999003,107485921.5499517
376.0,189.0,245.0,290.0,347431224.3700869,3950452.849999189,38003.220000007364,1225720.3599996227,50024.119999985436,111674405.20996544
354.0,178.0,230.0,338.0,366052105.2201308,4549297.82999949,40363.330000003516,1258410.2999995595,48412.38999998836,117600774.52996391
42.0,560.0,310.0,188.0,595538816.620118,2864861.7200005776,55199.47000000946,3635568.209999265,123882.48000005027,191304350.23999244
289.0,429.0,238.0,144.0,537948717.5600815,2592226.720000081,46394.6100000113,3015682.799999478,107278.11000002062,172960155.66995633
33.0,680.0,241.0,146.0,686546140.6001335,2986176.2900010203,59007.31000001478,4337466.469998893,143513.43000000954,220533985.37994623
53.0,703.0,108.0,236.0,780928480.6302457,3809440.18000051,63809.80000000821,4917360.36000111,159254.73000002623,250806118.73987716
37.0,491.0,273.0,299.0,589628665.3002005,4352478.710000594,58141.24000000501,3362074.859999828,115226.63000004945,189297718.36998758
34.0,716.0,71.0,279.0,760948004.910316,4865286.30000194,65966.18000000423,4590410.89000038,147596.1200000357,244299796.21988633
305.0,451.0,69.0,275.0,585473045.7002777,4731921.340001453,51784.56000000174,3013530.939999321,104706.68000003742,188106846.23987097
219.0,505.0,179.0,197.0,604674867.5301481,3276269.7600004463,52086.870000008705,3483022.8399990587,117744.71000002914,194298659.1899393
273.0,630.0,62.0,135.0,707199929.6301248,2664278.480000074,51811.74000001462,4290898.449998681,139382.27000000537,227314372.79988286
248.0,573.0,56.0,223.0,663262389.8901615,3497472.5100008445,51948.59000001055,3790830.979998709,124290.9100000149,213147154.1798761
100.0,517.0,71.0,412.0,659685908.8603901,6672561.7700032005,65022.569999992054,3447942.080000024,111518.00000005425,211684174.12990052
591.0,263.0,36.0,210.0,450902471.3701318,3327470.0099997846,33857.67000001235,1844300.7000008759,65524.049999985924,145109141.3599402
58.0,765.0,41.0,236.0,843829799.7502611,4490467.6900018705,69836.79999999556,5342268.060001928,175531.96000002004,270990554.9598259
57.0,296.0,511.0,236.0,376642901.4100988,3449739.1599998134,48758.95000000345,1879219.5899999503,75946.99000000193,120960658.54996935
75.0,385.0,53.0,587.0,577418738.4404184,7647685.460003699,62795.42999998594,2648067.3800000753,85362.7100000277,185130934.33995193
36.0,471.0,315.0,278.0,555786092.0002128,4630961.480000693,57209.21000000112,3039396.5000000563,102170.03000004539,178406205.86998206
380.0,169.0,293.0,258.0,314765198.5100344,3675665.339999457,35611.680000008,965930.8899994475,43931.20999999753,101240083.67995581
380.0,438.0,24.0,258.0,620564540.4901787,4216303.750000634,50170.5800000084,3272163.0599991954,108424.62000001196,199414006.00987712
336.0,387.0,258.0,119.0,493388582.3400858,2083316.559999596,41406.62000001142,2693239.440000087,96455.2300000145,158707419.92996487
306.0,352.0,235.0,207.0,500974611.9501341,3415564.6600000397,45200.8300000076,2563003.2000000197,89211.74000001604,161018963.39995804
231.0,336.0,224.0,309.0,486052719.490219,4593682.230000158,49269.34000000194,2324102.1600000276,82996.78000002023,156108530.91996658
100.0,387.0,257.0,356.0,483305508.920191,4734400.740000101,52541.559999999736,2396686.5699999966,85197.05000003321,155135795.19998202
284.0,161.0,275.0,380.0,351516219.23011947,5009252.170000076,43592.83999999867,1159820.439999536,48035.03999998861,112870131.79996055
283.0,413.0,24.0,380.0,557050070.4502949,5337978.070001083,50196.490000001664,2611112.5900003947,85752.2600000209,178882847.90991667
213.0,309.0,206.0,372.0,461545817.35020256,5017316.700000543,49326.51000000021,2072263.580000031,74475.69000000309,148192534.29996505
323.0,184.0,27.0,566.0,429570460.9802305,7121737.430002144,48013.809999996076,1304037.7399994237,45443.35999998746,137807680.5099496
113.0,436.0,26.0,525.0,622625583.8604113,7030256.180003587,62563.87999998863,3070828.650000456,99887.97000005335,199738763.2099212
113.0,171.0,291.0,525.0,399252834.13039976,7539464.950003729,57296.61999997599,1328621.1999992721,54671.03999997366,127985252.40993345
175.0,264.0,39.0,622.0,493927140.3604031,7968220.890003557,57572.81999998321,1873850.5899992776,63776.45999997591,158339481.09995022
149.0,225.0,34.0,692.0,457066078.7303587,8320419.300003266,55831.46999998306,1480469.1099992339,49811.789999982015,146452670.489948
759.0,63.0,275.0,3.0,241870170.40999985,797654.9999999743,17322.170000002217,514996.5099996727,32657.430000009357,78227983.13998786
615.0,90.0,391.0,4.0,241221891.52000037,779158.9399999699,21485.91000000237,699607.1499996898,40269.03999999957,77939781.47998685
758.0,65.0,274.0,3.0,234586682.14000222,824548.1899999746,16666.960000002524,484096.24999974534,30844.64000000641,75874181.5199964
531.0,44.0,523.0,2.0,185309202.16000018,717461.6399999862,21648.590000001248,354007.8499997821,31900.1700000166,59952761.75999421
468.0,39.0,170.0,423.0,294197783.5500341,5966497.410000432,38231.46000000428,385931.7800000325,22624.209999996467,94478644.35996109
370.0,32.0,364.0,334.0,235944305.1299819,4102949.0599987865,33727.700000007906,293945.4099999651,24600.110000004664,75867359.3599685
247.0,36.0,426.0,391.0,241190346.96997422,5563952.030000033,42688.71999999716,303105.83000001544,25757.500000004733,77369761.4799526
326.0,49.0,207.0,518.0,299719125.97005874,6582450.370001059,43147.149999997404,426185.7100000704,24490.409999996955,96159108.60995568
382.0,57.0,659.0,2.0,163255885.09999922,670816.8299999771,25445.91000000115,379279.86999985564,35767.64000001763,52787165.76997882
246.0,37.0,426.0,391.0,241634940.5399783,5095291.849999545,40867.460000000334,362274.10000005807,27861.79000000735,77551831.12996373
158.0,287.0,401.0,254.0,422412130.6001325,3506347.1699996125,46614.31000000392,2081246.4100002071,77580.51000000983,135698893.46996176
374.0,221.0,309.0,196.0,358091936.7800713,3099308.10999976,36803.23000000718,1423007.2700000883,57312.25999998467,115185206.68994825
157.0,288.0,401.0,254.0,434776095.75012815,3786556.289999707,48401.89000000443,2164788.62999997,80397.39000000627,139639902.21997356
204.0,372.0,195.0,329.0,546162215.1202257,4598208.320000285,53104.14000000171,2801497.7600002745,96568.85000004449,175401175.23998943
180.0,327.0,458.0,135.0,404689694.27005994,2315327.3799997526,43508.80000000716,2164203.080000328,83255.13000001502,130111675.44996825
243.0,443.0,232.0,182.0,528975616.66012424,3029818.0200001053,46836.780000009305,2921395.7499998445,100994.73000002395,169999261.19996864
513.0,303.0,159.0,125.0,453296430.81007594,2312293.5099998214,33834.01000001015,2099616.7300009644,74661.54999999583,145907454.5799472
414.0,245.0,341.0,100.0,364357754.13002044,1786318.5899997787,33808.10000000859,1671641.720000402,65996.84999997553,117299445.02996309
454.0,269.0,140.0,237.0,443885161.4001238,3735653.489999513,38248.25000000938,1825747.300000634,65312.12999998218,142764614.30994534
513.0,304.0,159.0,124.0,440171633.5400576,2024438.069999728,32793.810000011465,2078727.480001254,76659.31999999884,141706976.8799512
249.0,110.0,382.0,359.0,288348275.05001634,4327938.669999116,40152.97000000398,819190.2899995749,40671.589999995755,92621445.72995062
396.0,91.0,316.0,297.0,284454668.1100163,3976979.9399990942,34644.960000007624,650942.519999723,34029.57000000339,91492059.15996617
179.0,388.0,275.0,258.0,502369246.82018155,3907590.229999843,50827.940000000846,2650963.2000003145,92836.94000004182,161347931.3299733
220.0,97.0,466.0,317.0,255908110.73997933,4159915.9899988673,40407.070000000305,647032.5599997748,36909.120000007664,82191132.94995208
252.0,111.0,386.0,351.0,299044772.9200312,4392749.069999096,41050.27000000496,905107.3499994511,42628.999999995794,96044714.34994814
165.0,357.0,348.0,230.0,465316450.66014534,3713448.9200000647,48896.08000000483,2389255.98000006,86941.1600000178,149482206.4099764
360.0,83.0,396.0,261.0,273036509.0499848,3791947.1599990227,35805.560000008496,675572.4999997665,36346.62000000338,87815586.63995953
301.0,340.0,240.0,219.0,462957845.270134,3372070.939999993,43650.840000007,2280037.6300001214,83151.36000001135,148810697.35996342
276.0,312.0,305.0,207.0,447512904.92011213,3088881.709999943,42658.19000000767,2210178.860000293,79693.55000000476,143855597.18996972
278.0,314.0,306.0,202.0,440457782.60006976,2782161.9900004137,42475.4300000084,2236998.440000263,82867.5500000076,141609496.86996984
535.0,395.0,97.0,73.0,526383840.30006146,1812234.5599996378,35100.02000001245,2733244.3999998127,92793.67999999781,169431262.02991772
280.0,574.0,140.0,106.0,652388842.480108,2328931.9899995252,48821.940000014765,3888415.519998503,129900.0100000155,209749570.2699121
614.0,291.0,111.0,84.0,450325062.1500397,1866085.1799996756,30955.44000000975,2093348.9500013117,75523.94999999079,145020536.1699446
473.0,349.0,213.0,65.0,464843067.1700269,1756672.3499996408,34873.730000010335,2343230.460000287,83024.3600000013,149632768.0599575
540.0,400.0,97.0,63.0,523375718.5300361,1628982.9999996033,34332.82000001099,2716177.2600001544,92914.05999999931,168488216.51993352
539.0,256.0,243.0,62.0,395327189.210051,1661796.279999857,30899.600000008122,1786598.5000007967,67927.2399999871,127338898.40995985
238.0,488.0,298.0,76.0,531671048.0400593,1838736.8499994823,44865.60000000949,3107537.049999205,108992.42000002398,170977541.24996743
350.0,462.0,175.0,113.0,581279169.2300743,2212788.489999515,44561.410000013246,3318324.479998831,112909.45000001226,186936280.74994516
278.0,367.0,349.0,106.0,466294483.3400723,2007717.2599996307,41390.32000001082,2526947.0100000366,90787.50000000239,149977419.85997182
282.0,373.0,354.0,91.0,453924582.52006656,1866549.0699997153,41577.35000000907,2501677.7300001145,92309.99000002022,146009378.96997163
258.0,166.0,346.0,330.0,328782789.0900821,4592902.619999512,42691.410000002805,1091056.8799993184,48110.499999986576,105589006.89995503
41.0,209.0,435.0,415.0,350237142.7801344,5503700.110000557,52171.299999992065,1351449.199999344,56450.72999996779,112295702.9999576
282.0,80.0,377.0,361.0,271926352.9499824,4726665.429999236,40177.270000003664,613639.6299998929,34903.64000000408,87316620.4499534
282.0,182.0,276.0,360.0,353536893.96008986,5136895.720000142,43609.0700000034,1123548.5799995027,47384.05999998648,113531249.69994503
314.0,202.0,420.0,164.0,327894562.1300366,2913604.1699998677,39038.170000006525,1364830.9499998696,59754.229999974144,105452301.83995973
395.0,112.0,387.0,206.0,271808473.0699888,3106427.159999682,32822.77000000848,725800.2399996984,38285.23000000184,87477157.70995572
61.0,312.0,474.0,253.0,412049995.76011163,4028040.48999989,51540.520000001816,2077061.6699998602,79828.54000000858,132273961.25997397
61.0,137.0,649.0,253.0,249414256.65998638,3087428.4299997566,42202.28000000366,958413.1399997277,49010.599999988925,80087669.79995355
52.0,117.0,404.0,527.0,315721069.4500909,6870065.870001553,52567.049999985604,815628.859999506,37415.06999999285,101108144.14995137
73.0,163.0,564.0,300.0,297680274.3400402,3784340.779999316,46046.87000000059,1228948.3599996245,55877.77999998056,95552781.05995959
107.0,538.0,239.0,216.0,586337323.670154,3404111.7400004277,53587.50000000864,3415942.669999264,116747.24000004475,188344713.45996183
277.0,446.0,198.0,179.0,514725632.0301298,2908136.4499999746,44286.420000007405,2722875.889999919,93964.43000002409,165474347.309961
122.0,455.0,275.0,248.0,556116764.2201971,3906176.359999991,53934.31000000332,3104856.339999829,107443.25000004307,178618413.4799673
122.0,617.0,113.0,248.0,697404653.9702326,3990325.249999989,59096.30000000476,4163096.849999422,136646.40000004298,224002154.4399331
85.0,431.0,192.0,392.0,565404235.7802758,5243228.960001635,57830.37999999833,2971861.6500000185,100649.2100000436,181465514.18995613
107.0,399.0,100.0,494.0,562400540.9103354,6414177.720002273,58037.429999994325,2689458.14999992,87935.72000001947,180419239.95994467
252.0,405.0,74.0,369.0,562812828.8002497,5205889.570001592,52493.410000004005,2751442.809999773,94408.83000000971,180759622.99990794
252.0,299.0,180.0,369.0,476966161.88020283,5181394.410000945,49213.45000000214,2115233.2500000964,76101.39000000284,153165025.03995562
352.0,417.0,104.0,227.0,542264922.2001799,3801843.6599999475,45264.25000000798,2719078.0999997193,91022.02000001133,174289995.05993724
279.0,330.0,82.0,409.0,527002116.12028366,5614227.470001593,50884.52999999729,2363345.8000001754,80662.89000001176,169226614.91992542
192.0,4.0,757.0,147.0,140761731.90999046,2436680.509999972,34777.52000000281,119224.90999998506,28073.33000002004,45332604.57996193
124.0,4.0,814.0,158.0,124416529.83998965,2717680.659999709,37434.56000000155,70813.24999998689,27584.24000001989,40005874.86996434
142.0,289.0,560.0,109.0,364387409.69003963,1646143.9899997304,41950.16000000769,2018849.1800003673,82963.23000000638,117192815.67997348
192.0,4.0,758.0,146.0,126236253.77999406,2123117.620000144,33723.58000000293,85873.98999999563,27825.000000019725,40669917.49996295
154.0,3.0,606.0,337.0,182410129.80998203,4580959.78999885,40988.32999999939,99791.24999997135,23334.510000005786,58519412.03996132
120.0,244.0,474.0,262.0,351885334.0100721,3589446.0299996794,45495.27000000277,1591063.8899998616,65146.76999997043,113020858.75996295
98.0,3.0,643.0,356.0,173771296.28998253,4532328.819998887,42332.49999999834,116604.31999996922,24255.40000000908,55708367.729955085
75.0,255.0,495.0,275.0,376239810.84009814,4057561.6199993566,48675.850000000064,1731049.8199997793,68614.32999999038,120791106.83995661
90.0,304.0,592.0,114.0,350093598.1800252,1860127.129999791,43006.67000000759,1911170.6500003478,79572.2300000075,112567819.51995905
75.0,255.0,495.0,275.0,374953982.8901193,4220465.779999504,49583.439999999166,1724174.0299997278,70857.06999998639,120353822.78995746
340.0,229.0,218.0,313.0,387637038.55010766,4059900.7699995027,40529.69000000607,1522581.939999828,58923.14999998432,124582571.77996327
307.0,239.0,228.0,326.0,393905784.470133,4561716.509999724,43219.00000000434,1543766.539999871,58713.12999998182,126525306.26995549
427.0,4.0,275.0,394.0,239730588.27997822,5339258.679999657,36343.67000000618,119611.15999997275,18111.799999995987,77005856.97996749
339.0,228.0,220.0,313.0,390323588.56011134,4424208.719999849,41505.990000006066,1482120.4199998633,57555.829999979374,125428984.45995644
463.0,312.0,297.0,28.0,422908180.59001505,1177345.8599997421,33271.06000000888,2160681.77000085,81158.22000000106,136191124.83995867
640.0,6.0,415.0,39.0,169228884.85999644,1181204.820000053,19432.620000000607,90287.16000000943,22274.110000006287,54776343.10999581
424.0,329.0,317.0,30.0,400571826.5600105,1110642.9599997697,31014.22000000872,1954696.9100013701,76406.44999999915,129056327.72994679
604.0,6.0,447.0,43.0,179705218.9299989,1295321.6700000472,21109.190000002294,157863.9499999652,24961.950000008612,58138608.56999524
390.0,4.0,291.0,415.0,234462555.45997682,5369927.589999373,37164.440000007424,109862.29999996682,17692.809999996007,75302222.75996178
602.0,6.0,450.0,42.0,169083638.53999797,1079923.0000000335,20214.980000000643,125252.41000001179,23989.29000000903,54727362.42999465
453.0,115.0,332.0,200.0,283433213.83000714,2756749.919999753,30933.530000008395,855553.8899995886,41537.019999999015,91245218.21996406
425.0,121.0,346.0,208.0,281662696.6700002,2652747.3199998555,30391.900000006903,858211.8799995846,40794.64999999901,90671732.02996413
453.0,116.0,331.0,200.0,297025975.44000596,3646468.779999418,35801.64000000826,871363.3399995941,42573.02999999437,95547268.22995727
452.0,115.0,333.0,200.0,281272214.1400095,2848864.599999606,30289.010000009504,767356.7399995724,38966.44999999551,90588143.1399692
482.0,123.0,353.0,142.0,286986202.29000795,2537479.5499999938,30324.68000000763,881114.2399995201,43301.61999999675,92444830.33996516
480.0,124.0,354.0,142.0,275591373.24000525,2435587.1399998288,30602.840000007913,849023.3299995963,43358.19999999616,88776964.20996831
453.0,128.0,370.0,149.0,272479236.28999054,2420430.189999952,30231.560000005757,811057.599999606,42076.31999999601,87774051.76997338
453.0,129.0,369.0,149.0,276177621.5399983,2267790.6700000404,30007.46000000642,880024.4699995724,43329.78999999428,88964101.74997328
424.0,121.0,347.0,208.0,302787255.71002024,3087497.8999995575,33489.66000000868,952245.6799995085,43164.79999999473,97444845.00996096
452.0,129.0,370.0,149.0,280030961.5300013,2195528.8499999866,30405.840000006407,956714.4299995817,46164.64999999379,90179192.93996081
226.0,342.0,105.0,427.0,530134247.84032065,6178264.500002168,54184.51999999347,2372912.1000002306,79968.66000002169,170150870.17994738
189.0,357.0,109.0,445.0,553945997.6502568,5799123.430002028,55355.58999999854,2662338.2300000037,89751.89000002426,177817108.97993025
226.0,343.0,105.0,426.0,510494702.72025985,6151442.240002093,53783.97999999593,2248082.5599999963,76336.55000001293,163822978.30996868
226.0,342.0,106.0,426.0,516460864.6302475,5811683.330001713,52455.41999999917,2325587.2599999495,79164.05000000042,165773702.69994462
241.0,364.0,111.0,384.0,536469705.79023314,4853422.210000545,50156.920000002145,2614703.079999939,87157.74000002038,172267576.69993696
240.0,364.0,113.0,383.0,510097568.2402696,5445839.350000936,50607.10999999889,2304023.580000062,78984.07000000912,163779222.96994904
201.0,380.0,118.0,401.0,552129225.9405462,7201613.080004279,61019.539999979024,2480723.810000918,88986.83000009599,177221613.24991706
201.0,381.0,117.0,401.0,548726889.6602832,5760523.740001852,54449.809999999474,2628184.429999756,87897.21000001983,176134647.29994592
188.0,357.0,111.0,444.0,518636323.8203179,6260889.900002135,54611.4899999962,2312708.350000029,79910.65000001791,166438190.49995202
201.0,381.0,118.0,400.0,527848035.00027555,5494124.220001404,53243.889999998086,2514257.2999998606,86839.90000003364,169449466.5799484
214.0,217.0,203.0,466.0,420158339.8702262,6125615.290001752,50260.719999994166,1566834.489999631,58813.749999978674,134805563.2299608
165.0,229.0,215.0,491.0,422127558.6401975,6241273.040001741,51712.13999999543,1610923.129999584,59864.38999997941,135397015.53996035
189.0,319.0,180.0,412.0,481996146.2702485,5486706.680001249,52008.01999999687,2156734.540000197,77010.58000001937,154716481.2799629
189.0,192.0,308.0,411.0,367673647.6301512,5657511.690000605,48443.319999995416,1283829.2699993956,51766.84999998091,117965231.48994853
269.0,273.0,256.0,302.0,418499779.28014374,4338615.889999672,45402.20000000282,1839408.1000000166,69164.64999998764,134429564.41996744
202.0,341.0,330.0,227.0,440379464.49012613,3772120.9299997683,46768.49000000433,2119737.260000226,79063.34000000365,141497053.3199647
179.0,248.0,398.0,275.0,369513782.9800835,3774684.2799996706,44586.53000000273,1603681.929999993,65049.64999996998,118705993.10994726
179.0,413.0,233.0,275.0,513514493.00018674,4171766.7699998305,50517.74000000237,2636946.259999892,92429.0800000359,164938902.139977
129.0,298.0,288.0,385.0,447046807.980211,5298858.36000067,51765.29999999874,1982666.9799999294,72346.27999998796,143474201.70996562
156.0,359.0,346.0,239.0,460285041.7901283,3521222.419999928,47948.20000000369,2375502.5800000997,86964.5300000192,147875979.85996455
329.0,331.0,322.0,118.0,442399356.60007,2256347.1899998384,40083.820000010775,2273858.8000004105,84514.48000000548,142312319.2499653
301.0,343.0,333.0,123.0,439981171.81004375,1976638.0899995898,39998.46000001093,2337684.220000458,87657.46000001223,141537878.11997578
441.0,67.0,433.0,159.0,234913075.76999035,2608934.2599998554,29731.2700000049,491290.47999984864,32472.810000014015,75689484.48997709
441.0,444.0,56.0,159.0,576277404.0601516,2976801.219999896,42257.05000000989,3018977.7899995577,100853.02000001476,185333906.74990594
272.0,274.0,267.0,287.0,405367619.6501048,3876446.039999612,42738.88000000387,1761636.2500000903,64729.2599999792,130239857.23995948
472.0,71.0,60.0,497.0,327247317.8700846,6126270.430000733,37805.40000000624,532719.76999996,24733.319999996103,105098737.21994969
317.0,361.0,45.0,377.0,530177523.18024254,5099326.4200006565,47700.890000002284,2437538.6200001067,81163.32000000511,170284291.23993865
317.0,54.0,351.0,378.0,261648690.28997976,5045022.009999532,39351.870000001334,461993.65000006335,28673.50000000557,84002724.75996362
640.0,109.0,91.0,260.0,329163410.93005395,3900081.909999122,29554.200000010125,806278.0899994861,35945.639999996914,105960365.30995242
440.0,75.0,62.0,523.0,346828980.71013546,7168737.50000172,43401.38999999757,601789.8499998455,26541.33999999441,111283204.1099397
482.0,100.0,82.0,436.0,335398940.21007776,5596802.4500000095,37076.21000000728,693121.4799997087,30667.819999996354,107766837.15993907
435.0,108.0,88.0,469.0,345191198.85010993,6036995.600000719,40036.77000000437,744151.6299995878,31271.46999999644,110835209.81994486
409.0,250.0,70.0,371.0,454151651.6201766,4990618.330000392,43363.05000000397,1826123.8800001454,65273.80999998131,145896979.42995152
315.0,66.0,434.0,285.0,235120896.73998278,3790513.569999028,34744.62000000714,420762.1199999829,29877.71000001142,75594357.47996911
448.0,93.0,77.0,482.0,347924331.8501283,5880434.300000681,38671.07000000442,750733.9299995515,31181.159999993837,111740774.22994947
271.0,165.0,373.0,291.0,317145579.9000383,3992595.209999308,41051.37000000672,1086703.319999538,49414.17999998525,101910131.8499563
264.0,65.0,433.0,338.0,240171060.7199824,4267460.769998821,38515.44000000265,461800.58000002184,30730.6800000103,77144006.84996277
343.0,249.0,70.0,438.0,466053862.7602386,5869719.500001377,47242.7699999989,1784267.38000012,63136.219999979374,149650687.50994053
247.0,180.0,406.0,267.0,347555087.6900733,3876616.5999993896,43204.55000000318,1379315.289999859,58152.749999977066,111670445.79994994
237.0,172.0,388.0,303.0,330372922.4000562,4068107.299999299,42120.16000000465,1213187.7799995595,52114.889999988736,106129046.42995974
96.0,486.0,468.0,50.0,510647825.1900295,1371092.409999439,47361.39000001294,3201783.9499992817,115121.3200000398,164182993.3600137
20.0,523.0,503.0,54.0,551399127.2600439,1565365.779999364,52373.36000001481,3588821.699998748,128327.90000004093,177219150.12000057
81.0,578.0,398.0,43.0,586686624.0900182,1250996.7399993541,50629.88000001585,3832675.6899982872,132766.820000023,188597216.56998715
116.0,587.0,336.0,61.0,611689689.500038,1504263.6099994287,50578.85000001344,3922131.2899985006,132959.8300000169,196634609.95997268
89.0,452.0,436.0,123.0,513505990.16010135,2320137.5999996196,51366.34000000991,3100329.75999964,113816.39000004648,165034264.4499939
89.0,631.0,258.0,122.0,674525362.3801094,2406064.3799998495,56658.28000001366,4298673.0099988505,146183.62000001935,216765322.37994844
23.0,584.0,334.0,159.0,641165535.0601368,2663453.1099995375,58234.02000001406,4110846.2099989047,142281.29000003228,205976105.41997412
16.0,576.0,396.0,112.0,607289447.2100877,2024523.8999993578,54614.37000001297,3920729.9899989716,134523.1700000331,195128360.09001377
20.0,728.0,298.0,54.0,741270595.6200376,1636102.7299990628,59318.24000002,5015137.4999997,167174.25999997082,238215226.10994357
18.0,675.0,276.0,131.0,718179683.2701315,2417783.2299997373,59884.26000001589,4711847.4899996845,156274.31000000896,230731898.16997832
63.0,110.0,307.0,620.0,327422394.1500927,7369032.680002109,53255.68999998826,824086.7799996979,36661.410000001124,104824903.99995232
435.0,70.0,197.0,398.0,313593130.8100858,5480792.020000158,38230.55000000471,603358.5299997318,29926.990000001,100736762.42994943
63.0,111.0,307.0,619.0,326573974.1401207,7597349.3100022795,54101.879999984536,776736.9699996851,34809.55000000093,104533109.29995394
87.0,150.0,15.0,848.0,456595269.7504389,10774875.139995506,65293.36999996517,1205766.1999987592,41013.86999998381,146084991.2099474
76.0,132.0,368.0,524.0,340187794.2201034,6597737.310001566,52643.00999999113,1039961.6499993905,45613.71999998688,109008925.13995372
112.0,197.0,20.0,771.0,470886795.1904185,9344852.070000341,61038.049999974835,1506103.3499990313,51207.86999997812,150800808.41995293
603.0,98.0,10.0,389.0,350336858.0100978,5601501.970000268,35043.820000011685,709521.3399996272,29724.209999993713,112605197.61995173
486.0,80.0,221.0,313.0,298681900.79002947,4089372.169998957,33190.91000001134,698008.9799996415,34973.88000000125,96073181.3899533
525.0,86.0,9.0,480.0,352040529.8901464,5989826.260000748,37345.3800000083,734109.4799995214,30971.96999999349,113077223.12994647
603.0,99.0,10.0,388.0,337844263.8100947,5284126.09999973,32305.920000013437,569931.5399997708,25783.15999999433,108663976.12993892
250.0,278.0,400.0,172.0,389276015.49007964,2804997.789999805,41870.06000000562,1861999.6000003887,73470.49000000373,125166556.27995434
216.0,289.0,416.0,179.0,396001734.69007003,2516704.259999944,41548.330000005895,1970023.6500004085,75880.57999999722,127319215.15996379
249.0,279.0,400.0,172.0,380427583.3500801,2915658.589999854,41987.32000000438,1812564.3500004115,72063.47999998463,122308836.64995869
299.0,334.0,261.0,206.0,459336857.5601038,3079963.239999914,42781.65000000672,2279798.81000043,81632.57000000728,147665230.64996478
278.0,310.0,446.0,66.0,410262449.840025,1564355.5199996994,39624.950000009216,2238993.9300007797,86529.50000000889,132002998.37995656
341.0,382.0,297.0,80.0,471452964.5900488,1583159.4199997569,39207.70000001075,2588157.04999999,93454.64000001436,151691642.21996957
299.0,402.0,314.0,85.0,469618870.7900498,1811695.9299997322,40132.150000010544,2566572.6000001696,90900.29000000817,151076276.0399812
242.0,325.0,465.0,68.0,391450440.41002953,1554582.8599997535,39291.910000007505,2100862.8100005933,81716.21000000215,125960979.79996553
261.0,350.0,273.0,216.0,488038320.88011557,3356829.7000001455,45494.96000000854,2475681.4899999676,87961.32000001369,156858431.71995485
299.0,402.0,314.0,85.0,474948982.590047,1757550.939999586,41144.76000001251,2651886.5599996955,95463.57000000871,152781767.79997253
439.0,214.0,104.0,343.0,408594297.6701583,5182817.310000223,40849.56000000697,1405050.2599998123,51339.87999998584,131279089.82994522
177.0,299.0,145.0,479.0,465193347.1902588,6257827.2000018675,52756.55999999508,1925373.6899998323,67757.90999998443,149233505.70995355
355.0,384.0,84.0,277.0,526004332.99018794,4007238.2299997215,44488.55000000737,2525913.500000168,86507.33000000761,169056597.43991405
425.0,207.0,135.0,333.0,416850613.1201448,4786489.060000017,41991.74000000654,1568180.969999968,58185.14999998208,133943015.17995523
503.0,245.0,119.0,233.0,415435508.26010865,3673837.5599997235,36193.370000009614,1618857.0700003859,59512.099999983846,133627513.57994491
384.0,416.0,122.0,178.0,562547749.660124,3018211.5599999935,44856.90000000856,2979324.88999963,102792.0800000199,180891261.10993668
204.0,345.0,224.0,327.0,480701213.04020697,4750577.780000044,50469.9400000021,2282513.9900002396,80857.51000002082,154365906.28997466
153.0,575.0,126.0,246.0,655199213.0901681,3458542.080000785,53947.58000001265,3856574.669999042,126181.24000003103,210486559.78993118
129.0,482.0,141.0,348.0,627547089.5802679,4751930.830000697,57065.669999998594,3445211.99000034,111992.43000005616,201505482.01995268
148.0,554.0,162.0,236.0,649219577.170195,3668774.6400002255,55118.280000005856,3794454.379999354,123928.65000003755,208555335.679936
178.0,474.0,365.0,83.0,519566837.71003985,1476050.9799995506,44553.98000001286,3129634.7499992275,109429.93000001843,167076906.6099894
325.0,399.0,306.0,70.0,465583886.1000336,1525456.149999645,38453.91000001117,2547432.080000091,93177.63000001505,149820308.23997152
234.0,281.0,477.0,108.0,357910926.330033,2133823.969999839,39969.880000007724,1778532.0300003914,73208.96999998305,115120882.24996066
173.0,460.0,387.0,80.0,512708373.62005794,1856593.40999952,46633.82000001167,3074132.0799996685,108900.97000003433,164832273.20999643
133.0,352.0,271.0,344.0,509081351.31022125,4767541.410000467,53721.57000000043,2574749.7099999767,89169.99000002461,163417750.79996002
156.0,188.0,350.0,406.0,355827477.5800983,4714745.39999967,45622.35000000284,1355095.3799995028,55392.87999997609,114204707.72996007
247.0,303.0,255.0,295.0,471658508.09016156,4204082.579999768,47923.470000005545,2256532.180000101,82496.07000000645,151529953.20996416
298.0,165.0,281.0,356.0,355541287.930105,4479317.409999488,41843.03000000289,1271735.4799995266,52048.08999998369,114214495.34995866
393.0,218.0,405.0,84.0,355766232.9400153,1622228.2299998552,32610.730000007123,1588103.2400006403,65359.43999997762,114586781.99994764
291.0,161.0,300.0,348.0,363948946.0300963,4538330.749999692,42651.040000004934,1323169.8399996397,55233.17999998431,116912508.53996442
319.0,195.0,563.0,23.0,295633847.7199996,883069.6599998781,33552.72000000728,1480364.620000301,67882.4199999785,95240971.1999653
386.0,178.0,515.0,21.0,272632605.9899969,889690.5599999005,29859.51000000409,1198569.2500000496,55135.249999987966,87881627.58996516
377.0,31.0,665.0,27.0,145457633.00999892,845208.3100000035,25182.34000000066,220217.88999990496,30215.120000019797,47050807.58997809
436.0,267.0,365.0,32.0,363567840.1400049,1061790.4699998486,31757.85000000691,1755252.4600007876,70068.8299999887,117126725.51995479
279.0,171.0,492.0,158.0,294938083.34001225,2538217.579999855,37858.15000000468,1203961.5699997188,55877.589999979966,94879692.08996314
443.0,36.0,371.0,250.0,247910135.6399844,3721357.9199991813,32603.810000008812,414404.23999991216,28863.470000006026,79779419.3499672
436.0,202.0,276.0,186.0,342281251.28003377,2787850.0199998934,33870.140000009575,1291923.8599999784,54042.67999998521,110154926.10995576
389.0,24.0,520.0,167.0,185458824.53999048,2682608.6799997822,30375.8900000056,189302.63999994044,25761.15000000957,59766584.34997973
628.0,39.0,398.0,35.0,190659277.07999748,997975.8800000024,19591.70000000145,322743.63999984285,27753.840000009164,61654759.270000115
518.0,32.0,328.0,222.0,227868451.90998802,2863972.0599997616,27037.25000000428,292495.12999989075,26129.93000000286,73456262.12998547
407.0,331.0,137.0,225.0,471810629.0801596,3657042.4299996914,41669.93000000952,2185403.930000387,77847.37999999445,151689742.0099511
74.0,490.0,203.0,333.0,602009238.4502372,4584989.530000583,57454.4600000048,3348877.88999959,110624.33000003867,193266981.0599582
450.0,250.0,151.0,249.0,423273016.790119,3534136.389999618,36728.11000000961,1715721.4500006794,63853.55999998108,136147311.91993532
335.0,272.0,308.0,185.0,388967035.5600537,2812530.9700000524,37639.680000008935,1717731.5700003149,66292.659999978,125117439.0199602
374.0,304.0,126.0,296.0,467503704.7701399,4242590.299999769,42502.20000000541,2041196.7100004884,69576.96999999206,150240283.9699494
337.0,187.0,310.0,266.0,349003213.66009355,3939230.989999394,40086.34000000422,1275761.1899996025,53544.82999998349,112187003.95995726
51.0,338.0,383.0,328.0,447788020.1901662,4549769.000000164,52724.260000000686,2239020.5299997586,80965.37000000781,143708004.16996887
74.0,339.0,205.0,482.0,462536453.4402973,6552311.5500021,55574.23999998749,1929779.4499994807,66151.84999997656,148311386.16996315
63.0,284.0,471.0,282.0,405010664.1301203,4214385.009999605,51663.320000000414,1984746.459999851,78931.769999998,130007456.24996895
56.0,256.0,424.0,364.0,407736336.5301416,5056564.770000461,52808.65999999987,1847283.3599997184,70839.80999999204,130820955.67996882
489.0,25.0,392.0,194.0,211385775.69999033,2852083.259999691,29268.130000006975,312853.71999991796,27902.95000000743,68100188.22998495
321.0,31.0,501.0,247.0,195920785.4399875,3367844.019999489,33550.36000000617,223339.82999992682,26358.110000011853,63030695.15997452
334.0,367.0,267.0,132.0,484391527.19008803,2441755.2799998373,41717.21000000876,2562677.930000187,92292.2900000151,155792367.0799596
669.0,34.0,132.0,265.0,265659500.27998906,3442238.4399992493,24651.350000004604,329324.06999981985,22296.84999999846,85616368.7699724
428.0,22.0,343.0,307.0,232947221.76998731,4174841.689998739,32397.28000000852,204915.41999993846,21405.690000002352,74941170.2399729
365.0,401.0,72.0,262.0,559723466.8601947,4010295.949999731,46216.61000000323,2813848.3200001903,92513.16000002561,179875752.65992728
382.0,37.0,147.0,534.0,297193586.4400534,6924750.030001332,42311.50999999788,348455.97000008996,20775.929999996202,95304391.88995281
180.0,386.0,282.0,252.0,501137469.16014546,3461549.2800001386,48494.13000000444,2661711.2099999795,93066.74000002582,160999950.86998013
256.0,548.0,98.0,198.0,635709844.2501447,3366012.0900006257,50806.96000001082,3631994.4099988956,118950.28000001956,204294478.53991723
224.0,478.0,86.0,312.0,605475106.7402928,4864944.57000064,53874.67000000222,3176306.850000076,103646.77000003903,194456042.93992674
148.0,366.0,51.0,535.0,545994562.6203626,6876222.950002572,57120.019999991506,2452369.4200001042,78625.21000001632,175124350.40994698
422.0,260.0,37.0,381.0,464851308.97023046,5682333.350000967,44526.900000002235,1750084.2500000328,60257.27999998336,149315762.54993793
175.0,232.0,61.0,632.0,476934875.7803251,7556520.6700029215,54947.169999987185,1763342.139999469,57729.71999998091,152900514.25994945
110.0,270.0,324.0,396.0,403930967.80018795,5650415.860001269,52136.53999999476,1661617.509999661,62540.04999997191,129567586.8799668
284.0,699.0,98.0,19.0,724127312.9200264,1202873.2599993264,48198.3300000205,4595751.099998386,152473.6099999755,232902033.4798465
206.0,273.0,607.0,14.0,341602402.46999604,798615.9499998839,37708.40000000641,1889930.9000004255,78036.85000000312,109972673.35996185
463.0,286.0,343.0,8.0,396060011.9900009,939147.8299998053,31305.320000007723,1986507.8200012255,77139.86999999579,127599844.10995126
767.0,254.0,66.0,13.0,425087030.25000745,1041451.309999795,22985.900000006735,1803839.150001695,67076.09999999052,137093171.64992675
370.0,123.0,273.0,334.0,300846239.660014,4596280.639999251,38147.110000006855,780837.6199996057,37710.839999999414,96658787.3399594
527.0,175.0,389.0,9.0,297358844.2099993,847963.0599999205,26448.040000003966,1185621.2499999378,54461.97999998368,95927763.61995721
98.0,300.0,324.0,378.0,425443880.99015707,4697866.530000307,50525.99999999971,1965930.3599999347,72774.30999999565,136543982.88997003
235.0,259.0,280.0,326.0,418240209.61014074,4459831.859999792,46215.60000000275,1803338.8600000269,68363.68999998609,134344634.17995572
98.0,301.0,324.0,377.0,448948638.3402161,5268603.690000721,52851.349999996775,2067989.6799996675,74780.73000000622,144052563.63997826
102.0,310.0,297.0,391.0,444663238.82017565,4624097.3899999615,50689.10000000073,2122277.1099998066,77348.90000000704,142733216.22997752
116.0,355.0,384.0,245.0,490986681.4901432,3464704.290000119,51188.39000000567,2689440.9400000507,97842.00000004335,157710696.58999062
121.0,370.0,354.0,255.0,484377266.8301886,4122206.469999605,51521.30000000176,2490319.309999761,88080.2900000201,155546394.16997498
281.0,309.0,296.0,214.0,429663860.2901072,3405813.670000186,43296.15000000392,2060378.560000319,75630.2199999998,138090548.25996825
271.0,300.0,323.0,206.0,423760495.3200734,3254474.860000287,42340.730000007046,1994024.7800001956,75919.54000000122,136234715.47997096
242.0,267.0,255.0,336.0,432868651.06017977,4816986.840000159,47664.98999999969,1881632.0200000415,69843.56999999023,138993550.9699704
281.0,310.0,296.0,213.0,427238649.81008035,3085356.220000054,42191.100000010265,2069261.1800004318,76388.57000000015,137337738.19996396
415.0,616.0,8.0,61.0,680390935.3600407,1718543.269999241,43781.25000001634,4043821.4699975727,134010.86999997843,218875170.87984574
508.0,532.0,7.0,53.0,627424318.0100368,1642551.6099994308,38987.120000013376,3543364.9799985182,116126.46999998923,201901474.52986777
414.0,617.0,8.0,61.0,698948441.0200901,2061391.0799992054,46535.60000001656,4160503.639997713,137197.239999994,224806659.12986183
269.0,400.0,391.0,40.0,466297280.95001644,1297095.6699996323,41538.980000011514,2705739.4699996184,100690.73000000959,150029012.2699886
292.0,434.0,6.0,368.0,591797594.6702131,5009719.590001435,50508.300000003714,2911734.649999915,95335.44000001636,190104230.8599006
211.0,314.0,308.0,267.0,441768693.7301225,3644985.2699999046,45753.970000004534,2132930.160000368,77757.32000000117,141937870.4899665
278.0,290.0,285.0,247.0,421073550.1501265,3691300.109999749,43025.070000006,1916652.430000337,72585.4999999948,135338026.45995876
373.0,391.0,5.0,331.0,558005865.3202372,4833636.29000078,47481.070000007574,2656675.849999841,88346.28000001062,179283741.60991874
346.0,363.0,355.0,36.0,419649478.360013,1205197.4999997804,36335.81000000777,2243205.840000753,84257.29000000228,135088574.9899639
278.0,291.0,284.0,247.0,420113172.77009356,3398503.6500001242,42738.580000006616,1963220.4400004777,74987.92999999721,135050852.21996585
364.0,90.0,306.0,340.0,286507659.6500148,4827090.75999942,38458.31000000362,605818.2299998231,33157.49000000673,92065897.69994712
298.0,98.0,334.0,370.0,286284680.7000086,4782998.20999929,39733.59000000477,681671.3599997718,35073.04000000392,91935196.23995252
307.0,246.0,259.0,288.0,396198501.59009475,3712844.029999594,40345.58000000617,1655164.3200001735,62556.699999978075,127346208.74995655
457.0,113.0,103.0,427.0,363709158.9701088,5382693.75000024,38706.00000000661,969453.4199993158,39670.47999999398,116864652.3399438
403.0,100.0,340.0,257.0,279590344.6200036,3459337.8999995026,33512.04000000913,704901.1999996278,37142.480000002535,89969753.35995294
413.0,331.0,93.0,263.0,482762301.2001394,3439192.2299998775,39555.790000009416,2227891.060000487,77748.0700000008,155242478.9599448
444.0,146.0,133.0,377.0,354835774.28010446,4944925.969999649,37352.4700000067,992519.7599993073,40292.779999993814,114038416.07994956
273.0,291.0,305.0,231.0,401092931.63010556,3363986.6199997514,42791.84000000288,1858648.5200002203,70337.91999998724,128902028.44996735
305.0,325.0,91.0,379.0,509781745.84024614,5273862.410000909,48981.960000000574,2294542.440000126,78280.61000000768,163709601.48993966
342.0,365.0,103.0,290.0,536978813.8901924,4242411.2299996605,46585.07000000585,2634258.460000214,89806.00000001224,172558180.31992692
257.0,458.0,166.0,219.0,572715417.8901544,3454832.6100004045,49360.66000000879,3164012.3099994515,106540.1600000248,184023869.6099544
131.0,526.0,191.0,252.0,605705359.270199,4077106.8100004,56026.86000000652,3448535.9699995075,116928.34000004391,194535349.14996558
359.0,200.0,233.0,308.0,378195166.14010674,4410963.399999612,41240.20000000306,1398466.229999767,55208.85999998331,121519364.85995251
205.0,365.0,355.0,175.0,433385184.0900539,2447358.5500001973,42903.410000010546,2313430.090000212,85811.48000001033,139313219.91997284
303.0,542.0,197.0,58.0,618169559.2300649,1743949.099999343,46759.87000001359,3724523.6399984634,126979.4700000187,198813246.8099351
316.0,176.0,548.0,60.0,276605595.18999934,1316273.2899998748,33002.32000000545,1204348.7699998617,57292.059999981546,89113119.84996188
118.0,472.0,460.0,50.0,483839613.3600254,1322998.1699995734,45494.160000010284,2978747.809999611,108196.02000003085,155579943.3300059
266.0,333.0,387.0,114.0,435634784.52005625,2150659.809999667,41796.45000000855,2326000.700000193,87386.84000000903,140108148.20998153
136.0,170.0,532.0,262.0,300965164.8600338,4020110.059999319,45235.01000000067,1145068.6399995473,54285.199999978504,96631508.67995554
167.0,209.0,652.0,72.0,289188794.5200004,1470356.3899998805,37970.490000007005,1451010.2900000522,66156.80999997325,93058050.46996188
312.0,110.0,153.0,525.0,360970772.23015,6828452.920001545,46480.89999999485,899288.7299992973,36366.07999999264,115770924.9699549
80.0,142.0,198.0,680.0,390699409.5402728,8676457.870002503,58861.83999997505,1070801.7099991178,40983.299999989526,125084518.81995456
249.0,311.0,122.0,418.0,493167128.9402197,5751432.550001578,50424.0100000006,2117561.189999969,73353.77000000038,158320349.0299537
332.0,117.0,93.0,558.0,381774073.2302301,7155859.560002063,46706.059999992955,952541.9799992167,36715.49999999054,122459234.83994262
253.0,89.0,124.0,634.0,337086910.280154,7794157.140002464,48515.46999998972,619014.1099998753,27315.46999999618,108004830.53995605
218.0,273.0,62.0,547.0,483140353.51034945,7187127.76000271,53773.28999999001,1834614.8599995535,62076.46999997883,154971726.10994676
65.0,116.0,93.0,826.0,397874832.9103352,9791553.28999906,59867.06999996988,905602.9599993041,31949.69999999293,127275980.08995484
49.0,309.0,122.0,620.0,509507696.660406,7795916.85000325,61230.539999981054,2123143.2299991734,70061.88999998837,163285839.1999574
64.0,403.0,91.0,542.0,565882687.4803555,6578498.250002699,59562.66999999105,2727575.2100000647,88191.64000003037,181493768.51995206
52.0,325.0,73.0,650.0,541554711.9804788,8325542.880004416,63930.92999997826,2303780.9999998123,77781.8300000182,173568588.57994777
287.0,220.0,235.0,358.0,400377891.57017624,4811128.149999791,44574.52000000183,1566815.0199998296,59193.389999977466,128583260.67996
221.0,238.0,254.0,387.0,403825220.4601828,5432206.260000717,47426.899999999114,1529301.5299996678,57659.76999998193,129624669.77996011
265.0,289.0,216.0,330.0,445001640.1001659,4474740.809999863,46168.90000000183,1961791.0600002774,70819.00999999206,142942471.46995252
293.0,225.0,217.0,365.0,396174915.5301524,5125507.870000345,44660.72000000124,1454602.6399997035,55160.79999998263,127216101.15995196
387.0,297.0,316.0,100.0,401114466.19004786,1918433.899999781,35600.84000000825,1945739.5500007425,73609.94999999649,129093868.0499607
356.0,388.0,264.0,92.0,475939181.9100742,2037960.509999654,39766.200000010016,2531730.90000006,91524.05000001406,153122353.26995245
316.0,340.0,329.0,115.0,438818670.4700706,2272855.739999763,41009.720000010195,2294754.910000538,87112.33000001228,141139649.33996874
272.0,417.0,312.0,99.0,511135985.70005524,1969907.1499995296,43426.63000000986,2896279.5999996695,102055.55000001554,164388869.6499621
207.0,316.0,215.0,362.0,461150465.2602075,5057789.040000379,49354.340000002536,2072656.539999821,73863.50000000282,148061671.65996832
279.0,428.0,291.0,102.0,508556319.24006766,2109371.969999614,43216.16000001052,2830247.829999631,101016.35000001416,163569874.14995378
392.0,258.0,286.0,164.0,403465298.4300593,2602109.329999908,37307.19000000874,1856663.6200006204,70404.4799999887,129806081.66995242
503.0,217.0,242.0,138.0,362436736.6400551,2257799.759999962,31617.130000010304,1482867.4900002792,60225.069999979394,116704414.21996357
335.0,380.0,245.0,140.0,501037507.7300971,2511940.5699999016,42031.900000007205,2628557.1200000127,92234.68000002335,161144209.09995577
408.0,268.0,253.0,171.0,412788190.7600759,2606340.5400000215,37592.470000008354,1924414.5700006231,72535.02999999291,132796817.75996341
339.0,223.0,248.0,290.0,383348546.78010416,3784540.5599996513,38964.74000000589,1484675.0800001,57613.21999998091,123247449.90995418
305.0,346.0,189.0,260.0,490074424.08013606,3726785.820000028,45306.58000000717,2408512.3800001675,84601.96000001366,157491515.83997098
458.0,198.0,187.0,257.0,358305798.4500755,3351569.619999735,33443.49000001096,1239048.2299998042,50189.56999998707,115292001.80995777
395.0,294.0,190.0,221.0,418756210.0701056,3429214.9299997026,38186.100000007595,1779408.230000427,65721.59999998049,134665825.0099536
453.0,337.0,185.0,125.0,465992883.18006355,2223689.0199996596,36717.67000000891,2296632.7900008485,83013.33000000379,149961148.03995487
405.0,302.0,166.0,227.0,441744368.87010604,3750371.4000000088,40748.1800000077,1933621.4500002507,69263.46999999104,142010427.8299762
13.0,375.0,393.0,319.0,478560588.50014263,3907539.9500000062,53301.65000000428,2605076.9799997145,92581.73000002552,153621318.2899903
122.0,338.0,353.0,287.0,435280647.2601823,4592734.0699997945,50596.939999998634,2059684.869999812,75206.98000000435,139735480.4599745
19.0,64.0,561.0,456.0,239429748.32997602,5632864.660000088,49228.24999999135,530742.000000203,34233.40000001133,76666237.54994485
14.0,384.0,375.0,327.0,481510035.8302278,4924565.2700005565,57198.71999999829,2497325.380000035,91543.29000004614,154514306.29998988
12.0,344.0,359.0,385.0,478725492.5802155,5619217.470001469,58674.859999996785,2370144.229999815,87542.09000002182,153560994.11998704
17.0,58.0,477.0,548.0,264546840.50997034,6855790.700001508,52240.66999998772,498073.13000020524,31039.310000004825,84645285.45994823
114.0,318.0,311.0,357.0,472181157.86021745,5065753.130000725,53661.09999999857,2284263.699999776,81994.22000001043,151538613.02996674
150.0,49.0,435.0,466.0,260999627.54997253,6357676.7500009015,47929.97999999327,421550.46000012284,28724.03000000591,83633351.11994928
172.0,56.0,466.0,406.0,241009542.80997616,5184682.619999678,43652.34999999836,437927.620000118,30682.490000010213,77287987.81995867
154.0,50.0,417.0,479.0,255056702.21997738,5622305.589999986,45076.399999995665,484686.2500001269,30572.880000009016,81762757.74995291
25.0,493.0,468.0,114.0,516957689.92010546,2260768.909999693,52039.06000001023,3186589.4299996295,113195.21000005376,166102020.74001485
189.0,418.0,396.0,97.0,468101375.2200525,2019441.599999664,45138.04000001063,2668770.689999716,98096.72000002167,150512309.9799715
29.0,396.0,542.0,133.0,437109148.7900617,2283700.119999742,49507.18000000987,2570587.9399997895,96923.83000003954,140447561.83999634
17.0,332.0,674.0,77.0,349390434.250023,1517551.139999753,44911.210000007384,2069228.4900001572,84452.49000002528,112309409.38996536
14.0,278.0,263.0,545.0,467883803.1002897,7379243.520002674,60802.249999987325,1932893.8399991933,69073.15999998583,149938954.26997393
12.0,161.0,472.0,455.0,324102370.4600797,5869590.500000842,52645.78999998955,1130841.3099993502,50619.21999998233,103850013.319955
91.0,202.0,411.0,396.0,343899403.3901123,5286158.600000321,49470.90999999484,1269988.1299995088,52759.699999980956,110299048.1799566
123.0,188.0,257.0,532.0,406651010.4602175,6540937.890001868,53150.53999998994,1475665.7999994361,56247.40999997736,130387404.95995913
146.0,223.0,656.0,75.0,268584182.0499959,1543789.8699999196,38402.64000000509,1290795.0299999425,62026.029999969025,86427232.99995756
97.0,148.0,435.0,420.0,1386793502.0677183,54227723.840328254,309818.93999921496,3813857.170013819,321577.93000078865,444119696.2022659
191.0,348.0,340.0,221.0,460845434.0800996,2919890.2600001567,45918.03000000803,2454152.4799999665,89001.80000001818,148101267.6599806
243.0,328.0,320.0,209.0,419786289.7100969,3184605.429999874,43269.34000000654,2023826.860000372,76539.32999999903,134929136.47996503
201.0,311.0,356.0,232.0,409727827.2600742,3186196.040000159,43642.38000000739,2020024.0000002813,77449.51999999955,131664362.21996702
231.0,419.0,183.0,267.0,542343459.5001777,4305341.7100005485,50411.410000004646,2806057.2899998785,96041.56000002543,174200459.90994635
207.0,376.0,366.0,151.0,451615116.5900974,2983119.6199999927,44483.810000007266,2329177.0500002964,85062.08000001374,145156533.06996724
270.0,419.0,214.0,197.0,543139929.5401509,3376424.410000006,48485.91000000757,2940310.2599997493,102688.75000002587,174558710.6599624
316.0,427.0,186.0,171.0,531847104.1601125,2873638.469999996,44700.54000000803,2871046.579999983,98150.29000001862,170972025.46994728
274.0,316.0,361.0,149.0,406145288.1800787,2711895.1099999,41965.670000007856,2013070.1300004001,78426.84000000157,130599426.33996414
306.0,352.0,180.0,262.0,521801663.4301857,4358298.2700001225,49421.41000000254,2584251.3100003423,88794.53000002247,167644186.86995023
335.0,386.0,197.0,182.0,481246293.2800899,2861425.7900001355,42107.04000000773,2458160.1500002616,86685.25000000653,154742691.37995574
565.0,147.0,129.0,259.0,350043380.1700795,3681479.199999242,31757.520000011536,1043728.0799992366,44200.03999999251,112663138.12994544
623.0,131.0,115.0,231.0,345921899.03006005,3709947.1099993754,30303.240000010108,940322.0699993826,39777.209999995204,111372771.86994988
456.0,331.0,104.0,209.0,488379221.37013066,3545375.010000177,40674.180000009605,2273839.050000433,80557.60000000242,157046995.1699351
426.0,111.0,367.0,196.0,273135695.89999384,3132034.489999597,33249.67000000781,757567.6499996415,38841.609999998116,87913151.1099627
663.0,172.0,152.0,113.0,339217332.1400383,2219793.2699999814,26084.430000006632,1133382.5299996634,47115.889999992745,109337409.18994482
399.0,290.0,343.0,68.0,401317281.0000207,1425280.6899997669,34675.440000009905,2053854.9800009462,78519.83999999463,129196555.44996399
538.0,113.0,375.0,74.0,263720166.93999466,1466286.6599999354,25243.60000000378,821668.0399996053,43143.129999999706,85082251.48997796
575.0,339.0,107.0,79.0,474618283.2900301,1622583.839999683,31714.730000010164,2317709.2600007574,83310.69999999975,152848749.16994342
414.0,244.0,288.0,154.0,373484902.66007525,2542322.639999872,34810.2100000097,1573801.5400003148,62456.69999998479,120199745.72995588
454.0,267.0,316.0,63.0,388382649.7900461,1760646.2699998037,32839.750000009204,1805251.7400007017,70234.68999998986,125065147.2199592
120.0,308.0,297.0,375.0,454587525.9301429,4585378.290000274,50736.22000000336,2194130.2600001385,79553.89000001359,145931392.01997992
186.0,287.0,277.0,350.0,435446407.5901853,4935674.510000437,49378.49999999824,1912308.4099998532,71789.83999998888,139794157.8399721
161.0,36.0,399.0,504.0,251386129.82997036,6503230.030001016,47335.93999999043,301960.0700001069,24516.000000003878,80540143.50994721
150.0,387.0,91.0,472.0,537495417.960331,6421789.840002397,56851.75999999409,2486074.2799999104,83565.69000002691,172451038.81995764
131.0,338.0,326.0,305.0,457974945.46017414,4374948.3399997335,50975.710000002495,2266687.899999974,83405.2200000226,147048115.43998837
265.0,60.0,160.0,615.0,317447280.5200955,7795628.44000224,47827.709999989915,442572.3200001584,22800.939999996124,101709357.4199421
256.0,395.0,93.0,356.0,539461947.6702387,4856839.580000521,49418.100000002654,2599042.0300000226,86608.75000002113,173257702.85995656
274.0,37.0,408.0,381.0,225544791.46998474,4504466.049998879,37777.3900000042,299893.9300000243,25823.54000000676,72420909.21996439
326.0,44.0,118.0,612.0,316698036.4700991,7630685.81000215,45193.84999999136,380879.9500000796,20891.99999999499,101525090.44994564
381.0,52.0,138.0,529.0,314301798.3201036,6813788.560001435,42856.699999997676,474817.5800000994,24408.17999999722,100823882.16994937
194.0,37.0,391.0,478.0,267414202.49996802,6620814.820001098,47574.949999992234,370688.3500000848,26879.07000000287,85697578.61995214
166.0,38.0,403.0,493.0,246713487.95997372,6263421.220000529,46112.719999994646,296739.2900001039,23937.93000000148,79040721.99995774
167.0,184.0,337.0,412.0,347027226.6201246,5756487.530000534,48640.469999993984,1155710.0999991815,48847.91999998345,111308132.92995948
219.0,42.0,298.0,541.0,275745753.54999155,6713763.550001127,46259.69999999443,369748.08000013686,24751.480000002546,88357761.61995521
341.0,65.0,688.0,6.0,170375997.37999976,751520.6599999967,27045.58000000201,455137.92999987025,37557.150000013185,55050817.62997403
317.0,348.0,430.0,5.0,400002696.4999988,862530.7099997941,35687.66000000882,2205256.1400006367,85420.18000000085,128791343.23997112
381.0,87.0,624.0,8.0,191818287.4699994,769934.7099999889,26266.59000000188,568965.1499998264,39928.30000000532,61957941.59998328
230.0,305.0,560.0,5.0,354772150.3100013,788662.6199999321,37182.12000000754,1990028.9600007301,81632.41000001824,114216723.32996042
158.0,210.0,260.0,472.0,389351766.47018605,6100598.500001346,49730.97999999471,1385110.1599994614,52493.999999983025,124869315.69996084
276.0,366.0,452.0,6.0,399166981.3500002,870685.6699998246,37029.95000000947,2230748.8800008423,87549.6700000056,128507842.45996079
438.0,281.0,147.0,234.0,449179059.91010594,3274583.6100000967,38898.93000001273,2022045.270000804,74290.08999999061,144466419.929955
417.0,290.0,152.0,241.0,444496145.2001311,3571685.7499996377,39444.300000007715,1940552.5700007218,68932.43999998334,142918427.78993797
377.0,394.0,127.0,202.0,533333452.71015185,3518453.94000027,45230.020000012395,2735551.3099996867,96033.02000000753,171451359.64993796
495.0,318.0,22.0,265.0,492869898.3401537,4106926.309999891,39559.68000000783,2098775.6100009056,72038.28999999193,158484388.01992714
433.0,277.0,146.0,244.0,454104736.580136,3732479.429999812,39909.220000007575,1983780.6700006642,71084.40999999175,146026070.9299579
415.0,433.0,18.0,234.0,573863363.9501774,3826724.97000048,44724.82000001063,2898960.5799996196,95576.5200000053,184470384.26990333
467.0,324.0,23.0,286.0,509311162.2901882,4139706.7299995804,40906.56000000514,2253193.08000054,75539.50000000339,163748198.2499138
354.0,400.0,129.0,217.0,531431540.1701134,3091423.3000000115,42400.30000000843,2707760.3799999533,91238.85000001146,170872904.43995643
399.0,451.0,19.0,231.0,575248034.5001588,3539293.310000306,43694.03000000976,2953071.7499997593,96542.70000000876,184921690.17991152
394.0,446.0,19.0,241.0,606082157.2801712,3490309.7800001595,45561.070000009415,3196051.4299996914,104936.48000001613,194838085.6798979
316.0,159.0,269.0,356.0,324494516.57006055,4959343.029999753,40754.62000000548,908480.1899994856,39849.879999996425,104212546.44995572
291.0,164.0,278.0,367.0,340564031.87007517,4722772.029999756,42000.66000000402,1108289.3799993885,47544.52999998835,109378652.66995807
272.0,289.0,232.0,307.0,461430933.3102,4591290.070000046,48025.000000003805,2115964.4600002286,77142.50999999739,148208132.57995185
286.0,143.0,349.0,322.0,330944341.29007137,3899477.549999319,39954.060000004494,1155061.909999589,50750.04999998593,106365171.40994719
312.0,157.0,266.0,365.0,345241359.74010676,4997749.609999819,41724.60000000217,1067300.2799992836,44695.66999999004,110858925.56994529
247.0,262.0,302.0,289.0,400177279.530125,3803174.029999524,42412.21000000566,1734774.5199999835,65711.08999997604,128580901.47996482
260.0,146.0,354.0,340.0,327021941.88006985,4388639.819999365,42153.93000000284,1102634.2499994962,48718.3299999896,105038012.61995132
248.0,293.0,236.0,323.0,461336129.27019274,4923778.140000626,48888.88000000181,2082402.820000142,74985.71000000041,148136010.23996598
229.0,271.0,312.0,288.0,421251266.23014104,4028657.089999512,45730.650000002905,1908057.6900001508,72455.50999999225,135331199.929961
226.0,269.0,309.0,296.0,416266542.2001213,4186089.8999996376,46689.510000003786,1890004.7700001358,72176.9899999956,133707351.60996234
129.0,724.0,46.0,201.0,762432848.2401987,3630327.440000801,59325.13000001005,4670429.500000411,148851.70000002216,244927956.50986376
73.0,766.0,48.0,213.0,803887180.6001945,3587207.0400012634,62155.88000001389,5045981.57000082,159059.58000001044,258208597.20983514
264.0,333.0,93.0,410.0,532385865.6302714,5729445.850001455,52502.46999999924,2443872.4599997546,83353.39000001205,170907818.6399434
109.0,608.0,214.0,169.0,666235262.130179,3255321.5700005116,58100.740000010184,4100749.0599985984,139677.35000003196,214036659.16994596
127.0,708.0,44.0,221.0,796772124.9202117,3767615.200001495,62490.85000001633,4971296.890000687,161962.93000000902,255939944.40982983
184.0,233.0,362.0,321.0,374681540.490178,4863712.870000224,48105.25999999508,1491751.969999862,61871.27999997527,120309107.32994373
60.0,625.0,220.0,195.0,699964366.2101737,2947611.0500001176,58843.630000010446,4411135.61999939,147326.17000001852,224870547.10994586
152.0,357.0,99.0,492.0,539237779.1803015,6319411.550002332,55423.65999999335,2454614.289999907,80478.25000001157,173017456.6199487
111.0,261.0,406.0,322.0,396415487.7401222,4542855.679999582,49844.88999999994,1799225.4999998063,69424.71999998063,127239206.0899617
107.0,252.0,393.0,348.0,384044298.0601094,4884344.43000005,50521.65999999597,1655434.109999708,64756.25999997452,123236529.7299615
167.0,110.0,490.0,333.0,257866359.93998185,4303743.539998891,42529.179999999666,713902.9999997348,39201.3199999961,82776360.95995626
390.0,84.0,373.0,253.0,266945633.48998365,3817012.2699992075,36230.560000007776,665553.029999737,36827.90999999885,85834861.7399683
169.0,100.0,495.0,336.0,261520785.5899821,5110476.819999655,45248.09999999697,629694.8499998954,36885.3200000047,83898523.89995544
169.0,111.0,485.0,335.0,269079025.7899806,4367188.4199992,43498.01999999771,796301.9099996311,42939.95999999391,86365594.63995199
224.0,147.0,655.0,74.0,240711567.95999613,1292295.5299999737,34487.62000000429,1035328.7599996896,54014.69999998906,77531553.08996
229.0,136.0,659.0,76.0,211819633.10999322,1580416.1899999513,34621.510000004804,798734.9599998125,48433.8299999931,68224410.7399635
486.0,104.0,457.0,53.0,239215815.04999197,1306496.019999983,26343.12000000427,734457.8499996788,42103.04000000104,77187839.82998124
487.0,94.0,466.0,53.0,232304112.47999793,1274550.5699999754,25901.780000003062,716951.4199997467,41312.75000000308,74952682.23998277
395.0,77.0,371.0,257.0,251858039.1499875,3403491.7299994268,33355.740000009086,574708.1299998702,34367.1800000056,81030034.81996717
491.0,95.0,461.0,53.0,236748881.80999532,1472751.4299999408,27813.330000003498,712191.3899997111,41964.929999998916,76377261.1699751
328.0,295.0,53.0,424.0,487997122.2502802,6182352.240001766,49574.38999999649,1954900.6000000658,66112.11999998009,156654723.4199402
86.0,388.0,69.0,557.0,568841410.0704627,7842973.590003644,63548.429999981905,2576003.3500002753,84093.57000004515,182380634.86995542
330.0,290.0,53.0,427.0,480337078.8802383,5905582.54000157,47875.78999999894,1908237.240000035,65049.0699999784,154225801.52993935
330.0,296.0,48.0,426.0,485262767.1102368,5700189.910001447,47454.120000001196,1985404.6200000723,67793.5099999907,155816478.05994248
385.0,345.0,62.0,308.0,515922038.9402308,4426671.189999872,44335.36000000424,2360038.5700004078,80772.93000000993,165806933.0799367
390.0,342.0,56.0,312.0,536257569.4501883,4238682.440000004,45077.09000000552,2551965.840000145,85765.31000001616,172343277.83993
107.0,483.0,78.0,432.0,621262634.0503215,5795726.990002059,59206.20999999816,3250987.2200001962,105275.2700000447,199382955.7599372
107.0,474.0,87.0,432.0,609014714.2602694,5879972.130002308,59086.06999999871,3145704.8699998776,102314.84000003003,195441371.33992922
87.0,385.0,63.0,565.0,609919784.7704177,7644108.440004191,65680.11999998693,2940871.830000067,98367.63000005063,195611807.72992057
108.0,478.0,78.0,436.0,632231622.7003527,6184918.780002617,61632.30999999438,3269098.61,106664.11000004374,202899621.0599165
444.0,179.0,400.0,77.0,308141785.2600233,1713021.66999991,30032.020000006905,1194028.569999806,53350.399999985435,99286453.23995721
238.0,236.0,525.0,101.0,325560155.680043,1881618.1399998423,39360.45000000521,1625271.8800001754,70159.31999999273,104734867.39996417
368.0,336.0,332.0,64.0,437219957.6200131,1394184.7999995397,36355.28000001115,2310424.380000352,87179.5999999972,140747865.7599691
446.0,180.0,396.0,78.0,297316724.3299984,1705929.5799998806,31259.830000007103,1172971.7999998487,53967.499999981286,95784315.7099591
348.0,141.0,314.0,297.0,310236308.1500484,3936421.909998947,36915.310000007266,936088.2999993977,42772.96999999158,99725328.30995491
301.0,274.0,268.0,257.0,432971570.4601305,3692045.699999798,42364.03000000797,1968683.7200002912,71188.0599999852,139149069.30996642
176.0,174.0,382.0,368.0,341236003.06007826,4942332.249999967,46408.21999999857,1230632.6399994905,52043.739999984486,109513410.96996179
146.0,326.0,322.0,306.0,443113706.99014825,4212958.469999399,50181.720000002395,2181806.070000051,79180.76000001586,142278413.60998017
189.0,421.0,410.0,80.0,499436448.1700437,1665371.0899994788,44474.08000001196,2944526.40999929,106504.60000002266,160622002.66997597
147.0,327.0,319.0,307.0,453864289.0601762,4259692.829999583,50955.63000000098,2263108.660000154,83776.9000000213,145736503.75998703
213.0,411.0,168.0,308.0,548677084.020199,4246119.240000151,51087.230000004034,2868525.719999861,97527.0200000222,176233733.0599496
349.0,347.0,143.0,261.0,474069138.01012886,3212711.3699998953,40850.61000000883,2285873.8300003847,81089.55000000738,152428666.7499481
271.0,221.0,215.0,393.0,402932438.6501803,5413908.680000525,46757.409999998476,1501838.939999744,57386.89999998122,129361324.3499528
214.0,412.0,164.0,310.0,546931088.2102085,4253367.709999864,50322.5900000031,2839297.3100003335,96212.06000003788,175675112.12996286
249.0,481.0,197.0,173.0,565464821.4201005,2714522.2500002286,46142.24000000917,3183231.379999191,106862.91000001381,181766429.15993804
336.0,273.0,258.0,233.0,418840393.91010576,3401734.4099998903,41256.350000009465,1893578.0500004587,72936.97999999329,134672367.31995866
400.0,399.0,158.0,143.0,514664139.9701073,2812295.479999979,41570.42000000937,2674082.330000168,93611.84000001493,165511239.97994542
503.0,211.0,206.0,180.0,382496821.6800496,2735198.380000061,33270.17000001052,1526154.9400002772,59379.95999998663,123120490.019953
429.0,180.0,170.0,321.0,378636555.58013535,4743810.840000035,39572.01000000487,1261804.9099997291,49061.339999986994,121681628.80995831
506.0,213.0,200.0,181.0,379137711.9700504,2666330.8799998574,33102.11000000858,1530668.1900003678,59169.16999998351,122041068.46995215
267.0,210.0,191.0,432.0,420046285.05019796,5565226.2300006915,47843.449999998746,1630467.4399996481,60819.44999997475,134835444.26995972
466.0,160.0,145.0,329.0,357823842.08009684,4348119.349999483,36020.67000000749,1082006.939999415,44466.33999998952,115038635.27995451
270.0,200.0,193.0,437.0,413779193.31021357,5566521.670000749,47155.4799999971,1576508.27999977,59110.9599999797,132818157.98995921
174.0,136.0,508.0,282.0,275012928.49999046,3915837.439999319,42715.25000000285,928227.8999995979,47061.74999998492,88308901.38995849
207.0,162.0,148.0,583.0,390810896.64023924,7307425.600002499,51742.54999998813,1182963.5099992945,44558.42999998817,125263230.64996031
147.0,109.0,429.0,415.0,289108533.84001577,5567011.710000299,47813.31999999535,768510.2499997317,39998.35000000048,92723042.95995294
286.0,98.0,364.0,352.0,274855047.9099899,4366431.209998962,38416.94000000306,666262.7899997816,34140.070000003085,88279254.92995924
383.0,125.0,120.0,472.0,350169059.1901227,6133826.500000865,42073.450000000805,828678.0399993246,34262.22999999854,112384488.88994235
333.0,108.0,424.0,235.0,268679815.1199847,3608827.7299992335,37398.14000000405,749118.939999645,40525.65999999435,86399749.07995851
287.0,93.0,366.0,354.0,298387439.39001894,4743310.809999463,41333.30000000403,831284.8999996406,40877.3599999976,95816527.77996176
386.0,353.0,342.0,19.0,435644092.290009,1118695.659999738,35175.17000000918,2316942.910000487,85805.54000000798,140268150.82996032
162.0,463.0,449.0,26.0,473570826.6000122,1063008.089999607,44171.200000012046,2908280.939999489,106948.62000002316,152323916.36998552
388.0,348.0,344.0,20.0,424473505.8900105,1075588.4199997955,35008.27000000896,2278356.8000006517,84245.50000000374,136666183.04996455
434.0,396.0,248.0,22.0,479631195.39001423,1189863.829999695,35235.820000010346,2591501.520000277,92939.28999999954,154423967.84994602
330.0,302.0,292.0,176.0,402502960.21008956,2974623.409999852,39061.950000007775,1826932.7400003765,68201.05999998687,129433442.85995723
366.0,329.0,210.0,195.0,466486466.12011933,3361734.010000031,42230.65000000673,2245916.8000004473,80935.88000000849,149982598.34994987
150.0,430.0,269.0,251.0,546516305.0501837,3735157.640000228,52526.43000000438,3042977.6199998697,106340.93000004184,175535878.409975
133.0,375.0,370.0,222.0,484312704.4501396,3419749.2700001495,49135.43000000467,2599269.5300000063,91584.4200000173,155573444.95996574
191.0,537.0,342.0,30.0,588188520.9700233,1361901.0599993854,47391.31000001402,3696436.1499984595,128123.60000002214,189150461.46996355
152.0,425.0,271.0,252.0,514473667.1001246,3664633.790000484,49898.1600000086,2737236.73999982,95461.83000001655,165287071.4199691
343.0,7.0,286.0,464.0,244313862.4199764,5759550.000000051,38951.00000000182,147958.9199999705,17930.67999999521,78406753.46996272
14.0,11.0,410.0,665.0,264648330.9499597,8714463.190001989,57291.82999997275,214902.5500001628,20569.169999997575,84558816.22994076
225.0,383.0,188.0,304.0,528696074.8701971,4289516.319999925,49928.27000000299,2680138.9899999774,90708.19000002055,169822036.02994666
304.0,7.0,378.0,411.0,221146202.34997568,5410438.289999733,39883.80000000039,119634.72999996255,19462.919999998336,70951959.9399653
502.0,11.0,420.0,167.0,193387102.96998945,2704933.1099997535,27502.400000004338,162884.80999994473,22937.490000002865,62352156.65999001
257.0,439.0,319.0,85.0,518046576.70006865,1892456.4299995615,44149.20000001089,2987043.6099994862,105663.42000002864,166600593.87998787
19.0,15.0,841.0,225.0,127274416.26999018,2937051.869999696,40585.17000000067,148915.77000000278,30597.65000002205,40847411.499958485
11.0,647.0,316.0,126.0,661692414.6701058,2334373.4599997452,58124.480000014075,4312327.919998699,147358.1000000145,212592488.19997787
7.0,433.0,316.0,344.0,517346903.0702457,4973020.280000838,57958.14999999612,2728833.6900003017,94746.79000005592,166008009.24999955
10.0,567.0,413.0,110.0,582678335.7800967,2207794.539999578,55006.940000011986,3728392.439999134,130738.53000005046,187213573.7000078
50.0,300.0,579.0,171.0,390248513.8000687,2927730.38999996,48319.620000004106,2087454.5000000275,82144.0600000143,125364605.00996773
246.0,244.0,471.0,139.0,333474065.08002716,2248513.6799998474,38292.120000005314,1564749.2100000747,65531.159999978416,107266061.29997054
50.0,294.0,584.0,172.0,357642680.2900449,2635258.6900001317,47273.56000000665,1924806.260000024,79644.02000000939,114903796.31997009
84.0,505.0,224.0,287.0,609279750.4602135,4125048.370000363,57083.070000003405,3504028.779999802,117108.72000004898,195639907.44996044
41.0,247.0,477.0,335.0,373569860.16010225,4235600.059999392,49895.180000000306,1729270.5999996816,68029.89999998063,119875903.52996565
62.0,365.0,166.0,507.0,534899686.1203428,7187589.250002982,61518.70999998873,2427191.0399997714,82200.95000001935,171513132.99995786
291.0,289.0,128.0,392.0,483502074.23022914,5323534.280001013,48369.38,2100174.9400000437,72962.59999999737,155253066.6399666
211.0,203.0,403.0,283.0,335712464.30006737,3722170.8499996015,41681.89000000349,1342845.7899996168,56023.989999982,107843082.36996527
370.0,358.0,163.0,209.0,500337034.5201256,3607006.7600001963,42821.54000000774,2404920.530000363,82335.78000001072,160847489.14995155
293.0,284.0,129.0,394.0,465932730.5202119,5559775.930001096,48051.57000000152,1919608.660000063,66738.64999998533,149591463.57995412
136.0,51.0,97.0,816.0,353921034.49022084,9956010.119998157,57500.379999971745,487093.64000025543,20688.049999993455,113183972.70994745
407.0,37.0,70.0,586.0,322466924.84009194,7195270.440001681,42382.16999999771,410696.89000003145,20244.35999999567,103434793.27995066
79.0,489.0,57.0,475.0,658438763.7004416,6830630.720002917,65149.749999989406,3418288.560000568,109747.59000006641,211239566.74992415
103.0,39.0,340.0,618.0,272803792.189978,7363895.070001747,50634.34999998711,362479.48000018205,24307.120000003273,87302967.26995029
273.0,103.0,195.0,529.0,348880530.30013925,6357704.090001307,45205.3899999968,878185.1499993125,37416.29999999547,111938754.3699533
89.0,547.0,292.0,172.0,623038846.2401121,2814835.410000394,54197.42000001306,3799767.669998846,128309.92000003235,200178364.3099619
469.0,42.0,371.0,218.0,233715993.4399885,3224870.4799995637,31196.740000007678,393876.6199999057,28869.980000006628,75258229.7599779
353.0,522.0,61.0,164.0,610747536.1101477,3148114.2800001963,46709.34000000934,3360230.7199992486,110402.08000001575,196337861.32990515
234.0,345.0,185.0,336.0,458931240.98019177,4591581.33000011,46267.75000000289,2066528.0600002473,72081.13999999617,147388623.6299565
294.0,436.0,233.0,137.0,524088858.2500794,2548299.8900000867,43987.420000011385,2870627.7999996515,99432.50000000991,168507670.34996623
349.0,308.0,331.0,112.0,410294342.510031,1839301.349999768,37670.72000001027,2100384.610000751,81086.89000000253,132029833.51996203
469.0,259.0,278.0,94.0,399526476.5900333,1888941.7399997523,33944.09000000985,1861668.9700009273,72867.50999998664,128640769.63995208
420.0,148.0,397.0,135.0,288336156.3900012,2175707.309999954,30961.430000006334,961970.8999995441,45859.71999999132,92879164.6399577
302.0,267.0,434.0,97.0,351146726.5000247,1786281.2499998047,36316.960000007275,1676663.930000509,69500.73999998283,113025581.37995821
275.0,242.0,260.0,323.0,406294955.40014184,4632945.0499999765,45400.99000000183,1672583.6599999133,62637.479999978554,130483305.5099682
277.0,98.0,398.0,327.0,278181291.70000875,4280151.839999078,40059.88000000299,757309.0099996675,40093.829999995985,89355779.84996133
345.0,191.0,310.0,254.0,361225431.7100867,3848650.499999324,40375.110000006396,1365971.0099998564,55232.08999998617,116124252.03995396
432.0,95.0,255.0,318.0,294142098.76001453,4012144.479999022,35084.57000000848,745028.3799996703,36854.0899999992,94591423.55995044
474.0,105.0,426.0,95.0,240458630.9699962,1775547.0499999872,26553.280000004735,647539.2599997475,38055.65000000476,77557941.71997991
385.0,85.0,346.0,284.0,269594649.3699811,4320751.83999891,36803.75000000601,569038.3199998686,32850.420000008184,86661634.859957
390.0,133.0,150.0,427.0,345977136.6501,5282388.669999962,40005.87000000409,951114.9199993433,39393.329999993766,111118050.10995415
350.0,140.0,159.0,451.0,364201993.5601373,5756189.050000589,43191.26999999934,1054851.8299992278,42969.20999999042,116933773.14995262
364.0,197.0,140.0,399.0,406243071.7601541,5299819.65000065,43766.49000000364,1441590.2799998773,54507.83999998402,130467273.95995013
425.0,144.0,66.0,465.0,389479762.720187,6077438.3300010245,41658.46000000365,1089953.529999084,41125.78999998969,125056297.56995231
386.0,131.0,148.0,435.0,340519263.73013383,5677917.200000445,40360.760000000846,811336.6499994734,35344.78999999606,109361805.50995028
390.0,211.0,60.0,439.0,426803287.18020946,5686486.530000613,43321.729999999065,1473476.4599998675,52209.23999998716,137051220.85995093
378.0,151.0,69.0,502.0,390130084.2201702,6449093.770001628,44628.57999999973,1088178.9599993036,41781.87999999001,125218012.63995488
322.0,205.0,146.0,427.0,422859287.22024965,5505428.970000625,45796.81999999799,1585676.439999621,58249.35999997915,135770210.7799584
354.0,225.0,64.0,457.0,444004269.7901693,5519324.020000545,43612.760000003385,1638228.1299999757,56777.58999998449,142596837.71995014
350.0,222.0,64.0,464.0,438098478.06024414,5986458.110001363,46082.8699999975,1601570.829999719,55087.7299999817,140617857.26995808
165.0,358.0,375.0,202.0,456557826.31007934,2808722.3600000185,45500.83000000671,2469767.6999999653,89221.7600000215,146706049.86999264
112.0,378.0,397.0,213.0,482715466.600135,3033467.2500000265,49158.74000000602,2671554.9199999445,97998.57000004945,155099630.21998176
154.0,407.0,350.0,189.0,495852840.4001477,3271326.09999999,49576.620000006005,2721226.6999999494,98326.76000003437,159314315.69999433
180.0,389.0,311.0,220.0,489576411.4901264,3266210.009999994,47948.52000000765,2625653.600000089,93854.0700000328,157307664.0600012
163.0,354.0,371.0,212.0,471785936.8901306,3437025.429999913,48930.88000000329,2516849.5100002475,91041.29000003044,151571099.8199942
165.0,436.0,285.0,214.0,519863967.0201278,3543988.580000395,50113.970000006935,2814376.1499996157,97204.89000002638,167011817.07998323
121.0,408.0,326.0,245.0,506771729.91016006,4131491.8200003915,52920.650000004665,2701523.3099998278,96154.16000002669,162736983.01999453
103.0,424.0,365.0,208.0,509431637.0001367,3289801.9200002416,51577.690000006696,2873195.639999813,102833.9300000422,163645713.98998916
113.0,466.0,305.0,216.0,548037203.5701112,3013689.6500002644,50594.61000000779,3142528.2099996153,107385.76000003588,176073918.89996713
112.0,460.0,302.0,226.0,548199683.930178,3650433.340000262,53043.590000007214,3089014.899999689,106826.85000004059,176080639.47997737
278.0,238.0,401.0,183.0,338131471.6100557,2777053.8999997764,38943.540000006775,1452578.38,62362.26999997187,108753531.59995933
78.0,295.0,499.0,228.0,396244199.65011156,3718443.4799997234,49295.8999999993,1956643.079999944,76665.28000000273,127248813.01995917
256.0,308.0,368.0,168.0,409124984.6500971,2932174.5699999514,42103.43000000717,1978846.5900003468,74900.44999999146,131530713.16996466
435.0,371.0,8.0,286.0,536776261.32018644,4530889.980000316,44501.820000007494,2464183.4800000316,83416.24000000337,172519425.1798941
219.0,187.0,315.0,379.0,351955515.47010803,5295894.370000424,46694.459999997845,1191819.6999995357,50895.11999998119,112980415.31994604
278.0,336.0,5.0,481.0,511829696.3903012,6556256.600002188,51487.899999997746,2103970.0200000727,70803.13999998671,164271812.66992453
87.0,332.0,7.0,674.0,569967802.3204406,8291066.180004347,63248.37999998428,2467791.129999886,80001.85000001655,182702796.98993322
54.0,288.0,344.0,414.0,426509430.6901988,5220495.740000947,53229.63999999711,1946660.909999678,73190.20000000887,136825719.63998204
117.0,630.0,9.0,344.0,735151726.2902888,5122884.210001789,62190.87000000231,4228619.099999513,134078.84000004196,236032683.87987402
78.0,417.0,6.0,599.0,611478593.7904165,8228702.150004696,66055.28999998428,2836990.1299998737,91658.6100000269,196037992.1299127
371.0,343.0,78.0,308.0,495616711.0701848,4249668.3099997975,42738.04000000586,2211156.7100005466,75549.98000000682,159293728.91994384
262.0,395.0,89.0,354.0,570158971.3202412,5278075.290001673,52793.95000000187,2789563.500000109,93827.96000001978,183101462.82991996
516.0,48.0,108.0,428.0,293112224.78002644,5755101.570000206,35819.46000000779,334372.34999997343,20735.239999996364,94164944.19995084
336.0,312.0,173.0,279.0,459283432.56014305,4248979.79999974,44761.2000000056,2058102.9000003806,73946.82999999922,147578516.26995164
442.0,409.0,93.0,156.0,548466552.670121,2922049.689999988,41755.78000001076,2835844.6299998797,96969.80000000802,176393126.7899283
561.0,53.0,288.0,198.0,244242278.29998878,2780100.7199997096,26234.1200000054,402990.9299998776,27708.440000002898,78736804.24998072
281.0,423.0,234.0,162.0,516427615.7001158,2965882.2000003047,45203.08000000864,2769050.4699996035,97728.78000001695,166016241.3099673
532.0,81.0,181.0,306.0,300580826.0100484,3934306.789998968,30494.680000009757,613297.349999626,30473.140000001004,96753529.28995417
330.0,50.0,275.0,445.0,278273371.0300062,6128737.470000418,41844.88999999912,344274.3400000221,23598.749999998803,89315999.64995407
430.0,65.0,358.0,247.0,248972071.88998523,3585640.9299991536,32156.090000008353,466693.7499999165,30362.62000000875,80117625.38996658
420.0,96.0,543.0,41.0,210737314.29999682,1186162.4699999427,27333.40000000342,623817.3399997805,40783.00000000012,68016853.4099854
459.0,90.0,512.0,39.0,238425284.9299973,1303525.8000000424,25872.000000003278,667995.8499996412,39887.49000000476,76959303.3499686
386.0,178.0,498.0,38.0,273250975.45999753,1102630.109999937,30296.460000004325,1144033.1899997809,54366.739999986596,88081782.04996221
656.0,150.0,229.0,65.0,304338984.1800147,1642839.729999983,23594.88000000432,935046.0099994106,43502.35999999972,98194018.81995258
414.0,95.0,535.0,56.0,218964289.70999628,1373855.779999974,28494.850000003415,652970.9299998148,40568.99999999975,70628553.60998
565.0,261.0,197.0,77.0,391099239.3800325,1743754.6799997769,30250.38000000779,1706730.6800009694,66086.67999998214,125997772.5099475
681.0,134.0,205.0,80.0,301416624.6300033,1519937.3299999381,22067.7100000041,919017.9999994386,43518.22999999452,97262161.35995941
418.0,167.0,466.0,49.0,262026987.87999794,1276251.1099999573,29271.410000004737,1008072.9399995838,49829.55999999231,84466168.4399644
616.0,246.0,185.0,53.0,373570590.76001376,1505875.53999989,26405.74000000521,1540244.9500005278,58505.5999999885,120395816.679958
606.0,241.0,182.0,71.0,383018183.83003056,1595355.0599998424,27944.79000000756,1631770.170000695,62937.87999998502,123419331.20995642
137.0,379.0,259.0,325.0,518913163.83022016,4616095.480000442,53256.820000003136,2655472.0899999775,93419.43000001689,166622805.44997036
192.0,357.0,245.0,306.0,507342031.620171,4071260.74000008,49620.77000000649,2611580.029999889,91787.64000001967,162964634.6199763
126.0,438.0,238.0,298.0,551071033.7201988,4078373.5199999753,53935.160000005344,3014137.2199999695,104098.0400000393,176974133.60995874
119.0,328.0,372.0,281.0,448262137.98013455,4230316.590000077,50675.980000004085,2227043.2600000575,83059.34000000896,143938281.73998386
135.0,374.0,256.0,335.0,495517747.7302019,4992610.880000783,52743.030000000705,2416924.3999997564,84459.07000002154,159059051.2699789
109.0,379.0,342.0,270.0,925038054.1622719,17416231.20992711,147063.17999957007,5444119.2800183445,343900.8900008553,296890099.8097068
166.0,308.0,349.0,277.0,435342457.9101361,3767244.969999733,46484.040000004796,2112741.560000249,78476.6200000088,139848650.15997508
175.0,410.0,223.0,292.0,527765456.3301754,4459434.450000676,52205.93000000139,2731005.06999993,93923.76000003163,169477010.43995923
156.0,366.0,329.0,249.0,489671043.56017816,4101879.5299999067,51752.710000002706,2548101.2300004195,93424.40000004055,157266218.19998705
154.0,362.0,326.0,258.0,452631919.6401477,4024407.1999998027,47915.11000000435,2205430.0900002304,80197.31999999801,145381839.7499678
90.0,179.0,449.0,382.0,325763812.1400781,5040383.780000029,48554.12999999659,1197057.3999994665,53010.6799999776,104476507.2799516
346.0,134.0,335.0,285.0,316895590.87003785,3617225.1499994947,36119.15000000624,1018166.2099995448,44301.50999999346,101905028.58995801
72.0,363.0,360.0,305.0,464217187.4202381,4811561.909999853,53454.409999996584,2283615.9500000365,80851.81000003664,148982618.07999474
144.0,287.0,57.0,612.0,499489060.04031914,7338076.060003121,55859.38999999077,2006249.3899995554,66291.07999997833,160148490.42994744
88.0,177.0,444.0,391.0,338707042.8301149,5186019.060000206,49442.86999999377,1261242.459999513,54130.049999978,108651734.84995547
101.0,513.0,40.0,446.0,636376633.890391,6530690.740002962,62112.3799999952,3261974.6300002695,104523.23000004877,204179012.56991306
475.0,183.0,37.0,405.0,418411043.56017464,5352164.19000038,40332.05000000599,1391166.1599997338,49248.12999998582,134426277.7599549
289.0,284.0,280.0,247.0,415200436.60010725,3655109.689999569,42220.83000000489,1825757.7400005022,68789.40999998117,133455693.51994745
382.0,374.0,29.0,315.0,555086201.8202059,4115279.0899998453,45464.68000000857,2749611.5199999367,91640.13000001344,178374974.14993826
378.0,370.0,29.0,323.0,544195494.3602647,5134838.530000818,48175.22000000189,2493870.320000456,82702.54000001948,174827836.7099254
341.0,430.0,198.0,131.0,514874361.15011364,2611968.4999998794,43308.1800000099,2758990.639999809,96987.24000001892,165563185.1399506
240.0,487.0,225.0,148.0,593065945.440091,2565342.5000001215,48827.730000011186,3458126.0599989924,119891.79000002264,190660166.02993903
429.0,256.0,250.0,165.0,402454147.82006806,2677781.340000021,36284.07000001009,1776292.9200004821,67238.06999998137,129487849.03996223
315.0,398.0,266.0,121.0,511281716.8400838,2299573.379999992,43584.090000009855,2816731.3599998797,100831.84000001193,164430093.07995218
336.0,425.0,196.0,143.0,500027931.4900776,2323223.82999973,41395.79000001041,2690741.9099999713,93308.21000001793,160796402.25996503
384.0,230.0,323.0,163.0,378337317.0400892,2880700.30999981,37596.77000000757,1626562.4000001932,64461.91999998284,121712664.58995573
217.0,441.0,294.0,148.0,511252692.9800968,2774659.6099999784,46932.59000000959,2835015.029999947,100530.88000002739,164330947.9599735
308.0,295.0,288.0,209.0,429122049.23010993,3359454.059999983,43065.62000000673,2022757.9000003492,77143.53000000087,137958421.78996626
280.0,268.0,379.0,173.0,379853038.02004313,2618394.1200001673,40389.930000008,1832038.2600003425,72547.67999999406,122143672.77996275
276.0,264.0,372.0,188.0,373044870.6900748,3253954.549999753,40696.32000000607,1634828.2100000521,64662.7499999767,119929053.57996155
466.0,54.0,324.0,256.0,248805149.89998773,3489714.26999929,31484.400000007547,446855.50999992224,29043.550000006922,80080105.15997136
132.0,82.0,495.0,391.0,265651612.8499749,5378632.0300000915,46220.80999999611,614500.5999999451,35332.29000000417,85199304.70995331
456.0,76.0,317.0,251.0,260110562.47998706,3359465.1499992483,31930.580000008053,572799.7899998279,32946.55000001175,83718809.73996422
547.0,63.0,189.0,301.0,283274907.94999766,3729680.189999345,29759.670000008588,577837.4199998308,29952.20999999873,91150050.21997194
594.0,68.0,413.0,25.0,202630354.65000036,850083.5599999853,21314.830000002057,442984.3599997715,33173.500000012944,65510098.13999962
708.0,118.0,245.0,29.0,295871906.26000065,1183573.909999946,20946.11000000364,920601.7199994522,44025.319999995365,95523008.50996058
298.0,183.0,553.0,66.0,281156902.3599969,1387442.139999898,33325.59000000664,1230570.8199999477,58498.25999998495,90563498.48995797
188.0,169.0,702.0,41.0,247935470.55999738,1175751.469999905,35846.03000000517,1165894.179999894,58029.209999983665,79845948.49996196
164.0,147.0,305.0,484.0,348569439.71011627,6344436.520001322,50264.62999999273,1056298.0299993125,45145.51999998464,111770600.86995366
277.0,248.0,514.0,61.0,314289875.89000654,1395026.1599998742,35279.31000000526,1495530.080000364,64803.03999996584,101187752.20994797
396.0,560.0,134.0,10.0,622158915.6900069,1087552.8399995216,41232.79000001574,3711112.439998037,124843.67999999237,200205181.0999184
516.0,465.0,111.0,8.0,558344270.3599936,1004924.3299996916,34119.06000001121,3071735.7499987595,102684.73999998992,179772939.71991348
380.0,581.0,129.0,10.0,625419769.9900199,1098345.239999603,42306.82000001553,3799858.2099980996,126187.5299999979,201213900.26991788
253.0,357.0,484.0,6.0,433350637.2300136,937693.5099997177,39572.49000001102,2527421.780000095,96376.2300000067,139467365.99997652
274.0,388.0,93.0,345.0,529440199.550212,4755152.650000424,49096.24000000591,2559006.2799997786,86948.8600000085,170041011.71994752
193.0,295.0,370.0,242.0,422765342.16007686,3417201.580000034,44809.17000000622,2057447.8600002117,76117.61999999615,135831917.21996322
281.0,253.0,342.0,224.0,383489155.29010725,3598960.8099995935,41199.49000000565,1612222.0500001851,62493.89999997744,123265038.21994942
368.0,358.0,80.0,294.0,534110185.8902213,4064945.779999516,44784.17000000581,2574279.240000502,87039.76000002018,171668810.48994058
343.0,334.0,418.0,5.0,593312933.3500475,1566394.7899968154,52104.75000006488,3671509.719989384,215798.72999960234,191162180.08987668
276.0,268.0,336.0,220.0,406642264.5601013,3568300.7699998575,43111.58000000693,1854100.8800001733,71023.63999998991,130687660.59996212
355.0,270.0,316.0,159.0,374990771.9000711,2657859.3699998762,37251.63000000827,1680090.5500002205,65798.01999997924,120619149.079962
508.0,215.0,251.0,126.0,375117877.2900543,2598882.6699999627,33511.78000000943,1512815.1400002632,60394.36999998299,120766615.97995037
224.0,576.0,200.0,100.0,645611925.2000797,1972642.109999359,49666.11000001539,3977811.4099982283,133343.91000001275,207564278.4299395
299.0,228.0,439.0,134.0,350506620.6400389,2455533.2399998643,38386.230000008174,1589153.3700002416,66364.34999998217,112763659.02996044
345.0,263.0,307.0,185.0,392098729.4500564,2919927.6599999806,37811.76000000818,1719309.110000569,66500.29999997774,126119319.99994831
197.0,507.0,290.0,106.0,554594550.410083,2147914.7299994784,47546.7100000122,3285867.789999303,113273.76000002313,178292188.40997523
434.0,183.0,354.0,129.0,311706151.3400153,2294610.2600000035,32826.26000000817,1193312.4899997457,53555.65999998915,100369124.97996542
342.0,487.0,169.0,102.0,573003642.0200906,2079534.6699995173,43185.64000001305,3250255.53999912,110302.1400000108,184301064.6099282
316.0,449.0,257.0,78.0,539525523.9800615,1860572.7999995206,42455.94000001089,3070595.7699996,106385.42000001816,173536737.6799511
311.0,443.0,253.0,93.0,506823941.98006094,1885648.159999601,41303.18000001322,2818757.1299996446,99520.2200000066,163039923.06997153
301.0,273.0,288.0,238.0,381914301.1800924,3584621.8499996983,41291.31000000484,1628729.2600000047,62856.24999997822,122744355.92996016
24.0,368.0,388.0,320.0,492338230.18018866,4762726.850000721,57512.96000000146,2628245.8499999,96796.65000003374,158005712.84997758
355.0,124.0,340.0,281.0,308342893.4000344,3790122.9999994296,37438.75000000474,985291.2799994855,45331.53999998874,99125661.12995835
284.0,258.0,334.0,224.0,373303239.95007193,3424205.689999881,41031.54000000755,1589263.1199999722,64536.66999997677,120015204.15995915
298.0,271.0,285.0,246.0,394342308.31010264,3535222.039999644,41713.66000000706,1739677.9900000012,68177.3799999832,126747865.34995763
328.0,114.0,387.0,271.0,267196815.3399826,3774258.7999990415,36192.440000006616,688574.5999997108,35903.170000002545,85886697.62996253
22.0,337.0,436.0,305.0,429479923.9001034,4223624.589999816,51711.330000005066,2162063.419999859,78787.52000000564,137828391.8699841
30.0,175.0,481.0,414.0,329372224.06009173,5780467.210000811,52267.39999999447,1173014.9899993376,51857.99999997921,105571072.95995338
28.0,161.0,545.0,366.0,294442488.800024,3997903.5699994923,46212.960000001025,1174405.0099995628,54980.6199999768,94470802.67995465
27.0,159.0,537.0,377.0,292390232.4400403,4570776.969999248,47866.70999999505,1071464.979999409,48915.789999979155,93761343.72995311
423.0,367.0,16.0,294.0,534052525.0701723,4293463.160000405,44159.20000000792,2537129.090000288,85229.15000000328,171632166.31991243
276.0,447.0,19.0,358.0,602607707.7302681,4838417.340000629,51093.43000000053,3052676.67000014,98365.99000003446,193553820.33992192
615.0,34.0,23.0,428.0,311093058.68004143,5599602.079999933,32056.270000012435,337065.509999898,19104.51999999591,100039672.05994257
377.0,327.0,134.0,262.0,457851906.65011925,3869046.6100000134,40394.09000000765,1970098.0400006326,70467.61999998469,147209376.48994234
309.0,269.0,12.0,510.0,484867520.37022895,6333777.210002164,48812.6199999987,1895875.3000000399,63776.939999982504,155607155.15994394
360.0,20.0,127.0,593.0,295718307.17005485,7365757.300001638,42583.89999999784,218348.68000005465,15575.669999994396,94801734.99995257
174.0,280.0,114.0,532.0,496746490.17037994,7327802.610003146,57152.94999998675,2008193.0299994536,69477.11999998507,159303269.54995802
260.0,26.0,18.0,796.0,345621006.7002307,9731887.929999098,52462.91999997851,293162.3900001422,14511.579999994012,110619511.80994655
360.0,37.0,237.0,466.0,267198527.7299786,5448758.7499998845,38214.13000000456,349969.8600000015,24102.289999999313,85794867.27996112
228.0,23.0,150.0,699.0,294545789.08003235,7951747.59000224,47359.9499999889,257068.31000008757,17151.92999999399,94293365.53995621
24.0,442.0,235.0,399.0,571154960.8902433,5203106.470001772,59687.73000000109,3104028.6599998293,106758.85000004563,183283906.97997254
275.0,339.0,180.0,306.0,505107263.7901316,4095429.970000197,46838.19000000699,2470279.449999984,85921.29000001826,162286114.7999721
30.0,293.0,288.0,489.0,457607041.3002984,6638034.44000227,58723.799999986244,1975049.1399993943,70981.01000000027,146715914.42997667
23.0,412.0,293.0,372.0,529293779.4702608,5423220.07000147,58504.77999999611,2731036.360000153,95703.78000003831,169820716.52996996
30.0,548.0,291.0,231.0,620450172.6801643,3636234.830000593,58591.41000000865,3733296.5399994412,127040.27000005357,199255062.1799709
35.0,345.0,452.0,268.0,431184045.75012183,3896688.6699996726,51416.39000000277,2210200.4399998165,81395.35000001085,138435742.3999725
304.0,374.0,265.0,157.0,490586133.6401075,2645279.099999973,44166.400000011046,2627567.4899998624,95771.3300000283,157745619.8799724
388.0,258.0,253.0,201.0,396012254.13007754,3160007.5299998964,37905.78000000751,1663017.3700002825,63375.34999997925,127375542.48995578
302.0,200.0,263.0,335.0,361490741.77011675,4404064.159999453,41899.710000002095,1335933.8899996702,53433.58999999011,116123257.21995482
360.0,239.0,314.0,187.0,389744174.2500683,2926317.2599999714,38468.930000008484,1718895.170000261,66781.71999998043,125360823.07996155
25.0,140.0,552.0,383.0,299056031.5200411,5243042.280000231,51215.12999999363,1046268.8099994618,50195.69999998027,95874380.52995153
41.0,138.0,544.0,377.0,271238312.38998187,4780634.269999499,47651.46999999538,871805.30999959,44685.61999998763,86965390.03995211
20.0,333.0,441.0,306.0,430849348.39015925,4064286.42999975,52604.02000000044,2229779.2099997555,84411.90000002345,138292430.82997325
42.0,239.0,166.0,653.0,436878634.0303077,7687203.80000332,58040.4499999819,1588660.539999248,56797.849999976424,139941950.72997183
30.0,169.0,664.0,237.0,277768595.68998975,3638383.4399994654,47514.510000001195,1173373.9299996595,58050.92999997551,89158086.02995384
37.0,622.0,145.0,296.0,714725377.7402202,4384971.630001263,62491.49000000654,4289019.03999951,138402.98000003563,229486033.07992202
95.0,324.0,225.0,456.0,492386432.13028425,6166868.770001774,57278.249999991815,2254293.5499998527,79398.24000002239,157953738.40998396
38.0,379.0,503.0,180.0,458528206.3500866,2814944.849999889,50910.340000006785,2638774.0399998766,97848.61000004355,147295964.73998255
49.0,488.0,114.0,449.0,633973082.9803921,6431010.160002775,64076.60999999294,3341259.840000125,109537.65000004997,203408024.86993626
60.0,609.0,142.0,289.0,674941626.1402333,4014897.850000433,58865.800000004645,3999792.7899995106,129049.72000004692,216738557.33992288
350.0,465.0,227.0,58.0,545036906.6900359,1644542.5799995824,40718.390000010455,3086702.0299992817,105291.47000001131,175345388.73994946
361.0,459.0,223.0,57.0,541465326.8300269,1451452.2599995437,40250.7300000123,3120863.549999064,106231.42000000604,174205798.9799473
531.0,138.0,344.0,87.0,299411216.8500084,1881716.5899999174,28590.14000000655,1047245.2599994887,49123.569999990636,96504502.07996112
297.0,395.0,359.0,49.0,509808390.69005674,1622087.469999456,43514.20000001381,2955919.7999987626,111039.14000006641,164014074.51002422
246.0,327.0,159.0,368.0,476210112.9902136,4894900.800000399,47637.50000000043,2137228.470000137,74575.0099999996,152918361.42996004
278.0,72.0,335.0,415.0,282666697.3300191,5577751.020000061,43246.63000000003,602144.049999909,32799.84000000596,90690525.17995545
227.0,288.0,261.0,324.0,423704188.0801778,4830293.6399997985,46736.920000001635,1799160.7199999033,65375.59999997771,136050486.37995905
334.0,83.0,207.0,476.0,315586792.5300695,5914203.280000537,41064.39000000209,637036.1099998055,29646.039999999037,101291404.92995207
430.0,106.0,496.0,68.0,235100734.12999415,1469668.8799999936,28483.410000003933,760077.8699997459,43204.650000001864,75814312.6099719
288.0,71.0,331.0,410.0,272869388.28998345,5050478.789999597,40228.8400000004,542261.8199999804,30926.66000000532,87600415.30996202
322.0,190.0,245.0,343.0,373533651.10012126,4678830.009999623,42854.7000000048,1346789.3599995298,53886.93999998433,120003557.75994916
329.0,189.0,242.0,340.0,368110343.30011827,4673089.84999996,42071.57000000356,1292582.6999996987,52665.729999981704,118250160.47995533
331.0,164.0,252.0,353.0,378457150.5301176,5201890.760000113,43785.52000000188,1273391.5099996848,50309.549999986644,121563479.90994221
348.0,206.0,176.0,370.0,400337220.83015823,4981374.200000365,42666.26000000448,1445777.8499998744,56301.609999979446,128604792.009952
360.0,213.0,274.0,253.0,350863836.24006534,3702307.66999956,38284.8100000068,1311394.5299997965,54011.40999998531,112797984.11996257
407.0,201.0,206.0,286.0,379389733.8800775,4152856.259999399,38732.250000009415,1354627.4899996836,53781.65999998865,121983176.34995571
401.0,229.0,197.0,273.0,407573236.49010277,3847938.09999956,39614.86000000778,1673763.4100000937,63722.679999978776,131043091.72995937
380.0,182.0,279.0,259.0,377534552.15008825,3882699.0699996515,39501.23000000516,1451699.0599998946,57872.589999979726,121371097.16996065
366.0,176.0,180.0,378.0,373660235.3101386,5134083.970000161,41868.560000001286,1195931.4399995594,47136.639999988714,120034020.56994666
415.0,199.0,204.0,282.0,357741252.98008496,3627269.529999359,35862.36000000794,1286385.6899997678,51277.50999998807,115031950.38995118
187.0,628.0,64.0,221.0,687356526.2602235,3734880.2999999477,54859.530000006576,4005842.759999469,129500.26000003157,220819631.82989684
201.0,619.0,63.0,217.0,709470604.7401837,3536388.400000549,56125.880000010446,4233745.51999879,138185.45000002164,227953335.01987413
196.0,606.0,67.0,231.0,717296648.9702282,3744715.6700005997,57128.30000000974,4263228.299998981,140690.39000002807,230454207.01987115
127.0,426.0,397.0,150.0,511091567.9400986,2419684.799999996,49127.40000001074,3002007.3599995044,108570.53000003473,164262407.91999102
225.0,756.0,77.0,42.0,820608450.4000486,1734891.5299988922,57880.710000023355,5450801.950001134,182348.77999996644,263800483.30982012
149.0,459.0,464.0,28.0,494004543.8800141,1124363.719999608,45562.970000012,3075624.839999245,111885.87000001922,158880094.50999326
154.0,476.0,443.0,27.0,522643402.9200167,1081320.4299996688,45563.76000001201,3265639.16999922,115718.18000001984,168091938.06997523
254.0,722.0,80.0,44.0,803014706.500024,1577797.4999989264,55118.80000002369,5262225.220000533,173784.44999996285,258177333.8798195
141.0,401.0,405.0,153.0,468102375.61010635,2944753.860000082,48009.23000000688,2560894.409999882,93133.56000002495,150427217.63997617
160.0,454.0,459.0,27.0,519857518.9900242,1173597.9099995831,46063.7900000133,3251476.709999085,116630.89000001592,167186114.54000282
268.0,222.0,308.0,302.0,375678207.79010415,4256175.939999136,43198.650000003516,1493308.879999972,58651.46999997989,120678074.25994956
281.0,218.0,304.0,297.0,383120389.5401018,3836867.4999993304,42336.97000000587,1616221.8200000513,63762.56999997682,123105317.4699581
244.0,303.0,279.0,274.0,454162276.33011734,3384745.7400000277,44596.240000006626,2259037.2500002254,81206.96000000645,145943324.76996413
305.0,251.0,202.0,342.0,431543237.85017216,4641825.969999812,45107.67000000337,1819299.4099999396,67274.39999998308,138622652.82996762
238.0,197.0,273.0,392.0,374571431.5801266,5315503.610000174,45925.67999999928,1331665.379999528,53321.18999998626,120236010.26994884
242.0,301.0,160.0,397.0,478366302.2002052,5331523.470000619,49446.05999999945,2080955.7400001825,70697.40999999401,153582846.90994984
279.0,216.0,174.0,431.0,403844385.2901565,5335669.340000471,44921.25000000246,1453205.8499996488,55068.62999998378,129667939.22996
229.0,269.0,247.0,355.0,423520795.06017363,5108328.260000432,48279.65000000032,1769498.2399998074,66462.68999997503,135966154.8599667
285.0,335.0,178.0,302.0,514856667.14020574,4513152.820000288,49160.60000000267,2511766.5600004466,86432.6600000193,165381248.87994975
253.0,297.0,158.0,392.0,471886141.8302365,5063190.630000468,48104.62000000028,2083794.2200001609,72684.35999999782,151512144.08995262
272.0,251.0,290.0,287.0,406361177.4401146,4331458.899999816,45300.88000000524,1731178.9700001073,67350.9099999845,130548558.429957
278.0,249.0,288.0,285.0,405834742.220127,3728017.979999454,41987.69000000583,1764788.8300000944,65916.9799999766,130420189.2799598
350.0,6.0,374.0,370.0,204878579.5399813,4532799.459998892,35743.0600000055,108729.50999997566,19532.299999999017,65790872.949971974
288.0,265.0,244.0,303.0,423015086.8201285,3858338.2599997674,43123.80000000709,1903573.1400003152,71029.67999999308,135929622.3899711
346.0,318.0,368.0,68.0,421893867.9100416,1659182.0899996902,38417.86000000862,2224819.9900005576,84994.30000001236,135773086.6799616
534.0,9.0,453.0,104.0,172998522.4099962,1668115.9700000992,22693.84000000183,104555.90000000443,22813.78000000551,55923368.16999372
378.0,338.0,312.0,72.0,435014773.5800182,1434344.8799997515,36145.360000010005,2273804.590000594,84599.7000000044,140030400.25995845
490.0,8.0,509.0,93.0,165797826.79999587,1594197.4200001038,24152.810000001424,107323.49000000456,23715.86000000853,53579514.95998822
384.0,6.0,316.0,394.0,226150022.77997914,4667993.449998861,34291.24000000852,133399.08999996746,18960.72999999896,72681351.0199747
542.0,8.0,447.0,103.0,183062401.6099936,1865925.4400001129,23879.690000002116,158142.7099999522,24607.200000006083,59131961.51999298
612.0,84.0,207.0,197.0,268671305.0999887,2771940.449999833,25164.910000004857,530056.2199998081,30394.0200000046,86609543.19997765
623.0,82.0,202.0,193.0,284495236.75000656,2920237.1299996646,26367.030000005027,628786.8099996645,32197.99000000319,91674568.1299649
534.0,213.0,180.0,173.0,388887648.8200582,2903138.2799999844,33166.38000001014,1528546.0200004205,59957.789999984154,125175050.39995043
735.0,101.0,27.0,237.0,323641192.3000547,3538933.1399992392,24932.260000007198,669711.9499995528,30990.089999996242,104274641.89995447
519.0,71.0,175.0,335.0,278744843.01999325,3986242.079998951,29037.070000008116,464548.2999998805,25963.370000000446,89699258.0199659
528.0,211.0,19.0,342.0,433019869.37019026,5047474.070000632,39392.04000000668,1521928.6599999662,55396.8699999858,139197226.89994922
614.0,81.0,22.0,383.0,342998596.14010185,5187568.619999714,33043.79000001415,690971.339999564,29652.379999994708,110303433.35993925
472.0,181.0,153.0,294.0,367958236.6901147,4059898.919999098,34613.060000010875,1168396.4199994302,46636.16999999111,118349394.27994762
636.0,244.0,23.0,197.0,425762820.2400858,3311633.1199998716,31226.840000010878,1580483.0100005558,57689.06999998844,137056352.91993186
539.0,207.0,19.0,335.0,419830100.440127,4362970.159999537,35558.76000001068,1461220.7800001788,53062.13999998876,135011486.49994558
82.0,297.0,363.0,358.0,442084647.9201819,5064234.320000512,52837.75999999888,2049051.8499998532,75851.04000000277,141864211.829973
94.0,293.0,359.0,354.0,423961594.59015197,4647512.059999942,50561.6399999998,1977820.0099998089,73048.09999999467,136063205.72996736
76.0,356.0,336.0,332.0,481572458.3602034,5003707.610000722,55104.369999997616,2392143.149999856,85207.91000002874,154556147.34997815
90.0,326.0,290.0,394.0,469784241.17018646,5121418.250000845,53348.75000000048,2245739.5199999586,80996.01000001213,150756829.34998193
75.0,270.0,331.0,424.0,441263107.3302085,5921510.30000136,55757.339999994125,1942990.899999522,72015.69999999201,141539403.5999777
76.0,353.0,242.0,429.0,473952617.750232,5633523.30000101,54391.57999999636,2191162.9099996323,76221.53999999688,152037811.14997223
93.0,291.0,258.0,458.0,481704540.0902657,5977073.510001404,55692.56999999459,2186326.3899996653,77667.28000000899,154520602.6199769
80.0,323.0,305.0,392.0,437181373.4701937,5223629.21000051,52712.30999999732,1987745.2299996435,72970.79000000011,140276573.51997718
95.0,384.0,263.0,358.0,505373842.37025195,4961433.270000616,54150.29999999624,2542473.57000022,88737.67000004594,162207870.29998738
86.0,350.0,240.0,424.0,487004254.11026144,5691489.910001008,54820.48999999347,2272709.929999789,78029.94000000977,156245448.2499664
147.0,262.0,105.0,586.0,494137339.85028476,6987454.980002409,55510.049999991905,2018230.359999701,68985.51999999798,158482867.41996354
280.0,226.0,90.0,504.0,450451682.51029414,6654801.790002228,50411.55999999213,1614354.8099996522,58162.51999998228,144554334.3199566
111.0,467.0,79.0,443.0,612477792.7302895,5796003.330002466,58849.65999999872,3188079.2300000247,104381.99000003448,196564621.28992915
133.0,238.0,198.0,531.0,459974754.23027784,6975510.3300027335,57109.749999989814,1840061.8999995834,67668.16999998111,147500759.87996364
162.0,290.0,116.0,532.0,506304870.4702877,6639986.050002672,55287.22999999366,2170583.769999925,75870.39000000754,162432205.75995848
110.0,464.0,164.0,362.0,578256851.0302892,5117736.710000843,56215.94999999959,3038554.3900000323,101831.21000005052,185616270.3399637
278.0,224.0,187.0,411.0,384469470.9701574,5346011.740000317,44207.36000000054,1324456.1899994272,50462.67999998437,123424231.81995597
234.0,445.0,75.0,346.0,565433046.5202242,4462662.670000585,50083.36000000667,2905507.749999846,98178.13000001755,181624549.12992513
205.0,389.0,138.0,368.0,530887514.08021814,4932004.140000763,51522.85000000419,2609081.0799999884,88775.59000001891,170465393.29995587
218.0,414.0,146.0,322.0,545013538.9502031,4262848.329999985,49820.36000000511,2786868.6999999797,94008.18000001516,175066339.33994183
297.0,369.0,270.0,164.0,474045608.2301311,3110022.439999708,44258.1800000057,2427723.7900001984,88186.73000002668,152390036.44996664
1.0,505.0,370.0,224.0,575644199.9301331,3257833.800000038,56793.25000000619,3486369.519999652,120890.27000005121,184865243.13998553
356.0,222.0,325.0,197.0,341850908.3400531,3072175.4099997934,37311.23000000757,1378732.7299998563,56867.86999998619,109932401.50995728
278.0,347.0,321.0,154.0,438797224.66008145,2424740.679999893,41250.45000000844,2286976.4700000654,83218.08000001726,141092269.99996567
315.0,393.0,287.0,105.0,498847254.76006836,2316379.9599999166,42434.39000000987,2680240.929999883,96493.75000000742,160458044.3999354
354.0,220.0,408.0,118.0,340932105.30003995,2043738.9199998458,34401.20000000896,1525439.300000248,61770.97999998175,109731263.77996595
1.0,501.0,464.0,134.0,520986734.27007824,2122715.3399994443,51925.0300000084,3262962.5099995085,115855.23000004554,167383635.73002183
1.0,367.0,536.0,196.0,432499965.1801221,3284336.010000046,51864.790000003224,2396403.8799997396,89057.80000003263,138878857.5899883
1.0,294.0,544.0,261.0,395536578.7401091,3719818.759999668,51998.460000000596,2040216.7799998124,80675.95000002217,126972467.85996613
1.0,325.0,601.0,173.0,385646132.35007066,2699688.9999999655,49061.92000000529,2158157.8299999675,84922.03000003393,123862298.84997681
490.0,77.0,206.0,327.0,280976989.29999965,3893699.6499990006,31572.11000000993,571647.5399998561,30519.48000000307,90393550.96995686
188.0,115.0,308.0,489.0,306254761.670017,6119561.0300007425,46240.98999999671,731453.4399997231,35299.410000001706,98198769.96995282
479.0,99.0,202.0,320.0,299185473.8000363,4249733.909999027,33833.88000000993,695802.9999996154,34022.07000000003,96206820.19996162
575.0,90.0,51.0,384.0,343656927.26009613,5337755.920000111,34714.11000001081,708182.8199996117,29473.709999995008,110462674.1799429
528.0,83.0,223.0,266.0,277296820.69999593,3828899.8099990343,32004.63000000866,572315.2599998326,30905.90000000497,89223183.70996204
611.0,127.0,54.0,308.0,350877520.3000832,4081263.219999167,30489.02000000975,910643.96999941,36417.57999999482,112909778.76994996
281.0,172.0,97.0,550.0,396327332.13018805,6708369.070001902,47753.58999999516,1213949.5499994282,45471.77999998506,127129226.1199616
204.0,164.0,334.0,398.0,339247445.9200771,5232399.450000071,46094.06999999843,1130043.7499994384,47892.46999998879,108857712.1999509
232.0,187.0,80.0,601.0,419519834.4703155,7682324.920002739,52452.30999998618,1260348.489999122,45226.48999998407,134473944.32995713
268.0,215.0,93.0,524.0,433449250.8102524,6551964.110001614,48984.08999999526,1512900.0899995985,53506.82999998227,139055588.62995923
239.0,328.0,457.0,76.0,414123050.7200509,1730186.5299997434,41169.110000007895,2253906.8600003375,87268.9100000245,133224901.44995825
335.0,291.0,406.0,68.0,386555394.5300311,1497607.5899997717,35826.1200000082,1974188.4700006724,77410.55000000328,124425671.81996377
234.0,345.0,447.0,74.0,427612225.7500496,1576842.32999975,40734.61000000677,2366793.950000295,88691.17000001603,137560961.45995873
280.0,385.0,346.0,89.0,479354428.1800628,1774109.439999537,41962.69000001016,2711169.819999773,98183.15000001325,154180596.31996858
172.0,237.0,331.0,360.0,387568992.78015894,4864349.609999707,46762.58999999965,1542241.0799996918,59473.879999978635,124426497.90995736
190.0,280.0,234.0,396.0,448881686.23015726,4980438.130000537,49094.0400000039,1988566.3599999424,72179.78999999829,144120991.8899713
277.0,241.0,216.0,366.0,427207896.60019696,4965925.430000352,46924.61000000009,1760877.289999964,64223.17999997636,137182839.6699551
246.0,230.0,299.0,325.0,389245118.5001232,4320050.149999468,43704.710000003884,1569999.799999998,61548.639999977306,125053615.46994789
377.0,352.0,295.0,76.0,462504174.7600456,1877820.6899996398,38377.97000000932,2429029.700000244,88837.10000000635,148829148.63997146
272.0,255.0,213.0,360.0,427824086.120172,4769750.500000043,45717.340000003074,1783407.5399998995,66159.30999997648,137397388.1999663
410.0,33.0,626.0,31.0,165583574.49999806,1049742.539999985,26112.90000000145,314515.7899998895,32522.910000016378,53513227.99998588
657.0,21.0,402.0,20.0,195401483.28999898,1070934.330000009,19070.890000001276,217455.70999984903,25337.120000007824,63231527.240004234
221.0,523.0,339.0,17.0,550504147.4900151,1060118.9999996522,43402.140000012994,3371204.4599987995,115311.55000001712,177080979.23996723
625.0,50.0,378.0,47.0,207604261.30999723,1174860.2100000232,19664.640000001975,326051.4299997989,28462.81000000746,67131498.9800037
301.0,24.0,460.0,315.0,215280635.6199827,4392636.389998907,37452.700000001816,237848.66000000873,24923.090000006494,69157250.6599691
220.0,518.0,133.0,229.0,634442548.8401824,3359049.7200001143,52192.12000001099,3662263.919999609,122992.20000002904,203864707.57993492
650.0,21.0,157.0,272.0,248286556.02998558,3324024.749999353,24062.690000004146,225480.6599998735,19703.849999999104,80023688.45997946
370.0,349.0,226.0,155.0,465479230.66006315,2510360.960000155,39560.640000009604,2351868.850000466,84379.2499999948,149717780.62995023
496.0,469.0,120.0,15.0,535528682.2000151,1090414.5399997022,34141.13000001044,2929595.9299992705,98799.45999999407,172417330.04993644
422.0,399.0,102.0,177.0,528123121.0501311,3245585.150000164,42492.4600000094,2666842.5800000336,91222.49000001188,169818254.10993755
482.0,299.0,21.0,298.0,473113682.97014105,3930853.739999797,38261.56000000819,2035586.8000007705,69991.33999999115,152108006.14993924
282.0,396.0,27.0,395.0,562132699.8102707,5466388.900001521,51148.94000000118,2669071.5900001666,87778.40000002265,180512141.8699297
537.0,207.0,23.0,333.0,412932958.83011436,4387975.2699993905,34908.080000011374,1386430.5200000172,50283.27999998834,132802759.36993194
358.0,222.0,299.0,221.0,373467131.4800665,2841042.299999793,36766.91000000641,1594443.200000269,61890.30999998011,120129016.66995183
410.0,255.0,17.0,418.0,468928876.67024446,5597288.010000712,44111.90000000535,1757140.2800001185,61841.82999998158,150630182.03993368
339.0,131.0,284.0,346.0,319609516.8200684,4495480.989999432,39143.70000000361,945222.2299994786,41552.859999993,102682358.8199576
167.0,234.0,315.0,384.0,370959169.87012243,4953590.729999916,46383.77999999969,1422195.339999569,55325.91999998065,119074788.21996008
258.0,224.0,25.0,593.0,455662725.85029817,7966855.200002989,53613.76999998837,1482804.9899993674,50517.799999984265,146080401.30995467
213.0,185.0,404.0,298.0,321154277.95005196,4145454.2799989874,43056.31000000193,1168558.6999994311,51501.699999985176,103159019.68996146
181.0,158.0,343.0,418.0,310330384.5900645,5042021.709999701,44289.62999999992,948698.1599994329,43051.019999991964,99566388.21995474
340.0,158.0,445.0,157.0,285662295.0700011,2522574.529999873,34603.480000007694,1031108.1599995232,48846.79999998937,91940314.56995884
94.0,209.0,590.0,207.0,317684811.9000408,3217036.6099995747,45341.59000000429,1455237.03999977,63803.37999997193,102038543.79995874
379.0,49.0,497.0,175.0,192841028.8999909,2747129.0499997535,31241.1300000056,264871.1199999491,27813.4400000108,62126891.29997715
409.0,189.0,314.0,188.0,331967746.2600378,2691299.129999962,33455.100000009,1252100.9399997632,51924.88999998884,106835735.89995775
290.0,134.0,379.0,297.0,283996918.43000215,3812286.839999226,38052.860000004395,829832.9199996063,40861.629999995865,91277153.6499557
376.0,48.0,290.0,386.0,267872261.43997946,5167242.249999788,38832.53000000406,418467.81000002247,26806.010000003273,86036281.06996123
93.0,207.0,343.0,457.0,385086414.9401776,5803121.710001051,52125.59999999256,1486399.3599994872,58816.37999998026,123496449.2899557
86.0,53.0,539.0,422.0,232871361.67997316,5583401.470000096,47183.00999999381,405985.5200001661,30402.600000016442,74612633.95994829
147.0,90.0,540.0,323.0,246105937.3099837,4150664.7799990056,42192.9100000023,664450.3899998972,39223.710000000414,79010635.26996024
108.0,66.0,397.0,529.0,277015200.6099947,6462657.81000095,48216.78999999205,520840.22000018426,30280.690000005612,88735662.03995612
57.0,441.0,162.0,440.0,597087823.6203479,6355674.4300028635,62170.40999999075,3053358.3400003947,100589.3300000559,191553634.00996077
279.0,347.0,128.0,346.0,506604923.8302316,4718609.810000438,48721.440000003684,2398073.5900002746,83659.32000001031,162721204.74995068
63.0,365.0,181.0,491.0,529607314.88033694,6823236.880003153,60425.639999989886,2458036.28000011,84144.2300000369,169845530.5599824
42.0,327.0,404.0,327.0,461101325.7101545,4213085.589999791,53513.689999999784,2407119.289999913,88254.36000003114,148012908.19997737
86.0,668.0,246.0,100.0,700499158.7601118,2370137.8399998182,57831.5200000182,4528481.039999208,153508.63000001654,225104680.55994064
63.0,361.0,603.0,73.0,380567392.9800312,1700399.569999679,45857.10000000909,2244703.270000109,89745.18000002176,122340603.98997006
277.0,345.0,426.0,52.0,448624143.4400188,1518261.6099995812,40967.530000010185,2521222.0500001647,94733.370000021,144339514.17997712
429.0,395.0,196.0,80.0,510782735.53004456,1715388.6599995752,38246.39000001227,2773452.389999953,98075.26000000453,164371311.73993117
234.0,216.0,360.0,290.0,374737258.17009455,3999473.4099996854,43440.79000000398,1564040.099999934,62028.83999997554,120378977.7899588
302.0,278.0,464.0,56.0,347673293.14000976,1305249.8899997263,35237.600000007566,1754728.4000005242,70378.1299999886,111919646.96996726
61.0,272.0,552.0,215.0,399398101.9700898,2921298.199999911,47493.61000000384,2126013.3100000527,81386.7100000092,128284069.37997004
248.0,223.0,453.0,176.0,326500791.8100424,2408974.5999998357,38461.82000000565,1451383.9000000553,63645.97999997949,105023874.00995523
58.0,303.0,532.0,207.0,363642791.230064,2881189.169999905,46959.09000000306,1890409.2299999748,76638.84000000711,116810174.3799656
58.0,261.0,574.0,207.0,323636317.1500283,3108012.909999895,45528.220000004534,1545626.8299997833,66461.81999996942,103943384.35996641
48.0,213.0,435.0,404.0,375081282.92011935,5148003.31000066,52319.009999997026,1599376.519999654,64854.90999997235,120310095.78996903
45.0,233.0,442.0,380.0,345262152.1601068,5089144.130000087,50674.709999994855,1382305.5799995041,57899.789999976536,110723858.30996585
198.0,177.0,390.0,335.0,339153099.0300814,4253247.829999095,43072.21000000103,1255864.0899997016,51463.79999998498,108919784.30995993
198.0,206.0,361.0,335.0,358692448.49009585,4549848.509999542,45582.340000000266,1407082.3099996937,58049.969999977584,115165145.17995608
233.0,242.0,460.0,165.0,369841859.3300454,2845801.1400003014,42109.09000000733,1760130.2400002864,70633.8299999897,118889821.65996145
193.0,200.0,380.0,327.0,364076314.57008153,4520373.3899998255,46173.620000003175,1464850.589999792,59927.539999978275,116897809.79996358
278.0,395.0,63.0,364.0,546752791.2402217,5232219.390001211,50963.64000000419,2620745.859999887,88453.02000001278,175569517.44992942
367.0,352.0,57.0,324.0,509265080.6101855,4381844.710000089,44235.31000000646,2332665.1100003626,79062.24000000751,163648909.37993595
272.0,410.0,62.0,356.0,557626599.660229,4429617.539999841,47963.6000000041,2759610.5999999754,89729.17000001691,179142057.90993816
272.0,386.0,86.0,356.0,524003444.3601994,4692181.510000366,46955.9000000052,2443252.470000454,81940.79000000925,168322631.03992316
393.0,559.0,90.0,58.0,630263899.680039,1534679.90999935,41791.640000014544,3684864.6699978597,122215.26999999129,202774619.8498608
370.0,558.0,117.0,55.0,634012224.9300501,1797115.409999305,44678.8800000146,3762248.9999981723,125646.10000000136,203927806.72989774
484.0,464.0,103.0,49.0,576070743.6000303,1484876.639999538,38744.060000014186,3247529.249998997,109621.67999999567,185381593.93992656
484.0,492.0,75.0,49.0,585123993.60004,1594821.229999485,37810.290000012516,3230827.979998662,108144.59999999263,188314406.7998962
353.0,359.0,76.0,312.0,602411110.5607412,8376236.67000772,67277.60999996513,2659976.1600004146,106550.50000012292,193474794.0697464
472.0,480.0,101.0,47.0,579287252.060028,1456090.1299994872,37761.8600000127,3244534.4299987415,108466.60999999651,186427334.55991715
400.0,29.0,429.0,242.0,218038613.48998535,3311804.3699992965,31318.66000000711,292648.19999991567,26255.58000000782,70194096.15997836
322.0,32.0,477.0,269.0,213332590.22998342,3859151.059998903,35698.910000007825,287040.2500000146,27100.030000007788,68584734.10996993
322.0,239.0,345.0,194.0,383078883.7800791,2935026.6299997773,38776.47000000703,1698369.1800003857,66769.08999998217,123201151.82995515
391.0,29.0,444.0,236.0,197368276.93998617,3243120.909999362,32510.76000000689,219878.83999996868,25512.94000001158,63525495.57997281
431.0,31.0,462.0,176.0,205619694.01998967,2873181.6099996404,29792.780000005918,261194.7799999221,26377.690000008686,66256955.37998668
335.0,248.0,380.0,137.0,356404092.9100365,2080611.4699998058,35816.70000000937,1634215.5100003162,65792.75999997869,114690477.3499649
341.0,34.0,533.0,192.0,179484423.75999066,2680884.199999731,31590.04000000678,227076.86999997258,27612.770000014385,57809589.22997
271.0,277.0,400.0,152.0,404803336.5600537,2601530.399999808,41543.92000000805,2002554.1900005832,76964.87000000488,130164773.84995829
249.0,255.0,389.0,207.0,370818007.93009293,3350004.7999995793,41104.260000005896,1594048.440000048,63134.07999997787,119207434.33995429
265.0,271.0,415.0,149.0,385621183.610064,2576601.3099999325,39832.940000007606,1832036.3900004062,71756.80999999245,124019996.02995595
156.0,273.0,185.0,486.0,460226476.21026033,6287568.870001837,53323.009999992704,1877914.2299998596,67251.35999997931,147660825.61995295
51.0,303.0,206.0,540.0,501665152.0602871,6343154.950002212,57850.91999999186,2315360.8999999925,79560.45000002896,160885077.99997845
195.0,66.0,232.0,607.0,323577738.1601076,7458927.850002182,50191.35999998767,642387.1899998129,30803.459999998937,103671049.41995472
152.0,267.0,206.0,475.0,443059871.8102264,6275129.670001479,53435.88999999456,1802036.2399994559,66021.59999997339,142117816.03997105
168.0,294.0,199.0,439.0,475746577.24026775,6494095.330002393,55407.169999993515,2002314.8899997761,71892.32999999991,152630532.11996734
208.0,70.0,280.0,542.0,300523321.4200583,6757841.230001331,46910.27999999359,552679.2400000802,28569.170000000733,96310347.3399528
54.0,321.0,247.0,478.0,474564658.8002681,6310110.600001833,57313.92999999312,2131432.4299996453,76381.68000001146,152196293.9499689
73.0,84.0,295.0,648.0,320692038.06012356,7752194.700002403,53713.47999998383,681184.2299996946,31573.170000000748,102634459.74995886
64.0,73.0,291.0,672.0,324196340.7501368,8539740.080002658,56140.82999998042,597240.0800000185,29137.12999999875,103706713.70995282
71.0,81.0,323.0,625.0,315750759.94010323,8111939.540002859,55438.82999997934,611455.1800000212,30097.690000000206,101045493.5999491
325.0,135.0,4.0,636.0,406096987.3002844,7898319.780002635,48781.619999991075,989847.6399990511,36141.419999988946,130225862.41994908
189.0,159.0,4.0,748.0,438398962.21031946,8859279.830002043,55779.47999998459,1240235.2699992105,43219.369999983384,140429821.44995815
271.0,295.0,3.0,531.0,527399363.35034513,6864334.020002723,53708.60999999268,2192686.6799995992,72660.13999999972,169223712.9899283
212.0,88.0,385.0,415.0,268174605.0299827,4780961.479999293,42385.60000000042,678192.1499997625,36496.72000000116,86059945.72995402
447.0,186.0,5.0,462.0,418028165.78019524,5847703.410001016,40993.72000000366,1290786.7199997988,46400.679999987515,134266585.0499488
223.0,242.0,404.0,231.0,344592201.05005187,3020734.279999682,40646.19000000645,1501442.7799998242,61550.55999998126,110757452.6599663
145.0,121.0,531.0,303.0,262881489.7799845,3466544.039999348,41325.20000000293,925149.739999564,47086.97999998512,84437596.45995568
207.0,455.0,5.0,433.0,637946010.360373,6470586.850003227,60512.93000000068,3222947.6499999035,108092.89000003257,204784057.82987207
102.0,223.0,373.0,402.0,389784041.5001858,5280899.530000651,51827.23999999459,1624974.8699995673,63165.349999972765,125056055.28996108
123.0,270.0,450.0,257.0,372968163.2701077,3483028.0299996827,46311.21000000215,1764139.1599999515,71978.80999998692,119813591.93996802
415.0,301.0,222.0,162.0,447414559.6900824,2729231.8199998164,39221.56000000815,2169445.8400007808,78558.08000000354,143903366.76996288
347.0,330.0,244.0,179.0,450489496.0600792,2573598.8599998318,39574.00000000851,2262052.860000564,81860.8500000028,144873239.48996425
371.0,386.0,198.0,145.0,492824615.0000842,2586355.010000091,40205.270000011544,2509390.2000001157,88352.59000000771,158512680.15994662
451.0,327.0,146.0,176.0,468237877.4901193,2877662.8400000744,37627.490000010075,2188619.5600006487,77422.8900000004,150641037.36994419
336.0,243.0,180.0,341.0,433795255.9801519,4558730.52000003,43253.76000000433,1783320.2100001986,64944.149999978516,139368253.71996295
325.0,339.0,105.0,331.0,495207898.1502209,4606840.969999761,45353.10000000115,2226011.4400001694,74546.13000000558,159088515.92995343
297.0,282.0,126.0,395.0,473764338.2702063,4975165.21000049,46745.6400000023,2046439.810000234,72348.34999999401,152165287.42995048
250.0,342.0,175.0,333.0,506578040.69020885,4862382.880000435,49807.31000000308,2401880.8300000383,83521.71000001588,162690684.35995173
333.0,455.0,141.0,171.0,542344677.8201107,2811439.0700001186,43999.250000010834,2935561.159999594,99313.11000001675,174361113.87996414
267.0,364.0,113.0,356.0,539377826.6302147,4621038.090000621,49355.07000000332,2647073.0800002096,89104.11000001869,173241148.43993902
381.0,239.0,140.0,340.0,404723277.69014597,4471988.979999496,39894.10000000493,1508031.139999976,57130.59999998364,130080211.75995474
468.0,210.0,123.0,299.0,408545422.71014094,4086170.6899993843,36341.17000001001,1480281.7899999965,54869.17999998923,131389409.62994607
332.0,350.0,122.0,296.0,474620372.0301866,3972054.1299995217,42604.38000000535,2169488.270000609,75581.80999999969,152533615.04994446
331.0,208.0,265.0,296.0,384433133.9501046,4529257.9499996705,42843.720000003974,1458305.1799997534,57176.48999997935,123512745.4299507
365.0,228.0,134.0,373.0,424533587.6801962,5217166.97000036,43968.24000000383,1617496.8299998697,59042.81999998451,136354035.1099597
284.0,299.0,227.0,290.0,468779571.5201786,4222641.079999607,46902.360000003464,2212724.160000164,80022.41000001118,150604070.5899631
400.0,179.0,229.0,292.0,371290631.3101054,4322214.00999951,39462.41000000636,1320155.1399997028,54282.629999983685,119349869.83995155
400.0,302.0,105.0,293.0,472440805.5801778,4205250.05999972,42040.03000000594,2047722.470000508,72766.16000000105,151875422.70995957
371.0,280.0,212.0,237.0,444026298.9701298,3775127.7299998202,41803.81000000724,1962266.7800004433,72063.8599999922,142748252.24995306
359.0,272.0,206.0,263.0,442912310.18013006,3952117.279999762,41812.640000006206,1911027.880000403,69250.86999999099,142376443.0899563
107.0,513.0,414.0,66.0,516620579.71005946,1691731.109999601,48483.50000001095,3180166.719999545,113576.8500000367,166088586.1799966
227.0,451.0,364.0,58.0,497729852.85004926,1702806.839999543,44448.88000001135,2908354.2399996743,105804.48000003288,160085470.6299726
164.0,197.0,637.0,102.0,278120507.310002,1414266.5499999442,36898.2700000045,1342133.5399999944,60730.80999997881,89502743.28996067
164.0,788.0,47.0,101.0,833928288.5701001,2332782.6399996374,60006.6800000202,5450528.600001426,177992.53999998086,268017174.779807
102.0,491.0,397.0,110.0,558207422.1100994,2088858.8599994613,51321.340000009455,3473093.6099993535,122969.21000005095,179402093.3200195
309.0,370.0,88.0,333.0,547189851.2802076,4812188.43000088,49214.88000000511,2626120.7100000754,89636.31000001267,175786010.3699296
309.0,616.0,37.0,138.0,692141082.7601292,2592753.320000151,49294.510000014925,4106618.0599980927,133748.59999999858,222520460.14986882
310.0,154.0,498.0,138.0,272979461.72999364,2235229.8999999724,34557.44000000747,1020468.8799995723,50411.229999988725,87868034.90995875
588.0,292.0,70.0,150.0,444114850.27009326,2497049.429999841,31013.560000011683,1900070.5800010816,66866.1799999873,142982838.1099381
533.0,265.0,63.0,239.0,452981190.9101439,3589204.7899996485,36008.09000001185,1842822.9400007795,66170.39999998527,145740209.34992388
165.0,153.0,397.0,385.0,310549065.8900533,5250788.22999987,46224.68999999546,966969.7299994032,44050.13999999198,99621377.32995386
563.0,88.0,228.0,221.0,289486216.4600052,2999480.199999733,28130.850000006525,713250.0199996231,35643.53000000092,93239373.35996144
181.0,63.0,435.0,421.0,241248223.22997946,4929163.979999419,42210.849999998616,473652.9800001253,31275.000000011452,77391516.1699553
101.0,94.0,668.0,237.0,231011285.3399836,3514583.2199993297,43171.680000002445,750838.1799998839,45314.73999999633,74185007.61995226
150.0,139.0,360.0,451.0,316104856.8600653,5933480.320000671,47886.409999993775,882670.7199994916,39969.49000000063,101346211.58995178
100.0,35.0,662.0,303.0,190015437.02998152,4292854.839998754,43256.489999998455,304911.34000009036,29778.09000001676,60949235.51995537
397.0,62.0,440.0,201.0,229396837.75999177,2517236.9299999005,30218.670000006772,534903.6899999068,33601.28000001055,73882637.55998072
558.0,33.0,226.0,283.0,259807972.80998257,4286120.389998778,30891.1700000092,283541.7999999325,22924.639999999272,83626418.69997035
429.0,25.0,477.0,169.0,197270171.54998833,2623148.1899997867,28259.99000000533,214787.04999994804,25282.48000000869,63601559.8999847
411.0,24.0,456.0,209.0,189598522.49998775,2686460.4799998067,28137.27000000522,161049.33999997773,23577.28000000649,61109678.129980415
241.0,238.0,312.0,309.0,408617969.83014375,4225839.98999948,44936.21000000059,1761143.8600001645,67333.63999998072,131264308.07995662
123.0,271.0,355.0,351.0,400577056.6601344,4617953.990000055,48676.16000000118,1774903.4199998141,67938.87999998748,128575491.63997112
248.0,214.0,321.0,317.0,370183508.3601322,4299730.149999237,43682.0600000001,1467439.2099996798,59326.51999998083,118908258.44995312
286.0,281.0,167.0,366.0,474207571.5102027,4977234.650000449,48256.6900000022,2091914.8400005042,75453.12000000257,152318675.08994594
234.0,230.0,303.0,333.0,375218712.76016045,4963538.520000138,45996.44999999808,1413681.739999704,58005.80999997918,120485319.71995404
284.0,246.0,166.0,404.0,427232195.4701725,5382994.240000885,46472.670000000544,1652848.389999917,60547.87999998344,137170933.3699572
143.0,315.0,187.0,455.0,489541925.8402572,6069486.630001815,54505.859999995,2169585.8899997645,74922.9499999989,157075192.6299557
122.0,236.0,354.0,388.0,390817224.730175,5359927.960000841,51513.179999996166,1618692.1999997213,63997.19999997487,125397753.11996174
155.0,300.0,202.0,443.0,468331298.43027407,6068059.95000146,53656.2299999948,2013895.5499996596,71592.86999999658,150264245.2799571
148.0,287.0,193.0,472.0,475059810.120299,6170307.480001894,54228.089999992524,2055875.2299996917,72095.86000000594,152405895.9099662
703.0,297.0,54.0,46.0,446902915.1100169,1364131.0199997448,26259.93000000782,2010845.9600013727,71808.24999999009,144030573.55994892
67.0,773.0,140.0,120.0,823400736.6801254,2743407.1200000946,64719.02000002003,5457214.790000418,181030.9899999725,264547909.16988575
538.0,486.0,41.0,35.0,595668949.3400303,1427366.8699995305,37027.740000013226,3321228.929998623,110580.35999999207,191728084.52988803
503.0,212.0,352.0,33.0,342464881.5400081,1165193.1699998581,28245.330000005055,1468585.170000475,60976.60999998329,110385213.84994723
493.0,208.0,37.0,362.0,416638339.99015594,4830897.2699998,37535.03000000896,1380191.0399999975,50704.68999998785,133947370.16994326
330.0,297.0,231.0,242.0,438854016.06014013,3638281.8999996562,41527.500000008884,1994481.2900004068,72811.57999999041,141070690.2799705
21.0,245.0,407.0,427.0,388214125.0501892,5457227.200000705,53816.43999999097,1660197.119999527,64391.2799999721,124494834.89996295
23.0,567.0,48.0,462.0,708629860.9303844,6309487.33000315,66806.50999999081,3938273.1500001093,126611.18000005728,227373958.84989414
24.0,582.0,452.0,42.0,586177568.5300268,1229749.6799995343,51946.85000001411,3889558.6499988176,134370.0400000393,188414096.95001704
17.0,418.0,325.0,340.0,545779889.4602495,5218554.570001367,60236.79999999846,2928636.9599997755,102876.94000004749,175142119.03997946
177.0,403.0,262.0,258.0,505675322.9801336,3884955.830000279,50146.220000005655,2636342.319999738,93272.26000002283,162437542.7399632
231.0,379.0,247.0,243.0,485299948.85016125,3840869.859999944,48128.94000000484,2435221.6000002692,87067.11000001043,155937283.3499565
233.0,181.0,346.0,340.0,343778053.1800564,4280627.249999402,42234.78000000648,1266240.149999671,54189.2599999833,110409332.57995772
218.0,497.0,67.0,318.0,616966003.8302053,4054189.070000453,51562.66000000699,3362435.1699994537,109798.10000002227,198194301.7799164
213.0,487.0,317.0,83.0,548129105.3200581,1730670.9299994984,46188.10000001311,3316487.059999187,115741.46000001031,176243320.08994243
445.0,345.0,138.0,172.0,454229355.2800861,2785891.8399999817,37441.99000001003,2154759.510000635,77898.23999999448,146121849.19994766
351.0,574.0,78.0,97.0,643313205.5500741,2033493.279999372,45233.27000001475,3783093.569998444,122371.97000000383,206872188.80991024
379.0,211.0,405.0,105.0,362795643.370019,1969428.9799997723,36013.94000000848,1692815.9500004484,70176.62999998263,116779517.87996146
389.0,217.0,86.0,408.0,424310455.33019537,5444124.420000755,43629.670000003905,1517826.95999981,55929.55999998324,136280957.37995288
535.0,298.0,119.0,148.0,457710583.85009146,2639001.609999683,34518.58000001096,2078203.7300010503,73190.8299999934,147301296.6999396
119.0,230.0,436.0,315.0,365691601.5300897,4018592.269999276,47116.18000000033,1630978.849999768,65635.06999997173,117402175.84996107
260.0,197.0,373.0,270.0,328595431.06006104,3688796.359999426,40223.140000004285,1206062.839999591,51464.979999982344,105607693.06995694
138.0,91.0,505.0,366.0,257657000.12998462,4520744.909999192,43851.50999999969,687485.4999998282,38771.47000000608,82691054.12995474
130.0,251.0,375.0,344.0,645631744.911384,14131109.949963177,105887.90999969385,2831533.9699999886,169602.38000020912,207136178.9797889
127.0,247.0,467.0,259.0,339714037.51007396,3849222.939999551,45521.27000000156,1466410.7699998,61437.059999971236,109085196.93996361
167.0,111.0,483.0,339.0,280392445.549997,4654150.779999355,43250.15000000035,812858.569999684,41428.55999999634,89986287.67995642
299.0,226.0,338.0,237.0,383213981.5000891,3281290.7499996508,41015.92000000516,1676411.8900003065,66039.02999998043,123202073.74995452
315.0,82.0,452.0,251.0,243081846.64998502,3665669.029999207,35868.500000005115,529809.9399999444,32481.880000010857,78160846.81996678
321.0,83.0,363.0,333.0,269867053.43998307,4348554.09999916,37981.12000000396,609952.9199998258,33801.21000000362,86708195.25996096
345.0,90.0,390.0,275.0,273714876.4699919,3852892.9399992903,36602.65000000752,692230.1399996434,37268.28999999947,88005450.93996745
350.0,461.0,205.0,84.0,580033830.8600512,1833297.009999316,43668.14000001372,3365718.6899990463,115480.7900000086,186567670.6999451
97.0,616.0,274.0,113.0,633245013.8900758,2249741.389999841,53151.27000001469,3957903.5299988114,132257.90000003585,203505741.2199847
406.0,359.0,237.0,98.0,455261484.28007513,2159130.8699997263,37872.530000008286,2272837.590000613,82444.04000000794,146499617.3899648
382.0,503.0,123.0,92.0,593275724.380077,1940105.7499995534,42161.98000001093,3368490.7999992194,112458.08000000943,190843789.9699159
375.0,494.0,220.0,11.0,574721833.8300191,1120478.389999617,40786.710000012616,3418681.649998716,114535.07000000324,184917833.87995398
492.0,436.0,158.0,14.0,515215457.15000594,1071981.489999717,33208.04000001017,2772274.9699999285,96217.57999999322,165904552.3899266
122.0,773.0,188.0,17.0,766729702.3000169,1152631.869999327,54670.62000002114,5131210.429999686,166919.46999996324,246481786.14991465
134.0,571.0,376.0,19.0,594488557.5400149,1048153.8899995863,49089.68000001651,3874607.299998539,134956.94000001217,191155498.46998897
138.0,589.0,213.0,160.0,632031586.0901395,2727869.5900000785,52215.160000011674,3794694.289999031,127048.81000002849,203114304.47995108
158.0,675.0,244.0,23.0,704605441.8800197,1230469.609999351,53512.700000021505,4664839.079998708,159105.85999996387,226539793.65991667
235.0,114.0,320.0,431.0,609066207.7318131,16829977.21996145,104478.39999976935,1564339.1299993817,101387.79000034793,195420233.90981007
197.0,119.0,334.0,450.0,310953461.8500584,5487981.060000025,44358.81999999912,821403.3799995814,37438.97999999772,99760338.88995916
183.0,332.0,249.0,336.0,474123367.5701576,4413330.399999891,48209.63000000524,2280526.3899998055,80991.84000000305,152245159.5899797
208.0,101.0,408.0,383.0,282232418.5000047,5147702.349999816,44266.58999999918,725368.7199996912,38686.44999999774,90560244.02995095
325.0,158.0,443.0,174.0,302284920.64001757,3067107.12999984,36932.500000006934,1064373.7799994857,50159.319999985724,97251866.7599538
207.0,376.0,406.0,111.0,468687642.1500722,2198661.7899996727,45733.50000000967,2656530.0399997616,98534.0300000249,150690997.42997137
233.0,142.0,569.0,156.0,254491092.71999288,2488715.4600001536,36658.34000000539,908961.6999997059,47983.68999999099,81874729.72996321
195.0,442.0,332.0,131.0,512862114.93009764,2391591.229999811,47789.420000009,2971525.629999475,105193.92000002706,164852410.499982
138.0,311.0,336.0,315.0,458014374.7602074,4865400.780000416,52519.06999999925,2190986.2999998354,80922.99000002668,147030869.8799714
173.0,390.0,421.0,116.0,457634469.45006436,2156854.639999732,44723.730000008465,2586219.4000000264,95360.90000002488,147127778.2699951
5.0,596.0,154.0,345.0,663638063.9202814,5266522.840002095,63484.240000002006,3793083.449999637,124351.13000004773,212985849.51993173
438.0,360.0,93.0,209.0,510972247.10009295,2984278.5000002305,39123.74000000823,2493518.5000004843,85180.73000000117,164353553.0099325
7.0,440.0,201.0,452.0,569609997.1703213,6250876.600002763,62948.669999994585,2933829.8300001547,100647.2000000479,182709495.16997376
5.0,489.0,323.0,283.0,574977625.1301767,3859386.3300002324,57383.91000000496,3370746.1899999105,116087.18000006006,184605973.7800043
5.0,478.0,123.0,494.0,619486825.2003905,7226043.670004359,67071.19999998677,3160888.9600004572,105669.95000006673,198660761.869942
5.0,273.0,320.0,502.0,436422955.9302555,6355261.040001501,57853.54999998778,1892280.2099991913,69853.42999998896,139905766.72997454
342.0,281.0,186.0,291.0,405785421.850112,3898825.639999664,41356.14000000587,1697679.2700001989,65114.129999975565,130422012.57995674
435.0,202.0,92.0,371.0,412577526.03017575,4889606.890000289,40361.810000004036,1476432.4799999723,54124.89999998621,132568464.32996014
443.0,205.0,241.0,211.0,361750827.31006986,3312067.2099996777,34771.83000000995,1325376.7899997318,52222.7699999873,116372619.06996572
385.0,178.0,209.0,328.0,370077343.57013124,4156181.079999322,38990.340000006065,1318161.269999875,53000.53999998567,118956795.91995502
4.0,208.0,293.0,595.0,412309325.88027996,7535913.380002915,59137.739999982296,1515354.3499992662,57693.74999997785,132061051.94996713
382.0,136.0,192.0,390.0,340267280.6700999,5096055.000000054,40115.23000000451,950250.169999317,41292.73999999192,109307590.49995787
3.0,372.0,239.0,486.0,511495665.700327,6686781.330002882,61760.379999988014,2414687.499999877,84617.79000002866,164000639.21998432
3.0,159.0,482.0,456.0,324872843.4400886,6022858.680000872,53959.2699999903,1128419.1399993529,51829.16999998115,104094817.97995296
4.0,210.0,296.0,590.0,408522940.2902227,7171883.74000261,58446.49999998743,1543229.5299993039,59037.93999997273,130871353.74996969
2.0,299.0,414.0,385.0,431311418.8101495,4843254.150000491,54170.91999999927,2106651.339999608,78196.5400000102,138359937.50998318
320.0,114.0,345.0,321.0,303477195.9400411,4445711.16999948,40066.080000002716,874974.5399995722,42373.11999999116,97497020.44995569
335.0,261.0,168.0,336.0,444829386.9501755,4857464.880000292,45147.85000000347,1843062.0300002012,66710.39999998357,142888655.1999575
284.0,221.0,306.0,289.0,1321835240.313994,32280195.379988898,208926.74999985128,4653424.4800091535,354337.6600007516,424727116.85121346
285.0,222.0,307.0,286.0,397476733.41006935,3638286.4800000577,42276.560000007776,1749756.840000296,68231.04999998363,127744225.2299567
240.0,356.0,404.0,100.0,438554295.1200255,1859198.0999995898,41391.55000001068,2404961.2900000936,90073.5200000038,141056258.34996998
108.0,410.0,466.0,116.0,457956634.5400633,2035853.229999565,46775.4100000082,2660264.099999841,98587.1500000447,147211204.49999043
345.0,30.0,580.0,145.0,167819067.0899913,2467163.8499999354,31024.04000000457,180709.4699999391,27075.86000001565,54082681.00997257
323.0,479.0,162.0,136.0,583581536.9101017,2426207.0100000123,44984.910000010954,3320490.3999991463,111971.25000002111,187646766.7099301
241.0,357.0,406.0,96.0,435355022.9700644,2007268.279999679,42161.62000000769,2356211.0300004105,90026.19000002457,140034196.0399847
554.0,48.0,278.0,220.0,249100326.01998845,3256822.5399995763,28329.36000000646,392565.5299999058,27367.140000004743,80248584.37997466
156.0,588.0,199.0,157.0,649365660.1401529,3002188.339999983,53689.470000008434,3877972.0599992555,129392.42000003568,208674314.42994207
169.0,37.0,724.0,170.0,168164497.6199896,2718636.8299997663,37455.19000000429,331205.42000001244,34310.83000001875,54093947.3199594
308.0,68.0,394.0,330.0,257115612.77998224,4291467.8999989135,37616.870000003444,552379.1299999186,32633.120000011608,82607969.1499579
314.0,69.0,400.0,317.0,256819405.50998294,4345816.549998942,39023.90000000225,572472.4299999549,33517.970000011235,82503934.62995313
358.0,237.0,48.0,457.0,436420734.12022567,6001146.840001312,45350.389999999585,1537052.0199996713,54033.80999998422,140087258.22996584
245.0,273.0,55.0,527.0,473390013.9602882,6577975.8700020565,50838.32999999494,1825073.4099996816,63263.08999997944,151873259.7299496
393.0,153.0,53.0,501.0,393421363.26018876,6028210.450000912,41750.560000000805,1122355.6199992306,41786.22999998925,126322414.80995214
305.0,202.0,204.0,389.0,384897373.18015105,4783868.379999766,43223.00000000138,1432001.179999709,54564.81999998325,123625785.66996068
460.0,304.0,61.0,275.0,444397363.5201633,3864650.1799994004,36761.37000000917,1765147.1500005214,62276.98999998449,142929202.3199382
415.0,162.0,276.0,247.0,326694298.4600446,3632845.6899995245,35899.330000007314,1035960.8599993584,46598.80999999254,105093637.39995028
259.0,289.0,291.0,261.0,424565607.85012734,3794364.7299994444,44469.84000000564,1960051.7400002535,73506.36999999186,136427273.3899638
381.0,250.0,86.0,383.0,419970571.63015026,4822299.850000156,40753.31000000404,1561567.000000052,55314.479999984644,134925078.92995366
223.0,147.0,251.0,479.0,363551198.58015585,6355270.410001286,48325.44999999381,1083022.479999186,43691.919999989324,116607015.38995783
291.0,191.0,326.0,292.0,337619224.6300711,3905502.409999239,40333.24000000504,1237402.969999612,52953.92999998827,108493163.50995468
121.0,475.0,285.0,219.0,570581829.8701702,3392743.370000182,53544.95000000707,3304975.689999527,113149.01000003706,183292144.66997305
347.0,365.0,219.0,169.0,478937655.01008445,2556605.33000011,39339.710000011815,2414943.390000359,84264.64000000413,154045630.68996695
133.0,413.0,313.0,241.0,521160382.77019036,3988904.73999957,52968.81000000471,2806528.8999999748,98427.27000004124,167383141.2499834
163.0,639.0,2.0,296.0,741115112.5503018,4727755.30000118,60677.870000002906,4298788.549999593,136735.5600000384,238008244.399865
100.0,392.0,235.0,373.0,503192178.3802491,5150006.970000948,53816.50999999865,2490637.2800000603,87175.45000002318,161487888.8799637
140.0,436.0,2.0,522.0,629928875.0004327,7060058.670003568,62271.90999998942,3104015.6700004875,100080.000000049,202090855.5798935
360.0,379.0,1.0,360.0,557206048.7802362,4932207.260000812,47627.15000000444,2626732.7599999798,87073.36000000688,179004858.12990645
317.0,265.0,201.0,317.0,415508351.420149,4719814.639999877,43735.42000000373,1661437.65999992,61301.07999998176,133484338.82996179
473.0,396.0,1.0,230.0,552550287.5802149,4008459.9799996777,43191.11000000892,2658378.7800002433,88957.57000000864,177646581.55990037
387.0,324.0,1.0,388.0,526667523.9902362,5132698.230001004,46396.280000004146,2357117.650000539,79738.21000000877,169182791.989929
202.0,199.0,519.0,180.0,291531004.530012,2760695.7099997634,39702.31000000396,1179598.8299997656,54721.63999998064,93732201.64994621
361.0,164.0,427.0,148.0,310476026.76001596,2736552.409999762,35656.14000000899,1191965.2399996277,53283.45999998355,99903532.73995881
177.0,312.0,454.0,157.0,398317101.0500863,2542685.4599997955,43246.32000000498,2038538.5700003805,79151.95000001154,128062952.38996613
243.0,239.0,402.0,216.0,364167362.95005894,3236054.3100000243,40858.58000000604,1570774.5900001791,64177.69999997464,117058701.48995145
204.0,200.0,522.0,174.0,292758052.4200034,2414247.7699999525,39684.74000000665,1287766.04999992,59046.03999997894,94140181.20996192
209.0,367.0,345.0,179.0,458422565.01007515,2759813.1700001,45150.99000000802,2466537.8000000133,91785.2500000175,147346999.589972
421.0,191.0,321.0,167.0,322707264.09003145,2417447.669999805,32001.14000000925,1213964.8199997956,52237.89999998705,103889323.75996809
324.0,264.0,384.0,128.0,358410397.4300371,1983167.0999998786,35101.09000000703,1653860.0000003374,65422.919999978585,115349437.2999596
369.0,299.0,281.0,151.0,402265874.20005864,2764650.1599999904,38004.770000008226,1828707.4000006043,69487.2299999857,129396150.37995355
370.0,301.0,283.0,146.0,413537141.6100762,2504494.599999833,38021.810000008394,1962832.2200005697,73493.12999999148,133034676.5299655
316.0,313.0,171.0,300.0,462595333.8601736,4186154.2699995404,44345.43000000503,2099059.2500003567,75470.82000000753,148656986.49997196
142.0,383.0,208.0,367.0,512761413.7802486,5037781.360000632,53387.10999999951,2527760.1100000595,87696.220000029,164600940.47996613
410.0,79.0,221.0,390.0,289411962.8400162,4951553.669999563,36516.150000005626,556019.8199999338,28268.47999999859,92968696.47996067
356.0,354.0,52.0,338.0,552886996.3902749,5065169.540000578,49030.68000000269,2595047.280000305,87879.14000002255,177619134.87991038
317.0,315.0,171.0,297.0,479111882.9902045,4618416.000000298,46250.07000000154,2154117.81000054,76141.09000000486,153937405.81995907
484.0,93.0,70.0,453.0,358883008.23013127,5680825.810000362,37744.46000000726,845973.559999369,34616.75999999391,115288906.509942
165.0,447.0,66.0,422.0,585466567.8202946,5590882.760001595,55392.53000000129,2946170.380000088,98010.0200000292,187934787.19993442
198.0,104.0,292.0,506.0,316907577.3100941,6500101.020001087,47160.93999999412,727388.3099996506,33405.46000000415,101580658.76994841
244.0,127.0,97.0,632.0,374724348.7702119,8029191.32000296,50733.519999989076,849358.1099994583,33422.669999992046,120084916.56994991
246.0,129.0,97.0,628.0,378883034.04022175,7730183.8600025885,50139.15999998757,921485.7799991518,36030.06999999179,121436166.09995285
442.0,87.0,510.0,61.0,210965102.73999655,1432945.3400000462,27826.900000002155,578568.1199998229,38426.890000007945,68071654.06998135
80.0,135.0,790.0,95.0,206017197.97999173,1628394.5100000077,39328.270000004166,921925.4099998235,54384.39999997848,66269818.07994753
372.0,248.0,429.0,51.0,338604127.82000005,1143141.3199998646,32385.57000000641,1626529.57000055,67373.0399999784,109070024.97995715
403.0,79.0,562.0,56.0,204284561.90999672,1287069.3999999992,27786.230000003463,584398.2399998328,39160.53000000238,65916060.49998245
337.0,66.0,389.0,308.0,253133828.26998192,4222018.789998727,37103.9800000066,521226.0099999997,32062.26000000867,81346283.66996203
277.0,184.0,386.0,253.0,329838506.7700414,3641176.009999601,40155.190000005205,1222169.0399997209,53057.20999998625,106025136.79995969
49.0,83.0,585.0,383.0,234895562.92997816,4941748.209999459,46051.099999998456,554366.6100000765,35343.18000000822,75285728.96994825
45.0,257.0,445.0,353.0,401625758.27014035,4685397.860000043,52523.03999999883,1878940.9099996625,73563.03000000301,128881944.22997063
55.0,316.0,663.0,66.0,376659437.99002355,1594475.869999629,45533.10000000812,2218299.570000054,89726.53000001598,121099576.03997447
41.0,237.0,497.0,325.0,378095616.8600998,4651368.53999984,50910.66999999856,1674065.4799997003,65744.0299999706,121321517.19996189
91.0,438.0,159.0,412.0,582638722.790327,5846669.740002045,59454.839999995194,2984573.720000257,99198.3500000496,186979217.91995347
314.0,342.0,123.0,321.0,517748548.77017814,4606834.710000642,48403.12000000223,2479467.6200001445,85206.85000002006,166318690.4799602
77.0,543.0,133.0,347.0,639502146.6402587,4594090.99000072,58269.88000000071,3630297.4299997953,117898.29000004631,205319268.65992594
83.0,399.0,242.0,376.0,538758011.6402515,5491849.750001528,57444.18999999713,2743000.410000217,93654.170000054,172878722.8699927
136.0,651.0,235.0,78.0,673802346.150056,1609820.189999276,51759.98000001658,4351604.809998549,144674.95999999184,216590364.44994542
95.0,673.0,277.0,55.0,697185456.750028,1493990.379999122,55757.28000002084,4627152.28999899,158318.5799999842,224108914.0599481
382.0,416.0,252.0,50.0,489312694.80002093,1518609.0599995302,38088.98000001096,2675221.810000137,95673.35000000305,157477328.58995852
352.0,564.0,138.0,46.0,623710431.8800273,1395017.3499994266,43242.18000001457,3730346.609998145,125290.22999999406,200651437.77988628
257.0,411.0,169.0,263.0,531574200.13015014,3760096.3000002145,47876.82000000602,2766095.749999882,93572.16000001944,170786092.72997314
324.0,520.0,214.0,42.0,591921764.6900322,1399348.6299995324,42993.2400000121,3510407.329998696,118953.56000000965,190429634.07994005
103.0,232.0,353.0,412.0,392876207.310155,5097064.9200003445,49919.24999999749,1642109.5499996464,63701.609999975284,126076025.64996123
74.0,239.0,363.0,424.0,399342831.26018155,5772736.110001001,53296.10999999368,1638605.269999435,63315.799999977426,128070996.76996398
85.0,379.0,293.0,343.0,517081872.9902683,4966288.9200006,56462.04999999944,2684904.190000055,97315.89000003955,165980190.6699757
101.0,229.0,363.0,407.0,390159271.7501469,5328790.7800006205,51175.13999999897,1616163.4799996084,62707.989999974656,125168713.47996697
136.0,309.0,469.0,186.0,417900672.9900873,3154551.8800000884,47806.660000007876,2191820.2700001094,84783.6000000153,134256206.89997384
106.0,471.0,379.0,144.0,522602727.08007157,2163362.6599996863,49274.37000001065,3163549.0399994543,111709.98000003488,167947406.70998922
98.0,315.0,498.0,189.0,405362313.14007515,2702180.0599999307,46622.53000000701,2194391.660000134,86310.91000002976,130252769.43997169
78.0,491.0,380.0,151.0,558129539.0001135,2539714.1199999913,52586.00000000923,3415363.5799993593,119492.41000004769,179327042.12000087
61.0,383.0,309.0,347.0,508620935.200236,5235427.160001063,57654.59999999685,2598563.2699999237,93332.69000003923,163221646.37997586
77.0,484.0,390.0,149.0,518564856.40010744,2891515.290000287,52170.85000000955,3038409.46999956,109807.72000003906,166608505.07998818
369.0,498.0,87.0,146.0,622276036.0201167,2798693.680000244,46485.650000012596,3486627.8099989686,117790.0500000129,200096793.4998965
348.0,513.0,89.0,150.0,635081229.8201363,2855810.7800003844,48271.75000001566,3649653.6299988693,125741.85000001367,204191652.47988808
512.0,264.0,121.0,203.0,419025394.4600981,3175688.1499998127,33772.420000011225,1652503.6600007247,60535.11999998335,134851990.9599362
364.0,492.0,100.0,144.0,630447279.1201484,2968595.2500003655,47919.61000001263,3553339.1599992374,118923.73000002114,202695700.5798891
298.0,403.0,70.0,329.0,548475281.6201953,4433450.350000486,47700.960000006075,2713557.219999985,90167.95000001698,176201261.83994243
380.0,196.0,105.0,419.0,395569704.4701328,5313098.230000479,41528.01000000369,1325048.8299998199,49682.529999988896,127048747.26995745
277.0,408.0,83.0,332.0,550252719.2702526,4884449.490000711,49901.66000000183,2682882.35999998,90878.0300000265,176742630.189947
365.0,204.0,94.0,437.0,412669071.350153,5426367.440000517,42498.010000005575,1401911.9599997264,51904.22999998771,132545388.70995094
480.0,269.0,144.0,207.0,420237307.0200929,3271431.3100000373,35770.84000001005,1744159.1600004563,63906.85999998175,135186684.9999501
359.0,202.0,108.0,431.0,422388611.0901982,5973107.42000118,45996.03000000197,1459582.6799995762,54959.11999998203,135625046.68995288
404.0,80.0,391.0,225.0,235123222.58999246,2627846.1399998064,30476.490000006146,561284.3099998566,34955.430000008426,75709591.83997108
388.0,82.0,400.0,230.0,244796341.97998992,3169174.169999538,33717.9000000077,596559.2599998493,36191.340000003554,78765230.74997072
417.0,47.0,404.0,232.0,225348589.27998796,3130156.969999557,31115.480000006944,371325.9399999057,29108.170000006423,72562564.3899799
400.0,79.0,399.0,222.0,254573946.38998204,3412334.8299994506,34451.78000000824,609496.4899998048,35683.720000008005,81911767.16996041
406.0,80.0,393.0,221.0,256597021.78998673,3069879.0699996417,32637.790000007597,626083.4399997861,35548.040000006426,82597635.82996586
414.0,47.0,414.0,225.0,226406265.19998792,3204811.5099994293,30941.440000007242,346908.5299999328,27687.560000007623,72900122.64997791
386.0,81.0,410.0,223.0,249936511.0899879,3030139.2599996887,32677.460000006708,620326.509999815,35648.49000000301,80429533.1299718
403.0,49.0,415.0,233.0,227047346.7099881,3190392.7599995085,31518.54000000681,385747.24999994313,29320.250000008764,73086815.9399791
396.0,48.0,421.0,235.0,226658212.09998906,3294951.2599994685,32467.620000007122,397788.50999992253,29366.450000009412,72943243.40997566
398.0,48.0,423.0,231.0,221736465.4699872,3113817.119999535,32359.89000000749,430634.51999995613,31629.220000013713,71370681.7999726
311.0,482.0,290.0,17.0,537406018.3000078,1053091.12999957,41767.37000001326,3218723.909998837,112883.13000001125,172911829.72997254
281.0,500.0,301.0,18.0,573028689.0200247,1102884.02999957,43633.9300000143,3510267.069998451,121531.95000001034,184342702.00994468
327.0,449.0,306.0,18.0,514570270.5200135,1121307.9599995837,40528.420000012135,2994168.4099994204,109140.96000001625,165608324.48997268
305.0,474.0,304.0,17.0,526929258.70000976,1094024.0299996375,41743.12000001366,3180178.8799992935,112413.28000001269,169528979.0399798
313.0,486.0,292.0,9.0,537470258.029999,934056.879999649,41339.270000013625,3256237.3399987747,113600.03000000675,172932723.12996683
324.0,444.0,323.0,9.0,503767463.2700087,954212.5299997695,38575.61000001158,2932444.359999365,104309.01000000624,162139363.45996612
278.0,495.0,318.0,9.0,555880513.7900124,993800.4999996426,42865.770000013166,3418040.999998608,118017.68000001367,178826919.48995426
299.0,471.0,320.0,10.0,529320141.64001215,994492.3799996926,41443.73000001422,3166074.4999990202,112955.78000001068,170327437.97995418
291.0,458.0,333.0,18.0,509434612.8300129,1111990.2699995886,41322.340000012926,3012448.4699992486,108047.08000001093,163919204.62995878
294.0,461.0,335.0,10.0,506865847.69000787,973795.0499996851,40393.760000011316,3019859.3899994656,106039.18000001232,163090655.48997334
616.0,120.0,74.0,290.0,322064543.6700572,4007510.729998887,28986.000000010463,698750.829999496,31484.01999999711,103689474.73995024
563.0,133.0,82.0,322.0,361891998.0801064,4294735.689999154,33020.76000001182,1004431.0799992691,40084.72999999174,116413384.7099517
235.0,726.0,28.0,111.0,779543533.0901186,2491595.590000274,55294.350000018625,4911078.7399998605,158715.74999999622,250555953.2098292
260.0,50.0,668.0,122.0,158860222.06999442,1954752.7700001246,32846.910000004435,308554.5499999628,32541.910000026455,51185351.02996718
331.0,64.0,40.0,665.0,363892444.17022306,7695893.930002378,46352.56999999208,702348.3899995099,28778.399999992303,116668034.36995262
127.0,392.0,326.0,255.0,475340204.7200983,3185299.6800002065,48514.91000000764,2582199.1699999804,92079.74000002648,152699380.67998615
162.0,38.0,505.0,395.0,225558915.4499778,5307133.91999972,43928.83999999759,305458.53000005515,27629.580000008107,72335982.42995735
149.0,563.0,22.0,366.0,705839298.0203009,5173798.830002,61122.70000000209,3995816.209999661,130268.9500000458,226626400.64987478
130.0,489.0,406.0,75.0,559045202.2300359,1482284.9299994283,48504.430000013585,3504141.7799988557,122591.66000002265,179734554.35998836
106.0,401.0,333.0,260.0,510610672.9701629,4111828.4700002726,52993.71000000509,2718406.879999901,95273.63000002416,163967775.92997298
350.0,241.0,231.0,278.0,405419376.900116,4235302.1199994655,41832.86000000435,1636420.65000022,61137.07999998107,130280512.09995028
333.0,246.0,236.0,285.0,395304250.0100874,3838322.219999899,40397.73000000658,1621029.8600000953,62356.64999998091,127070354.25995982
362.0,213.0,238.0,287.0,380901573.6500985,3867431.4499993743,39186.060000007245,1478749.8499999207,57257.789999982684,122442765.96996257
384.0,263.0,148.0,305.0,444174733.80017257,4649855.430000162,43280.4000000049,1817561.0600001886,66542.33999998527,142725238.929953
437.0,301.0,288.0,74.0,432330354.61005,1658131.1599996216,36166.02000001049,2243370.2300005523,84311.0100000021,139152512.17997125
513.0,302.0,198.0,87.0,439616537.8700499,1924945.8999997266,33573.71000000932,2109135.230001008,76606.26999999936,141525379.43995565
471.0,348.0,196.0,85.0,476960799.4300367,1941568.1499996705,36311.4600000093,2436395.6100001615,87383.26999999794,153507589.70993325
436.0,276.0,309.0,79.0,388507032.18003374,1823947.1999997937,32757.160000009182,1773829.3800005736,68168.00999998463,125097238.66995947
379.0,240.0,157.0,324.0,413208725.2901418,4357571.509999701,41237.8500000042,1648626.2800001241,61699.629999981444,132787454.11996275
494.0,312.0,205.0,89.0,430895049.1300181,1778619.5899997195,32706.290000008845,2043165.740001181,75036.64999999375,138749087.76995048
398.0,219.0,202.0,281.0,388124566.0501135,3750386.4199994784,38159.32000000859,1506802.0400001735,57499.129999980236,124792548.40994592
372.0,227.0,210.0,291.0,419219814.4701175,3885146.7299997984,41074.52000000786,1791815.4500003192,67548.61999998405,134743861.26995355
420.0,171.0,213.0,296.0,337557286.0600626,3978300.0499992194,36068.20000000785,1079943.7499994796,45301.379999988196,108543185.33995292
339.0,186.0,337.0,238.0,332175622.3900414,3432807.2799996403,36702.820000007494,1177701.3099996657,49819.14999998803,106816862.08995584
402.0,220.0,204.0,274.0,381033370.24007416,3845454.449999667,38565.26000000764,1459261.0900000762,56741.479999985764,122498875.22994879
356.0,145.0,355.0,244.0,325615883.59005064,3379538.719999554,37081.970000005516,1157868.4499996102,50490.849999989,104721721.6699563
317.0,193.0,350.0,240.0,337586649.02007264,3527748.2399993674,38704.750000006046,1271773.0699996229,54061.15999998322,108535118.1399625
396.0,180.0,223.0,301.0,353948368.3400975,4097440.779999297,38306.910000003605,1218956.2799997006,50305.55999998651,113777454.14994839
329.0,149.0,364.0,258.0,312694443.0200211,3731366.939999273,38406.2900000063,1045596.3699994406,45798.9199999917,100511503.34995787
331.0,150.0,367.0,252.0,316236352.65005356,3711001.1599994744,37611.21000000514,1037943.1199994701,46448.20999998983,101674251.96995233
29.0,348.0,338.0,385.0,490318116.37026286,5180281.090000757,56639.969999994384,2474046.770000139,89260.60000005475,157317447.0699996
5.0,356.0,345.0,394.0,493794906.62019974,5217303.770001423,57768.189999999006,2530004.1599997845,90982.58000002024,158420925.69998404
30.0,323.0,349.0,398.0,454528141.54023284,5681816.570001474,57094.82999999324,2144037.709999613,79306.3600000125,145792322.83998194
40.0,484.0,39.0,537.0,618358779.3704135,7796778.460004314,66097.20999998476,2987379.25000019,96156.450000044,198268031.24992624
29.0,350.0,339.0,382.0,488480128.2301963,4846077.760000612,55370.31000000049,2498816.3800000045,89315.11000002486,156750111.46999928
42.0,459.0,41.0,558.0,637501383.380458,7552261.410003615,65997.87999998544,3155138.9500003555,100934.26000005106,204438607.78992844
7.0,503.0,40.0,550.0,635947452.7303487,7152334.080003329,64830.869999993476,3220972.209999581,101482.93000002966,203932509.9499248
5.0,333.0,358.0,404.0,450108782.77019924,5391573.640000561,55894.27999999515,2145106.9499994298,77928.61000000437,144371745.3699765
7.0,471.0,42.0,580.0,657474452.8204637,7777830.830004507,68660.83999998095,3336282.530000816,107326.67000007065,210820418.44991866
7.0,475.0,42.0,576.0,647116152.3804711,7725118.630004171,67918.52999998066,3247420.0200004857,104581.62000006302,207498305.1799229
172.0,490.0,231.0,207.0,586386391.6401272,3069793.2400004733,50807.060000009995,3376991.6199991466,114359.52000002646,188430715.96995106
714.0,204.0,96.0,86.0,393813905.4900411,1971507.8699998078,25917.540000006964,1534689.9300005352,58317.38999998983,126917382.11995193
136.0,620.0,181.0,163.0,695409766.8801196,2663693.5700000655,55459.010000013805,4340391.869998859,142979.24000000575,223460422.01992396
139.0,395.0,400.0,166.0,467933169.68012863,2967907.1299999263,48209.94000000633,2555727.05999998,92370.67000002935,150357589.41998488
117.0,331.0,156.0,496.0,527185763.1703385,6641604.680002295,58269.97999998938,2385693.3900001505,81365.87000002773,169114032.82995296
87.0,395.0,250.0,368.0,515284842.1402068,4733868.040000624,53783.020000001416,2664180.8000000636,93501.79000003284,165394186.2599746
549.0,157.0,159.0,235.0,357817939.70007163,3205567.0899995826,30883.250000009964,1186931.919999719,47580.369999991206,115175796.05994307
544.0,250.0,73.0,233.0,455468785.95017856,3647625.159999478,36865.770000012584,1871416.880000853,68261.49999998767,146532497.96993744
588.0,270.0,171.0,71.0,404203240.5900371,1652581.3299997083,29585.170000009442,1820831.4700007876,68444.66999998981,130196533.23996145
505.0,232.0,147.0,216.0,389858005.420063,3470077.6099999715,34882.92000001018,1462254.420000295,55638.90999998845,125417252.88994785
250.0,327.0,264.0,259.0,462209608.2001551,3983537.0699996906,45870.09000000285,2192262.7900003055,78892.97000000603,148511796.38995165
210.0,342.0,277.0,271.0,447590091.440123,4089108.1700001014,47210.43000000491,2130848.7500002375,77440.13999999886,143777355.88997337
235.0,374.0,248.0,243.0,496056913.9301406,3712077.129999861,47676.22000000929,2546586.27000007,90028.70000002283,159379976.34997666
237.0,309.0,310.0,244.0,434110896.8001256,3782611.5499996385,45666.680000005355,2043972.770000314,76111.05999999848,139486467.68996313
225.0,293.0,237.0,345.0,454216919.95023066,5010552.310000353,49426.33999999894,2007442.3800000777,73586.33000000838,145854578.26995972
203.0,321.0,265.0,311.0,441609866.99015313,4233798.429999538,46281.07000000445,2040125.1600001361,73261.13999999031,141827812.51996464
178.0,290.0,291.0,341.0,417347158.2601569,4402758.649999622,47383.0400000018,1882282.7999998468,69386.87999998771,134000933.14996153
177.0,351.0,233.0,339.0,487277680.9502292,4787939.760000417,50618.450000000834,2353317.660000265,82134.42000002664,156435617.37997997
186.0,369.0,305.0,240.0,461161580.1301376,3519963.2399997027,46620.110000004315,2336315.580000085,84018.76000002629,148167668.59998572
168.0,334.0,275.0,323.0,452111671.2901521,4143422.7699995264,47999.370000004215,2197491.0300000124,79225.8200000051,145193321.509967
573.0,20.0,258.0,249.0,238680645.18998882,3568384.969999163,27108.630000005956,188744.36999992732,20302.74000000062,76900046.31997527
250.0,33.0,416.0,401.0,235175397.67997804,5191855.179999636,41219.3499999997,312239.4300000318,26064.880000005625,75462275.80995594
406.0,335.0,183.0,176.0,469421216.2801016,2715239.449999939,39004.36000001155,2307306.730000604,82587.23000000256,150993466.4599502
729.0,26.0,29.0,316.0,271881180.7199839,3983514.4999989066,23223.730000004383,210983.70999990747,16112.869999997685,87582836.07996817
484.0,17.0,218.0,381.0,245774673.60998052,4488211.579998884,31736.31000001002,205680.3999999313,19809.869999998213,79040216.30996765
414.0,342.0,17.0,327.0,523475469.62018216,4312217.220000033,42926.25000000562,2395307.020000349,79607.03999999841,168242759.19991985
262.0,35.0,39.0,764.0,343322201.4201797,9276722.160000425,51567.91999998241,373692.4500001186,18141.339999994678,109903494.44994582
127.0,389.0,212.0,372.0,527719349.4502396,5165381.870000926,54874.52000000134,2658423.429999883,92943.56000002655,169384671.32995948
190.0,578.0,28.0,304.0,681061836.1002755,4856678.400001239,57486.46000000393,3769461.8799994937,122054.50000003619,218736059.07989258
154.0,472.0,23.0,451.0,621233833.7503659,6511110.070003043,60124.40999999406,3095297.5700002075,101000.56000003812,199355266.81991273
146.0,222.0,369.0,363.0,360902982.85010445,5084759.900000142,48922.46999999745,1401856.3399995812,58256.56999997296,115809371.46995927
267.0,194.0,322.0,317.0,349848319.6000857,4376078.389999304,42704.510000003276,1279646.9499996675,53243.239999987774,112378687.6199575
167.0,96.0,422.0,415.0,272412899.8199834,5321470.500000019,44764.78999999642,652831.5399998067,35958.62000000296,87357490.1799566
168.0,256.0,257.0,419.0,423548907.3102295,5538531.790000783,49777.58999999507,1724495.23999971,62491.68999997594,135908956.6199696
199.0,302.0,503.0,96.0,382740611.27004266,1894629.4099997473,41959.530000008555,2056052.1500003776,80450.9300000147,123080663.04996984
306.0,176.0,469.0,149.0,300127576.7600097,2318242.13999985,35020.68000000671,1178336.2499997758,53304.07999998528,96601444.95995243
409.0,297.0,299.0,95.0,399166001.29004246,1968373.5599997505,34320.130000008896,1879136.8300007086,71283.92999998968,128492219.3599647
405.0,111.0,490.0,94.0,241078659.9899967,1570025.599999987,28688.50000000405,758539.4899996783,41704.19999999395,77734469.01997454
344.0,94.0,252.0,410.0,310550982.38005614,5299450.329999976,39297.50000000437,702493.8699997413,33429.090000001175,99720856.1299507
491.0,135.0,360.0,114.0,281124781.6699945,1867392.1199999463,28493.820000005533,945108.9599995883,46326.1099999911,90595822.14995322
245.0,80.0,262.0,513.0,297075369.44002545,6254446.150000625,44900.32999999827,566706.690000072,30212.940000002625,95273959.2599566
294.0,76.0,247.0,483.0,308459908.66006577,6248929.800000783,43444.47999999869,587077.8499998986,29950.630000002297,98980643.36994897
227.0,156.0,242.0,475.0,357761753.04017806,6450515.430001484,48571.819999992,1037693.0199992165,43508.89999998795,114738823.49995153
293.0,96.0,98.0,613.0,357584130.16019005,7775293.780002413,48274.64999999024,701819.0899996345,29396.449999995613,114627796.88994771
310.0,102.0,332.0,356.0,274417372.2299904,4108142.1999990237,35958.110000006694,652279.5899998079,33853.830000007045,88186368.03995636
347.0,238.0,117.0,398.0,423176666.78019506,5785761.250000756,45129.09000000213,1486141.8499996713,52958.29999998374,135859696.96996018
454.0,117.0,120.0,409.0,333261667.13006335,5129253.5099995965,36186.36000000947,760840.6399995136,32745.45999999913,107090489.14994676
336.0,181.0,281.0,302.0,381142412.9400903,4257389.129999719,42466.560000006284,1492488.8900000278,59409.68999997766,122456023.62995364
319.0,172.0,84.0,525.0,392264341.6402013,6820583.540001631,46776.949999995515,1117830.0099993185,42644.52999998907,125837756.42995252
407.0,219.0,107.0,367.0,408345002.2901537,4602913.889999811,39218.90000000775,1486089.6399999948,54016.299999985196,131222124.82995936
503.0,339.0,3.0,255.0,528522968.1101571,3750254.2699998994,40286.320000008454,2460175.650000473,82499.79000000226,169946940.7499126
91.0,572.0,6.0,431.0,690117979.140374,6297819.800003165,63862.24999999803,3721638.099999958,120143.2600000443,221487683.90988877
466.0,395.0,3.0,236.0,544662569.5301738,3775546.389999975,41838.590000011034,2620851.4600001513,88297.27000000268,175134896.44990122
385.0,259.0,261.0,195.0,380722002.3300597,3331008.560000008,38549.38000000768,1574893.4700001779,62047.95999998345,122440316.91995351
638.0,429.0,4.0,29.0,527488525.5600243,1410121.2999996687,30394.07000001001,2679689.8999999547,89643.13999998686,169881539.9699134
428.0,363.0,290.0,19.0,443432823.70000535,953613.4899998454,33184.72000000812,2374197.940000569,84352.5899999914,142780194.6599532
78.0,493.0,496.0,33.0,528842054.66001344,1197489.5899994937,49477.330000014495,3438585.5999987344,123777.40000003057,170018286.87000063
117.0,926.0,8.0,49.0,910170458.700068,1831395.07999881,61774.06000002644,6120432.51000261,195857.7299999662,292524883.9397779
55.0,436.0,348.0,261.0,527598245.2001863,4277387.650000281,56240.27000000187,2904084.439999967,101892.68000005359,169388712.43000332
70.0,556.0,444.0,30.0,557233101.6400195,1162306.769999472,50164.42000001519,3634947.289998477,128754.70000003204,179148257.9499886
303.0,169.0,317.0,311.0,342068992.63008714,4436802.989999333,42439.450000003366,1215099.8199994315,51217.159999985626,109870369.64996327
173.0,197.0,368.0,362.0,349576683.8200949,4550848.359999471,44946.080000000125,1333761.8999996332,55139.39999997662,112219231.6099539
284.0,226.0,298.0,292.0,363720651.5300825,3826154.5899993815,41333.3500000041,1435131.95999997,57487.73999997806,116868510.61995454
349.0,196.0,197.0,358.0,383242743.0301539,4791497.830000192,42808.32000000066,1402778.979999809,55477.07999998214,123102363.5399594
365.0,205.0,382.0,148.0,325833338.25002456,2358436.7100000046,34432.53000000823,1314640.9599998295,56704.20999998391,104869174.61996068
398.0,316.0,225.0,161.0,427366558.2000692,2595927.6899998602,35973.890000010055,1944806.5800009451,72609.48999999269,137519171.66995034
266.0,305.0,308.0,221.0,434999611.770083,3162866.780000124,43440.49000000745,2128368.1000004336,78526.11000000236,139829077.97995773
197.0,320.0,420.0,163.0,414850209.4000885,2723424.409999869,44515.43000000633,2142589.1400001687,81939.16000001055,133355024.73996526
187.0,304.0,216.0,393.0,473708421.24021405,4934238.510000233,49382.05000000068,2166809.370000062,74386.73999999267,152082231.95996445
239.0,387.0,276.0,198.0,486852284.50015056,3378704.59999976,46225.5500000068,2522293.659999832,89983.89000002715,156464505.7299744
151.0,611.0,174.0,164.0,693283550.8401648,3151554.360000458,57503.020000012526,4272921.509998744,142387.90000002275,222756346.35991073
416.0,441.0,125.0,118.0,547354500.7300733,2308652.0899997964,40543.24000001206,2930298.139999519,99483.13000000139,176077544.95992938
308.0,103.0,354.0,335.0,275024053.1600003,4128491.1499988143,37557.88000000422,687047.3599996859,35525.76000000643,88371298.37995374
108.0,437.0,438.0,117.0,479080465.47009444,2558001.239999991,49028.8700000084,2767942.1399998832,101174.01000004279,153959879.41000217
113.0,457.0,129.0,401.0,588487720.6603439,5831010.320001753,58671.34999999406,2999639.6300000437,99897.33000004572,188869524.97993517
123.0,41.0,500.0,436.0,230686215.92997557,5574167.579999993,45786.92999999316,348728.59000012773,27779.750000009135,73922400.959952
271.0,288.0,289.0,252.0,429825565.5701689,4190570.809999399,45743.360000003144,1927297.0000001355,72389.75000000553,138100215.18996346
474.0,42.0,143.0,441.0,287380880.32001483,5822095.270000227,36360.89000000698,305508.19999997783,20045.039999996166,92319336.9999521
451.0,40.0,480.0,129.0,199015521.05999327,2088562.2300000866,27391.010000004888,338465.93999988947,29880.76000001062,64191085.14999016
357.0,31.0,380.0,332.0,232767231.16998187,4265528.979998761,35372.160000007134,315902.96999999334,25340.230000003765,74821841.41996805
118.0,68.0,599.0,315.0,212486016.05998355,3767380.8999992763,41686.01000000261,525279.3400000983,37229.33000000809,68212997.37995921
261.0,58.0,512.0,269.0,227865754.25998566,4018156.949998682,38300.76000000284,434858.0700000465,31850.48000001774,73216679.54996039
114.0,98.0,582.0,306.0,243668054.64998004,3895689.3899990544,43236.98999999901,744165.9099997132,42772.75999999431,78212135.94995447
195.0,113.0,269.0,523.0,334108625.2201564,6542409.140001272,48606.81999999195,881761.5099993552,37996.79999999208,107109581.90994507
105.0,61.0,537.0,397.0,240551054.20997813,5238212.609999752,46724.709999995015,534009.820000116,34508.52000001124,77097108.21995214
157.0,135.0,216.0,592.0,354618231.1102047,7578639.150002378,52405.99999998377,909996.7199990799,38038.9799999937,113596822.92995174
343.0,76.0,182.0,499.0,317816454.7700835,6400899.620000793,42636.54999999931,606303.869999893,28386.34999999827,101951965.47995223
232.0,76.0,455.0,337.0,252800776.32998195,4451620.0399990175,40868.55000000252,592071.0499999778,34177.41000000729,81161925.25995955
380.0,126.0,202.0,392.0,326747005.7500771,5136960.820000055,39212.900000004265,832603.389999472,36768.859999995235,104950217.43995601
332.0,110.0,176.0,482.0,348199712.9901483,6292794.600001057,44354.77999999684,877883.6799993106,37076.38999999423,111722168.24994983
291.0,260.0,140.0,409.0,448746390.880203,5642825.950001062,48345.96999999765,1785633.2199998766,63293.39999997906,144058297.1799523
366.0,236.0,127.0,371.0,434204350.1801987,5346975.790000517,44298.75000000373,1611169.6499998358,59181.309999981895,139474669.85995346
285.0,275.0,138.0,402.0,452724913.330167,5022836.390000368,46740.140000003346,1918527.3599999526,68025.53999998225,145378139.69996187
250.0,225.0,273.0,352.0,387111232.93013155,5033430.280000086,46042.21000000177,1469902.5699997593,57242.96999997839,124289602.24995157
433.0,388.0,209.0,70.0,498460998.6700365,1670771.209999589,37049.32000001075,2666254.9100001436,93694.16999999806,160419966.42995557
342.0,330.0,373.0,55.0,437919751.6500268,1359666.2899996855,38439.83000001171,2428726.9100003517,92977.43000000635,140938002.59996903
431.0,279.0,340.0,50.0,388749483.6200266,1389024.1599997825,34137.94000000883,1955342.9700009152,75659.81999999715,125166181.5399566
509.0,354.0,178.0,59.0,444886771.9000341,1388447.2299997325,32147.76000000986,2220696.590000889,82222.93999999866,143278822.99995828
314.0,219.0,248.0,319.0,378170008.66009676,4386132.279999581,41496.76000000625,1414187.6599996798,55755.79999998256,121503336.88996547
423.0,295.0,333.0,49.0,405247805.70003736,1481942.169999744,33767.03000000912,2002646.3900010851,77510.579999999,130495378.50995116
500.0,188.0,313.0,99.0,311361957.2900112,1642005.5099999015,28350.790000005498,1192309.0099999113,53039.13999998696,100351977.24995959
417.0,214.0,356.0,113.0,350771836.9500209,2147549.109999853,34025.90000000732,1529694.600000221,61493.9299999814,112903387.7799569
393.0,383.0,246.0,78.0,474172587.38004696,1639928.3799996683,37090.35000001092,2517397.9500002535,90642.66000001044,152609023.42996624
526.0,198.0,272.0,104.0,353277398.89003164,1885125.429999816,29879.57000000848,1433215.6700001424,58929.64999998537,113811904.60996377
460.0,173.0,287.0,180.0,356531535.78005534,2824852.039999906,35389.630000007804,1423744.170000248,58305.039999982364,114732393.8499506
382.0,372.0,197.0,149.0,485662546.380104,2542196.839999884,39144.860000008724,2438535.670000339,85123.32000000493,156219737.79994705
399.0,205.0,282.0,214.0,358712256.6800652,2922737.6999998684,33885.71000000952,1370150.170000015,54665.9399999871,115432664.97995745
296.0,394.0,252.0,158.0,506971807.8401028,2978120.9800003427,45495.970000009096,2696962.9099997296,95553.67000001189,162974702.45995346
332.0,443.0,235.0,90.0,515827679.980059,1897626.959999595,41369.92000001014,2858331.7200000603,99508.24000001267,165931007.69995126
308.0,410.0,218.0,164.0,512726131.2600945,2529387.1199998455,42793.31000000948,2787293.4899997404,96278.44000001813,164857319.42996144
226.0,462.0,38.0,374.0,616109875.7602991,5236806.650001376,55232.29000000385,3219532.1299998,106072.03000003158,197823672.54991004
104.0,527.0,43.0,426.0,664709199.8103406,5695410.5900021065,60838.47999999958,3620261.419999719,116752.24000004164,213330458.21990648
292.0,275.0,49.0,484.0,461534447.32022166,5741773.44000114,46585.69000000079,1833663.2399998074,62238.12999998241,148133352.7499544
155.0,319.0,368.0,258.0,450990666.1401339,3684750.3800001056,47984.29000000429,2280200.0199999404,83749.33000001239,144871530.3299688
208.0,425.0,35.0,432.0,584366937.720331,5939989.160001856,55136.91999999618,2843994.39999997,91077.15000001829,187558490.2899315
172.0,162.0,407.0,359.0,333822465.9300935,4746603.129999507,45734.9599999964,1185497.7499994335,51086.20999998793,107164892.84995793
65.0,327.0,376.0,332.0,436709661.7701705,4360468.55999978,51720.229999999065,2157318.5300000696,81148.65000001481,140187975.34998488
124.0,288.0,52.0,636.0,510901628.1304442,8428783.500003958,60721.22999997883,1953424.8399991284,64654.28999997478,163753594.53995225
83.0,193.0,485.0,339.0,331362621.56007594,4366734.02999927,47395.599999997874,1335578.9899995797,56991.319999975225,106349056.58995737
77.0,179.0,449.0,395.0,339125201.8100734,4456826.959999609,47694.91000000057,1390156.9199995901,58779.6499999739,108816809.65995876
179.0,293.0,279.0,349.0,418440424.6401356,4390915.769999965,47296.560000002275,1885000.890000031,69937.90999999228,134365945.19996876
30.0,341.0,324.0,405.0,491154826.9402525,5863981.590001599,58780.86999999324,2372421.8099997174,83217.470000023,157552491.2599836
242.0,11.0,376.0,471.0,218173691.02997795,5476702.919999862,40974.169999997925,137341.89999996833,19278.969999997804,69952609.6899691
190.0,311.0,230.0,369.0,496591051.94023657,5621549.580001533,54400.36999999817,2316268.260000351,82496.75000002405,159400820.94996142
188.0,306.0,291.0,315.0,442159376.2201427,4093940.359999602,47198.09000000426,2102586.600000178,76934.36000000047,142016318.9299613
279.0,13.0,338.0,470.0,246981537.21997496,6074626.840000319,41407.99999999969,170950.7899999923,18762.58999999613,79207143.38995892
34.0,385.0,285.0,396.0,490785840.2402178,5529157.7500016885,57833.189999996976,2434247.660000039,88222.6900000328,157462297.25998053
47.0,14.0,499.0,540.0,225897048.22997046,6811914.670001172,50169.919999988226,186027.7400000422,21966.650000000507,72256171.93994775
48.0,15.0,398.0,639.0,260128451.60996178,7974031.030002314,53622.21999998053,237209.14000016206,20737.819999996762,83163656.6499452
52.0,16.0,432.0,600.0,252946839.56996307,7886161.570002227,53957.48999997982,213731.6200001222,21138.679999998087,80868663.72994114
314.0,387.0,377.0,22.0,459387461.1500122,1115911.9799996868,40000.30000001049,2652120.999999855,98294.61000001436,147833122.6999698
238.0,424.0,414.0,24.0,510141645.9300309,1206498.3099996152,43245.510000011855,3058998.4599992614,110401.24000001812,164123989.5999776
376.0,245.0,452.0,27.0,327985879.33000404,1082332.9099998518,32338.01000000661,1572643.7500005485,66930.58999997712,105662766.3699557
325.0,401.0,351.0,23.0,456495353.3200103,1094604.1099996918,38978.000000009546,2612016.820000112,96102.80000001416,146910608.6199788
235.0,289.0,282.0,294.0,441616685.8401116,3917747.0199998925,45530.12000000812,2079408.6000003056,76461.15000000215,141880806.14995793
277.0,180.0,298.0,345.0,368340906.8201206,4892363.940000084,43867.89000000101,1274097.059999617,52045.019999982986,118314750.15994886
179.0,319.0,279.0,323.0,460502539.4201769,4713398.980000327,50352.66000000154,2167427.0200000377,78250.44000000446,147860046.5099623
200.0,189.0,349.0,362.0,358105696.9901012,4382814.439999457,44728.85000000184,1410204.0299996913,56599.03999998425,114974062.64995748
305.0,288.0,476.0,31.0,367048800.84001565,1094822.2699997989,36038.63000000758,1920815.9300006188,78724.87000000241,118187929.55996138
207.0,196.0,323.0,374.0,356500270.4401109,4790957.229999877,45075.42000000113,1322806.519999602,55117.75999998096,114438186.8099576
336.0,137.0,122.0,505.0,389266524.31018525,6607734.520001446,46321.30999999733,1118447.3799992162,43662.3399999876,124905013.04994524
434.0,119.0,106.0,441.0,363226560.0001462,5923776.470000996,42187.100000003484,963823.859999262,40042.509999991846,116636136.28996079
257.0,365.0,93.0,385.0,525367578.290281,5440339.270001428,51300.439999999086,2431622.4800005243,82692.88000002307,168688758.77995005
356.0,145.0,64.0,535.0,394230113.0502523,7460224.9600022985,47882.08999999097,987552.8799991423,36979.84999998994,126451170.66993828
351.0,143.0,127.0,479.0,372514105.0001944,6318240.050001042,44611.49999999528,1026003.7099991854,39749.08999999183,119552339.2899481
277.0,395.0,50.0,378.0,568106923.9203267,5898153.660001932,54394.0300000003,2696368.9800000195,90757.90000002236,182401276.0399187
474.0,130.0,58.0,438.0,371159690.2601483,5671888.490000356,38323.96000000695,920583.2399992691,36250.19999999294,119249843.36994532
351.0,338.0,86.0,325.0,497007060.56022483,4683177.099999898,45341.7400000034,2219542.5400002063,75699.43999999741,159685092.2099529
355.0,341.0,43.0,361.0,515412812.9902109,4839235.300000407,45918.10000000481,2301625.58000016,79108.61000000154,165604752.54993865
365.0,352.0,45.0,338.0,516687230.54021627,4944697.750000696,46349.970000002504,2337864.670000199,78206.24000000802,165978330.00993535
23.0,450.0,435.0,192.0,512748398.8201505,3319807.360000079,53834.99000000461,2968554.509999898,103823.93000004707,164669796.20000994
160.0,393.0,380.0,167.0,457889141.13009655,2727310.4800000703,45749.54000000803,2467854.4400002398,90141.1800000172,147172476.7399883
31.0,222.0,588.0,259.0,321221353.19004595,3518751.949999481,47619.9700000015,1483609.4899997273,64879.85999995873,103120778.9299559
24.0,477.0,396.0,203.0,525023039.11012393,3119536.660000385,54114.05000000595,3106010.4099995494,109282.43000003863,168621119.17999163
24.0,470.0,455.0,151.0,515119331.3100813,2427324.9099998134,52873.770000009215,3167838.4599995045,112820.90000004588,165492890.8200148
35.0,257.0,582.0,226.0,344273109.97003967,3258475.399999682,47748.04000000091,1698633.159999761,70061.8999999789,110549961.93995936
175.0,430.0,357.0,138.0,521774613.5901056,2594776.6399997775,48328.6700000091,3000930.53999972,105944.16000002738,167709102.39998254
217.0,195.0,516.0,172.0,307693492.6500173,2577743.4699998363,39034.930000005384,1306504.0500000308,58597.159999975716,98954604.72994977
220.0,198.0,451.0,231.0,349339836.44008005,3677249.3599996846,43915.67000000191,1489766.7199997692,62248.93999997661,112238538.24996339
232.0,209.0,475.0,184.0,326961166.38002497,2772274.589999984,39853.29000000644,1435250.1399999182,60448.009999979615,105126641.68996084
34.0,314.0,604.0,148.0,358028946.12003744,2310519.5599998413,46406.830000008464,1975808.0600000147,81698.02000001226,115039467.27996789
291.0,239.0,458.0,112.0,361909275.320056,2134327.8899997743,38625.230000006886,1741222.0100004743,70348.39999999363,116435745.46995308
36.0,275.0,634.0,155.0,366058652.1200634,2361099.5999998846,47090.38000000492,2010454.9200001808,82360.65000002949,117629603.82996121
70.0,655.0,67.0,308.0,727188102.5202701,4318331.770000924,61783.0800000065,4384856.09999975,142677.7800000344,233511154.93987742
36.0,335.0,644.0,85.0,385790675.30003154,1562563.1299996814,46416.68000000778,2331671.909999974,94679.90000003815,124017510.059971
91.0,708.0,87.0,214.0,768023565.450206,3886714.700000992,62267.82000000999,4729656.940000094,152065.65000002208,246678803.84987083
521.0,427.0,44.0,108.0,553616200.4200766,2262426.439999853,36912.980000014,2825499.489999807,96760.59999999829,178176235.71989885
317.0,217.0,500.0,66.0,296520630.2400049,1457579.3999998132,33944.84000000654,1340799.5700001528,61280.99999997465,95495085.16995877
510.0,350.0,43.0,197.0,488449268.6401102,3317688.7700000303,37076.620000009985,2221578.620000761,76112.47999999928,157113592.20992815
557.0,381.0,47.0,115.0,528772902.3600738,2307961.889999754,35751.710000012616,2642116.610000055,90755.5299999971,170181860.22991055
226.0,402.0,175.0,297.0,541947396.9102249,4396023.72000011,50663.320000002255,2772298.1800000323,96461.02000003408,174080738.00994655
44.0,485.0,212.0,359.0,587530216.910246,5218187.800001809,59492.86999999924,3184415.84000023,106352.38000004823,188550427.56997052
232.0,381.0,181.0,306.0,548247928.8001877,4290446.430000365,51858.02000000406,2876705.869999872,99177.00000002408,176096113.24995077
216.0,385.0,215.0,284.0,507276108.6501557,4078712.7400000705,48684.99000000597,2580510.190000021,88871.48000001795,162950259.3899639
235.0,418.0,182.0,265.0,516022390.7801574,3990395.050000043,48031.91000000581,2616713.2199998437,88678.80000001313,165782561.33995
231.0,378.0,230.0,261.0,517968032.33019257,4157881.210000002,49685.42000000214,2639443.359999973,92211.10000002808,166392848.4199549
44.0,482.0,269.0,305.0,595025390.4802017,4102633.1400003615,57382.140000006,3446285.5899995705,118042.930000048,191048378.77997997
48.0,486.0,231.0,335.0,579177257.9002527,5279059.170001668,60350.08999999749,3124393.960000175,105827.53000006014,185882626.6199774
43.0,438.0,266.0,353.0,585790647.2102587,5166927.400001736,60664.49999999966,3213426.4400001024,110622.40000005244,188019292.91997388
45.0,459.0,280.0,316.0,561058416.4602358,4781129.85000133,58221.38000000015,3083598.300000104,104841.59000004524,180090084.129987
402.0,117.0,341.0,240.0,280773768.8799981,3437547.799999534,34336.78000000661,779961.8999996138,39023.250000000524,90315799.69995813
216.0,148.0,432.0,304.0,300752194.9800426,4280337.889999268,43539.829999999485,1011389.5099995777,47051.999999987966,96582397.05995624
338.0,275.0,286.0,201.0,399514795.93007493,3321574.9899997907,39379.33000000818,1695317.710000287,64607.39999998134,128473866.01994966
486.0,142.0,182.0,290.0,336451057.9500623,3903423.4099992854,33182.000000010994,974905.4299993856,41726.759999994334,108222544.9799547
341.0,99.0,289.0,371.0,306071861.0300209,4650562.43999935,38958.680000006,802215.3199995634,38621.14999999573,98327689.49995072
336.0,274.0,125.0,365.0,458699088.480212,5206815.530000507,45566.36000000202,1852881.5300001537,65389.03999997985,147334025.3599562
214.0,147.0,189.0,550.0,387281477.1802265,6782330.730001909,49318.129999991215,1159969.0199992415,44645.07999998539,124175427.5799499
146.0,283.0,294.0,377.0,435452714.330216,5079715.740000432,51334.48999999598,1975120.1899998144,73007.77999999751,139771719.56996444
211.0,406.0,186.0,297.0,550152702.0502056,4499306.590000441,51581.32000000329,2808188.4700001017,95890.83000002778,176703614.3699438
172.0,332.0,153.0,443.0,494397679.92025125,6126291.150001884,54549.93999999752,2188021.44999987,76672.74000000239,158641487.31995618
151.0,368.0,90.0,491.0,549093908.7603601,6657552.900002625,58723.81999999015,2558347.2600000105,87151.34000003053,176158147.82995886
338.0,296.0,72.0,394.0,481608473.9401897,5261332.590001075,46459.2600000032,2053590.380000111,71412.13999999291,154688227.5799466
206.0,105.0,122.0,667.0,362950398.09018886,8344576.1700032195,52184.14999998393,746290.5999996293,30557.789999995723,116243459.16995077
118.0,287.0,313.0,382.0,420619517.4701375,4736659.520000067,49915.16999999978,1898078.7899999002,69400.44999998492,134997892.10996342
209.0,509.0,124.0,258.0,618663798.2802042,3885814.210000339,53271.14000000524,3458430.5799996313,115767.63000003254,198753319.39993024
204.0,104.0,541.0,251.0,257937534.0899835,3629269.769999306,40409.38000000577,800473.4399996656,43807.909999987976,82869920.66995764
336.0,294.0,321.0,149.0,419610226.2600683,2468454.0699998303,39308.98000000902,2069039.2100007674,78465.4299999962,134975248.48995978
598.0,109.0,128.0,265.0,320875930.98005164,3398083.0299994764,28416.420000009643,818554.1999994162,37418.32999999615,103325601.15995514
333.0,61.0,318.0,388.0,272288222.0699854,5286208.899999883,39865.09000000364,462015.4500000325,28143.000000004347,87430033.16995952
426.0,78.0,407.0,189.0,240039223.80999053,2471093.0200000084,29587.91000000548,599704.9399998356,35307.35000000642,77311913.74997163
278.0,70.0,198.0,554.0,319108853.20009714,7090667.370001666,46180.399999994625,554492.1300000191,27861.74999999923,102316962.2399523
476.0,53.0,150.0,421.0,290975227.69002354,5524301.280000051,37025.9600000061,464160.95000002655,25679.169999998237,93465987.4699638
252.0,164.0,180.0,504.0,392943099.8401969,6393099.500001496,47601.74999999601,1231179.3899994108,46863.229999986375,126060173.64995953
259.0,66.0,258.0,517.0,291924868.12002397,5974702.4200005,43408.729999997166,552710.7000000259,29302.120000003044,93632969.61995523
256.0,65.0,182.0,597.0,314775826.24009496,7267270.250001774,46334.42999999256,477784.9700001351,24980.099999994844,100904707.77995028
221.0,144.0,220.0,515.0,358827598.1401387,6312377.460001069,47875.889999995234,1058712.8799992746,42264.689999987786,115070146.7299475
425.0,48.0,187.0,440.0,278794201.77999634,5672154.930000106,37664.39000000431,352204.7900000096,21554.38999999715,89513922.13995446
417.0,121.0,131.0,431.0,340324343.640105,5364444.180000267,38972.930000004104,872348.6699993999,36358.81999999547,109294166.28996222
421.0,122.0,185.0,372.0,334908346.92012584,4711799.249999446,37729.42000000637,932426.0499993144,40621.42999999186,107632041.65995134
398.0,115.0,175.0,412.0,340052217.16010237,5430793.790000524,41129.070000002466,902493.7399994293,39964.459999993,109205034.62995133
379.0,249.0,328.0,144.0,377771606.4400532,2407147.1699997648,35387.130000008714,1681003.5500004624,65213.24999998043,121566956.41996162
229.0,300.0,397.0,174.0,414793136.7100534,2565738.3399999687,42809.32000000787,2141379.0600004136,81609.79000002102,133346767.85996647
356.0,299.0,309.0,136.0,408950298.4900618,2361291.839999957,38771.41000000951,1988994.0400006128,76660.5699999946,131566518.97995712
362.0,238.0,362.0,138.0,368703597.23004,2637599.6200001887,37984.74000000684,1639043.95000036,65881.68999998034,118619461.83995712
359.0,236.0,312.0,193.0,379200543.040073,2881943.3999998695,38568.33000000784,1673346.3900001768,66134.74999997589,121958798.88995518
326.0,274.0,325.0,175.0,420836951.96008235,2480803.9199999264,39852.24000000903,2081389.2400008126,78887.29000000183,135359918.07995763
205.0,268.0,408.0,219.0,396935005.46007895,3245028.1099998257,44558.7000000073,1902826.6100002173,74370.11000000003,127557398.74995701
200.0,337.0,348.0,215.0,438339918.81012344,3332050.3599996893,45198.580000004265,2176916.1100001964,79160.16000000086,140863229.17996523
202.0,340.0,404.0,154.0,424679847.38005006,2471461.620000136,42595.99000000887,2207319.080000396,83057.1100000075,136547595.0399759
192.0,321.0,382.0,205.0,434639282.6901086,2997891.930000033,45729.960000006904,2247620.7000003024,84072.30000000965,139691711.3499668
440.0,233.0,35.0,392.0,435638121.46016943,5264691.440000374,41375.84000000526,1569572.7899999896,54756.239999985955,139950121.57994655
191.0,321.0,48.0,540.0,531967884.89036196,7348678.33000333,57073.04999998821,2222630.6099998704,73540.13000000098,170624798.38994157
400.0,312.0,32.0,356.0,496586491.37019116,5160912.380000863,45400.7400000053,2120470.270000336,72369.69999999143,159511734.01993036
411.0,217.0,106.0,366.0,424119896.5101847,5303849.1200004695,42813.50000000305,1530909.0299999493,56756.389999983265,136249478.89994952
557.0,295.0,44.0,204.0,458667687.5700857,3173020.570000221,34970.980000011776,1993857.2200008968,69567.18999998915,147564618.7599489
458.0,357.0,118.0,167.0,502113021.7601158,2636631.5800001305,38312.01000001104,2473537.4000000805,86403.07999999954,161553004.14992452
237.0,397.0,193.0,273.0,503086332.3902023,4213483.939999492,48133.830000002476,2475358.0500000836,84798.87000001888,161607607.3099543
225.0,557.0,57.0,261.0,670479032.9502051,3977880.9600004973,54314.87000000795,3817507.3999991994,124454.7700000265,215406339.1898849
155.0,382.0,127.0,436.0,527228765.8003335,6100570.940001919,55602.239999991914,2438405.460000302,81858.33000003292,169178823.69996044
202.0,499.0,165.0,234.0,571981162.020143,3688162.5500006825,50356.40000000965,3125038.989999302,105975.53000001759,183768585.06992978
115.0,558.0,360.0,67.0,563264143.100057,1644892.0899994003,49262.91000001194,3520919.729999156,122678.83000003069,181086556.58998045
352.0,424.0,273.0,51.0,507996604.8200125,1415428.4299995832,38686.37000001191,2848295.0599994916,99820.44000000342,163471116.47995162
226.0,36.0,707.0,131.0,170451522.24999055,2468319.669999857,35221.7900000034,345795.79999999295,34095.070000020685,54856354.139955916
107.0,521.0,410.0,62.0,548562182.020066,1770177.3099995104,49356.000000012464,3406500.6999990856,119908.33000003664,176343773.06998888
83.0,404.0,261.0,352.0,552038419.550241,5007502.380001069,57103.940000000235,2923430.650000233,101199.39000004334,177200520.7399612
120.0,19.0,456.0,505.0,224817936.99997088,6189896.280000494,46785.2899999928,222534.10000008365,23366.360000002023,71985542.17995249
262.0,315.0,248.0,275.0,454953593.39013034,3950090.9099997776,45828.010000004964,2152606.1900002095,78559.82000000437,146183554.58996388
385.0,15.0,298.0,402.0,239374500.68997964,4899128.869999272,34301.820000008236,150595.2299999682,18441.479999997267,76916142.25996707
517.0,21.0,488.0,74.0,176537414.49999556,1505875.5100000475,24738.240000002224,238028.18999989177,28691.940000017614,57037255.0099814
363.0,14.0,343.0,380.0,237130260.06997666,5161993.459999541,38006.53000000335,208010.09999999555,21279.50999999889,76153485.98996595
322.0,230.0,157.0,391.0,395819061.9501387,5208754.060000178,42959.40000000298,1401349.189999842,52191.09999998353,127101424.40995307
48.0,311.0,212.0,529.0,488808619.7703613,7311199.220003128,60965.40999998417,2097601.289999315,73628.74999999904,156689644.6599763
306.0,276.0,148.0,370.0,448010693.9101906,5276960.120000784,46324.58000000089,1814310.119999953,63993.31999997918,143864357.6099603
222.0,158.0,451.0,269.0,303389901.960025,3708185.5499995244,41666.46000000389,1105725.5199995597,51008.989999984035,97485627.49994592
180.0,129.0,87.0,704.0,377928329.56025916,9098290.480001217,55518.16999997795,795208.1199994683,30972.219999993944,120966736.27995479
140.0,126.0,286.0,548.0,352032169.10016465,7346126.690002277,52711.07999998717,927818.2099992668,38741.56999999011,112773487.27995211
18.0,116.0,331.0,635.0,335662590.5801337,8298866.840003214,58301.81999997965,804287.8199996284,36680.26999999832,107400409.05995317
22.0,184.0,99.0,795.0,426118219.20038784,9915385.279998427,63553.839999970136,1179184.0999990134,42159.89999998317,136323487.51996404
28.0,233.0,526.0,313.0,343228428.370092,4164996.869999139,49637.52999999795,1556732.3799995987,64867.59999996625,110135770.72996828
17.0,143.0,322.0,618.0,370000150.530217,7737750.800002782,57935.239999982026,1140682.7299990822,46545.709999983315,118466218.8899597
289.0,262.0,241.0,308.0,427834781.5701588,4235955.849999351,43714.96000000334,1813989.5800001712,67659.99999998648,137486272.55995074
222.0,284.0,260.0,334.0,435072304.5201647,4519342.129999768,47377.10000000293,1952540.8800001568,71772.41999998782,139724439.50996044
284.0,275.0,237.0,304.0,432436164.06013894,4372174.099999465,45260.630000006204,1896944.0400001549,71007.25999998266,138927648.56996194
255.0,231.0,341.0,273.0,370089595.94009215,3787611.2399996016,42262.2500000052,1538320.3299999204,60791.71999997952,118908726.69996335
330.0,300.0,276.0,194.0,421185800.6200843,2709245.8899998926,38807.12000000873,2012806.97000062,74088.43999999831,135450650.10995921
283.0,274.0,377.0,166.0,393983321.47005975,2723982.1999998814,40696.93000000596,1888861.4700003832,72707.14999999711,126687874.85996236
221.0,282.0,415.0,182.0,419830280.9201133,3131746.7599996934,44225.690000003975,2062634.2600002885,78165.44000000744,134938384.56996006
253.0,343.0,296.0,208.0,449449658.9800985,2858849.960000057,42711.590000007054,2264573.9000002886,82566.30000000999,144495837.76997295
192.0,261.0,359.0,288.0,411596062.26013494,4229696.659999398,47105.03000000256,1873976.8999999035,70484.23999998579,132165765.87996529
217.0,296.0,408.0,179.0,413778480.9600761,2890234.750000149,43653.4900000069,2079282.110000414,79122.24000000225,133006769.6399668
599.0,255.0,222.0,24.0,375709277.5700007,1098749.5699998164,26355.810000005185,1677314.130000896,64289.58999998498,121098923.76995546
533.0,289.0,251.0,27.0,426617160.7699999,1136217.3199996832,31259.710000009552,2146754.3900010753,81062.15999998563,137421014.95996106
461.0,450.0,170.0,19.0,535384771.09000695,1101044.4799996496,36935.880000011595,3027185.349999026,104009.83000000604,172329219.01994342
645.0,274.0,155.0,26.0,397217259.03001,1114002.7299998982,25086.870000005038,1718702.310001196,64162.999999987696,128058292.82993968
555.0,236.0,205.0,104.0,389055188.62003535,1976761.9299998004,30748.44000000834,1686414.1700008262,65053.099999982085,125303268.84995139
458.0,447.0,110.0,85.0,562521225.8200514,1934994.3899994555,39881.38000001266,3084767.9299990586,105204.7499999926,180992050.48990476
528.0,286.0,161.0,125.0,426383723.39005774,2469103.250000082,33155.43000001058,1861627.8800008534,68605.94999998527,137267769.86993912
372.0,463.0,176.0,89.0,546941951.1400625,1877484.659999461,41042.66000001214,3065449.1599993594,104456.46000000802,175945323.0999441
423.0,526.0,129.0,22.0,614634042.1300218,1273568.1299994967,42093.950000016564,3682891.1499984064,124299.13999999683,197750848.68990862
395.0,491.0,120.0,94.0,559466780.33007,2049522.5999994618,39913.71000001182,3041058.119999379,102435.44000000368,179989279.01991397
191.0,360.0,338.0,211.0,466111550.5701088,3073822.719999907,46733.84000000737,2470233.4000001075,90759.16000002463,149794297.14997253
117.0,389.0,366.0,228.0,468205091.2701577,3500229.379999883,49561.690000004135,2475959.760000191,89717.07000002643,150398139.3499816
228.0,217.0,403.0,252.0,375136364.68011355,3821879.4399995073,44907.820000003616,1655926.469999878,66093.96999997545,120505059.86996357
200.0,377.0,302.0,221.0,482663440.9601264,3297692.7600000803,47674.95000000676,2552647.760000162,90852.08000001822,155092135.3299821
182.0,342.0,322.0,254.0,493101973.7601549,3579894.999999988,49373.00000000515,2614475.9500000295,92893.4300000326,158403323.1799704
226.0,216.0,341.0,317.0,383613937.0601094,4375194.809999742,45823.26000000317,1609082.30999982,63264.24999997723,123201047.31996071
116.0,387.0,310.0,287.0,497685341.1401995,4053385.3799996534,51904.25000000173,2614079.1999999606,91513.12000002689,159824007.54997233
133.0,223.0,416.0,328.0,372080508.93014944,5030455.470000214,49771.87999999523,1520900.5299994685,61602.429999974935,119401706.32996
150.0,254.0,402.0,294.0,388684014.7001203,4350475.649999606,48595.14000000173,1746861.2899997993,68814.78999997987,124781075.23996522
140.0,237.0,375.0,348.0,396657974.790117,4342117.849999918,48107.170000002836,1792203.2699998869,70545.1999999862,127346167.62997447
194.0,157.0,395.0,354.0,322290504.84005624,4507165.959999427,45280.17999999947,1169330.5299995006,52529.24999998036,103463349.40996248
210.0,155.0,387.0,348.0,304841302.57004964,4725105.969999443,42687.52000000014,936175.75999942,43368.929999986554,97856975.77995895
215.0,54.0,438.0,393.0,241625121.0199775,4774765.519999294,40068.4400000011,426572.4100000567,29156.610000008746,77542560.84995696
279.0,226.0,86.0,509.0,445442446.45026654,6467254.500001859,49492.3299999961,1624179.939999721,58012.879999980134,142934498.65995717
274.0,223.0,558.0,45.0,313757096.1300054,1106359.1899998279,36029.64000000612,1608509.1200004236,69261.53999998786,101021910.01996306
639.0,159.0,197.0,105.0,342267108.66001725,2034431.569999876,25961.95000000665,1165521.7399997655,48833.399999992536,110338201.20994166
508.0,375.0,142.0,75.0,500570969.6700664,1821385.0699996473,35416.62000001176,2549716.530000068,89818.49999999967,161138270.41993147
341.0,77.0,631.0,51.0,189623707.31999683,1022622.8099999522,28775.930000003358,602246.6999998451,41285.45000000255,61187563.75997994
348.0,79.0,97.0,576.0,340749304.03013784,7175541.700001945,44741.77999999531,638332.689999849,28153.82999999675,109264090.39995615
665.0,150.0,186.0,99.0,334686899.4500225,1923084.1599999114,24186.200000005305,1095179.6299995775,46335.00999999667,107923293.36995335
460.0,424.0,128.0,88.0,546572179.3600669,2036573.2199994847,39116.590000012126,2950645.0499997213,101333.99000000153,175871599.50990957
472.0,416.0,126.0,86.0,511732071.7500821,2148847.33999962,37241.8000000116,2651807.8600001964,92247.27000000319,164670746.12992653
511.0,349.0,143.0,97.0,472798813.28004587,1916488.0899996958,33483.43000001046,2330751.8300007465,82838.44999999434,152202499.53994083
390.0,359.0,276.0,75.0,464901256.75003415,1640042.2999996345,36791.61000000984,2434929.730000083,87981.33999999783,149631207.87995732
386.0,356.0,108.0,250.0,496247154.92016196,3732965.1099997885,42145.17000000547,2336901.980000624,79283.22000001324,159522496.30994153
362.0,248.0,256.0,234.0,410550116.70007855,3329402.1099999277,39566.530000008715,1788717.960000259,68189.27999998016,132020269.32995105
346.0,305.0,235.0,214.0,437667522.3001001,3211606.0999999554,40173.67000000813,2055943.9200004444,74130.48999999225,140712079.57996953
432.0,283.0,116.0,269.0,449967319.9601125,3816804.969999935,38838.81000000869,1909635.4200004253,67316.63999999034,144675532.14996344
437.0,286.0,297.0,80.0,432573326.43004286,1714597.6299997347,34914.12000000922,2154164.9200008735,78098.20999999999,139241429.28995162
372.0,244.0,253.0,231.0,408988077.5601425,3782994.2099994547,40550.94000000521,1688735.1000003114,64915.95999997856,131494222.3399545
263.0,20.0,425.0,392.0,218035731.56997886,4861987.709999257,39067.26000000311,196469.34999999593,23482.790000003635,69999477.03996572
275.0,19.0,419.0,387.0,226954457.5899803,5253022.249999557,40465.670000002974,202512.17999998518,22506.550000001498,72837694.6499638
201.0,275.0,324.0,300.0,397963668.60011846,3981525.649999674,45446.790000003246,1794216.420000008,68629.55999998674,127828382.32996379
349.0,26.0,206.0,519.0,279530749.48999745,6472127.440000791,41251.0600000006,269952.60000002204,19569.109999994955,89674245.8699555
275.0,20.0,443.0,362.0,217175879.2599788,4483173.829998766,37024.04000000608,210603.67000000048,24034.550000005405,69770100.35996425
257.0,352.0,152.0,339.0,487059698.7001993,4845245.5800007135,48744.08000000087,2251723.5800003493,79701.98000001186,156417702.4599611
383.0,27.0,213.0,477.0,274620456.0899839,6010677.5400003875,39234.63000000428,310016.0600000289,20999.069999997122,88140527.62995793
218.0,281.0,331.0,270.0,397310619.3701472,4311776.4499994265,45539.11000000122,1697192.8799998148,65671.24999997311,127617155.84996393
259.0,334.0,144.0,363.0,501542869.8702184,4702336.100000445,47925.61000000277,2346285.5600004336,80507.10000001467,161092949.33996102
269.0,347.0,150.0,334.0,512089875.1802379,4825907.620000188,49349.58000000011,2415639.9500001553,82162.13000002535,164474075.6899583
80.0,383.0,345.0,292.0,486999272.50016826,4031444.04999999,53567.00000000279,2607068.529999787,94210.43000004439,156368620.86999127
104.0,374.0,337.0,285.0,497312195.32018244,4095882.8799996898,51947.669999999285,2604086.6100001433,91385.60000003787,159694420.7899851
92.0,276.0,397.0,335.0,441998943.92018574,4940132.830000546,53217.46999999842,2102385.2899999707,78609.35000000891,141861526.03996563
65.0,310.0,489.0,236.0,420916812.4101372,3542651.8299996573,50021.96000000026,2191641.6400000122,83699.83000003075,135176152.41997552
86.0,411.0,370.0,233.0,494489945.98011357,3308373.9400004013,50808.570000006905,2744287.199999773,98506.7600000286,158834755.41999558
77.0,231.0,583.0,209.0,325824938.68005013,3233494.089999621,46404.77000000393,1528622.68999977,67307.86999997911,104657021.469957
89.0,321.0,508.0,182.0,422007553.08010674,3134856.2499999767,48862.42000000479,2249875.450000049,85538.82000002524,135561937.56996852
129.0,290.0,418.0,263.0,408874936.67013484,3975177.019999665,48982.7600000016,1969895.0999999254,76895.02000000727,131310531.51996873
94.0,212.0,536.0,258.0,323560857.85005695,3816133.239999363,46665.499999999636,1386552.7299996845,60266.3399999722,103899101.3499558
100.0,225.0,570.0,205.0,314217248.58002424,2972600.309999901,43458.68000000293,1435694.789999885,62087.72999998132,100953363.92996052
73.0,13.0,513.0,501.0,217477766.40997666,6437568.540000786,48430.16999998939,167589.99000000366,21629.91999999947,69574395.0999522
469.0,8.0,315.0,308.0,214569324.56998414,3914043.7499988475,31518.43000000821,123573.53999997742,20289.510000000842,69045168.11997762
49.0,368.0,346.0,337.0,497358800.61022353,4552265.120000132,54507.2500000004,2608934.4799999325,92069.20000003642,159632243.99998394
77.0,14.0,480.0,529.0,220293684.83997208,6289475.8300006185,47227.559999990764,165457.81999999614,21705.83000000126,70519028.18995266
63.0,11.0,440.0,586.0,225220063.2799687,6795149.070001084,48637.06999998962,140826.3599999798,19129.64999999678,72042781.35995187
45.0,342.0,285.0,428.0,508066435.94023013,5562233.800001204,56878.09999999659,2505073.6500000074,87396.94000002627,162992940.84997505
439.0,7.0,262.0,392.0,242923538.37997922,5259527.639999476,35265.57000000904,128093.96999996524,17422.789999995053,78045635.79995905
335.0,240.0,225.0,300.0,410316629.3801385,4304151.739999631,42032.64000000555,1654159.070000125,62750.68999998174,131860087.9899611
371.0,265.0,221.0,243.0,400358969.75008136,3332306.0500000487,39113.2500000072,1705629.6600002688,65884.66999998165,128749410.83995998
343.0,245.0,205.0,307.0,413961856.0401246,4436194.309999809,43345.740000005135,1690766.0799999756,63784.74999997738,133004293.51995683
511.0,451.0,75.0,63.0,565630814.7000687,1743797.2699996396,36418.45000001296,3013314.1399993044,100194.21999999425,182060891.37990895
391.0,544.0,90.0,75.0,608190751.8900627,1949103.9199994686,41479.11000001337,3426560.4099983335,112436.98999999271,195651892.93987614
745.0,156.0,108.0,91.0,333626229.730023,2052666.5199999819,21327.390000004558,949851.919999415,39906.66999999677,107628310.22995436
540.0,477.0,17.0,66.0,576883135.1600572,1781772.8599995566,36041.90000001268,3088192.3899991377,100885.82999999027,185663818.0198999
439.0,387.0,64.0,210.0,539283415.670132,3451615.5900002397,42008.51000001062,2676898.1399997594,91191.97000000438,173401191.09991458
640.0,134.0,20.0,306.0,363265463.99011725,4461803.049999332,31697.550000013427,955970.2099993046,38044.00999999364,116874288.8099522
345.0,479.0,17.0,259.0,630281868.7502455,4181108.4500000207,50265.43000000759,3334889.95999976,109618.21000003043,202555010.2998919
476.0,157.0,109.0,358.0,347255818.62009746,4904273.499999603,36882.89000000865,959346.1299994073,39016.25999999386,111592355.2399537
699.0,231.0,35.0,135.0,400870838.3200554,2701319.4999999744,27139.730000008225,1396669.540000382,54029.639999990664,129167594.65992653
516.0,170.0,26.0,388.0,402375456.3301785,5708793.230000687,39931.92000000518,1173917.279999423,44038.60999998826,129287695.86993697
333.0,106.0,333.0,328.0,294488050.2800179,4219255.599998902,39196.05000000619,838582.5199995467,41224.32999999577,94623254.97995925
65.0,143.0,450.0,442.0,320186778.30007017,4893875.890000008,48313.33999999603,1184136.0399995078,53299.64999998207,102698493.92995723
320.0,143.0,321.0,316.0,311456312.31005746,4363207.589999134,39923.300000002746,942572.1099994709,42786.74999999489,100071930.70995711
341.0,108.0,315.0,336.0,315140106.1800561,4420151.679999234,39200.42000000537,904539.2799995308,42095.3399999934,101265038.63996589
467.0,149.0,468.0,16.0,253720427.8700001,1030745.2099999487,26842.740000003232,892067.4899996682,46720.31999999671,81868965.71996908
458.0,204.0,422.0,16.0,304033085.89000195,933148.5099998901,29088.160000004278,1326134.6600002253,58286.279999983555,98016740.66996159
112.0,246.0,716.0,26.0,281143321.08999974,914631.679999898,38938.150000005626,1545957.1100002164,70849.71999997835,90489244.44995649
97.0,302.0,678.0,23.0,363318980.8900107,987029.1599998794,41783.77000000739,2138590.030000393,86084.27000002132,116882322.13995828
63.0,197.0,406.0,434.0,368397812.4901416,5519409.420000613,52195.60999999233,1442077.2499994969,58575.739999974896,118149291.37995556
102.0,318.0,656.0,24.0,367753410.9300234,1077577.659999804,43282.21000000866,2237777.800000289,92157.18000002984,118289869.07997186
209.0,480.0,210.0,201.0,579973225.5801153,3115101.240000446,49766.0900000104,3299881.669999353,113054.55000002396,186368696.24994737
334.0,412.0,181.0,173.0,522387217.670127,2975027.879999993,44151.65000000729,2742243.2600000375,95883.14000002234,167956059.6299583
197.0,515.0,198.0,190.0,604809427.8201355,3045269.970000539,50525.46000000976,3488686.329999014,116002.03000002014,194361873.1999308
217.0,499.0,175.0,209.0,576462952.0701149,3092168.6700004684,48881.870000009105,3258626.889999235,109164.22000002104,185244044.4599575
187.0,429.0,188.0,296.0,542141376.4801735,4130626.4600000894,50551.80000000363,2837436.7000001883,97446.15000003144,174139595.7199643
183.0,479.0,148.0,290.0,574099473.410205,4379831.480000587,52574.62000000365,3060452.599999634,102288.31000003057,184378922.67994562
313.0,386.0,135.0,266.0,520205002.65016526,4143043.2500001476,46881.91000000527,2567772.930000203,87926.45000001934,167155702.68994442
290.0,407.0,156.0,247.0,539425396.9701405,3936377.100000387,47021.430000008986,2724014.029999738,92913.06000000967,173344430.56994057
327.0,461.0,142.0,170.0,542649001.8301239,2854066.959999911,43133.270000009594,2863622.459999797,97487.1100000173,174487745.8399382
298.0,419.0,129.0,254.0,514958509.4401621,4077448.4400000367,46901.490000007936,2547266.3899998744,86944.45000000506,165455469.7399518
335.0,285.0,154.0,326.0,468152698.21019465,4729724.780000465,45518.34000000196,2049397.380000412,72600.08000000108,150390153.27994964
458.0,239.0,129.0,274.0,405456492.64010966,3858900.5999997766,36754.85000000836,1585610.6600001655,58779.1199999849,130373422.3199585
271.0,441.0,124.0,264.0,564716053.7501798,4009496.3400004287,49060.460000006125,2948772.979999656,98649.51000001702,181440665.47992903
230.0,196.0,449.0,225.0,347162827.6400554,3389455.5999998534,43037.100000004066,1502804.8599998555,63830.25999997179,111574809.35995832
416.0,354.0,191.0,139.0,461570673.44007117,2348691.4999998063,37247.23000000861,2272502.090000401,80616.13999999795,148515515.58995226
224.0,365.0,436.0,75.0,441815596.10004675,1684198.3399996667,42048.7300000086,2476522.5100000617,92230.64000002103,142108918.13996232
376.0,196.0,451.0,77.0,295121395.11001307,1783923.2999998643,33558.48000000697,1229250.7899999656,56681.999999979154,95036336.08996351
442.0,443.0,124.0,91.0,561742864.8900565,1925422.3999994777,39846.42000001275,3084389.0199993025,106730.3800000039,180757509.82992035
290.0,290.0,347.0,173.0,409495311.46006054,2691048.990000238,40581.31000000758,2010810.5300002943,75101.86999999797,131666065.52997167
323.0,324.0,387.0,66.0,420226017.6400233,1809650.6699998197,38035.1500000075,2166240.180000754,80409.08000000071,135231670.1399478
301.0,279.0,223.0,297.0,440666519.0901657,4231427.839999354,44261.260000005495,1952984.6500002122,70273.37999999656,141568788.67996472
96.0,351.0,280.0,373.0,474097406.500213,5323426.090000984,54245.1299999988,2254909.2199997697,80494.55000001758,152127786.829991
368.0,95.0,273.0,364.0,287346191.83001053,5033207.179999634,38406.68000000447,572013.0099999163,30391.630000005356,92290863.18995151
331.0,307.0,136.0,326.0,468422732.8001874,4780728.740000165,45212.73000000087,2009298.7300001993,68706.43999998704,150472282.49995044
328.0,305.0,243.0,224.0,439374818.35010505,3204227.000000087,41450.08000000948,2097103.3400006492,76166.1699999947,141247931.5999668
468.0,121.0,192.0,319.0,345269065.370083,4332317.579999335,35755.160000008786,1009913.689999394,41560.75999999153,111003487.1399583
124.0,449.0,198.0,329.0,553824170.300228,4819648.130000933,55166.25000000199,2902527.7199999117,97374.76000002577,177788844.0799597
145.0,147.0,421.0,387.0,323274734.4800884,4947014.4199999925,46506.40999999662,1111558.9199994605,49367.36999998252,103729166.1699588
147.0,149.0,236.0,568.0,363854684.97019833,6896870.30000193,51448.18999998743,1068854.5399992208,43996.21999999122,116623802.8299514
175.0,177.0,281.0,467.0,376046127.99013734,5925536.01000098,49301.349999994854,1285250.299999517,51164.499999983294,120633437.65995024
518.0,102.0,336.0,144.0,260969021.8599931,2267753.2299999474,27694.24000000607,688070.0999996896,36726.270000002914,84108761.08997388
422.0,119.0,392.0,167.0,252547480.90999213,2628104.749999919,31232.31000000622,680882.8699997662,37906.10000000472,81334223.94996777
418.0,294.0,272.0,116.0,409010442.30004394,2353470.400000097,35792.09000001067,1882118.8600006383,71466.34999998902,131620444.67995785
462.0,91.0,419.0,128.0,258585654.2099916,2163612.220000051,28814.990000005026,720306.0199996864,39446.11999999836,83358420.11996587
352.0,70.0,229.0,449.0,306880507.9700531,5698302.830000192,39601.3000000026,578131.0599999203,28703.319999999356,98541419.88994902
283.0,199.0,257.0,361.0,383145222.8701437,4853735.960000009,44838.960000000916,1457131.9299996316,57623.65999997818,123045889.98995677
250.0,70.0,325.0,455.0,279698615.0099986,5742420.730000052,42367.23000000136,491694.91000006493,27923.320000003172,89737155.72995912
231.0,232.0,215.0,422.0,398242002.71022123,5961121.370000983,49216.0599999926,1423427.769999642,53736.9299999795,127783940.02994919
297.0,299.0,386.0,118.0,413923345.7700604,2139302.6499998393,39335.29000001073,2090800.0100006373,79149.46000000159,133161263.4599638
215.0,215.0,279.0,391.0,406904615.89018285,5088174.79000027,47694.6599999977,1633995.2399997863,62251.459999976716,130638653.16995148
91.0,281.0,422.0,306.0,397422936.1501123,4174242.9599993415,49054.50000000044,1885332.7599998417,72184.23999998883,127576961.94996427
332.0,214.0,321.0,233.0,357409872.85006875,3132894.569999681,36278.78000000834,1402205.200000063,55756.40999998324,114951827.82995832
80.0,383.0,369.0,268.0,497647468.75014776,3828086.370000119,53404.34000000424,2726297.619999931,97514.64000003743,159802618.10998467
136.0,417.0,93.0,454.0,578795150.6302872,5886793.530001972,56307.0599999968,2850485.8100000853,91421.07000002947,185722666.8999463
103.0,318.0,478.0,201.0,408849866.00009644,3240286.470000003,47641.46000000491,2099147.6100001265,79659.23000000246,131340159.78996874
131.0,626.0,90.0,253.0,734149982.610254,4320615.120001359,62515.770000011464,4421945.689999316,146202.84000003035,235793095.50988933
502.0,323.0,72.0,203.0,475193002.5200653,2837641.410000309,35179.79000001036,2189684.1900009457,76017.33999999108,152895021.2999346
326.0,327.0,315.0,132.0,409648080.4600639,2164587.3499998157,37933.120000008596,2026247.330000748,76899.8599999986,131801123.03995655
387.0,387.0,56.0,270.0,537248201.3902186,4453111.789999993,45829.180000003376,2541552.76000035,85548.60000001983,172657036.6899223
431.0,432.0,62.0,175.0,529399893.70010084,2882081.590000351,39393.3900000111,2653642.7400000114,89318.92999999927,170276125.24991873
91.0,205.0,249.0,555.0,387919807.54019654,6794676.00000189,53925.72999998786,1343883.0899993365,50827.53999998528,124316950.59996264
177.0,188.0,228.0,507.0,386979443.3001573,6039356.720000817,48852.72999999625,1335645.4799994824,51253.86999998424,124128766.18995622
72.0,398.0,195.0,435.0,558203389.7802944,6211145.010002545,60134.13999999355,2767608.4300003243,92997.66000004948,179085442.00996915
69.0,156.0,455.0,420.0,318281259.0800658,5581677.480000661,49921.25999999571,1061697.2899995248,47615.75999998708,102033660.22995733
147.0,331.0,403.0,219.0,464915825.400113,3104531.550000061,48124.04000000637,2503091.6000000606,90890.99000002047,149367562.50998664
75.0,419.0,494.0,112.0,461474115.45007384,2047179.329999662,48603.36000000616,2739866.9499998693,101934.66000004113,148328265.2199801
187.0,199.0,582.0,132.0,288320196.119998,2063663.729999911,39377.68000000646,1332370.3599999254,61907.489999970094,92734001.64995252
195.0,515.0,253.0,137.0,587522377.9700958,2501826.9400000293,49106.690000015136,3462808.2799989493,119462.48000002562,188855911.5899606
114.0,301.0,356.0,329.0,431747460.27016354,4047485.869999206,48523.73000000095,2091624.8199999668,75946.93000000466,138633606.13997245
148.0,389.0,459.0,104.0,484032608.4100693,2060311.719999437,47529.99000001076,2867483.6299998215,106897.3200000353,155606963.17998886
258.0,330.0,359.0,153.0,416733622.8200593,2499389.3300003023,42160.480000010226,2146976.410000551,81734.03999999899,133991901.75996651
305.0,312.0,338.0,145.0,410869849.6000869,2621114.129999809,39964.750000008135,1985515.8000006138,74711.28999999499,132136736.91995355
318.0,152.0,441.0,189.0,299763276.920019,3257170.669999653,37684.02000000504,1035166.0999995152,49277.60999998276,96417275.44996057
307.0,393.0,217.0,183.0,516351221.2601158,2953346.08000029,44965.87000000975,2747589.129999785,95522.98000001864,166004014.47996554
230.0,295.0,320.0,255.0,419779131.5801373,3845000.3999994686,44927.94000000355,1930678.7200002314,73311.48999999788,134879129.64995584
334.0,160.0,236.0,370.0,362024669.65011156,4855981.519999892,42404.970000002446,1239533.3999995636,50375.91999998727,116275397.47995248
316.0,324.0,179.0,281.0,474629757.3101523,4089720.799999751,45683.40000000642,2257571.6300001517,79246.14000000502,152505564.52996024
325.0,125.0,362.0,288.0,304265570.7400485,3955172.9799992885,38476.26000000516,945458.1699995273,44419.36999999237,97799617.9699674
454.0,174.0,256.0,216.0,361900060.8600688,3269427.3999997154,35789.93000000941,1349334.759999863,56055.17999998139,116450055.73995289
388.0,149.0,219.0,344.0,341945762.150107,4803083.859999643,38778.95000000573,978738.1899993353,41564.51999999387,109877476.81995533
562.0,48.0,92.0,398.0,301932554.7500452,5253076.679999701,33333.780000014034,405227.86999995523,22797.309999996658,97075613.10995841
433.0,60.0,115.0,492.0,317058537.05006826,6077875.6100007435,38719.58000000587,513407.5700000087,25666.58999999706,101813205.53995574
567.0,38.0,93.0,402.0,289845301.94002086,5010347.289999441,31379.510000011134,326078.3099999139,20964.589999997715,93224650.60995989
426.0,37.0,336.0,301.0,231558292.9699831,3838909.7399989865,32943.770000009376,320209.4399999511,25885.150000006925,74492916.04997727
472.0,41.0,78.0,509.0,314830883.2900704,6285326.720000731,38163.62000000701,458055.92000005924,23203.9099999952,101078961.10995525
375.0,25.0,296.0,404.0,250927422.09997874,5552080.879999997,38983.32000000285,226680.85000000268,21115.219999999048,80551947.53996208
266.0,37.0,337.0,460.0,268977726.33997524,6386961.340000758,45030.159999994066,361770.1700001307,24940.650000000613,86245189.3599499
354.0,38.0,94.0,614.0,320280691.6801081,8024282.280002375,45888.859999992084,328485.820000056,18059.519999994976,102654020.21994875
313.0,34.0,397.0,356.0,238424540.3699811,4631295.199999233,37589.3200000031,330722.2799999886,26383.040000004905,76589013.07996586
268.0,29.0,339.0,464.0,248491934.68997517,5855741.370000318,41735.10999999979,254306.2500000474,21884.53000000226,79692953.42995729
248.0,362.0,406.0,84.0,455899097.58004737,1659712.519999706,41393.400000010486,2576497.4600000293,94235.2400000221,146641419.6799724
45.0,448.0,503.0,104.0,507807373.0100754,2191463.359999652,51680.57000001046,3128909.1399994553,113049.28000004245,163179431.68001872
251.0,354.0,410.0,85.0,437552394.36002815,1770994.6899995834,41652.88000001087,2427437.840000176,91808.57000001361,140752271.13996786
331.0,484.0,173.0,112.0,582150977.1300709,2161568.129999325,44747.32000001476,3342983.549998819,114754.33000000472,187220324.14993003
209.0,304.0,341.0,246.0,431960379.04013205,3598522.289999766,46147.130000003795,2126073.190000233,79540.50000002292,138778263.69996125
268.0,378.0,139.0,315.0,526124750.92014295,4036731.8500002758,46746.91000000701,2607963.669999852,87687.45000000374,169037617.59993443
49.0,486.0,173.0,392.0,628354722.9803473,6000778.500002419,63311.86999999541,3369992.2300003096,111281.79000006281,201634583.10994703
37.0,356.0,411.0,296.0,730582397.8216227,15632248.95995194,120704.88999957898,3752899.4900031113,214484.66000013318,234273195.11018398
66.0,643.0,237.0,154.0,686550540.6301099,2663451.4600000256,56748.330000014685,4342325.229999123,141942.66000001546,220554566.6599531
49.0,477.0,176.0,398.0,616268924.0902945,5405518.390001582,60398.37999999937,3353462.419999923,108653.7700000434,197772149.7199514
237.0,177.0,678.0,8.0,241764715.4799976,744061.8899999885,33536.84000000389,1152848.4799999055,57740.48999997176,77907165.15996142
172.0,191.0,729.0,8.0,245603705.37999716,745425.5499999807,35091.360000003755,1226264.7199999334,59652.00999997686,79120997.69996487
150.0,517.0,428.0,5.0,540845767.0500046,934285.1899996873,46564.250000014,3450343.6499988693,122557.6600000391,173942410.85002995
280.0,209.0,602.0,9.0,283174006.04000473,799695.8099999501,33531.070000005864,1375677.290000065,63544.19999998048,91245653.63996783
143.0,107.0,407.0,443.0,295913281.7200272,5969729.770000781,47931.80999999415,735021.919999626,36719.20000000347,94860433.92995088
113.0,392.0,243.0,352.0,524797208.01023614,5109853.9300010335,55734.939999999064,2681063.3899999186,93644.60000003241,168439551.629961
111.0,123.0,354.0,512.0,335563933.7301471,6983638.880001978,52613.04999998844,908952.0499995142,40931.25999999332,107511499.24995649
74.0,376.0,311.0,339.0,495145658.55023295,4876945.950000551,55062.89000000071,2519180.4699998614,89695.25000002827,158915050.2299847
118.0,602.0,374.0,6.0,651551336.500014,1005430.8499994437,52362.90000001938,4345717.939997984,151580.49999998166,209495264.3299605
79.0,405.0,252.0,364.0,557459514.3202233,4749426.930000759,56356.06999999843,2977318.5499999984,99775.38000003742,178944367.78997272
376.0,343.0,133.0,248.0,478152917.140131,3534539.5900000413,41744.760000010334,2267576.7000002973,80208.37999999466,153715258.43995532
347.0,357.0,138.0,258.0,505025768.8801303,3674361.260000073,42672.87000000864,2435792.9100002437,82892.0800000011,162333598.86994514
427.0,240.0,151.0,282.0,442672774.6601633,4055987.839999604,40677.120000008515,1857090.6000002874,67265.67999998499,142296335.5899621
411.0,375.0,43.0,271.0,540215348.2002023,4329421.739999998,44939.300000007795,2563096.4699997595,85690.41000001298,173613049.6299277
406.0,370.0,144.0,180.0,494558266.9001157,3023991.0499998312,40455.63000000577,2442399.9700002293,85383.17000001072,159041518.72995108
521.0,294.0,55.0,230.0,465098582.6601504,3459347.8499997724,36243.71000001162,1998716.790000621,69240.89999999129,149611483.32994184
416.0,428.0,49.0,207.0,588981537.8701696,3244843.1300001154,44725.68000001028,3149622.939999741,104767.10000001281,189355565.6499057
434.0,276.0,173.0,217.0,420337349.3701147,3406969.9399997876,37890.10000000885,1773557.7300005744,66034.89999998163,135201526.52995074
440.0,280.0,52.0,328.0,458954729.3401641,4421744.659999842,40352.1800000075,1896821.3600005326,66009.32999998327,147511863.93994093
488.0,311.0,58.0,243.0,492872095.61019677,4015802.339999336,40201.28000000702,2146218.2000008607,74189.47000000348,158497186.56991595
326.0,284.0,328.0,162.0,370779686.41006887,2754356.5199997765,37818.00000000833,1603357.3300001645,65038.54999997636,119283724.98995507
474.0,230.0,265.0,131.0,356505967.3300441,2349214.859999901,32718.710000009425,1443961.2700002706,59370.809999986115,114785701.05995075
385.0,137.0,387.0,191.0,286442111.88000906,2996931.569999714,34086.5400000071,876184.6999995236,42701.629999997676,92188775.49995694
278.0,241.0,443.0,138.0,351349132.4900452,2345859.9199999333,38974.080000006936,1659794.2500002352,69096.3399999849,113015727.71996534
361.0,314.0,362.0,63.0,418222565.3800117,1558147.909999651,36849.31000000896,2176149.5500007267,81528.89999999224,134610518.73995796
352.0,125.0,562.0,61.0,240668158.54999766,1244186.159999952,30956.7100000049,934819.4199997007,48689.539999984816,77571528.03997087
445.0,216.0,396.0,43.0,342614878.22001225,1339158.509999741,31604.92000000751,1553023.1400005524,66029.55999997494,110387746.95996127
593.0,117.0,332.0,58.0,264052932.7999964,1482777.2299999963,24861.410000004253,809535.3699996062,41740.820000001935,85192705.17997187
465.0,92.0,414.0,129.0,247968564.9199931,2076078.580000074,28767.780000004204,684867.8999997029,38890.990000002625,79926218.14996563
503.0,100.0,448.0,49.0,234089306.41999954,1250732.7299999748,25258.440000003277,682093.839999702,39614.090000002376,75561963.20998462
13.0,597.0,14.0,476.0,715217636.0304372,6888104.280003745,68618.3799999837,3901638.390000512,123788.00000006643,229439769.79988676
220.0,484.0,11.0,385.0,623451614.7703067,5367986.640001488,54832.66000000046,3199514.780000107,103060.93000003492,200176746.19991437
15.0,507.0,17.0,561.0,651837281.9404546,7724803.660004299,67656.2599999812,3267958.9600004144,104363.30000005943,209012387.73991185
11.0,508.0,176.0,405.0,618997114.4203514,5592789.530001743,62395.529999995706,3397926.3300001696,111328.34000005612,198623234.559948
14.0,660.0,16.0,410.0,773749309.0604067,5860106.760002914,68868.87999998903,4541821.0800008625,144815.39000005642,248324813.95986208
14.0,463.0,224.0,399.0,577563709.5803406,5623981.010001769,61498.76999999174,3085483.7300004195,104306.2200000675,185315384.039982
206.0,454.0,158.0,282.0,584637406.4202119,4206046.170000474,53238.780000005514,3146907.979999884,110258.6300000431,187829157.32993487
275.0,435.0,14.0,376.0,612034741.5802813,5332471.540001383,54292.21000000249,3109757.919999937,102953.81000002958,196546862.71989673
216.0,341.0,165.0,378.0,509761711.19023776,5057648.82000093,50848.71000000065,2438838.099999973,82938.85000000868,163650153.85996556
233.0,369.0,179.0,319.0,521330962.2501939,4520948.69000059,50031.21000000395,2585622.9700002572,90313.23000002207,167445276.2499574
24.0,296.0,462.0,318.0,408157458.4501052,4040838.2000000468,51090.54000000361,2050288.5499998445,80226.84000000446,130996957.6799761
66.0,285.0,444.0,305.0,403882188.06011444,4317059.269999782,50933.08000000129,1941301.1899997871,74978.5300000052,129629587.38996963
16.0,557.0,312.0,215.0,603600100.8701726,3458847.220000514,57706.12000000763,3647669.3099994157,123755.17000005247,193829804.59999683
27.0,329.0,391.0,353.0,451808616.80017,4893258.950000696,54959.71999999983,2243436.069999864,83766.89000002267,144971745.4399787
22.0,267.0,415.0,396.0,391099738.9801777,5573771.550000948,54954.65999999333,1691520.989999505,67346.96999998335,125416316.5999621
16.0,552.0,237.0,295.0,667704079.3002152,4186941.4700008444,62013.850000007114,4022788.639999463,135103.680000054,214386505.41997108
65.0,282.0,335.0,418.0,422683670.18017924,5853920.7800010815,54412.40999999638,1800405.4899995937,67954.29999998465,135558198.8099664
42.0,505.0,283.0,270.0,584420965.1601686,4070996.560000682,56999.46000000512,3357142.7999995654,113983.10000003695,187646157.6599691
48.0,580.0,248.0,224.0,641437461.8301646,3518032.8100006557,57159.94000000974,3868035.0599991963,129653.4500000411,206014502.8299493
45.0,538.0,230.0,287.0,619947141.4902011,3793449.3000000874,56909.95000000714,3660635.6999997175,123509.13000005102,199081087.11997867
252.0,407.0,22.0,419.0,598796417.340299,5739272.17000194,54322.85999999893,2899237.869999918,94249.51000002684,192267165.69990537
272.0,398.0,21.0,409.0,589006437.5602889,5519264.420001739,53805.62000000181,2924003.709999924,97731.23000002494,189124410.46991378
302.0,271.0,26.0,501.0,486224361.4502859,6364411.820001912,49406.31999999644,1907451.6299997072,64323.51999997939,156055278.83993652
183.0,295.0,318.0,304.0,443550283.93015546,4296733.889999913,48648.73000000083,2114451.1500001773,79186.78000002437,142437489.29996717
402.0,647.0,35.0,16.0,702275793.1200233,1392374.5399993444,45196.450000018915,4312434.069997991,142083.07999998296,225906033.79985818
300.0,268.0,520.0,12.0,360858906.8200028,826498.3899998799,35559.480000006966,1953674.360000819,78679.08000000838,116193294.81995939
270.0,395.0,426.0,9.0,463369642.5200125,983164.0899997675,39258.51000001118,2702407.459999667,99948.42000000944,149120456.6299751
570.0,465.0,45.0,20.0,575199964.1300122,1203663.7099996242,35107.91000001228,3219181.539999016,108234.71999998583,185161125.5299015
225.0,183.0,354.0,338.0,350094664.98008513,4563522.389999651,44255.03000000253,1308145.9099996686,54419.54999998427,112402547.20995669
321.0,262.0,506.0,11.0,343081700.2700048,829823.4099999038,34256.370000007584,1789907.0700006355,74494.90999999303,110505064.18996552
475.0,62.0,486.0,77.0,190597676.58999503,1549492.4600000656,25672.850000002487,356474.68999984313,30546.810000016183,61532683.68998504
493.0,60.0,472.0,75.0,214025504.0199964,1712001.6700000174,26248.360000003504,484274.5099998474,34319.0000000081,69070679.60998826
445.0,128.0,455.0,72.0,246524949.1399952,1513491.8899999291,27486.740000003698,769205.8499997016,42681.14999999517,79509048.31997706
731.0,94.0,157.0,118.0,288907925.9800077,2177661.519999958,21841.440000004455,659240.8599995497,33743.60000000074,93205598.3799584
440.0,57.0,450.0,153.0,208546482.98999387,2149590.6600000584,27327.6100000036,383555.6799998531,30663.77000001117,67242745.55999056
595.0,171.0,127.0,207.0,353801213.4300955,3155743.4899993995,28892.740000009155,1103674.5799994066,44746.63999999057,113926066.23994173
668.0,81.0,134.0,217.0,305947270.4300185,3317724.8299995232,26978.47000000679,675215.0999996136,31666.9900000003,98559649.49995637
431.0,116.0,413.0,140.0,270913536.58999306,2101262.0900000194,29421.810000005637,859298.2799995703,42151.71999999598,87278363.25996125
678.0,183.0,136.0,103.0,345083946.9600238,1955238.389999901,24441.330000005353,1176251.9899997218,49032.96999999464,111248860.76995857
613.0,165.0,123.0,199.0,351371922.77003866,2729102.1199999764,27395.220000007706,1132304.1299995773,46010.899999994166,113182121.72994955
170.0,367.0,181.0,382.0,531716674.5902891,5272319.000000827,53703.519999998185,2600603.4899999793,89765.66000003976,170707358.30995747
196.0,356.0,176.0,372.0,515652418.10023713,4910490.730000563,51237.63000000037,2502257.5100000026,87944.26000002246,165581872.2299408
159.0,414.0,169.0,358.0,549853017.4302201,4962295.340001192,53849.05000000085,2798738.29000002,94428.25000002432,176525119.71995682
141.0,304.0,338.0,317.0,436996864.19014406,4202918.119999843,49222.490000004036,2124135.970000052,79949.11000000448,140312098.39996797
157.0,340.0,167.0,436.0,516581680.55031025,6105301.990001549,55148.59999999336,2341403.7599998764,79486.1100000146,165763233.0499598
126.0,326.0,301.0,347.0,445837058.8201402,4225914.2599995965,49375.680000001295,2197353.9999999823,78748.72000001626,143132812.5099794
154.0,279.0,309.0,358.0,441048833.9201615,5207050.30000094,51520.99000000132,1967820.9699999199,73625.80999999084,141560768.7199711
172.0,375.0,153.0,400.0,544838353.0902796,5619626.320001351,54732.949999996345,2641021.6900000935,88926.64000003364,174879594.79994577
155.0,339.0,313.0,293.0,456377343.7401655,3851426.35999944,49014.10000000265,2319068.360000247,85290.32000001885,146582428.62997898
146.0,319.0,295.0,340.0,463956172.91016436,4540646.530000169,50785.57000000122,2247039.18999997,82115.00000000936,148961962.98996392
341.0,191.0,144.0,424.0,385991944.4101534,5254316.0600003535,42582.87000000298,1294552.3499994911,50455.179999984735,123967817.65995821
371.0,183.0,139.0,407.0,376756770.060149,5451160.910000388,41459.780000005456,1167596.6899993666,44935.74999999035,120971424.14996164
231.0,485.0,98.0,286.0,619856995.6502364,4483678.360000492,54811.98000000434,3376645.7899996066,113113.0500000442,199121424.72993186
379.0,212.0,39.0,470.0,431408625.43022543,6053923.510001324,44614.75000000158,1466786.6999995923,52873.24999998381,138504201.61995572
371.0,208.0,157.0,364.0,401374483.860186,5472527.760000486,43664.30000000105,1359929.6499995317,51846.719999986184,128912120.6699499
263.0,553.0,27.0,257.0,648045866.370219,3951486.790000083,51679.26000000607,3604633.889999539,116567.86000002609,208202656.08991364
448.0,222.0,41.0,389.0,436331882.1401971,5288171.810000508,40886.40000000347,1531394.4200002502,53459.37999998697,140190216.1599341
268.0,499.0,100.0,233.0,604460410.1901652,3506536.540000305,49324.62000000955,3326464.7499994147,111114.89000002565,194253314.58993518
272.0,505.0,25.0,298.0,621009360.4002321,4320902.000000403,50809.72000000345,3271906.9499998153,106245.40000002953,199523933.6299031
288.0,536.0,26.0,250.0,682885036.8102195,4044387.7000007425,54118.69000000745,3842905.729999119,126657.2400000262,219430219.7298692
432.0,347.0,321.0,0.0,418922390.27000666,832359.9099998622,32800.36000000783,2216912.5200009197,82923.48999999357,134933092.79995593
447.0,339.0,314.0,0.0,448369255.4800024,855788.7099998128,34397.80000000887,2450284.8400006476,90075.6700000017,144384893.81995288
516.0,199.0,384.0,1.0,324248482.97000057,788913.5099998807,26983.400000004658,1411561.5200002599,60963.84999998242,104568094.0599615
458.0,367.0,275.0,0.0,454063432.7999986,857758.5399997913,34115.03000000961,2473922.0400001127,90730.00999999694,146224334.49995098
311.0,250.0,231.0,308.0,395185857.20011324,4226691.559999666,41839.30000000608,1580636.919999934,60113.33999998033,126972044.2299609
369.0,143.0,222.0,366.0,340186124.2200714,4931752.9699995825,40415.97000000734,992037.29999936,42916.20999999229,109290341.53995185
337.0,256.0,191.0,316.0,404471693.67012274,4135575.7299991674,40960.1400000069,1627475.3099999952,59840.409999982025,129971166.87995945
366.0,134.0,257.0,343.0,344423651.09011096,5178402.519999987,42221.74999999986,997355.049999271,43533.169999991784,110639124.83994752
569.0,207.0,323.0,1.0,328645197.86000496,827774.2499999043,26194.190000005423,1400128.5200003025,59768.279999985825,105996364.84996518
384.0,140.0,217.0,359.0,332658132.09008604,4929198.529999587,39475.530000006234,923857.1199993568,40942.68999999139,106874152.58995323
312.0,228.0,201.0,359.0,407557530.27015203,4838876.819999922,43532.59000000444,1553279.019999818,58400.329999980066,130908618.84995544
330.0,222.0,197.0,351.0,426799743.0101696,5008477.310000308,44830.710000002684,1669570.4599997918,62097.99999998134,137095832.72996008
374.0,56.0,241.0,429.0,278194691.8100048,5230194.829999764,37697.160000004755,447861.75000000926,26621.930000000484,89348414.09996042
331.0,241.0,148.0,380.0,432375081.840179,5077066.250000366,44630.2500000014,1704336.730000033,60812.75999998221,138858912.51995352
327.0,238.0,211.0,324.0,414764593.9901437,4749051.9899999,44124.110000002605,1647364.870000098,61019.70999998136,133226030.6999448
426.0,64.0,190.0,420.0,291425910.4500204,5194030.8499996215,36088.59000000787,498622.7900000027,25754.49999999912,93620072.24995774
366.0,247.0,152.0,335.0,408269614.5801596,4862850.330000072,42872.41000000356,1536303.5999998422,58056.169999982965,131155651.34995863
415.0,58.0,247.0,380.0,275406433.38999444,4519898.819999066,34532.64000000834,490485.27999997494,27696.600000002083,88521663.57995903
420.0,59.0,174.0,447.0,291915951.2000119,5344078.44999993,35974.2600000084,457887.2799999808,24324.500000000207,93758301.73995817
446.0,62.0,184.0,408.0,299006729.78003013,5814122.480000353,39057.130000003744,465079.4400000096,26050.39999999979,96042442.35994817
73.0,467.0,440.0,120.0,524214224.3601014,2364950.649999858,52047.59000000989,3209542.959999306,117099.49000004429,168453762.3999943
96.0,456.0,431.0,117.0,494837387.77008843,2213059.5999997384,48345.460000005885,2926593.149999639,103633.21000004097,159027715.52997866
88.0,342.0,527.0,143.0,410719520.56005347,2617983.2200000193,46686.56000000841,2227748.58000007,84296.96000002189,131978561.53996634
78.0,494.0,401.0,127.0,540404509.2201031,2392804.129999727,51953.290000009394,3313333.889999356,118039.18000004844,173651302.73999852
77.0,489.0,461.0,73.0,487999614.73004156,1636015.9699994929,48197.61000001188,3027410.399999534,108990.2100000301,156868550.1200159
100.0,390.0,515.0,95.0,433006648.95004284,1694367.5699995907,45191.970000009955,2551328.5700000767,96154.25000003191,139215790.27998337
107.0,506.0,411.0,76.0,551415663.540063,1884381.8599994006,49775.020000012744,3422165.289999117,120289.85000003624,177244034.09999025
121.0,352.0,541.0,86.0,401027862.05002886,1664409.949999718,43253.56000000944,2299528.960000227,87934.33000002125,128942963.89996965
123.0,356.0,472.0,149.0,436084481.2200696,2539959.1299999263,46776.64000000852,2428565.9199999627,91782.35000002374,140140526.7699736
130.0,378.0,500.0,92.0,436053009.38003063,1588768.569999607,43998.63000001067,2550188.690000018,94994.35000002488,140211246.05997005
297.0,52.0,664.0,87.0,170137987.23999566,1495316.2800000205,30939.730000003186,408765.92999990325,36126.99000001349,54881234.47997441
517.0,38.0,482.0,63.0,201205590.07999673,1173538.8100000168,22872.8200000013,387536.11999976344,31887.230000016596,65023471.32999332
167.0,511.0,373.0,49.0,554417608.5300305,1419908.7899994086,48310.750000014705,3482564.8999985415,123327.32000002789,178268731.9199747
563.0,99.0,272.0,166.0,271371900.43998706,2674778.479999933,27070.380000005756,629718.1099997647,34722.080000004054,87457277.74996997
199.0,35.0,445.0,421.0,239618745.7599762,5438434.759999953,43132.11999999691,350331.390000061,26307.27000000247,76841583.24996701
165.0,505.0,80.0,350.0,620116790.3202574,4866330.030000838,55772.7300000021,3329401.930000021,110196.91000004752,199132478.07991976
510.0,37.0,103.0,450.0,298987458.49002844,5944859.100000245,36543.22000000813,377522.16999996145,21725.109999996705,96034303.70995694
269.0,343.0,251.0,237.0,481445695.71012175,3589596.1200001165,46120.55000000743,2437686.1100000166,86410.0300000134,154701983.3299656
423.0,540.0,85.0,52.0,636850804.0400261,1377386.989999542,40877.16000001529,3712056.9399982714,123373.79999999137,204925600.82988504
327.0,418.0,66.0,289.0,555383775.2002394,4506634.880000245,47963.72000000407,2734299.149999864,90392.34000001583,178441828.84992918
281.0,212.0,386.0,221.0,346663316.37007684,3527179.6999995457,40680.370000003386,1371426.0099998924,57400.74999998034,111443729.52995537
10.0,281.0,514.0,295.0,405967653.70016193,3939774.7599994,52045.39999999822,2089674.1099997123,79740.40000001917,130303045.61997883
325.0,73.0,446.0,256.0,238928126.45998698,3313703.4199993466,35002.290000007226,567389.2299999157,34999.92000001023,76852939.92996368
325.0,244.0,275.0,256.0,384616704.0400674,3289155.779999727,38953.74000000751,1624128.6500002926,63357.079999980786,123668300.35995533
246.0,185.0,339.0,330.0,358479165.50009143,4222220.219999168,41968.20000000474,1346527.8599997342,54559.45999998116,115157424.74995506
323.0,73.0,272.0,432.0,294617717.30002797,5957920.89000051,43001.27999999929,532821.9800000449,29827.83000000389,94549372.63994847
10.0,279.0,314.0,497.0,448542396.8202668,6390596.620001828,58186.709999990075,1965980.8499993621,72779.71999999015,143797860.33997673
10.0,83.0,510.0,497.0,274387721.5299851,5996583.380000763,51135.21999999003,731934.0599997576,39249.15999999696,87872507.55995221
15.0,132.0,493.0,460.0,313698058.9000655,6154122.590001102,53732.129999990684,1013716.0899993661,48463.48999998365,100505454.44995034
12.0,102.0,381.0,605.0,313401855.75011176,7693321.750002321,55002.689999980736,711164.859999564,33513.46000000412,100273713.13995036
590.0,176.0,143.0,191.0,362070247.2800631,2830327.329999676,30456.3800000109,1309000.8000000783,51677.33999998748,116572284.80995409
268.0,287.0,233.0,312.0,428218138.14014333,4395234.069999593,44121.120000004004,1812904.9400002866,65878.50999997577,137575042.58995047
552.0,235.0,134.0,179.0,416961619.91005576,2687950.549999953,32455.59000000999,1746640.3900007103,65192.019999983015,134214768.12994602
553.0,165.0,203.0,179.0,340178874.4400406,2907770.119999904,30905.49000000929,1149547.589999612,47884.309999992256,109531857.22995582
484.0,144.0,117.0,355.0,374229325.6401307,4784112.959999657,37430.39000000759,1129003.4099994288,44458.6499999896,120303360.42994456
436.0,185.0,160.0,319.0,381751764.76015025,4677379.549999485,39743.490000005215,1298140.4799997222,50298.25999998519,122691868.44994968
182.0,196.0,241.0,481.0,402596065.43021774,7012029.850002367,52981.73999998786,1340178.6099993524,51582.839999978816,129100930.41995509
182.0,279.0,158.0,481.0,481511853.9502742,6317313.800002317,53682.69999999394,2027969.8699998122,72800.59999998941,154484366.24996734
219.0,336.0,289.0,256.0,458331330.3301273,3707356.649999882,45375.09000000414,2237383.170000192,78527.6300000082,147249090.17998105
169.0,260.0,224.0,447.0,426740785.1602146,5488995.450000497,48868.68999999617,1729923.0499997125,61833.37999997831,136940168.41996402
183.0,310.0,288.0,319.0,445061600.160149,4245660.839999662,46888.36000000416,2083909.8900001151,74250.56999999606,142910503.72997504
273.0,279.0,260.0,288.0,415720228.370112,3721058.6599996747,42477.84000000529,1819163.9600003578,68107.99999998404,133610547.67995095
175.0,343.0,276.0,306.0,481310498.080145,4201191.690000107,49944.590000005905,2421179.6499998807,88190.97000002078,154565667.759984
175.0,297.0,322.0,306.0,424926900.0901642,4376772.699999788,48507.130000001984,1956774.5400000392,74302.16000000719,136464243.3999632
233.0,395.0,368.0,104.0,458870785.8200693,2181752.4799996815,43672.940000009345,2528203.4600000186,94026.20000002011,147566496.7199773
210.0,411.0,385.0,94.0,492594876.830056,1968737.7599995146,45273.5500000111,2844227.2599999215,103057.11000003284,158393966.8399911
323.0,331.0,359.0,87.0,410191555.4600374,1620403.5399997397,37878.710000009174,2149293.320000728,81081.41999999716,131989277.82995991
323.0,382.0,308.0,87.0,450117300.85007787,2071237.7699997951,38916.80000000722,2323640.5800005016,84421.86000001113,144823973.7699646
253.0,299.0,281.0,267.0,465947317.1401457,3691622.419999784,44886.99000000475,2245248.560000241,80256.99000000006,149730472.75996643
308.0,366.0,343.0,83.0,448832100.46003133,1826214.0999996478,38646.41000001058,2381307.2700004927,86952.74999999955,144411542.85994908
147.0,178.0,370.0,405.0,347863445.8701003,5197340.480000139,47518.62999999723,1250288.6199994602,52130.79999998839,111608014.2999569
317.0,146.0,304.0,333.0,321344311.10003835,4588137.819999373,40048.37000000454,947859.5399994517,42860.22999999425,103240817.06995556
140.0,221.0,353.0,386.0,398489671.4301808,5061814.330000339,49413.85999999485,1664624.489999856,63267.9899999735,127881274.39996243
173.0,209.0,243.0,475.0,405581207.7402291,6642130.620001981,53089.24999998908,1461241.5099993728,55028.169999979116,130057097.2299629
171.0,207.0,430.0,292.0,335831784.14008945,3991947.9999992726,44299.93999999911,1359433.3799996867,57177.089999974465,107845128.18995798
193.0,304.0,272.0,331.0,452265226.60016847,4631396.409999885,48924.10000000375,2075926.8799998905,74229.59999999592,145209535.15997025
415.0,192.0,222.0,271.0,374087550.11007375,4091400.36999942,38773.28000000656,1345112.949999869,53757.0699999874,120261500.22994696
342.0,206.0,329.0,223.0,352218534.13006073,3343664.6999996956,38768.55000000686,1398071.5499999546,57268.3099999798,113250700.83995429
345.0,207.0,185.0,363.0,385512399.0101285,4732752.239999981,41662.82000000471,1382974.5399997616,53508.09999998234,123847243.47995353
394.0,237.0,212.0,257.0,385612477.32009417,3619155.9199995357,37742.320000009924,1506493.9200001364,58581.79999998084,124004450.4499483
363.0,394.0,154.0,189.0,539466005.3501141,2929441.1200001347,43098.15000001024,2837688.6199998427,97815.46000000929,173458461.81992704
206.0,478.0,187.0,229.0,591476122.5802137,3853954.0000001695,52441.20000000607,3274698.9599996456,111945.79000004269,190022336.1799449
553.0,24.0,235.0,288.0,247111768.7299848,3925459.6799988966,28911.62000000808,256046.76999991687,21747.469999999823,79552678.15997262
291.0,317.0,340.0,152.0,434892506.3300616,2252754.849999769,39869.03000000956,2245772.230000617,83955.90000000792,139880557.3399597
421.0,457.0,180.0,42.0,562084507.3100429,1602923.5299994478,40559.430000014276,3190535.769998956,110923.02000000661,180865332.35991526
477.0,20.0,556.0,47.0,161207256.23999804,1106967.6500000358,22747.03000000173,179773.19999994722,27468.52000001605,52146828.659982875
183.0,424.0,455.0,38.0,464393102.09001815,1226685.0599995689,43796.640000011124,2800093.4299997543,105502.6700000375,149379117.33998626
497.0,46.0,452.0,105.0,209714503.2999937,1853395.6100000602,25432.930000003787,381938.14999986475,31385.110000014356,67677509.70999043
234.0,22.0,583.0,261.0,178873216.27998364,3737419.369998951,37685.550000003335,180829.61999998757,26482.030000013383,57468602.77996296
290.0,27.0,722.0,61.0,135671569.30999732,1289162.9700000507,29210.000000001826,196974.2399999551,30558.560000021178,43819322.499972396
317.0,88.0,326.0,369.0,284250485.40001684,4384890.9299991,38303.510000002985,724268.8399996288,36393.00000000411,91304547.03995484
99.0,112.0,417.0,472.0,301430464.41002005,5903862.480000513,48755.759999993476,818998.9199995862,40306.17999999932,96610724.119948
299.0,145.0,308.0,348.0,981713243.2839597,30128172.210026085,178991.24999969464,2648623.7300016363,199150.20000049882,314994255.3705599
389.0,107.0,151.0,453.0,332598211.730082,5657720.210000261,39715.50000000544,767324.8999994897,33706.02000000025,106787327.15995327
383.0,106.0,395.0,216.0,267518019.3999864,2894330.2999997255,33382.70000000749,787189.5199996657,41199.809999998695,86093719.26996373
452.0,219.0,175.0,254.0,408974374.65010655,3763426.10999952,37587.02000000697,1613105.4000002302,59604.14999998531,131520190.3199583
182.0,206.0,290.0,422.0,379507378.7501439,5534647.50000046,48430.819999996595,1393028.5199996359,53626.839999982156,121777588.75995857
115.0,230.0,488.0,267.0,354105217.97008795,4003058.8299993873,47172.90000000242,1558788.319999849,64536.879999969504,113699246.85996228
117.0,234.0,187.0,562.0,427042922.50025505,7307112.580002323,55237.509999987895,1512511.8499993135,54043.709999982166,136875103.0699625
159.0,317.0,255.0,369.0,478535907.3502049,5135174.400000894,52416.37000000063,2247993.8900002246,81872.93000001361,153627865.3299767
95.0,694.0,114.0,197.0,753829074.7701592,3105759.8100009267,59683.86000001368,4740292.520000458,154198.57000000458,242194011.37987855
442.0,455.0,74.0,129.0,1239625216.3220758,15282712.399922315,149144.97999948592,7278373.030061761,445352.3600028535,398755135.2801539
85.0,737.0,101.0,177.0,772426199.1301738,3292647.51000082,61546.680000012304,4898908.100000468,160010.35000000137,248133307.4798709
60.0,436.0,480.0,124.0,515844773.50007504,2323801.429999662,51385.610000010696,3144027.5399994007,113059.85000004612,165753207.49001595
59.0,430.0,70.0,541.0,613132245.3104142,7008282.660003094,63249.20999999084,3036574.200000277,98660.82000004435,196653357.1899208
41.0,354.0,329.0,376.0,485695562.1802181,5174794.600001028,56161.93999999859,2415176.33999967,86336.51000002971,155855232.2799755
247.0,254.0,280.0,319.0,399522410.7801297,4383686.769999632,45415.17000000235,1698754.909999925,64543.609999977314,128311049.84996484
299.0,365.0,50.0,386.0,540762633.530234,5397676.940001221,50420.15000000261,2513322.140000012,84852.0700000129,173660779.48993284
302.0,368.0,342.0,88.0,442639401.3700467,1960467.4699997192,40430.78000000937,2381402.6200001035,88271.3300000199,142387298.1999663
237.0,289.0,268.0,306.0,423832256.5501332,4045508.4099994106,44140.930000004744,1888854.140000193,68686.64999998949,136155406.3899583
67.0,73.0,527.0,433.0,243334235.29997694,5623748.089999925,48110.64999999231,493897.01000015903,32188.690000014696,77954574.71994878
179.0,65.0,470.0,386.0,251218703.9599746,5204273.679999831,44036.58999999876,528812.0500001013,33053.04000001101,80573209.07995437
72.0,3.0,563.0,462.0,200463211.64997494,5920396.040000183,47286.45999999155,114024.41999995594,21970.95000000257,64164547.57995292
70.0,75.0,507.0,448.0,242305571.70997673,5646549.090000041,46962.19999999566,448736.88000015076,30470.04000001058,77628169.0799492
86.0,92.0,667.0,255.0,215819523.97998634,3407223.169999237,41578.61000000265,638437.8399999153,41352.12999999855,69306548.44995205
97.0,4.0,708.0,291.0,158413916.97998193,3988732.4099988556,41738.55000000074,121272.93999997266,26681.50000001441,50828395.08995655
228.0,83.0,559.0,230.0,222641527.989986,3331483.739999416,37732.210000003855,547738.8899999913,36696.440000008515,71579104.88996284
237.0,3.0,622.0,238.0,165750292.37998742,3395394.729999121,35355.63000000576,100202.05999998111,24555.460000010775,53305272.97996277
196.0,2.0,479.0,423.0,200793235.31997716,5345692.039999629,41729.94999999975,86568.46999997013,20021.879999999393,64357685.099961124
246.0,3.0,603.0,248.0,160044753.6499872,3139652.469999479,34502.4800000053,103584.68999998554,24559.240000009893,51469512.939969204
344.0,350.0,250.0,156.0,476977066.7500756,2615182.0900000962,41254.240000010635,2455528.2900003055,88200.55000000623,153397281.2899609
426.0,312.0,223.0,139.0,435167724.76006186,2234013.4899997935,35256.44000000932,2064699.880000767,74436.67999999573,140046499.90996355
368.0,298.0,267.0,167.0,416496144.2800613,2740603.1600000965,39620.93000000885,1978790.450000535,75797.04999999567,133961948.69996278
356.0,362.0,221.0,161.0,485788712.210069,2834954.660000154,42716.120000007904,2501342.9800001904,89116.48000000617,156216460.92994764
266.0,270.0,194.0,370.0,452752406.6202155,5089196.060000713,48066.59999999858,1937171.6400000204,69375.70999998956,145373516.72996897
288.0,234.0,178.0,400.0,437527823.3702306,5598262.450000883,48221.519999997014,1724180.4699998782,62866.98999997484,140459782.03996414
346.0,253.0,155.0,346.0,421052186.6001922,5019307.900000172,43119.180000002736,1588749.4899999807,58349.28999998133,135258924.63995147
354.0,207.0,185.0,354.0,383695163.7801523,4559100.259999638,40169.39000000348,1371751.4699997595,53079.11999998268,123293307.43995123
466.0,273.0,208.0,153.0,423417533.6600682,2846787.8200001623,36386.210000009356,1861511.030000574,69155.87999998467,136245548.1699522
363.0,212.0,162.0,363.0,415881183.0901705,4920613.9700000025,42913.87000000279,1565373.6700000172,58363.08999998099,133613496.40995145
386.0,169.0,310.0,235.0,319511797.080046,3446624.7799996007,35142.25000000706,1062245.2799995064,45962.51999999113,102766813.20995978
302.0,188.0,347.0,263.0,323807577.71003866,3765350.1399995782,39202.160000006625,1153309.5099995444,50029.699999991884,104074214.36996198
335.0,290.0,270.0,205.0,438801490.900121,3191291.259999877,41247.340000007636,2071659.4800005723,76254.12999999255,141090262.57995474
396.0,173.0,289.0,242.0,319801897.62003607,3751913.5099994233,36914.7800000063,1029977.4099993889,45456.56999999221,102842535.10995501
373.0,163.0,301.0,263.0,350328571.9100792,4082919.749999141,39188.62000000581,1211576.6599996593,49972.099999990234,112621741.12994424
333.0,289.0,243.0,235.0,427645213.5600559,3332341.5900003156,40478.180000007764,1928332.3600004725,70119.19999998939,137490839.7999572
300.0,187.0,312.0,301.0,354289604.4800752,3936776.3499993538,39838.04000000519,1320022.6699997333,54038.09999998464,113859578.10995378
251.0,309.0,288.0,252.0,425942964.5601449,3763033.1199996904,45128.620000005656,1980703.9100002286,75667.83000000202,136882237.83995992
266.0,327.0,276.0,231.0,452041175.66014415,3652783.2999997037,45599.760000005015,2213238.270000254,80917.97000001154,145256415.6999639
258.0,317.0,267.0,258.0,475217345.2801704,3941739.7699997025,47455.05000000436,2332857.220000042,84872.43000001604,152695439.6399604
275.0,652.0,149.0,24.0,705515192.8500099,1223245.0899993454,49076.41000001957,4519065.079999061,148936.14999998137,226880033.74988607
100.0,790.0,181.0,29.0,792067549.0600222,1285571.8299991174,58634.3100000255,5423005.870000129,183726.21999995233,254607287.75986415
475.0,326.0,258.0,41.0,417122202.07001257,1316746.1199997738,32394.900000009344,2093692.6400012083,78635.05999998983,134335381.50995842
288.0,682.0,105.0,25.0,744596271.0900221,1343647.599999267,51022.930000020475,4790142.819999051,158535.42999998195,239447163.72987506
261.0,618.0,141.0,80.0,673346235.2100674,1911806.2799993136,48580.91000001459,4130255.439998327,135463.36000000036,216498820.83988896
467.0,320.0,170.0,143.0,470880032.2401281,2837367.259999865,38913.56000001063,2283437.3600006625,83472.42000001423,151473360.20996475
99.0,780.0,120.0,101.0,775267008.3300763,2269403.929999604,58847.920000019236,5046057.350000169,164573.42999999147,249131533.52989122
181.0,410.0,325.0,184.0,497338296.940122,3497782.4900002093,49388.31000000735,2644007.9399998537,94393.18000002761,159802167.80998534
231.0,524.0,279.0,66.0,560012160.9600443,1702982.9699994386,45851.670000012666,3371976.969999148,116490.63000001894,180083732.75996348
200.0,454.0,242.0,204.0,562382089.4001386,3422342.4700005697,50738.55000000928,3130205.839999529,107073.61000002542,180704685.87995648
441.0,228.0,291.0,140.0,357224671.7200395,2338127.6100000287,32769.05000000864,1482984.7400001166,59400.6399999846,114997183.50996128
267.0,288.0,368.0,177.0,393039230.19006187,3129628.1800002074,42097.21000000778,1824234.6900003855,72919.90999999117,126378858.03995316
492.0,128.0,324.0,156.0,295131394.49001896,2905231.709999769,32212.90000000834,904087.0599995323,42704.48999999846,95027017.64996347
384.0,199.0,395.0,122.0,340590336.6700181,2304315.7500000456,35215.480000009265,1440946.520000191,61282.5799999781,109629717.83995709
300.0,155.0,198.0,447.0,373181862.8301933,5997180.090000996,46050.52999999418,1133651.1999994197,46090.35999998562,119780705.78995164
291.0,76.0,300.0,433.0,298118010.41001636,5661618.67000033,42824.23000000173,626813.8299998685,32935.17000000296,95675575.99995227
150.0,162.0,322.0,466.0,358366626.3101645,6484766.120001574,50497.989999991296,1117670.2999992908,46205.32999998917,114891637.60995485
182.0,100.0,251.0,567.0,339812064.15013754,7217544.920001903,50625.41999998694,816706.1199994804,36225.22999999573,108890010.89995138
252.0,138.0,543.0,167.0,269272217.74998987,2455142.4899998344,35995.7800000063,1003502.0299995644,50575.769999983364,86635576.51996472
162.0,88.0,347.0,503.0,316281742.7101002,6918729.260001614,50955.889999989224,734419.4699996376,36005.37999999933,101355552.2699442
339.0,257.0,281.0,223.0,405750787.49010843,3527981.7899998054,40973.37000000523,1750951.390000257,66601.3399999812,130446960.94995588
272.0,280.0,305.0,243.0,408449501.5901247,3518687.6399996923,43307.50000000437,1877293.8900000628,71643.77999998361,131266766.04995802
353.0,223.0,292.0,232.0,362458172.61006856,3469394.159999501,39142.67000000834,1455824.7799999167,58545.79999998141,116532477.24995117
453.0,344.0,5.0,298.0,512216306.3101742,4414590.539999981,41819.96000000889,2251616.9000004516,75268.24999999607,164654098.2599254
389.0,295.0,323.0,93.0,367400001.7700224,1575202.7299997925,32726.44000000787,1722917.7800005793,68253.7499999851,118303910.05995886
585.0,369.0,6.0,140.0,516614610.57010096,2457728.3499998883,33313.53000001301,2396843.8600008017,80832.43999999555,166310450.6799066
465.0,477.0,7.0,151.0,592171195.1101187,3075964.9500002298,41965.87000001102,3049522.599999583,100476.36000000351,190461000.0898849
333.0,285.0,374.0,108.0,394249589.3200692,2088306.0099997786,38048.75000000755,1939385.120000658,75678.0300000022,126864716.05995646
399.0,340.0,6.0,355.0,526649634.4402934,5573472.980001456,47742.57000000204,2249567.9700003644,76356.0900000094,169199524.87992665
502.0,428.0,7.0,163.0,560365473.9601457,3124849.560000235,40132.70000001188,2816479.219999552,94734.87000000184,180251847.78990644
664.0,6.0,68.0,362.0,276441521.2499923,4898984.179999297,28200.340000008222,136073.1299999666,14433.32999999655,88981076.12996048
735.0,5.0,57.0,303.0,269280762.7599843,4571162.319999014,26337.01000000612,126592.38999998456,13983.899999997519,86704651.00996506
389.0,459.0,40.0,212.0,607725746.7201759,3413872.300000249,46309.280000009254,3238486.0199994985,105970.05000001837,195366247.79989824
428.0,4.0,435.0,233.0,185789125.8099867,3303524.329999373,30487.720000005465,81068.59999999053,20824.430000002067,59831506.529979706
622.0,6.0,64.0,408.0,272088844.519982,5314435.289999643,30473.550000010706,134898.62999997393,14059.269999996384,87497054.9499579
286.0,336.0,291.0,187.0,443823083.9601061,2888308.649999979,42035.15000000697,2218826.090000246,79679.49000000172,142686573.1199558
484.0,3.0,373.0,240.0,190731511.13999206,3052240.3899995023,28307.740000005102,93182.04999999031,21128.130000001154,61454823.30998171
446.0,398.0,35.0,221.0,537005530.1201184,3332951.3200005484,40295.520000011464,2620799.7700003823,88531.83000000134,172687224.70991468
358.0,319.0,276.0,147.0,447295394.8001139,2752839.519999915,40525.790000009736,2194894.7800005116,81969.94000000869,143880586.6299643
348.0,311.0,268.0,173.0,435525073.5000726,2707314.4000001987,39271.86000000898,2107997.700000655,77285.13999999936,140079194.90996328
121.0,249.0,284.0,446.0,435726235.97025913,6238386.960001409,54123.71999999151,1769819.2399995762,64933.50999997384,139762445.55995795
216.0,225.0,256.0,403.0,389449225.93014264,5254192.900000164,47072.27999999962,1480818.1499996507,57478.38999997773,125008812.14996234
129.0,198.0,301.0,472.0,384436423.14014727,5472909.210000768,50146.26999999695,1515763.2699996403,58684.99999997995,123317178.61996712
142.0,290.0,149.0,519.0,488298450.5203325,7054016.960002837,57316.009999990354,2020449.7299995106,71033.06000000038,156590562.94996697
117.0,240.0,274.0,469.0,397984119.53022856,6410452.6100017745,53228.07999998994,1478783.7199994375,57417.03999997575,127617609.55995996
145.0,222.0,153.0,580.0,453895560.6503049,7698582.520002998,57151.40999998682,1641080.2199992763,57948.859999981025,145493358.7699599
239.0,248.0,128.0,485.0,441676690.88025033,6160991.37000141,48930.7199999945,1662281.689999706,58016.64999998166,141723005.62995315
220.0,172.0,261.0,447.0,384591754.060169,6034309.800000881,48630.48999999742,1311903.9699994472,51143.40999998406,123381582.29995316
264.0,205.0,141.0,490.0,394348290.3001554,6357971.830001578,47039.799999999836,1248473.849999532,47523.919999985956,126513830.83995672
253.0,197.0,136.0,514.0,404243552.9202332,6487539.410001705,48048.29999999433,1312218.379999333,48450.26999998493,129672689.1899616
149.0,358.0,12.0,581.0,567492015.8504282,7949019.780003825,61518.61999998418,2454439.1799998945,79723.42000001037,181961384.1099324
445.0,247.0,8.0,400.0,470009639.11020654,5700763.49000131,44205.13000000322,1760470.5900002092,60572.0999999839,150978490.4699267
164.0,283.0,13.0,640.0,512506261.7003884,8384549.680004125,59045.36999998341,1909781.9499994533,62502.43999997829,164278667.32993898
106.0,254.0,328.0,412.0,430819795.7302507,5974013.5200014,54946.089999990945,1824179.9899995057,68196.13999998909,138201137.4499672
154.0,370.0,12.0,564.0,577087897.2703714,7065138.2400029665,58589.259999990994,2646120.4900003695,84872.32000002688,185102168.10993022
116.0,199.0,360.0,425.0,375245286.9601437,5559116.000000691,50363.089999994794,1411675.939999518,56601.77999997416,120372720.35994959
353.0,196.0,253.0,298.0,380100186.21010286,4150362.4999992102,40643.670000007005,1457050.8099999286,56500.96999998605,122149446.70995644
486.0,193.0,9.0,412.0,412992065.31023985,5804857.2100008475,40389.780000001716,1240448.8899995345,44681.279999988554,132684766.7299395
365.0,145.0,262.0,328.0,336311490.47008246,4340081.819999331,38491.17000000476,1071283.209999377,45894.90999998881,108080833.55996026
372.0,148.0,266.0,314.0,322779052.6100664,3849507.739999262,37146.92000000764,1084642.0799994667,46596.429999989785,103747671.08995883
319.0,439.0,240.0,102.0,522161054.06006145,1941757.7199995143,41180.77000001267,2904081.359999412,101804.53000000637,167975877.04994932
167.0,525.0,286.0,122.0,579245047.0700891,2251578.299999657,49318.60000001347,3492093.9299990144,119749.3800000298,186187318.5799745
337.0,402.0,253.0,108.0,534122341.2500719,2138125.3399995905,43334.8700000113,2985371.9599994486,104568.28000001989,171793596.3799633
392.0,540.0,42.0,126.0,644713213.6400869,2302240.649999459,44431.39000001325,3689025.08999829,121601.31999999906,207352031.7798738
324.0,448.0,244.0,84.0,519104483.3500673,1908245.7199996123,42556.72000001276,2932076.3099995074,103196.01000001343,166974746.7399722
430.0,513.0,46.0,111.0,595782952.1301032,2325731.199999664,40963.02000001196,3253079.829998992,107126.70000000206,191657685.13989195
221.0,695.0,54.0,130.0,740864371.9801143,2844908.7100001923,55370.3200000127,4563970.659999153,148856.72000000067,238107817.17985764
182.0,497.0,313.0,108.0,566574694.2600617,1894164.9199993962,47863.92000001379,3460948.3599987864,121008.710000027,182142190.46995455
234.0,638.0,57.0,171.0,742801280.9601527,3024387.5100007397,55535.58000001274,4526680.9899993595,147391.37000001362,238730420.6298752
241.0,658.0,59.0,142.0,745206079.080115,2591408.2700000443,54043.45000001588,4602316.579999094,149575.6600000008,239534837.36986458
435.0,91.0,123.0,451.0,332458660.30010176,6024213.020000631,40302.190000004164,668612.3799996343,30527.139999997682,106771641.25994849
37.0,145.0,197.0,721.0,407575992.8302886,8805861.710002055,60202.10999997771,1186055.0299990573,44560.7699999864,130469311.92996064
376.0,228.0,106.0,390.0,442423400.8302594,5780782.480000955,46619.0599999983,1635609.2599998245,59592.29999997814,142075486.19994864
352.0,73.0,310.0,365.0,281543509.6200069,4509565.5899993135,37624.30000000471,632482.3999997715,33040.17000000504,90473061.75995815
565.0,117.0,160.0,258.0,330091007.48002064,3623948.609999412,31333.2900000096,915219.6099994865,40306.719999994544,106241386.85994507
373.0,227.0,329.0,171.0,364096007.69006175,2767623.2599998787,36139.37000000965,1509593.3100000934,59812.75999998213,117140480.99996254
37.0,143.0,606.0,314.0,266013329.2899817,4056668.499999125,46656.55999999926,980716.8499995776,49711.2499999831,85340983.58995216
42.0,477.0,222.0,359.0,563088702.2502501,5249623.800001651,58834.39999999898,3012289.470000112,101834.05000004602,180705544.07997784
23.0,259.0,376.0,442.0,403936751.4302014,5905693.570001451,55665.39999999128,1730096.359999407,67876.30999998338,129515051.37996918
29.0,334.0,485.0,252.0,391692055.66009486,3635095.9900000305,50296.61000000147,2005805.2199998365,77298.56000000582,125745222.25997633
202.0,323.0,356.0,219.0,435963656.23010534,3117884.629999857,45195.53000000636,2218336.67000023,82757.35000002012,140095960.31997353
244.0,308.0,339.0,209.0,416038633.5900814,3148205.630000156,43504.20000000684,2021499.9600004412,76561.4100000005,133726569.25996175
275.0,43.0,484.0,298.0,232976769.74998263,4476944.959999099,39781.42000000088,417981.970000022,30735.690000010924,74816394.53996424
249.0,397.0,185.0,269.0,508681229.25018036,4146151.89999997,47222.760000004615,2509968.830000225,85534.07000001328,163411790.1099623
170.0,271.0,298.0,361.0,429874995.4501924,4672007.449999809,48226.659999999836,1935595.3299999323,70487.82999998632,137998309.80997008
273.0,42.0,203.0,582.0,293651101.9300474,7203809.760001554,45311.45999999368,346086.31000009994,21148.14999999672,94090859.87994704
242.0,306.0,143.0,409.0,465961531.99022555,5663703.000001264,49934.60000000017,1958484.2700000287,69924.10999999837,149572823.7699602
262.0,32.0,364.0,442.0,246885572.19997475,5649972.439999984,42222.60999999889,293277.54000006325,24185.170000003865,79205625.68995239
429.0,53.0,252.0,366.0,261480534.72997698,4886081.0799993165,35730.900000008,341119.7199999904,24360.600000000064,84037771.23996459
324.0,40.0,190.0,546.0,291517765.06002307,6503604.350000924,41730.43000000085,379318.2400000555,21937.559999997673,93484765.68995391
250.0,56.0,516.0,278.0,216419661.47998202,3804342.509999046,37727.720000005866,405315.7500000369,31474.410000012125,69549561.73996882
430.0,44.0,407.0,219.0,220300547.5599846,3216061.349999521,30824.46000000672,304131.37999993225,26381.840000004773,70936100.59997927
196.0,280.0,405.0,219.0,407693353.14006275,3226823.850000152,44997.380000006786,2007237.9900002282,75755.06000000278,131002757.50996982
204.0,45.0,624.0,227.0,192193016.169988,3357217.199999376,37548.01000000312,343583.9199999966,32009.04000001768,61784663.12996294
258.0,58.0,533.0,251.0,205460363.70998517,3329714.9599993876,36174.84000000678,381433.34000000573,31462.860000017692,66055638.91996725
170.0,243.0,521.0,166.0,361330014.0000553,3226921.5999998176,44759.560000006044,1685035.0100000198,69146.60999998744,116119933.10995792
372.0,38.0,523.0,167.0,199007244.74999014,2488721.579999851,30612.430000006283,347649.4699999103,31044.98000001552,64121316.899982184
361.0,236.0,342.0,161.0,366987519.85006666,2589296.489999803,37627.730000006224,1647346.9400001385,65196.469999979054,118048999.76996243
308.0,202.0,433.0,157.0,321758772.3200297,2582281.439999922,36494.24000000805,1302161.259999922,56478.16999998185,103529133.25995533
314.0,205.0,441.0,140.0,335611095.9400296,2235546.949999851,36850.47000000779,1499751.710000301,64606.69999997422,107990714.04995091
377.0,265.0,65.0,393.0,452828856.5302122,5536957.980000889,45266.87000000261,1756260.2599998992,62199.85999998053,145422882.63995928
111.0,362.0,89.0,538.0,575191191.7804245,7001671.990002895,60498.69999998761,2693857.770000482,88700.50000004053,184506029.96994078
325.0,379.0,56.0,340.0,533582014.120234,4836991.5100005325,47933.96000000347,2499310.4600004354,84186.3000000192,171407156.42993662
333.0,234.0,185.0,348.0,430614730.1901551,4421151.589999865,43137.3300000044,1766812.2800002247,67101.59999998416,138379296.5999565
384.0,270.0,66.0,380.0,483696120.95022666,5163138.780000514,44538.81000000117,1982586.3800003298,66796.05999998355,155389651.10993257
297.0,345.0,164.0,294.0,498656345.3602037,4616035.690000111,47437.22000000221,2299974.5300004827,79373.44000001326,160203823.16996005
97.0,314.0,247.0,442.0,473458679.07028294,5760831.680001171,54706.16999999086,2149399.3899996933,75979.48000001664,151901861.1199758
93.0,504.0,75.0,428.0,654029171.550369,5986007.130002161,61827.32999999701,3480005.410000146,112460.41000005144,209893718.91990563
80.0,430.0,205.0,385.0,550421500.2102898,5423657.860001138,57731.36999999575,2822467.340000191,94996.86000004198,176645755.58996502
81.0,438.0,208.0,373.0,555350540.3502383,5179480.45000146,57297.620000002295,2910029.449999947,99714.95000003024,178241127.89996064
330.0,189.0,525.0,56.0,290281502.20999837,1302021.6099999063,33057.24000000577,1285667.230000167,58379.48999998083,93506827.17995335
271.0,203.0,566.0,60.0,299200381.5500023,1428992.2799998543,36447.33000000665,1452118.3600001694,65463.59999997102,96322560.08996281
275.0,340.0,438.0,47.0,438066845.1800428,1480806.1899996623,41657.530000010105,2481984.2399999388,94095.46000000775,140941111.97997713
368.0,210.0,460.0,62.0,312767717.94000757,1482664.8599998006,32974.55000000629,1368869.8300001589,60699.69999997692,100749054.72996363
265.0,151.0,422.0,262.0,305519690.58004516,4008175.4499992295,40562.61000000368,1021955.7799994469,46991.919999989244,98162278.70995656
246.0,304.0,307.0,243.0,423518380.9601271,3438960.129999749,43832.730000005,2013810.5200002643,73548.57999999684,136103160.7599672
234.0,176.0,385.0,305.0,332629287.4700757,4160944.359999241,42412.84000000116,1199782.9699995823,52999.85999998218,106858187.68995647
183.0,298.0,382.0,237.0,425067462.3001092,3354828.4499999057,46311.88000000611,2119535.060000131,79675.77000001237,136585133.56996694
245.0,399.0,402.0,54.0,491778600.4300444,1451027.7899995998,43266.62000001173,2909022.2299994933,105380.18000001604,158186582.51996556
197.0,322.0,325.0,256.0,456447979.1401403,3608484.2799998587,46406.25000000514,2271952.100000185,81962.9100000075,146654680.53997573
35.0,484.0,230.0,351.0,601722007.3202854,5223357.54000156,60703.81999999995,3305528.7099997816,110806.3000000492,193115052.1399548
373.0,330.0,157.0,240.0,485286972.2001539,3971433.2799997535,44232.07000000752,2245685.6500005485,80499.2300000049,155994611.89995077
53.0,171.0,347.0,529.0,364608681.65015817,7026898.170001889,55166.099999987055,1182349.3299992178,47778.73999999021,116806122.84995632
39.0,539.0,131.0,391.0,656521292.0203239,5338516.80000152,61888.35999999769,3663626.57000016,117821.82000005919,210714540.02993846
50.0,682.0,325.0,43.0,689452940.7000493,1615955.999999207,56792.02000001752,4600076.429999063,155854.9199999909,221584041.65997398
131.0,422.0,434.0,113.0,504094247.5500744,2317069.929999818,49033.22000001028,2973819.9599993825,107470.59000003141,162025118.05998188
510.0,452.0,109.0,29.0,555705104.6500163,1279597.6499996015,36191.640000012674,3063037.299998681,104621.76999999334,178889547.27991256
653.0,136.0,275.0,36.0,287591493.4699997,1216688.4099999822,22416.360000002023,933982.119999558,43322.33999999695,92808712.22996189
533.0,111.0,114.0,342.0,336368719.06008327,4735495.209999617,34214.78000001043,804671.339999549,35293.78999999627,108169605.15995581
744.0,155.0,159.0,42.0,314459008.9100121,1295101.039999953,20676.410000003398,988589.4299994567,44191.62999999545,101506195.39995387
36.0,96.0,206.0,762.0,337877936.5301552,8965837.130001333,56844.94999997727,626353.3500001136,27543.369999997645,108033923.80995293
142.0,86.0,185.0,687.0,341188167.1401899,8591250.470002467,54152.519999980024,634406.3599998426,27971.529999996637,109206258.15994698
37.0,70.0,211.0,782.0,345751030.51018924,9373676.9800002,59244.729999976415,655203.0799999265,29359.209999997045,110539570.44995275
28.0,74.0,413.0,585.0,273993959.3599874,6870103.810001436,51929.52999998546,541353.5500001895,30454.890000006166,87671358.49995613
85.0,224.0,480.0,311.0,343880284.1200699,4162518.9299994344,47739.350000000995,1487794.3899997356,61915.029999975595,110368236.6199637
51.0,97.0,763.0,189.0,174827072.779988,2590362.039999858,40441.90000000168,529502.4700000794,41566.670000002574,56170489.569944866
187.0,114.0,640.0,159.0,226288241.35999122,2363300.909999957,37580.78000000457,792849.619999773,47756.199999992255,72802394.45996064
306.0,134.0,401.0,259.0,306754521.0300279,3789151.0899994955,38472.56000000714,994313.5399994396,46268.189999988484,98613301.31995891
113.0,49.0,388.0,550.0,261743160.2299715,6559630.780001074,48275.26999998895,418641.60000016703,26983.500000004748,83814648.23995236
193.0,84.0,660.0,163.0,211084357.5399909,2325484.309999964,36291.84000000515,683659.9199998543,42257.06999999679,67919872.09996611
257.0,291.0,353.0,199.0,414036983.1400855,2893009.579999968,42641.29000000802,2041667.070000432,78603.68000000628,133114243.37996979
306.0,274.0,332.0,188.0,404338309.09009725,2960546.729999815,41088.86000000674,1907027.0400004373,74623.31000000233,130022642.12995541
260.0,279.0,359.0,202.0,430928860.0400626,3041217.7600003066,44025.29000000837,2156777.190000216,80468.84000000932,138502484.2399808
345.0,391.0,96.0,268.0,531706057.05017394,3963855.569999909,45234.64000000814,2587030.440000204,88575.640000009,170901791.5899269
233.0,264.0,320.0,283.0,401814892.9801123,3685348.109999664,43014.06000000588,1804584.7000000172,67454.5399999871,129098972.48996587
308.0,331.0,86.0,375.0,485368754.260221,4971793.720000402,46378.84000000221,2147718.49000032,74273.86000000048,155894480.47994754
358.0,320.0,79.0,343.0,497292865.02022946,4668120.040000037,44740.8900000029,2165589.320000383,74296.20999999905,159795878.759927
283.0,239.0,307.0,271.0,390792051.5100702,3858793.529999822,43439.01000000723,1682556.1800000912,66068.30999998332,125578320.67995706
411.0,347.0,90.0,252.0,510684093.56013,3562692.6300001894,42138.93000000866,2480664.6000000522,85364.71000000583,164179197.37993333
364.0,307.0,80.0,349.0,486035803.5902006,4523893.000000107,44013.06000000274,2177620.940000284,75355.64000000473,156159349.6799668
375.0,173.0,235.0,317.0,343066271.39010227,4402107.429999152,39630.11000000434,1126501.1899994963,48295.12999998851,110257241.3599523
417.0,163.0,221.0,299.0,362636846.59008914,4264108.609999391,38567.35000000538,1218890.1099997917,48844.45999998993,116583771.93994813
312.0,327.0,196.0,265.0,479567635.58013976,3601069.3899998916,44052.920000008664,2331511.190000314,84263.67000000908,154146393.29995498
319.0,147.0,363.0,271.0,314417205.1800388,3538964.8899994916,37514.63000000684,1080441.7399994747,48328.39999998493,101098255.46995713
340.0,157.0,213.0,390.0,342380861.77007216,4844477.389999524,39587.92000000463,1021122.319999265,42526.169999992075,109975109.50994788
254.0,267.0,288.0,291.0,415390398.8201404,4283846.069999537,44859.700000003075,1793844.5799999333,65493.14999998162,133437714.67996936
332.0,129.0,318.0,321.0,294424773.03001195,4178040.8399989544,38180.18000000504,818675.9799995961,39199.539999998015,94621035.05994883
325.0,288.0,172.0,315.0,453750996.7401749,4738631.950000356,46165.630000001496,1959268.0300002883,70791.6499999946,145760856.25995255
309.0,274.0,296.0,221.0,399419455.4600731,3333660.270000016,41395.00000000475,1782490.630000233,67053.88999998344,128400182.14996298
288.0,256.0,277.0,279.0,417239748.94014305,4052614.1899996144,44266.3100000032,1849329.130000331,69994.06999999298,134062900.6199579
139.0,409.0,471.0,81.0,443113698.03002894,1602302.209999649,43640.67000000913,2611992.149999941,94329.11000001694,142472933.73999172
196.0,384.0,443.0,77.0,467644961.60004145,1625113.889999569,43545.72000001097,2716114.1199997314,100082.58000000936,150406821.1799744
180.0,203.0,611.0,106.0,299095168.3600029,1778767.879999855,39629.31000000533,1478728.730000087,66909.51999996853,96223767.87996
186.0,549.0,255.0,110.0,609619617.1901122,2543123.759999957,51559.830000011854,3682235.71999884,125575.99000002583,195929996.19994208
126.0,371.0,427.0,176.0,435239401.0300897,2660160.939999712,46095.840000004406,2368956.500000188,86640.43000002811,139859937.1499785
225.0,254.0,307.0,314.0,397406258.53012806,4387707.279999408,45081.73000000102,1646613.1800000023,63048.70999997294,127649208.36995204
229.0,450.0,208.0,213.0,554753806.6901509,3566204.170000459,49641.21000000792,2975444.5699995756,102595.80000002556,178284738.31994975
222.0,168.0,503.0,207.0,300987883.3100129,2900326.2499998338,39961.0500000048,1230050.8299997614,55227.69999998415,96765128.7699561
359.0,272.0,328.0,141.0,374222665.4400408,2282136.0299998876,35948.06000000879,1692682.920000292,66787.23999998385,120423904.63996597
306.0,231.0,278.0,285.0,386270889.63010645,4009063.919999663,42372.00000000229,1584434.4000000374,60697.06999998191,124108492.07996166
291.0,342.0,434.0,33.0,412466023.1400125,1101074.3199997824,38125.28000000858,2317421.5800003,86940.32000001437,132739828.86996873
235.0,365.0,464.0,36.0,425423714.99001884,1137877.0199997749,40052.44000000943,2446756.290000135,92630.27000001776,136892282.24997178
355.0,176.0,528.0,41.0,276703658.1299989,1225220.5899998927,32037.860000005006,1210105.849999866,56844.88999997933,89155303.77996531
266.0,312.0,492.0,30.0,367011891.81001323,1075231.1499997978,35957.040000005516,1957428.2200006624,75920.66999999437,118143483.42996389
198.0,233.0,296.0,373.0,377685642.9201365,5175854.540000243,46815.730000000556,1421949.0799994972,55801.259999981456,121220984.539957
210.0,105.0,390.0,395.0,313718031.3800454,5778371.670000568,46775.8599999968,844423.6399995866,40011.5199999946,100645442.96995404
146.0,228.0,361.0,365.0,381258064.8701187,4768760.209999944,47963.500000001324,1563412.5299996715,61233.50999998238,122388858.8999582
180.0,118.0,355.0,447.0,339921239.83010536,6046717.040001021,48657.40999999354,1018391.539999395,44711.91999998823,109015982.95994745
257.0,170.0,634.0,39.0,273752830.7400014,1066016.9499998651,34403.86000000627,1306029.8100001062,61563.86999997303,88174645.99996752
166.0,110.0,409.0,415.0,283864173.7300182,4928682.18999966,43838.659999998425,784959.8499996597,39075.65999999493,91084424.78995274
392.0,422.0,53.0,233.0,571946983.9801619,3637249.60000008,45222.230000006726,2931555.0600000476,98467.42000001892,183860145.4899029
362.0,440.0,55.0,243.0,570701733.0201505,3637450.80000044,45517.18000001041,2951341.75999958,99411.06000000866,183449024.71991712
440.0,339.0,59.0,262.0,479773799.1901308,3592351.1899999157,38658.19000000926,2162367.7900005886,74196.51999999642,154265396.57994398
370.0,399.0,111.0,220.0,538632085.1201259,3036536.8500000294,43203.44000001059,2811594.8299998124,95610.84000001512,173178807.3099305
435.0,470.0,59.0,136.0,590226310.6401435,2861167.6900001094,43881.73000001241,3180250.289999674,106634.23000001481,189808427.68990818
461.0,356.0,139.0,144.0,488496104.06008077,2307360.8399997354,37154.91000000949,2463248.5000000764,86786.64000001054,157178737.05994454
379.0,460.0,128.0,133.0,570582594.4000841,2276138.749999508,42050.63000000946,3141150.2799992044,104298.00000000681,183517723.16992578
464.0,403.0,70.0,163.0,547752815.2900888,2666728.640000094,39220.630000010984,2774956.0899996418,92714.21000000152,176218933.92990693
382.0,332.0,129.0,257.0,494069894.4801706,4188898.9099998153,45071.21000000667,2293050.8100005207,80207.16000000085,158781856.44994202
430.0,373.0,146.0,151.0,489829193.3500856,2496112.2099997937,38123.18000001257,2443524.400000295,86064.47000000367,157593108.53996453
353.0,128.0,462.0,157.0,267891150.75999263,2439984.589999919,33514.290000006775,895858.6299996176,45616.679999992746,86238881.43995686
314.0,134.0,486.0,166.0,270655077.2199879,2752346.919999837,35561.17000000604,918708.2199996295,46707.2999999964,87088123.22996245
263.0,377.0,343.0,117.0,458025358.170076,2137340.3299997756,42164.39000000792,2482718.5500001744,90442.25000001935,147292035.67996222
424.0,153.0,334.0,189.0,299751799.6800109,2894740.849999786,32971.81000000986,981872.7799994914,45096.54999999633,96475132.28995837
404.0,146.0,528.0,22.0,255092994.010002,880489.5999999645,28383.620000003804,990850.8999996231,50792.93999998852,82291869.31996907
336.0,481.0,265.0,18.0,532595413.74001735,1077279.8699997205,39484.05000001135,3110512.8099994506,107412.08000000544,171390073.90997297
454.0,194.0,423.0,29.0,319731262.8700086,1139962.0899998872,30466.590000006923,1421472.4200002872,61700.80999997848,103039892.1499574
256.0,433.0,395.0,16.0,490818217.15000665,1075043.3199995775,41444.9300000115,2925841.969999504,105866.95000001403,157920535.60996178
265.0,449.0,247.0,139.0,536414229.5500974,2582566.0700000287,46046.60000001081,3009797.079999269,105224.18000002379,172458902.1999609
298.0,505.0,278.0,19.0,542191791.8799998,1034076.299999616,41892.13000001205,3257873.909998712,112994.17000000607,174447370.55994776
89.0,392.0,198.0,421.0,526594355.870268,5368836.0300008515,55515.059999995756,2625071.850000179,88904.58000003711,168985851.8299768
36.0,412.0,208.0,444.0,580043621.4403363,6248132.070002768,63093.49999999491,3004529.029999904,102564.77000004677,186080195.13994318
103.0,280.0,229.0,488.0,449349622.52029043,6742476.520002068,56031.71999998857,1814540.219999354,65103.86999997157,144072231.46995726
107.0,470.0,17.0,506.0,640398926.9803914,6634767.560003183,62107.81999999029,3270258.9300000677,105027.09000004598,205462861.00990573
102.0,448.0,226.0,324.0,544255419.0602114,4483469.850000312,54102.78000000217,2884169.229999799,99071.54000003413,174769586.52996147
156.0,424.0,24.0,496.0,587446468.6503893,6778720.030002597,58836.7099999911,2772829.199999949,90155.20000002613,188474727.31992316
53.0,595.0,21.0,431.0,732292314.9803903,6339549.180003646,67779.56999999053,4106590.78999979,133592.97000006321,235008772.19985893
50.0,352.0,287.0,411.0,471450878.76024085,5882170.800001407,56916.98999999436,2198581.7099998193,78526.68000000474,151209774.73997757
53.0,374.0,22.0,651.0,575718462.5204555,8419829.630004674,65101.98999998074,2542094.160000168,82691.07000003253,184519936.40994397
66.0,464.0,27.0,543.0,619788953.3905013,7613705.480004025,64937.46999998278,3010513.290000626,98343.74000006038,198755938.32990524
130.0,171.0,456.0,343.0,322279019.9400656,4610299.439999543,46850.279999998915,1211536.4699995087,53299.40999997869,103420616.23995712
294.0,142.0,379.0,285.0,310850988.27003807,3745482.389999391,38890.410000004806,1070235.1799994668,49053.32999998689,99906707.09995532
132.0,155.0,464.0,349.0,300578885.85003775,4314971.489999184,44406.3500000008,1056934.0899994096,49661.78999997958,96472744.44995716
128.0,169.0,465.0,338.0,296948111.8300161,4148105.819999184,44240.00000000243,1049365.1599994462,50241.80999998788,95325194.37994935
116.0,152.0,407.0,425.0,311053443.1600539,5131261.390000043,46958.289999998226,1009861.5799994717,46029.46999998991,99767480.49995685
116.0,136.0,422.0,426.0,306453473.1500489,5370983.509999996,48033.269999998614,956723.0799994196,45643.53999998872,98269971.39995074
264.0,128.0,352.0,356.0,317213907.7300494,4778506.389999514,43083.18000000108,987905.2699994532,44116.43999999138,101853576.96994984
270.0,116.0,349.0,365.0,312609247.4900625,4719409.319999654,41669.02000000103,963753.9899994854,42436.76999999073,100367748.5299572
294.0,127.0,393.0,286.0,269355970.139987,3322234.3599993773,35616.4300000064,792383.7299996444,40373.50999999268,86606046.55995405
267.0,115.0,357.0,361.0,297970332.75003415,4966910.059999892,42605.48999999954,796259.169999588,39987.44999999411,95676269.74995391
411.0,452.0,175.0,62.0,551979657.1000538,1524459.1899996833,39231.33000001195,3107116.5599991516,106414.72000000875,177619921.07995307
104.0,653.0,253.0,90.0,665343629.1600664,1793141.2099992728,52667.09000001529,4273201.119998637,141531.7400000066,213849399.20996135
418.0,441.0,178.0,63.0,502746365.7400516,1727876.4699995874,37352.680000011715,2682113.7200000486,95249.73000000509,161801390.7899479
405.0,446.0,188.0,61.0,523908751.84004223,1594181.5299996184,38609.030000011466,2900780.949999604,100623.77000000286,168591907.1099425
366.0,403.0,156.0,175.0,541067318.0501088,2983032.2400001134,43333.850000010345,2815735.259999874,95491.01000001059,173983807.8499378
368.0,387.0,170.0,175.0,528391952.1500815,2606092.9000001308,41896.04000000994,2789578.6499999166,96084.22000000358,169930197.9799296
87.0,546.0,230.0,237.0,657416709.4902451,3890977.940000215,59230.44000000547,3914934.419999575,133074.16000005967,211161968.15993586
90.0,544.0,220.0,246.0,635844805.7001976,3715108.5100004273,56175.39000000728,3722459.729999398,122684.90000004595,204231640.0599648
104.0,629.0,277.0,90.0,666610034.8900807,2155093.1999993185,54449.090000016426,4245994.849998409,141986.20000001215,214233772.37994623
89.0,534.0,235.0,242.0,614447859.0201957,3909444.7000006544,56739.46000000816,3583008.5499993293,121078.47000004967,197334937.53996494
439.0,24.0,252.0,385.0,244995755.85997915,4987244.249999306,35612.480000007374,211283.27999995975,20804.299999999545,78730694.32996796
224.0,32.0,333.0,511.0,260333084.93997127,6386883.13000084,44621.769999994634,308265.38000009087,22811.309999999517,83437075.1699593
369.0,196.0,211.0,324.0,393883006.7701281,4603827.669999648,41074.67000000617,1446964.609999883,54822.38999998556,126558962.70994455
434.0,24.0,261.0,381.0,253259332.3999745,5547951.619999797,37475.51000000574,187050.4100000087,18898.539999996407,81348997.04996108
637.0,35.0,364.0,64.0,206910197.0099964,1301950.4100000167,20369.850000002385,335955.5799998029,29057.370000009447,66887259.48000168
493.0,261.0,296.0,50.0,355480246.94002074,1369092.5899998378,29128.530000006853,1571577.1900005236,62451.34999998546,114538923.03996208
371.0,53.0,579.0,97.0,202488879.489995,1901879.0900000557,29830.640000003354,478769.93999990565,35520.65000001084,65276875.91997933
267.0,367.0,396.0,70.0,448624608.0200495,1702684.5499995842,41151.020000009514,2502859.8500002753,92327.81000002872,144313385.0399772
177.0,244.0,276.0,403.0,428572961.1302232,5853150.580001174,52067.3799999948,1740343.059999653,65292.06999997653,137518306.82995823
262.0,361.0,409.0,68.0,419521604.46002793,1543624.2099996381,39365.0700000091,2274559.9600003255,85914.91000001242,134982093.34997332
364.0,418.0,46.0,272.0,550635016.0702002,3998130.6899997396,44677.650000005684,2715766.8499999745,89134.32000001408,176971622.98993284
521.0,329.0,36.0,214.0,500958733.5701076,3471387.960000275,38578.35000000927,2304717.8500004965,78834.03999999937,161131939.34993654
573.0,25.0,73.0,429.0,290475303.68001455,5524991.999999778,32203.18000001195,226704.569999919,16599.43999999581,93397909.15995069
357.0,410.0,66.0,267.0,546294932.3201742,3952457.9600000903,45259.50000000744,2702279.8600000683,89720.25000001064,175573523.3599203
312.0,359.0,40.0,389.0,536197975.40022045,5196424.030001033,48158.770000002994,2448260.550000354,81636.93000001252,172208042.1299272
445.0,19.0,82.0,554.0,303423512.3500587,6628143.640000876,38766.2100000036,296781.12999999255,17537.779999995255,97391335.96994649
456.0,287.0,46.0,311.0,470850742.88019305,4721162.229999968,41292.120000008974,1924385.9300003087,66518.96999998401,151336236.03992698
620.0,14.0,43.0,423.0,290923875.8100244,5578363.239999958,31106.980000012125,194472.59999993708,14866.509999996417,93551398.82995649
717.0,17.0,72.0,294.0,270306262.15998304,4166240.809998685,25320.470000006102,214112.4699999054,17050.879999997745,87058129.30996464
609.0,14.0,62.0,415.0,279488699.44000083,5250395.659999659,30142.590000010037,185958.809999962,15227.45999999693,89867358.97996344
269.0,135.0,330.0,366.0,322689539.35007614,4442961.979999435,41021.640000002524,1025705.6999994424,45798.97999998984,103668038.9299561
447.0,106.0,259.0,288.0,310928956.1900408,4050912.2699992657,35926.87000000781,874339.629999503,41086.189999994036,99981042.05995955
234.0,260.0,287.0,319.0,398008902.5801411,4675718.7700001,46300.830000000286,1653189.569999918,62348.329999978654,127792965.0899614
226.0,113.0,453.0,308.0,253896267.0299826,3946429.2399991024,39916.18000000257,687054.0999998023,38560.34000000126,81562023.93996659
328.0,164.0,402.0,206.0,303375539.80002296,2807708.6799998186,35700.41000000702,1119358.4299996286,51116.85999998102,97594853.35996221
232.0,257.0,465.0,146.0,343785730.9600296,2228172.2599997446,39541.41000000553,1637731.4800002212,68835.24999998069,110579717.37995699
443.0,105.0,420.0,132.0,245000595.6799932,2039166.790000044,28952.27000000427,689901.789999706,38866.5299999996,78965269.73996912
458.0,241.0,265.0,136.0,381479080.1800508,2337404.799999922,33503.00000000864,1627479.6800004481,63557.19999998204,122797202.29995666
353.0,185.0,335.0,227.0,336901840.1400682,3553924.979999579,39307.9900000048,1255351.8799997114,54612.8099999867,108332826.78994972
397.0,209.0,376.0,118.0,331840796.570025,2219035.5400000215,34550.710000008265,1363020.9000000735,59300.769999981734,106843785.10996045
272.0,216.0,298.0,314.0,365487328.5800801,4429748.199999875,42729.35000000413,1378042.9099998074,55695.17999998133,117414876.15996435
97.0,262.0,361.0,380.0,401813628.44016546,5650547.810000892,52526.709999995066,1628076.0699997328,61792.57999997362,128899886.1199507
257.0,268.0,280.0,295.0,412168257.390112,3938798.669999851,43418.090000006516,1810979.1000001386,67941.4199999815,132423534.81996135
345.0,273.0,86.0,396.0,455727212.90023726,5252433.520000578,45224.0600000021,1826934.3100000003,64255.43999997728,146368547.82994077
295.0,234.0,322.0,249.0,386762800.92005986,3111313.6899999017,40334.090000006865,1727960.8500003228,67913.67999998292,124348923.62995374
350.0,366.0,88.0,296.0,506066071.4701803,4105755.249999804,44042.440000005256,2390715.9100004165,81950.38000001191,162630918.42994133
149.0,399.0,126.0,426.0,543531111.7402679,5643786.150001614,54336.03999999971,2618201.0999999708,88900.42000002234,174453295.80994755
99.0,351.0,367.0,283.0,441483844.3901435,4150364.4899995807,51062.900000001515,2216132.10999989,81997.00000001988,141746023.63997355
118.0,420.0,100.0,462.0,609895679.2203873,6721414.90000283,62256.38999998908,3018429.460000297,97192.81000005383,195679044.06993166
133.0,472.0,113.0,382.0,602850199.9402593,4998154.88000119,56029.25999999768,3203823.1700000484,104878.80000004482,193548762.87994614
458.0,323.0,141.0,178.0,458332598.0600975,2775516.8600000045,36961.42000000983,2147411.9500007024,77544.53999999836,147463582.6799514
4.0,553.0,240.0,303.0,623620364.9002651,4806540.50000121,61709.84000000047,3590630.999999957,120879.10000006523,200168955.8199536
398.0,424.0,123.0,155.0,535251123.0601353,2991420.810000109,43050.00000000958,2828622.709999962,97084.45000001276,172102792.4899383
299.0,211.0,474.0,116.0,309695995.760015,1972727.5099998203,35917.41000000706,1391885.4000000902,61502.92999997335,99652079.0199642
304.0,215.0,93.0,488.0,455220016.59024054,6313295.770001688,49567.179999995635,1723968.3299998639,60278.989999982085,146095486.59995824
209.0,223.0,332.0,336.0,371419649.2400989,4490349.759999644,44956.33000000329,1492157.8599997174,59560.05999997696,119266569.62995987
1.0,199.0,448.0,452.0,344723206.4601162,5223279.660000243,52235.759999991016,1387051.6699994323,57730.07999997276,110519589.44995521
2.0,393.0,113.0,592.0,571770945.3504361,7430857.390003536,64445.54999998568,2741592.4800000694,91209.10000004522,183299751.66996774
2.0,384.0,574.0,140.0,430322869.61006093,2239992.5399998445,50302.23000000904,2582837.3199997945,99372.83000003562,138256616.77999118
1.0,275.0,410.0,414.0,408051515.19021386,5801470.73000108,57088.63999999156,1805324.17999927,71079.95999999123,130835493.60996802
48.0,416.0,307.0,329.0,491687269.8802154,4608258.590000371,55171.320000000276,2570425.669999707,93002.32000002053,157815269.28998286
194.0,358.0,265.0,283.0,466020954.58013767,3895844.720000043,46576.35000000749,2273525.9700001655,80622.58000000044,149707416.3499661
70.0,96.0,451.0,483.0,265429686.30997398,6199189.080000788,49143.24999999288,563193.3500000703,32832.98000000925,84996557.18995151
53.0,457.0,228.0,362.0,574952388.8102347,5063254.020001378,58627.71000000111,3105205.160000072,104498.37000004582,184526935.67997286
53.0,466.0,344.0,237.0,554314363.5401671,3420747.4100002414,54861.80000000735,3235929.729999791,112175.58000005074,178033933.20999676
98.0,135.0,429.0,438.0,314920214.1800784,5260798.419999952,48505.539999994704,1048229.9299993383,47217.30999998525,100991345.27995297
234.0,431.0,215.0,220.0,528725978.45015556,3704208.250000016,48489.33000000561,2757182.929999906,94837.34000002238,169886956.06995857
306.0,88.0,418.0,288.0,262316104.16998643,3830312.6699990146,36994.7000000048,661113.2199996914,37343.39000000347,84317153.96995746
299.0,87.0,276.0,438.0,295760153.1200384,5453503.76000034,42480.95999999924,679644.1899996881,34978.43000000224,94925482.6599528
349.0,101.0,322.0,328.0,295948892.870036,4841423.959999601,39715.40000000211,714223.9299996557,36486.42000000363,95075101.45995194
81.0,429.0,302.0,288.0,550007304.1801511,3900677.760000755,53619.10000000837,3049732.0299995835,104276.55000002423,176623618.7899605
366.0,309.0,218.0,207.0,460535503.8901224,3367580.5200000927,41615.63000000737,2170169.470000617,79082.70000000628,148078056.90994996
54.0,658.0,199.0,189.0,684205729.5401833,3061055.020000107,57849.90000000929,4277346.09999939,141480.01000003814,219784573.32995677
90.0,474.0,218.0,318.0,596825284.1902397,4587632.510000865,57852.2100000029,3331780.9699999876,112941.73000005209,191616259.79996756
49.0,258.0,182.0,611.0,469729780.72033817,7508461.920003087,58921.61999998482,1873385.549999227,65354.90999997251,150523204.56997612
39.0,479.0,95.0,487.0,626800336.7703533,6246744.070002762,61876.869999995026,3275095.040000289,104898.44000004396,201075097.56994042
260.0,219.0,101.0,520.0,430048414.27022773,6522217.150001614,48852.679999995315,1493607.92999948,53141.34999998363,137989222.33995768
198.0,389.0,118.0,395.0,531282216.47025794,5133974.710000881,51832.34000000069,2567567.7399999998,87061.07000001827,170585057.27994013
281.0,552.0,108.0,159.0,636609805.340122,2774884.960000142,48923.390000013314,3710601.9499989683,122301.09000001615,204641101.33992445
206.0,404.0,79.0,411.0,558306955.590277,5735540.770001719,54373.639999998486,2699260.959999966,88960.02000002227,179207316.14995062
210.0,327.0,284.0,279.0,463594255.4901515,4185355.0599999493,48239.450000002944,2237060.80000024,80959.72000001199,148913903.6799744
313.0,289.0,251.0,247.0,427607437.8300963,3456756.5799998515,40829.1100000085,1905352.6000004325,69637.43999998839,137473849.44995984
248.0,184.0,337.0,331.0,331775006.2300501,4530624.239999636,42768.810000003585,1145793.7899996045,48501.61999998827,106536767.78996177
216.0,338.0,257.0,289.0,460344911.40016574,4080301.3599995975,46924.530000002,2197046.680000218,77375.81000001254,147874931.84997067
235.0,366.0,318.0,181.0,457075058.04011023,3074914.9900001804,44393.35000000705,2315749.8000002676,83804.15000001412,146913920.64997262
297.0,221.0,353.0,229.0,368619970.4300676,3073050.669999965,39727.81000000839,1615234.0000000761,64258.459999978695,118513848.23996165
357.0,330.0,251.0,162.0,457389536.2000873,2647013.859999934,41800.20000000649,2321833.5800006823,86634.53000000726,147110555.65995413
408.0,179.0,327.0,186.0,342149972.40006286,2803653.35999962,35459.24000000951,1358201.9899999,58794.869999974486,110092743.94996037
375.0,165.0,264.0,296.0,357046224.61010313,4415331.329999623,40207.22000000515,1228313.2199996088,51147.559999985104,114745446.7799533
424.0,186.0,297.0,193.0,353596409.7600401,2662719.6699998714,33525.41000000897,1393402.910000253,56440.68999998213,113796424.29995105
890.0,159.0,33.0,18.0,356158680.77000445,1079956.439999836,17472.330000004797,1182681.3000001232,48621.61999999261,114989177.25993906
867.0,177.0,36.0,20.0,356066915.14000595,1085549.49999986,17132.91000000413,1171738.009999936,47317.81999999481,114961136.62994806
866.0,185.0,32.0,17.0,365838448.9300091,1219177.8099998422,17987.56000000472,1231689.7200001916,48922.779999993654,118092942.3199363
638.0,114.0,335.0,13.0,255646116.4199951,924403.1999999086,22341.000000003936,798784.0299996312,43020.16999999823,82560659.86998345
759.0,136.0,28.0,177.0,359961001.250058,3180772.739999661,26172.340000007334,1027156.5799992083,41007.459999993414,115965487.63994224
558.0,120.0,292.0,130.0,268567616.5699932,2124668.3700000457,26155.660000004136,742391.8399996929,37541.16000000361,86576933.38996445
531.0,109.0,318.0,142.0,270676331.1799945,2091018.9700000344,26660.440000005456,780593.3599996153,38230.87000000203,87243978.49997291
708.0,173.0,30.0,189.0,394230044.4000677,2981168.83999989,27879.14000000829,1349876.4100000132,50395.20999999158,126970915.97995168
589.0,144.0,353.0,14.0,276986399.32000047,899770.1099999407,23260.890000002462,948321.6199996235,45665.39999999639,89410098.90995303
521.0,128.0,312.0,139.0,288252437.7400043,2242671.03999992,28724.330000006586,938865.5599995519,43859.499999996864,92854562.14995717
177.0,353.0,289.0,281.0,463539387.1901641,4363250.27000018,50129.230000001895,2267350.3199999314,82021.77000000712,148852598.2999675
127.0,372.0,304.0,297.0,505379055.3901968,4443450.860000066,52355.56000000368,2576959.4399998067,89829.16000003024,162274471.95998102
175.0,363.0,285.0,277.0,469484458.3001745,3933274.5899996418,48582.0099999995,2373752.330000261,85092.37000004097,150792035.58998957
148.0,294.0,423.0,235.0,380169783.1200674,2948265.290000251,44675.360000006265,1904274.7800001781,76552.67999999969,122161731.27996573
163.0,324.0,266.0,347.0,444151881.30017936,4697776.720000084,49321.850000001985,2049571.1899999895,74430.68999999888,142585103.6699671
136.0,283.0,391.0,290.0,435210922.27016205,4454939.669999806,50266.31000000058,2049551.5600000913,77822.13000000488,139747599.3399655
98.0,286.0,411.0,305.0,429126314.4801474,4717055.170000519,52884.27000000022,2043400.2499998661,78658.70000001001,137736544.4199699
115.0,351.0,275.0,359.0,500334620.42024267,4983082.780000361,54035.01999999628,2507720.1500002877,87384.90000004224,160583808.0499937
104.0,317.0,437.0,242.0,414708984.1200955,3240354.51000001,46941.740000006095,2137438.2800001414,80193.70000000263,133205362.51996487
97.0,295.0,406.0,302.0,442881976.09016037,4140654.5399998566,50815.28000000114,2217014.9700002274,84162.61000001951,142215589.8299813
245.0,12.0,493.0,350.0,200558359.26998118,4939469.989999241,40343.079999999354,109174.659999965,21385.810000001264,64354659.26996298
64.0,15.0,598.0,423.0,181088601.29997978,4948296.349999372,44317.50999999588,132605.3499999708,24407.520000009787,58005693.55994925
177.0,315.0,356.0,252.0,441891274.8901053,3505658.2100002994,46959.73000000456,2243718.0100002177,82421.75000001774,141950204.70997673
348.0,18.0,238.0,496.0,269429614.1799748,6046169.420000414,39731.57000000214,267381.5000000055,21032.33999999846,86456679.91995123
343.0,17.0,689.0,51.0,139618375.96999654,1225326.2200000568,27998.510000002247,182665.1599999521,30496.17000002315,45114903.349971674
304.0,542.0,208.0,46.0,576445529.3400438,1659928.6999994048,43410.34000001341,3381391.6799987657,114600.40000000528,185421909.5899361
215.0,50.0,685.0,150.0,181910941.88999334,2508906.1499999478,36414.520000004064,433517.509999998,36652.49000001287,58537462.16996489
57.0,471.0,532.0,40.0,489853615.95000213,1144687.2799995414,48311.890000013234,3147393.3299994143,115574.12000004385,157493690.24001786
58.0,477.0,183.0,382.0,593748397.2303286,5399191.480001463,60033.579999994836,3203408.860000427,107512.20000006296,190556412.4399574
83.0,693.0,266.0,58.0,711803185.1900532,1644820.2899992035,56632.5600000195,4729643.349999259,159332.95999998628,228779362.10993487
517.0,285.0,221.0,77.0,429051514.6300339,1713302.2699997227,32791.930000009794,2032359.1500010982,76160.71999999334,138172210.3699499
394.0,345.0,268.0,93.0,462339485.7600456,1818582.0599996254,37863.10000001053,2420381.1100003333,88666.9700000034,148791180.88996607
581.0,184.0,248.0,87.0,332533518.3800034,1725393.9599998973,26957.500000006083,1262840.4899999811,52683.969999987385,107175144.55995342
432.0,237.0,367.0,64.0,359393097.2600152,1459415.1799997936,32524.76000000732,1649138.3600005996,68084.91999998484,115775732.9799508
428.0,235.0,182.0,255.0,413954393.96014,3820649.579999626,38602.43000000697,1653571.890000234,62714.18999998215,133126822.67995057
398.0,126.0,338.0,238.0,295153004.56001395,3607091.989999405,35523.38000000647,871210.3899996094,41232.289999995424,94916075.4999594
263.0,231.0,356.0,250.0,376636166.2800628,3301459.930000123,41323.110000007284,1690320.1100001775,66935.8999999821,121046646.87996306
351.0,177.0,238.0,334.0,375365692.81011784,4595396.2899997365,41238.51000000361,1309489.619999663,51930.219999987734,120611500.41996156
355.0,180.0,481.0,84.0,286539397.51999557,1576718.8199999537,31657.610000005443,1144310.7299998105,53361.73999998438,92317254.98995443
289.0,146.0,391.0,274.0,309449444.5600348,3594670.139999516,38317.36000000498,1094243.3099995684,48755.51999998693,99456324.2999576
306.0,119.0,286.0,389.0,307325914.20004267,5065874.589999778,40843.94000000348,787457.3099996544,38002.699999997116,98680597.91995485
349.0,113.0,270.0,368.0,322093045.9300716,4936859.959999638,40566.41000000347,871779.2899995066,39697.709999995175,103468770.95994551
335.0,25.0,313.0,427.0,245116446.1799781,5211893.669999611,38899.48000000385,287044.90000000916,23060.750000001797,78683099.44995894
401.0,156.0,33.0,510.0,402624743.59018856,6833115.410001776,44834.29999999887,1089344.2999993404,39808.00999998854,129206346.09994705
315.0,122.0,295.0,368.0,315155585.27005255,4586894.289999465,39919.19000000432,924411.589999522,41557.38999999179,101227839.40996067
473.0,35.0,39.0,553.0,319169633.8001076,7247565.340001619,40619.58000000029,304811.22000002046,17595.869999994957,102421084.71994436
467.0,150.0,32.0,451.0,396302236.85014075,5652457.62000066,39644.43000000783,1163452.2399993148,43794.33999998896,127300842.55995381
393.0,24.0,304.0,379.0,251004028.19997475,5401661.359999819,38257.85000000395,244571.10999998503,21194.909999999734,80604085.20996337
504.0,31.0,34.0,531.0,323458961.5200965,6690135.720001172,38613.53000000444,405391.25999998447,20300.309999995825,103841069.4699481
525.0,32.0,36.0,507.0,311850867.2300783,6655145.940001086,37393.81000000728,271403.92999998655,16726.919999994872,100150305.04994233
145.0,559.0,112.0,284.0,684884601.7802838,4455246.250000639,58852.91000000333,3927684.7199994526,128216.49000005214,219978226.97991204
229.0,510.0,102.0,259.0,630939598.4301746,3744739.8200003942,52283.98000000848,3556451.259999254,116120.24000002077,202703098.50991866
170.0,467.0,131.0,332.0,613114879.8602556,4850877.350001114,57021.40000000628,3339091.459999446,112380.70000003623,196869025.13993835
115.0,442.0,319.0,224.0,529823603.6601567,3590582.2600002093,52520.700000008,2958577.529999783,102776.11000003245,170190023.72998047
152.0,588.0,118.0,242.0,677642544.6801822,3765540.630000939,56551.78000001164,3986945.1099988003,131758.30000002714,217682999.57991636
135.0,373.0,377.0,215.0,457965042.5501176,2871531.999999926,46988.39000000448,2492763.1900000786,90654.28000003625,147150307.35999334
191.0,426.0,308.0,175.0,515574991.05014914,3009663.539999938,48362.270000006334,2862151.219999729,101685.19000004101,165692834.00998062
278.0,443.0,124.0,255.0,567137145.520222,3988696.6899997126,48787.50000000413,2973416.0200000564,99844.73000003472,182228546.61994708
206.0,329.0,332.0,233.0,446170620.17012686,3312069.369999887,45186.020000006145,2249235.8200003887,82089.32000001379,143372795.87996566
215.0,342.0,346.0,197.0,442755075.93009794,2873515.0299999653,43629.99000000624,2264632.5200003325,82394.23000001178,142316906.20997214
119.0,182.0,622.0,177.0,292825037.1900187,3133564.359999584,43147.470000000765,1228521.4899997292,57489.07999997796,94084986.47994769
490.0,113.0,387.0,110.0,261057696.2599958,1722107.8199999777,28155.98000000622,829336.1199996072,43257.29999999537,84166139.83997464
84.0,452.0,439.0,125.0,508038459.22007495,2154703.769999609,49222.29000000913,3069160.289999561,109366.45000003233,163270832.88999164
164.0,250.0,442.0,244.0,372014529.7500986,3616757.859999561,45241.63000000199,1692788.050000014,67103.14999997629,119501211.98995355
141.0,216.0,738.0,5.0,250657299.3000001,660398.8299999689,36269.710000004365,1320606.6800000996,64009.239999970494,80727279.8299593
121.0,650.0,325.0,4.0,635410482.019997,907200.5899996347,49786.92000001677,4192348.029998005,141361.1100000018,204307677.44998547
669.0,155.0,272.0,4.0,313166974.4600015,902365.7499999081,22368.02000000467,1166981.5299997972,52649.92999998911,101071681.05995336
422.0,343.0,333.0,2.0,436657903.95000976,900307.7899997783,34157.10000000881,2341429.5500005432,86886.56999999832,140623729.32996055
450.0,366.0,183.0,101.0,464149704.9600508,1834576.439999662,34705.83000001071,2334637.3800005843,82673.05999999889,149396512.34995982
494.0,402.0,201.0,3.0,487547198.9200094,947657.899999754,33414.15000001027,2621718.4000000353,94456.87999999295,157016420.349934
309.0,344.0,106.0,341.0,509489109.89026,5045768.900000617,48165.60999999922,2299652.780000174,78749.94000001767,163664592.35994926
221.0,383.0,117.0,379.0,534557258.4602352,5072765.980001318,51236.81000000199,2574423.750000074,87836.30000002068,171653472.87993917
390.0,146.0,133.0,431.0,379384370.15017796,6103098.120000942,43482.29999999886,1054743.6799991045,40957.12999999273,121794844.34994762
240.0,267.0,328.0,265.0,394132467.2400998,3730299.109999646,43570.43000000616,1749351.2500001148,67581.78999998045,126647385.15995876
339.0,377.0,116.0,268.0,525545119.35021514,4379252.879999918,47296.69000000293,2547839.3800004916,87866.520000026,168873113.44994977
311.0,117.0,425.0,247.0,286248479.79001844,3763726.999999353,38092.8800000048,855379.5499996166,41989.319999995634,92012151.52996095
180.0,313.0,384.0,223.0,426894590.99010897,3473667.709999991,46078.41000000389,2100273.2000003546,78852.01000001222,137171523.06996322
328.0,192.0,175.0,405.0,394294437.4301927,5495847.570000544,44316.58000000103,1345884.1399995403,50766.51999998596,126589168.05995476
203.0,118.0,431.0,348.0,274348209.5599886,3992080.689999156,40486.19000000403,817830.2599996653,41098.49999999631,88112596.19995537
222.0,130.0,473.0,275.0,282345466.1700037,4071822.1399989375,41566.060000003155,888695.5099994655,45582.7799999858,90698528.51995671
353.0,183.0,384.0,180.0,333316636.8500707,3118642.7599995695,37797.550000006275,1312280.7799997965,56348.83999998117,107201092.15996008
86.0,248.0,521.0,245.0,350404383.95007163,3867898.3199994564,48173.43999999977,1592500.589999715,65733.34999997524,112501924.67996071
349.0,192.0,380.0,179.0,329976175.5100366,2451566.989999861,34777.450000008284,1346870.2400000321,57522.68999998103,106186816.509959
508.0,263.0,69.0,260.0,436650837.410123,3616924.5499998596,36002.230000011645,1793164.9800003,63454.87999998499,140423642.04995462
318.0,165.0,347.0,270.0,334739429.2500735,4035768.3599993796,40288.92000000377,1186076.8799996607,50512.42999998827,107574491.91995709
433.0,239.0,59.0,369.0,455520698.6801701,5011352.910000447,41826.380000004654,1748369.6000001403,60147.519999985125,146366042.16994536
117.0,339.0,88.0,556.0,506344725.52028877,6833514.820002622,55987.52999999144,2154962.9299997725,71329.66000000578,162384676.47997028
74.0,227.0,449.0,350.0,364384503.3300953,4427612.639999754,49078.339999999866,1605611.019999755,64520.28999997627,116934819.8899606
143.0,440.0,108.0,409.0,589600231.1403031,5885677.260001979,58077.05999999897,2982404.4899995276,98267.10000001956,189230795.2699228
115.0,353.0,87.0,545.0,525563956.2203892,7240916.820002982,58906.30999998689,2286218.2600000463,77579.67000001926,168530180.38995963
154.0,381.0,186.0,379.0,538423773.2902689,5421834.900001605,55627.48999999661,2686886.4400000204,93584.71000004116,172822763.56995517
239.0,347.0,169.0,345.0,514783325.6302258,4991277.32000076,50846.36000000387,2467699.6499999673,84010.12000001194,165298523.29995424
152.0,389.0,184.0,375.0,490208520.39022446,5250000.510000964,52637.32999999941,2326947.639999833,80569.61000001282,157322894.54998043
146.0,361.0,234.0,359.0,499217627.9802124,5192104.3900008565,53213.53999999884,2400873.300000026,83721.38000002949,160234506.93998414
206.0,510.0,249.0,135.0,585809482.2901067,2394099.469999808,48498.06000001187,3480808.1499988213,117725.14000002686,188293010.77996317
189.0,483.0,303.0,125.0,556581832.5200905,2464666.7299998826,48750.340000010576,3259724.379999247,114122.27000002639,178908611.4599479
291.0,423.0,274.0,112.0,529581555.8100915,2242094.50999965,43563.81000001001,2946098.969999843,102111.6400000213,170317954.46995908
306.0,459.0,217.0,118.0,559346648.7400944,2219131.2299996377,43847.85000001095,3136650.679999284,105892.0300000179,179883372.699947
225.0,337.0,212.0,326.0,487318357.69019645,4310432.359999837,48022.94000000478,2370148.7100001634,84157.86000000974,156535529.63996717
288.0,431.0,270.0,111.0,527491271.88008046,2447691.709999793,44863.33000001143,2910970.2299995176,103252.64000002047,169632034.14996788
190.0,243.0,67.0,600.0,457795003.5703194,7500047.7600026345,53545.639999988685,1607855.5299994112,55027.76999998209,146772321.38995862
328.0,206.0,57.0,509.0,411385995.4902249,6549239.670001515,46180.63999999734,1282212.1999993084,45777.65999998529,132002713.85994829
161.0,375.0,57.0,507.0,559486133.1303707,6943187.090002742,58214.189999989314,2510114.0900001246,83084.06000003206,179496704.52993828
173.0,220.0,161.0,546.0,458539340.10029984,7375605.500002801,56972.179999988664,1749504.3299995055,63617.11999997291,147015689.83996832
184.0,235.0,65.0,616.0,449875914.560331,8182230.530003398,56529.36999998523,1483825.349999232,51493.919999983904,144180026.77996165
144.0,338.0,135.0,483.0,502344068.5703018,6170835.220001664,54431.3999999917,2228347.9199998067,75824.2300000078,161162932.4199641
295.0,185.0,135.0,485.0,388023414.0501751,6300372.570000964,46588.829999997644,1184219.3399993079,45156.21999998811,124500958.77994765
277.0,319.0,48.0,456.0,522102129.3402715,6251689.860001871,51810.37999999757,2197383.6000002874,73695.47999999185,167602407.5899301
265.0,304.0,121.0,410.0,505508888.5702261,5751716.890001624,51807.49000000134,2248459.990000064,76701.75000000332,162273801.07995868
258.0,297.0,119.0,426.0,490523257.0002229,5064118.240000911,48264.27000000133,2218367.4000002695,75181.7000000106,157506291.79995224
333.0,364.0,259.0,144.0,489253760.2900685,2367957.7599998526,41401.89000000983,2600726.469999983,91813.50000000448,157340954.51996773
21.0,513.0,364.0,202.0,576954729.5801505,3131309.200000599,56166.05000000986,3515713.1499993433,121932.1500000589,185300130.38997868
466.0,70.0,363.0,201.0,241593354.13998735,3232563.4799994235,31341.43000000794,472476.0599999288,31032.80000000918,77785186.97996633
314.0,344.0,307.0,135.0,456762673.0500523,2162110.2599997423,40905.9300000075,2411768.600000453,87060.31000000035,146910923.73994958
326.0,357.0,254.0,163.0,472717286.41010475,2947391.2599997795,43285.710000007784,2412442.1700003524,86920.46000001673,151998676.87996826
419.0,63.0,409.0,209.0,232207049.35998988,2782666.9899997604,31486.22000000634,536995.0699998838,34520.04000000924,74767075.88997722
19.0,461.0,411.0,209.0,536382605.43013066,3412597.6800005822,55953.750000006614,3156856.109999357,113984.55000004942,172256971.73999217
33.0,112.0,582.0,373.0,244035816.06998295,4397378.709999141,46364.709999997605,739169.5799998201,42553.949999999415,78255065.00994556
31.0,103.0,670.0,296.0,236266852.93998328,4275806.599999075,46077.289999997076,724065.6299998725,42741.53999999287,75770602.97995378
29.0,99.0,644.0,328.0,217532962.0999852,4053738.699998966,44497.46999999699,602157.8999999916,37860.46000000493,69758154.57995322
371.0,62.0,248.0,419.0,276913532.9099972,5091359.4699996235,37437.78000000512,457333.77999998856,26864.30000000407,88942308.22995947
242.0,72.0,292.0,494.0,292820102.91002303,6398071.19000103,45766.67999999496,534974.0400001239,29821.450000002413,93899909.30995303
313.0,223.0,210.0,354.0,402561423.6401377,4926438.1400000015,44408.92000000272,1521845.5999997528,58754.14999998146,129309222.02994983
337.0,56.0,326.0,381.0,265519767.95998117,4965776.00999938,39020.45000000463,463890.6800000096,29238.870000007108,85285637.64995012
527.0,87.0,352.0,134.0,257505251.74999133,2270845.689999979,27240.670000005866,648615.6299996824,36769.55000000234,83017712.05997343
375.0,267.0,363.0,95.0,368522335.4100468,2051548.3599998846,35591.540000008376,1723121.1300003629,67824.85999998297,118597020.98995937
314.0,94.0,548.0,144.0,234851567.47998956,2374922.099999917,33565.86000000643,724766.2399997358,41915.39000000115,75614941.31996575
279.0,357.0,336.0,128.0,424796238.0300557,2047531.519999788,39999.0100000094,2200227.9400006216,82869.540000008,136646430.4699585
181.0,233.0,316.0,370.0,396574598.0401315,4987102.560000207,48431.37000000064,1639091.899999705,61996.00999997639,127289984.8099656
245.0,315.0,428.0,112.0,376131308.58005863,1964441.4499997483,40270.82000000707,1928426.0700005519,78121.22000000575,120997149.16996235
9.0,424.0,610.0,57.0,440600468.92003113,1496177.1699995932,48623.52000000855,2771131.139999653,104688.54000003748,141619186.86997855
376.0,281.0,405.0,38.0,365301900.0200075,1111875.2899997858,33174.050000007264,1841227.4700007597,72772.8799999907,117642873.11996347
8.0,529.0,515.0,48.0,534929436.9400193,1309723.0099994696,50852.63000001303,3499442.389998955,123634.990000034,171930382.98999524
8.0,385.0,655.0,52.0,393576962.2700267,1322850.3099996166,47144.820000010186,2470739.859999985,98296.66000004525,126525510.62997875
7.0,311.0,448.0,334.0,443120702.69017726,4743280.100000555,55195.259999997426,2217183.2899998594,82694.21000002207,142189806.249978
6.0,380.0,437.0,277.0,498938109.81018955,3903487.189999925,55167.37000000057,2787737.0299999854,101217.94000005501,160172698.28999156
288.0,215.0,366.0,231.0,352789949.4100779,3539222.1499996018,40420.370000005154,1418344.239999938,58232.50999997834,113411170.06995209
276.0,305.0,297.0,222.0,436090244.94010496,3541470.859999982,43791.02000000665,2079968.1700003482,76557.56000000365,140152287.0299665
317.0,349.0,402.0,32.0,425762131.0600158,1211247.2599995905,38154.570000009866,2355197.130000526,91530.1700000097,137046842.02997178
264.0,290.0,334.0,212.0,428174361.72007495,3185601.5000000354,42901.34000000776,2056588.200000473,77662.00000000722,137652606.64995852
9.0,447.0,78.0,566.0,626520683.490482,7937405.820004453,68512.70999997827,3088892.9400003236,102094.38000006061,200879048.60992622
272.0,339.0,60.0,429.0,521460665.0903233,6005268.760001789,52523.40999999787,2336692.2400000594,80340.34000001973,167379526.47994772
13.0,216.0,106.0,765.0,455222505.48044217,9652479.159999648,64429.63999996961,1455188.9699988235,49861.7699999796,145697735.98996148
9.0,429.0,119.0,543.0,588729305.0203704,6975381.320003411,63329.85999998754,2907620.860000518,94604.28000005336,188778735.77996284
9.0,438.0,77.0,576.0,613365445.780402,7258212.060004003,65037.42999998766,3057750.740000495,98000.46000005325,196681780.4899395
12.0,200.0,155.0,733.0,447359992.4004008,9670011.9299991,65046.76999997108,1411381.5199990238,50602.46999997809,143185231.56995672
260.0,324.0,90.0,426.0,506872932.8702329,5936755.400001467,51568.510000000046,2199126.339999751,74873.07999999111,162707939.17995143
333.0,149.0,73.0,545.0,392234972.38022715,6794263.810001884,46893.64999999415,1117814.0299992112,43588.989999986115,125842871.31995447
326.0,146.0,113.0,515.0,396086977.22019124,6530687.3800014,46391.72999999799,1165147.2399993858,44889.609999987115,127104445.36994605
321.0,143.0,111.0,525.0,394286417.7302224,6536128.810001337,45970.56999999581,1136913.6199992239,43417.14999998837,126529952.9099423
276.0,498.0,311.0,15.0,537821564.5800067,968633.7699996526,42140.60000001283,3243977.629999127,115352.86000001346,173054519.15996134
390.0,429.0,268.0,13.0,506907754.5900162,1038915.2799997439,37231.630000011835,2878949.40999951,101983.0200000027,163168503.07996225
318.0,406.0,358.0,18.0,470767723.8900218,1082982.5599996974,39000.73000001064,2690999.169999938,97564.63000000817,151505048.65998286
270.0,487.0,328.0,15.0,531499412.31001127,962968.5999996962,41556.38000001173,3193296.57999892,112862.95000002306,171016570.2599834
273.0,493.0,308.0,26.0,548262496.2400078,1105274.3999994816,43097.800000013754,3333729.7599987164,117409.40000001011,176380667.899962
307.0,392.0,372.0,29.0,471670769.1200126,1165492.7499996386,39247.88000001033,2696261.3199997507,97143.5200000134,151776323.0799807
380.0,417.0,281.0,22.0,512491640.4200153,1086698.869999605,38747.74000001309,2951297.4099991973,105153.65000000122,164943819.26995873
436.0,339.0,300.0,25.0,424022432.1500216,1155540.3499997866,34042.93000000972,2239051.610000945,84032.90000000325,136531172.79996473
431.0,336.0,318.0,15.0,413024519.84001136,968971.3099998396,31856.950000007346,2111685.5900010625,77003.41999999121,133026339.93995674
427.0,332.0,316.0,25.0,431487603.4900145,1110833.9099997794,33367.66000000909,2208212.640001014,82584.88999999198,138973918.3999489
412.0,91.0,175.0,422.0,320802430.79007715,5882274.660000705,40675.02000000235,664488.9999997324,31544.430000000735,102998655.42995423
347.0,99.0,192.0,462.0,334580308.4501169,6128778.870000896,42961.17999999891,756033.1199995365,35147.84999999489,107400010.7999515
302.0,359.0,129.0,310.0,526184066.8501748,4538355.530000312,47823.19000000656,2534108.909999874,85484.6800000039,169025595.16994935
403.0,89.0,195.0,413.0,309212245.780072,5697822.230000357,40128.520000001736,632782.909999765,30328.38000000146,99272615.4899515
539.0,119.0,230.0,212.0,314936559.76004237,3435440.309999302,31127.20000000972,837868.6699994535,39663.76999999431,101406661.26994774
359.0,426.0,174.0,141.0,543495287.5400968,2434053.569999993,42072.5400000122,2935221.0099994796,99898.87000001186,174795483.46995765
454.0,130.0,285.0,231.0,306236538.54002064,3510170.2199995033,34438.880000008794,893502.8599995475,42316.509999991766,98534672.70995155
305.0,470.0,169.0,156.0,580589125.8001275,2751912.1999999722,46314.15000001044,3235600.909999565,109809.66000001537,186673046.1899282
245.0,376.0,153.0,326.0,537119899.1702935,5206152.120001004,52144.49999999687,2573212.6900004707,89191.6300000385,172493182.26994616
299.0,460.0,188.0,153.0,561447609.8500915,2451688.9199998635,44561.08000001023,3111559.469999425,104485.65000002075,180529295.9599584
140.0,362.0,447.0,151.0,441710936.0400964,2934224.8300001677,47422.060000007856,2358685.7199999685,87187.20000001526,141944626.29996845
50.0,396.0,489.0,165.0,461557512.82008684,2819193.310000178,50698.53000000831,2658267.22999966,97719.83000002781,148257954.37998053
162.0,250.0,514.0,174.0,326498800.8700369,2939306.4699997623,42673.4200000042,1469614.6499998798,62073.04999997235,104932070.45995285
138.0,354.0,460.0,148.0,420891019.54006237,2526599.3400000464,45059.520000008706,2271420.1800001347,86127.01000002057,135279330.85997218
112.0,288.0,355.0,345.0,426254368.13017863,4700517.41000015,50413.58999999788,1958170.1599998176,72945.88000000514,136825349.03996733
123.0,189.0,410.0,378.0,325172717.87007487,4780994.679999791,46186.08999999844,1147069.0599994822,50013.61999998353,104349668.27995919
39.0,304.0,394.0,363.0,386820875.5701335,4870519.720000366,51433.32999999739,1707486.7199996903,66065.43999996787,124089109.34996969
44.0,209.0,430.0,417.0,363219052.5301564,5375165.680000541,52232.04999999371,1476721.399999363,61103.5699999719,116472447.94996032
57.0,270.0,585.0,188.0,352827138.0000555,2583018.4499998395,45936.21000000232,1849170.4399999995,75493.83000000367,113352263.13996041
43.0,204.0,444.0,409.0,341592503.02012277,5412987.5800005235,51503.96999999281,1300460.6299994064,54982.5599999745,109519373.36995856
276.0,30.0,503.0,291.0,203054208.549985,3791330.229998961,36422.27000000581,265153.52000000054,27870.770000011617,65271914.069969706
171.0,34.0,567.0,328.0,206425086.6199792,4307805.7099987315,41065.43000000024,332991.70000007114,29193.150000014983,66234138.90995766
279.0,18.0,509.0,294.0,197517124.85998327,4274907.989998649,37787.51000000326,196712.1699999994,24014.230000004936,63441409.979969546
320.0,35.0,409.0,336.0,229898583.32998267,4149730.4799987613,34994.47000000643,300769.5799999797,25570.290000005167,73891361.18996513
273.0,30.0,496.0,301.0,204010606.65998477,3976225.779998908,36943.51000000495,248298.81000000224,26242.86000001025,65556813.99996643
319.0,20.0,409.0,352.0,222152727.7399825,4474466.799998891,36858.15000000381,228241.39999997788,24224.660000007687,71378719.22996819
198.0,40.0,463.0,399.0,230630615.9299774,5157993.889999638,42715.36999999836,336362.94000007014,27841.330000008864,73990580.1199616
170.0,20.0,567.0,343.0,198814660.85998064,4633067.789999064,41662.859999999426,244424.09000003617,26652.350000008748,63785492.54996219
204.0,24.0,479.0,393.0,215469117.40997958,4999440.90999938,41425.450000000215,261004.86000002048,24696.030000006213,69095523.979963
201.0,23.0,471.0,405.0,226434536.3299751,5607279.709999845,43516.670000000595,203021.2800000107,23965.750000004256,72609993.26995775
385.0,236.0,86.0,393.0,436347171.98017687,5212309.920000318,42374.880000004596,1609701.0599999812,56589.609999983695,140169378.92994615
332.0,253.0,93.0,422.0,434780867.4202053,5339386.530000506,44186.23000000258,1654425.870000158,59052.609999980945,139626079.1299511
387.0,230.0,87.0,396.0,436079635.2801971,5827838.250000993,44981.26000000002,1527898.0599996431,54689.70999998545,140049955.57995123
293.0,180.0,328.0,299.0,342025035.8700615,4454209.059999367,41769.20000000424,1180454.8299995195,50089.15999999006,109873690.20995337
382.0,234.0,86.0,398.0,462735187.05034477,6274227.950002132,49880.48999999099,1770691.3000006857,69691.86999999026,148634936.14988217
293.0,174.0,328.0,305.0,334905464.4500625,3775191.709999356,39272.990000007056,1230111.8699996888,52262.84999998555,107620620.82996206
247.0,188.0,344.0,321.0,344699563.110098,4415739.649999276,42839.010000002,1229331.8699995265,51541.549999985415,110729597.10995486
331.0,245.0,93.0,431.0,427690071.1801844,5222844.990000631,43889.31000000203,1645604.899999976,58948.109999982305,137347417.0299586
250.0,184.0,348.0,318.0,348937747.6001111,4475162.919999271,43617.330000000584,1281215.6799996356,53187.02999998356,112068348.5199524
248.0,183.0,346.0,323.0,350196996.7701212,4829617.599999709,44693.27999999972,1243373.6099993936,52960.289999982844,112455191.77995834
344.0,158.0,515.0,83.0,271463176.2399971,1430890.399999916,31239.520000004908,1083669.9699997786,51937.60999998446,87466801.94995616
449.0,136.0,443.0,72.0,281018680.57,1620594.4199998972,29608.74000000512,1030655.969999556,50083.62999999479,90575544.84996617
278.0,339.0,416.0,67.0,393835833.2000435,1626472.5599997547,38911.34000000869,2082876.8200006555,81086.14000000335,126723998.03996615
528.0,243.0,201.0,128.0,407928869.89005363,2372716.589999895,32407.320000010022,1768062.8100006795,67593.37999998407,131336128.65995574
274.0,126.0,409.0,291.0,291754674.2900184,3867282.169999104,38957.41000000441,899121.279999511,43601.529999992315,93763411.88995646
300.0,367.0,114.0,319.0,521500713.24021274,4584867.130000012,47741.39000000504,2501867.0700000557,84123.58000001342,167521148.0699592
488.0,148.0,122.0,342.0,363965718.34009916,4502113.059999074,35946.20000001034,1045590.4599991338,42114.49999999225,117023761.46993984
315.0,254.0,311.0,220.0,403877902.2001082,3428592.9499996947,42253.670000005586,1824343.3600002532,69403.63999999364,129824363.98995669
496.0,400.0,125.0,79.0,513112083.9200632,1872587.3099996075,36068.43000001171,2658788.3500002157,94194.73000000135,165166759.89992714
399.0,322.0,100.0,279.0,486981658.73016095,3930843.549999806,42081.42000001003,2257857.120000491,78545.99000000345,156517887.9999584
73.0,430.0,243.0,354.0,565488979.1502631,4735695.080000433,56785.57999999825,3067452.340000227,105483.60000006201,181525638.539984
215.0,370.0,210.0,305.0,502618593.5702092,4500402.600000135,49965.12000000317,2477813.1999999043,86488.12000001679,161423970.17996255
97.0,200.0,327.0,476.0,382833773.2401967,6310945.400001509,54331.53999999136,1433376.5499994035,57089.0599999776,122736846.68995573
63.0,376.0,351.0,310.0,501329028.5402253,4556062.02000037,54990.87000000009,2636199.799999867,94008.10000003311,160918139.14997548
95.0,563.0,319.0,123.0,632257397.9200821,2067568.1599993734,52973.760000011425,3986897.8299987717,134954.45000003057,203201656.9899823
111.0,228.0,617.0,144.0,325869955.91003203,2518954.9399999166,43579.840000004144,1607124.9499998973,68436.46999997839,104732191.09995499
234.0,402.0,376.0,88.0,458630988.56007266,1884865.5199996633,43560.80000000894,2594063.1400000253,96215.28000003542,147503546.79997972
373.0,223.0,364.0,140.0,346059252.3600289,2322549.739999966,34919.48000000848,1469213.9400002612,61557.049999984934,111391179.04995877
238.0,142.0,383.0,337.0,315487747.0300608,4960695.489999834,44207.69999999903,975290.4099994417,45200.379999989214,101273878.00995995
307.0,183.0,495.0,115.0,297894019.0400038,2229560.139999819,36146.81000000758,1239730.4499999273,58195.71999997695,95878900.9299544
95.0,111.0,428.0,466.0,291116496.6000288,5602459.050000511,48295.639999994964,807260.2099996746,40965.83999999475,93335191.44995527
298.0,89.0,341.0,372.0,275881618.34000033,4575253.189999294,38802.25000000345,610819.6099998351,34089.90000000331,88626630.2299637
86.0,203.0,388.0,423.0,374824406.01010585,5582411.100000849,51569.99999999994,1484574.4199996348,59309.73999997761,120213643.87996651
118.0,139.0,259.0,584.0,360023849.870167,6920674.930001631,51407.04999998797,1040985.5299992879,41660.31999999033,115369875.1599529
120.0,141.0,542.0,297.0,279856520.9799936,4023851.73999934,44545.90000000205,983590.9399996127,48502.419999987695,89844900.70995535
137.0,323.0,300.0,340.0,473495541.2401921,4875073.440000447,52659.45000000013,2277699.2699997164,82924.77000001074,152005800.19996473
443.0,132.0,246.0,279.0,307593086.15003085,3837116.899999354,34889.25000001044,863059.1699994963,40919.879999994686,98935152.17996696
326.0,195.0,374.0,205.0,344152477.7800747,3457945.2299995827,39378.09000000605,1335996.7399999225,56832.629999977515,110652730.80995187
323.0,193.0,180.0,404.0,379562030.89017075,5299602.500000053,43606.34999999885,1269211.1199995915,48665.31999998258,121886388.03994998
395.0,236.0,220.0,249.0,406238339.8800943,3565981.679999737,38926.53000000691,1694302.0900002343,64297.58999998203,130620586.60994977
336.0,353.0,186.0,225.0,486805806.0001372,3493873.0700001656,44174.250000007756,2390901.8900002725,85153.6600000061,156477725.7299523
162.0,433.0,229.0,276.0,530698016.3301638,3913478.660000474,51731.83000000626,2845113.9699996333,99578.39000003433,170463272.0799583
305.0,422.0,169.0,204.0,517459434.470125,3183351.680000087,43705.0200000081,2668245.580000052,89249.810000006,166342973.92995518
272.0,284.0,362.0,182.0,387945770.58005226,2931557.4400002197,40750.730000008,1794058.8600003163,69748.29999998175,124744464.95996368
274.0,287.0,152.0,387.0,453074993.66020346,5269773.380000799,47544.699999998724,1879254.6499999743,67406.76999998542,145486890.56996602
214.0,296.0,286.0,304.0,443307212.05016285,4177639.0299994433,47390.15000000179,2094198.5500000657,77526.54000001213,142394738.32997808
103.0,275.0,350.0,372.0,406182072.1001809,4787167.280000229,50192.78999999638,1819062.3399996879,68442.74999998603,130357213.65997164
115.0,406.0,163.0,416.0,554897971.0603215,5931627.580002081,57962.969999991714,2749384.370000475,91970.050000047,178055179.53996387
114.0,402.0,389.0,195.0,500551676.57014006,3204845.9700002572,50155.86000000773,2768674.889999863,98929.55000002227,160826912.06998098
95.0,336.0,325.0,344.0,482780142.4202118,5036516.090000904,55022.89000000057,2402025.310000016,87680.1200000319,154943016.71998706
375.0,190.0,252.0,283.0,375375064.0601205,4046714.5099991933,40045.59000000439,1391781.7199998419,56526.49999998197,120682993.36995187
13.0,285.0,377.0,425.0,442264047.2802135,5872056.390001659,58037.949999992445,2042675.1499994858,77797.06000002765,141830696.66997883
346.0,260.0,232.0,262.0,432388598.40013796,3802958.00999958,42122.510000006616,1880283.3500003547,70784.46999998642,139000031.33995372
449.0,227.0,85.0,339.0,425070600.1401883,4864559.489999823,40822.83000000585,1565920.539999957,56805.409999984055,136593952.60995382
372.0,189.0,250.0,289.0,369918144.44009864,4066028.1799993403,38316.97000000631,1315124.1799998658,53167.24999998827,118938668.86995678
405.0,304.0,76.0,315.0,470949436.4201988,4969086.410000384,43967.880000006,1943832.8800002753,68070.57999998667,151319065.29995126
17.0,373.0,139.0,571.0,539852408.9403332,7687521.820003749,63235.87999998716,2419324.559999865,80087.99000001485,173032678.29995468
12.0,372.0,332.0,384.0,489022992.40026915,5556627.370001424,58249.95999999379,2440565.700000035,86941.21000003666,156873918.7199788
15.0,481.0,121.0,483.0,609755374.5303267,6373918.88000261,63166.89999999341,3174975.6800002046,104658.22000005833,195593452.9699687
15.0,475.0,119.0,491.0,633611513.880383,6661484.780003327,65356.29999999238,3326909.9000003515,108332.45000006605,203247937.22993827
276.0,606.0,84.0,134.0,671988593.8301095,2498843.23999995,49613.370000013216,3997741.469998387,130162.81000000975,216027710.93989035
310.0,581.0,81.0,128.0,682485623.5401065,2398869.309999822,49073.39000001401,4069670.0199978584,134389.32000000193,219437195.97986862
486.0,231.0,148.0,235.0,395136795.920093,3579852.639999729,34965.690000010174,1486774.7700002776,55835.94999998706,127114440.299948
212.0,464.0,322.0,102.0,526234909.1100783,1960258.3199995623,45377.0400000115,3069741.659999312,106049.18000002191,169202286.37997955
273.0,600.0,83.0,144.0,669921435.900131,2764843.499999918,49787.60000001512,3930815.979998225,127488.84000001088,215350075.05989817
312.0,148.0,475.0,165.0,296728669.6300075,2654348.7199998675,36366.82000000729,1125275.8499996462,52167.969999989306,95476002.8599608
238.0,446.0,309.0,107.0,538744044.3600993,2223876.6099998034,46697.85000001362,3139812.6599993594,112123.03000002474,173224431.48995623
520.0,211.0,135.0,234.0,411593296.5801041,3556548.3099996694,35329.17000000993,1589922.250000257,58589.22999998562,132410976.97994584
353.0,143.0,458.0,146.0,253687458.64999056,2261947.470000015,32157.400000006823,817027.5099996148,43120.58999999668,81695205.19996862
349.0,141.0,453.0,157.0,266434588.25998905,2515555.5199999646,33333.54000000737,877289.8699996287,44920.54999999253,85762788.25995949
344.0,380.0,279.0,97.0,467233179.990074,1956794.2099996873,39764.810000011705,2506198.6800003224,91887.06999999979,150325874.13994515
526.0,288.0,212.0,74.0,413351679.84004396,1788810.5999997433,31692.14000000979,1915591.0400009174,71880.10999999299,133118441.01995869
350.0,367.0,284.0,99.0,462973384.00005174,1971268.3699996164,39413.610000010005,2450465.920000393,89190.84000000184,148948527.24995014
431.0,475.0,72.0,122.0,582481976.2900844,2326468.469999976,41271.47000001368,3161221.4799990538,107880.84000000643,187395313.7399085
229.0,252.0,185.0,434.0,412032861.7802195,5860646.710001061,48458.61999999604,1528972.4399995513,56744.619999978364,132220900.51995786
267.0,280.0,45.0,508.0,490782283.5002917,6564621.970002082,51225.52999999713,1950440.3899998546,65974.47999997907,157474619.41993645
428.0,234.0,35.0,403.0,441718107.4001881,5350861.320000715,42033.100000004415,1604022.0400001132,55977.649999982015,141885900.05994314
384.0,200.0,154.0,362.0,396429418.2801271,4777248.889999953,40482.88000000596,1417057.5499997558,52970.32999998737,127352292.68995614
631.0,328.0,52.0,89.0,479003221.02006036,1949004.0899996879,30942.560000010562,2246394.230000962,77810.02999999333,154242300.9099249
432.0,225.0,36.0,407.0,423907518.89018697,5464290.610000636,41518.57000000328,1481933.7099997287,51029.75999998721,136116607.14995632
298.0,311.0,276.0,215.0,462541016.80014,3294018.939999615,44083.77000000551,2287057.66000034,83798.59000001555,148692428.03996894
69.0,399.0,356.0,276.0,525108925.7401954,4223976.440000253,55294.69000000256,2864281.1900000568,102230.34000004859,168609341.47999084
300.0,306.0,278.0,216.0,424522236.8100967,3089600.22000012,40594.690000006965,1978670.270000635,73947.54999999341,136501014.35995945
320.0,333.0,216.0,231.0,467145856.29015076,3581959.4399997685,43623.2100000064,2226528.600000359,79877.55000000203,150161936.34995568
355.0,369.0,328.0,48.0,425083269.17003137,1369148.6799997417,36646.70000000879,2280209.4000007566,85575.76000001053,136813715.1999673
389.0,397.0,262.0,52.0,490632683.9500302,1480978.3899996213,37850.1800000111,2707861.3799999654,96341.27000000817,157891089.27996865
97.0,564.0,366.0,73.0,604880258.3400594,1783091.4299993326,51884.800000013514,3863567.7399986405,133118.22000003004,194424729.16000044
88.0,496.0,451.0,65.0,538829834.2500494,1555826.0199995155,49510.830000012895,3405149.0299991015,120578.09000005391,173209235.3000104
76.0,433.0,286.0,305.0,544854337.8402185,4429512.640000106,56001.239999999976,2977153.5199998436,102917.18000004267,174930069.7499704
98.0,558.0,370.0,74.0,588940084.1400636,1726355.0599994247,51248.750000012435,3728800.2199988523,129481.58000004954,189315271.92998815
612.0,112.0,11.0,365.0,352953108.60010934,5038516.3999997685,32922.2300000138,768641.089999395,32094.309999994446,113530842.54993436
512.0,135.0,14.0,439.0,381095688.4501739,6238003.010001338,40368.67000000393,950948.699999234,37117.199999990735,122393227.87995909
416.0,428.0,8.0,248.0,571239168.0301654,3617843.4600003366,43241.92000000799,2866900.449999857,95444.35000001032,183663029.20989585
476.0,87.0,253.0,284.0,297078867.4900167,4128479.7899990217,34252.76000000943,688043.7599996383,34414.53000000121,95559269.74996056
600.0,110.0,11.0,379.0,360123444.25012356,5157765.139999751,33848.38000001256,833433.1199993544,32393.529999995073,115772476.62994194
345.0,354.0,183.0,218.0,480364689.5401185,3118740.5299999197,41666.7800000083,2368440.2300005285,83923.14000000774,154444584.46995887
375.0,99.0,286.0,340.0,309223304.83003145,4680044.4799994035,39429.570000007145,846411.6899995346,39701.85999999507,99327991.95995118
323.0,476.0,9.0,292.0,643045038.3702519,4430016.28000059,51787.11000000409,3402861.979999282,111252.15000002943,206625079.87986416
269.0,396.0,205.0,230.0,495097104.87009627,3166665.2800003258,44232.640000008076,2564295.8799999766,89636.47000001678,159126590.91997403
265.0,392.0,203.0,240.0,493597161.76015383,3796055.859999932,46251.300000005744,2448352.070000067,84787.66000001125,158600921.0999472
39.0,328.0,277.0,456.0,456563371.63023776,5793948.200001108,55426.46999999485,2080188.699999493,75230.28999999526,146430232.05997363
346.0,233.0,197.0,324.0,399173199.76016366,4679283.439999649,41998.13000000474,1514173.9999998452,57906.69999998429,128243165.98995882
52.0,63.0,372.0,613.0,292513819.6600372,7695913.500002356,53805.34999998441,531996.0900002044,28413.46999999995,93573115.9299558
34.0,286.0,381.0,399.0,438558916.54018414,5081967.530000405,53926.30999999676,2082975.7399996251,75632.51999999827,140688265.32997164
38.0,325.0,275.0,462.0,452487148.7202704,6508608.110002201,56919.059999989964,1937375.1199993796,69831.91999998683,145060154.51998076
43.0,53.0,485.0,519.0,245826923.73997596,6397947.320000993,50086.599999991355,409366.76000017195,29628.25000000541,78683090.91995306
312.0,210.0,279.0,299.0,392807693.3501217,4267579.939999493,42301.84000000323,1571530.5599997763,60059.25999998289,126202771.88996139
419.0,41.0,238.0,402.0,259818388.9799793,5026092.419999517,36281.44000000772,334922.76999999356,23527.969999997953,83463563.85996711
376.0,36.0,336.0,352.0,248425878.00998077,4897228.569999324,36161.92000000733,290817.0799999538,22661.150000001948,79803146.60995951
373.0,36.0,334.0,357.0,245717032.1199806,4709600.509999241,36446.27000000582,343725.10000001127,24964.4800000034,78933029.59997232
145.0,104.0,590.0,261.0,241474261.23998573,3634786.0199994296,41123.930000003784,724998.8499998662,42730.28999999772,77548659.9699558
161.0,102.0,580.0,257.0,240150257.19998318,3412597.0299992785,39690.50000000183,725993.7999998035,41003.920000000064,77162540.71995562
72.0,607.0,292.0,129.0,661512810.3300866,2205122.199999573,56247.81000001615,4263654.469998478,145444.3900000055,212573976.61996153
119.0,85.0,681.0,215.0,207654396.47998893,2835475.3199997055,39982.82000000259,668892.0699998724,43621.81999999613,66727679.96995819
122.0,87.0,498.0,393.0,503427634.4815402,16953809.5799669,105348.39999978301,1108981.7799960016,85828.34000021148,161282965.7899507
60.0,507.0,341.0,192.0,564670172.5201278,3029359.890000223,53848.24000000829,3365884.5799996,116595.55000004455,181390956.59998408
116.0,73.0,583.0,328.0,225530588.65997878,4412690.039998966,43408.810000001395,513803.92000010895,35276.150000012516,72348617.02995583
74.0,552.0,265.0,209.0,626215626.0901617,3362184.370000604,56746.2400000098,3789643.769999266,127237.79000003236,201140953.27994812
73.0,544.0,367.0,116.0,580798342.1501156,2452496.2600002266,53173.26000001086,3581798.0799990473,124447.90000004198,186632952.83998907
67.0,503.0,339.0,191.0,551741201.8201634,3225635.1200002804,53982.13000000497,3231290.119999607,112601.04000004518,177234855.91996884
239.0,227.0,363.0,271.0,350596100.770053,3775401.4999994454,42047.350000007515,1411154.959999788,56871.03999998194,112642175.49995404
243.0,226.0,361.0,270.0,365504003.43008965,3834379.4299997236,43073.27000000455,1511980.0699999207,62427.44999997907,117444083.28996421
258.0,157.0,392.0,293.0,310475017.99002075,3809697.279999617,39948.69000000555,1056581.5499995183,48601.009999992726,99768168.509956
341.0,324.0,48.0,387.0,499329480.9002279,5438323.55000123,46893.68000000092,2112352.800000214,70571.4199999938,160352143.7799359
227.0,216.0,345.0,312.0,375727685.7201401,4754130.390000129,47394.47999999971,1522938.6599997375,61787.62999997365,120649152.33995526
352.0,215.0,49.0,484.0,438251660.57020426,5949306.960001211,44699.18000000217,1521556.6599999927,53986.63999998432,140710914.33994463
322.0,300.0,44.0,434.0,500712401.5302597,6139468.900001828,49767.38999999831,2054992.6799999373,68496.50999999227,160742828.47994602
248.0,148.0,370.0,334.0,314472201.78006667,4536778.349999356,42256.050000002775,1009364.7499993739,45063.14999998726,100982634.38995357
387.0,231.0,53.0,429.0,438230717.4401859,5507237.050000623,42831.6200000019,1540985.0000001004,54122.41999998561,140776044.22993574
357.0,213.0,49.0,481.0,452870396.01031685,6710996.120002074,48750.50999999277,1576572.2599997139,54965.269999980344,145328341.47993946
528.0,200.0,103.0,269.0,424347335.1802433,5082552.450001198,41667.809999999656,1469364.2800009921,60112.59999997944,136464167.3499041
532.0,198.0,103.0,267.0,397154268.2400928,3686161.899999529,34174.63000001029,1438218.8200000399,54182.20999998738,127772617.9099496
596.0,83.0,117.0,304.0,316851141.8500657,3891533.3999991934,30159.450000010147,733973.4099995409,34375.49999999737,101983651.75996435
384.0,145.0,376.0,195.0,282678646.8100056,2667799.3899998716,33480.48000000797,948859.799999523,46369.5199999936,90982305.02995366
488.0,185.0,96.0,331.0,388035090.27012706,4680431.419999796,38361.02000000764,1303965.8099998357,50057.80999998795,124722676.56995001
393.0,55.0,385.0,267.0,231693692.09998748,3526245.489999296,32277.950000008255,382185.21999995905,28909.150000008067,74549181.4199732
366.0,136.0,353.0,245.0,293953153.53000736,3564095.339999373,36653.89000000697,915295.2399995237,43663.719999993016,94521418.10995634
551.0,75.0,106.0,368.0,313300910.59005684,4859753.909999551,33112.47000001207,587876.2399997795,28517.25999999839,100747248.30995122
423.0,58.0,407.0,212.0,232438968.46998817,3242520.0799995493,32728.920000007263,446686.97999991913,31318.33000001023,74813072.44997457
397.0,54.0,383.0,266.0,238954802.94998583,3388976.6699994267,32400.65000000809,475238.4699999548,31010.440000008373,76887057.66997163
140.0,326.0,264.0,370.0,457939514.50015897,5067810.240000859,51117.4500000039,2104169.630000016,75357.94999999467,146985112.32997492
144.0,325.0,263.0,368.0,471580830.5602382,5444087.770001013,53029.64999999704,2157021.119999993,77382.10999999783,151348847.92995456
151.0,264.0,285.0,400.0,437223280.13021624,5518535.370000986,51732.74999999581,1878475.4299996835,69759.5899999866,140297398.9699632
159.0,370.0,151.0,420.0,524358439.68025845,5587484.34000155,54336.2999999972,2514596.2300001252,86252.57000001826,168290634.80995607
202.0,471.0,382.0,45.0,493040834.77003103,1298333.9299996186,43923.760000011054,2969709.669999367,106610.80000002804,158578090.55999315
280.0,491.0,266.0,63.0,550003214.0800315,1469441.9899995185,43062.40000001353,3278166.43999882,113797.31000001107,176909356.0099499
251.0,565.0,230.0,54.0,629546104.4900389,1461130.7399994447,46837.720000014735,3902356.429998583,130375.73000001785,202448820.96997616
233.0,393.0,424.0,50.0,452902553.00001,1370788.8399996108,41320.05000000984,2585878.5999998553,94473.2400000136,145705820.53998747
179.0,302.0,163.0,456.0,476370994.9702411,5678418.570001423,51504.73999999445,2073617.2500000598,72570.53999999881,152894286.30996135
288.0,486.0,264.0,62.0,585154736.2400595,1557937.0499994708,45494.08000001496,3529794.5599988806,121363.24000001964,188200846.31997246
208.0,195.0,345.0,352.0,351820810.7201047,4355656.059999371,44352.22000000074,1365318.4899996647,57097.45999998089,112970711.35995932
213.0,194.0,343.0,350.0,370909103.21012145,4830417.6600000225,45868.41999999875,1404913.8499995733,56468.30999998184,119102691.92995052
171.0,356.0,283.0,290.0,489738281.43017524,4166214.4099998004,49864.79000000301,2473990.67000002,88507.16000002262,157310155.08996415
195.0,183.0,392.0,330.0,356087277.4101002,4664570.019999715,45615.64000000259,1354444.4799995795,55718.399999981724,114335303.12995777
217.0,203.0,360.0,320.0,349695265.17006755,4253040.829999584,44410.30000000602,1390966.9399997364,58917.38999998196,112303968.26996087
168.0,348.0,337.0,247.0,467946732.2501624,3875895.3699997384,49259.9700000055,2385778.4299999857,86771.65000002782,150319888.62998965
208.0,189.0,406.0,297.0,333412544.0400433,4191717.3999995,43649.43000000355,1248995.9899996638,54472.73999998512,107083371.97995919
181.0,367.0,292.0,260.0,451880039.12015545,3776891.1599996337,47434.46000000458,2247357.080000232,80962.53000001084,145149941.22996825
166.0,336.0,324.0,274.0,447734939.55015314,4003821.0799995176,48029.75000000226,2184432.660000254,79695.47000001732,143799347.3099676
172.0,347.0,335.0,246.0,441772134.9401007,3450104.6699999664,45949.21000000335,2213641.980000358,79782.84000001712,141917854.5299689
425.0,413.0,127.0,135.0,544889370.2500805,2463606.61999979,41786.03000001105,2918966.479999632,100895.8100000078,175266494.74992245
429.0,411.0,126.0,134.0,536685620.50007766,2186633.5399996606,39458.130000013334,2893568.5199994952,99065.0299999986,172643574.73992613
519.0,262.0,155.0,164.0,405228903.21006316,2681801.7299998095,32750.600000010145,1682043.9800005688,62317.58999998779,130438649.13995299
399.0,387.0,188.0,126.0,478682070.6700828,2506720.880000174,39324.750000011765,2419416.1700002407,86136.0899999976,153993684.42994836
444.0,431.0,132.0,93.0,551676865.7000896,2183102.439999649,40804.110000013316,2995739.279999249,103624.94000000042,177488168.78991434
504.0,254.0,237.0,105.0,380516443.31005204,2040602.3599998665,31623.810000008154,1642618.4100006772,63185.31999998086,122529311.47994752
419.0,401.0,194.0,86.0,503749151.5900489,1767718.779999648,37302.8100000109,2683027.3099999693,92976.59000000251,162112822.82993788
551.0,274.0,162.0,113.0,426549622.65006024,2346713.899999923,32075.50000001023,1856009.520000887,67451.019999986,137332101.20994914
484.0,241.0,224.0,151.0,402172686.44007105,2696224.219999891,34651.38000000918,1719060.5100007642,64327.12999998168,129424736.63993809
507.0,252.0,236.0,105.0,384344097.97004807,1976449.4399998256,31880.530000009265,1691096.2600007232,65737.13999998212,123767594.99994874
395.0,107.0,294.0,304.0,294922628.5400186,4000832.409999186,35621.24000000868,778188.2399995221,38457.40999999795,94826083.11996152
399.0,107.0,292.0,302.0,292890889.8200159,4227041.629999138,36441.88000000639,733490.1699996478,36975.82999999925,94149526.07996283
386.0,129.0,288.0,297.0,299091474.6900179,4154689.4599989,36607.52000000767,819315.439999542,39371.41000000045,96140397.47995992
365.0,99.0,356.0,280.0,270762413.8899882,3631896.369999289,35363.46000000564,712946.4799997127,37765.25999999799,87073667.62995775
416.0,114.0,310.0,260.0,292200452.7800114,3342925.8699995056,33997.87000000825,849573.2799995603,41928.99999999905,93997827.33995855
375.0,125.0,366.0,234.0,293695982.0200177,3591515.38999943,35634.27000000939,856204.8499995013,42316.38999999258,94465913.80995254
388.0,104.0,371.0,237.0,280799476.5100088,3447663.8899996015,36161.86000000461,803806.219999612,41910.31999999592,90328764.16995181
412.0,135.0,301.0,252.0,308518746.5600241,3931338.9899992226,36899.23000000795,921480.9699994845,42697.19999999464,99199449.27995862
362.0,119.0,346.0,273.0,295188918.16002274,3830522.009999272,36555.140000006446,816031.5899996073,39978.11000000114,94931425.15995532
379.0,124.0,364.0,233.0,288560794.70000964,2894754.4599997704,33208.90000000793,913850.2099995582,43846.96999999528,92857478.6999565
244.0,747.0,45.0,64.0,803307975.3200495,1923699.0799990303,55773.96000002089,5209370.09999994,169875.87999998362,258236105.00983012
255.0,738.0,44.0,63.0,756432490.0900482,1642734.949999285,50352.53000001793,4791972.369999108,153097.8099999847,243214258.31985158
234.0,762.0,43.0,61.0,763616318.8000524,1796131.4899990826,51922.21000001953,4858722.399999355,155724.31999998318,245493079.30982667
209.0,643.0,193.0,55.0,680801582.5700569,1721823.9099992567,50320.4700000176,4290069.479998024,143446.8299999918,218895116.09990147
130.0,400.0,24.0,546.0,599426130.3004161,7035769.290003276,60753.94999998909,2859484.2200003797,92018.84000003901,192285496.50993013
117.0,383.0,108.0,492.0,569707143.9303285,6702016.520002974,60296.89999999554,2735311.239999801,92789.92000003147,182759479.73994225
126.0,365.0,110.0,499.0,530300514.60031706,6127863.6100018965,55172.82999999236,2453307.970000093,80846.4400000178,170144081.75995624
134.0,413.0,23.0,530.0,581122342.6303822,6968073.880003063,59152.34999998895,2710632.190000057,87820.34000003389,186424797.45993212
212.0,652.0,184.0,52.0,682157729.9500322,1530215.3499992655,50325.29000001697,4313859.119998194,142897.31999998863,219339752.29992637
123.0,380.0,108.0,489.0,575174793.9103675,6865949.820003096,60758.60999999027,2729663.4000001457,91056.2600000377,184521362.0899412
129.0,205.0,474.0,292.0,350745323.230059,3738361.7499996973,46136.28000000498,1567789.539999775,65437.23999996938,112636643.81996441
340.0,160.0,371.0,229.0,321740591.470042,3603664.239999316,39124.10000000768,1157177.1899996013,51858.59999998122,103448495.73995209
107.0,360.0,392.0,241.0,459566642.3801295,3696509.54000015,50790.11000000392,2436388.0399999907,90813.97000002871,147596779.9299788
107.0,169.0,582.0,242.0,277371268.07000023,3177286.559999598,43459.04000000167,1135933.9599995967,55295.969999978224,89094976.63995427
109.0,171.0,398.0,422.0,329923174.1501124,5460337.730000297,48546.369999994255,1121262.8499993167,48605.34999997866,105816236.19995582
80.0,271.0,437.0,312.0,383891582.9601267,4175074.2899994063,49554.86000000127,1787249.3799999142,71517.37000000018,123244102.27996472
259.0,122.0,419.0,300.0,264534892.76998565,3779284.8399993726,38520.18000000543,734297.1699997616,39834.479999998715,85011199.42995602
259.0,259.0,282.0,300.0,407864968.7501345,4142364.909999323,43482.4500000042,1713483.890000083,63822.59999997899,131051709.67995466
256.0,257.0,415.0,172.0,373418902.13004684,2762910.5199999334,41020.50000000849,1755217.770000322,70782.1799999831,120070763.09995987
230.0,231.0,373.0,266.0,366319458.8200842,3532917.189999603,42910.860000003435,1582212.040000177,63396.77999997972,117726284.66995138
305.0,348.0,48.0,399.0,540558769.5102668,5689551.680001683,51415.279999999846,2463662.1800001473,83080.9300000107,173576122.0099324
33.0,467.0,64.0,536.0,619734115.7104274,7238774.560003347,64961.41999998862,3081885.1900001685,99169.90000005071,198746375.3099322
431.0,36.0,68.0,565.0,317585270.84011453,7394234.140001824,42385.94999999723,346509.78000009054,18770.99999999425,101859594.91994889
271.0,311.0,162.0,356.0,495819370.4502329,5119489.640000713,49415.630000000216,2266571.699999983,77416.47999999973,159211564.84994912
438.0,500.0,69.0,93.0,605563499.5500687,2125590.7599994373,41852.27000001268,3402372.9499988956,112967.35000000049,194795514.04989648
581.0,48.0,347.0,124.0,225896004.80999377,2247990.820000075,24324.80000000245,323948.2499998366,26920.780000008297,72900141.6199807
44.0,618.0,323.0,115.0,642920638.3400838,2103500.8499992397,55108.25000001601,4126294.029998351,140147.59000001595,206593655.27996716
166.0,172.0,324.0,438.0,343336741.3500969,5327045.1700002765,46525.95999999829,1160151.6899994097,49626.499999985244,110144779.68995444
43.0,44.0,317.0,696.0,288419421.77004373,8504371.430002779,55345.99999997674,357631.8700002573,21981.999999996387,92201616.08994417
91.0,95.0,674.0,240.0,224574510.9699874,3170401.859999463,41478.36000000234,734150.799999778,43533.56999999126,72141548.36995421
529.0,6.0,494.0,71.0,163309628.60999483,1537018.3500000925,23046.050000001287,80660.17000000716,22870.90000000688,52803257.50999362
259.0,9.0,728.0,104.0,126225597.98999557,1568938.5800000986,30141.130000002257,101441.48999999708,28181.520000020275,40751514.4199676
458.0,153.0,428.0,61.0,278742405.41999507,1360644.1799999687,28285.220000003956,1028153.8799995363,48665.929999988875,89869160.95995018
594.0,7.0,420.0,79.0,181360816.53999656,1559751.4100000581,22155.920000001297,140206.03999998188,24017.410000006206,58626240.039995186
464.0,5.0,433.0,198.0,191488795.57998708,3127859.4999994044,29404.810000006302,100900.14999998835,21343.510000001555,61698037.45998378
445.0,149.0,315.0,191.0,309614618.7300416,3023074.7799995625,33258.51000001081,1036122.1899994073,47448.449999991484,99645225.27996717
247.0,9.0,526.0,318.0,175917758.21998534,3549109.5099990685,34751.39000000751,106739.03999997894,22763.080000005477,56557188.589970484
180.0,181.0,507.0,232.0,314986640.4200414,3072148.0899997177,42363.450000003584,1348310.2899999132,60489.24999997459,101230875.40995528
242.0,244.0,517.0,97.0,353988840.64001745,1783641.839999723,38907.92000000834,1797143.110000435,74318.22999999666,113892470.78996123
203.0,204.0,432.0,261.0,365303821.57006925,4420660.879999598,47061.19000000276,1500817.8299997281,61258.96999997898,117304838.4899571
240.0,295.0,205.0,360.0,460605610.4801838,4594615.14999987,46581.03000000357,2049126.7300002845,72797.98000000071,147946489.54996386
386.0,245.0,170.0,299.0,421932195.04015136,4824253.710000199,43501.1900000011,1660686.599999907,61736.83999997786,135552916.44995505
208.0,403.0,178.0,311.0,543648257.5002158,4367609.520000107,51482.46000000487,2834860.509999975,96767.96000002827,174603554.419961
269.0,331.0,96.0,404.0,2107935606.6005309,70179943.67061935,413064.8799978109,7010166.530103775,472367.61000461347,675976001.331868
210.0,259.0,179.0,452.0,457269043.2702866,6119908.450001518,51980.77999999422,1861582.4899998256,66333.31999997268,146720093.9699582
202.0,392.0,72.0,434.0,535328428.77034605,6432049.000002326,55198.5999999943,2401524.150000403,80257.77000002169,171781070.08995312
375.0,239.0,69.0,417.0,435392795.42018,5770388.910001243,45018.80000000211,1575089.4699996943,57187.79999998203,139804008.0999623
310.0,310.0,137.0,343.0,462578323.50019205,4640503.259999801,44763.32000000432,1999955.660000356,69963.2399999874,148602419.33994675
372.0,372.0,68.0,288.0,551994103.6001552,4020215.8800000385,45133.1500000081,2702975.1799997273,88734.04000000822,177404982.2999245
334.0,335.0,61.0,370.0,505094277.17022294,5332236.330001118,47233.980000003394,2192482.480000311,74271.3300000069,162224943.67994264
228.0,106.0,180.0,586.0,355396720.88019717,7731568.650002635,51074.0499999852,790275.7599994006,33470.009999998314,113890368.8299473
500.0,73.0,124.0,403.0,325213928.74011624,5831823.180000723,39535.640000002335,667320.0399996212,32162.389999998744,104460936.1599429
164.0,384.0,130.0,422.0,520836767.7302805,6083673.320001841,55336.08999999527,2394041.6300000227,80614.81000001224,167126471.50996044
188.0,88.0,339.0,485.0,309441355.2200648,6136867.320000941,47567.0499999932,762688.9399996096,37206.45999999982,99209636.43995057
346.0,162.0,274.0,318.0,336498743.8700782,4561130.119999535,39918.68000000404,1016350.8199993387,44558.42999999304,108144082.55995084
181.0,425.0,327.0,167.0,520491767.9000908,2657908.889999944,47821.53000000827,2936480.36999983,102631.0500000251,167295023.42997748
551.0,81.0,310.0,158.0,271913153.63999164,2597324.2499998673,27595.670000005906,660554.0999996521,35634.62000000243,87647863.37996358
485.0,356.0,120.0,139.0,510895735.66004676,2086584.2899995602,35992.70000001148,2597590.8899999787,91348.19999999489,164427497.15992668
355.0,260.0,200.0,285.0,423374012.21012723,4059814.5299996445,41338.380000008074,1761650.0500002683,65849.13999997718,136079750.61995697
426.0,312.0,240.0,122.0,420061890.6200625,2350646.4299999066,36378.74000000939,1980241.450000698,73455.76999999465,135167247.64995968
362.0,291.0,334.0,113.0,395307426.91005415,2178842.3799998076,36457.49000000802,1881986.4500006428,71565.84999999101,127200802.20995814
231.0,343.0,393.0,133.0,452905222.94007194,2422831.8499999153,44231.13000000882,2456984.4900000356,90843.4600000141,145617349.27997684
446.0,102.0,412.0,140.0,247078327.10999343,2210254.820000031,28711.900000005266,663197.2499997839,37335.180000003886,79619491.94996649
513.0,412.0,15.0,160.0,541811536.1900877,2513306.860000044,36732.41000001415,2735703.299999804,92940.56999999573,174336415.88990143
297.0,239.0,275.0,289.0,398054122.4201397,4398635.869999444,43597.62000000286,1617970.739999705,61301.029999976075,127874108.5599611
494.0,113.0,14.0,479.0,363460539.6601518,5948969.870000801,38070.53000000638,832744.7299993783,33079.70999999504,116742507.1499528
255.0,377.0,13.0,455.0,553033414.2703288,6369810.020002393,53600.36999999432,2460799.920000397,80752.010000018,177518427.62991503
224.0,94.0,381.0,401.0,280660658.32999575,5208449.869999705,43341.98000000034,652418.2399998528,34823.7100000014,90070850.88994859
537.0,226.0,28.0,309.0,442176771.2601713,4501385.329999618,37864.01000001051,1646552.540000079,58925.469999984714,142183246.9399466
337.0,142.0,18.0,603.0,405820965.2302713,8166404.900002999,50362.799999988776,986306.0799991183,35334.779999989856,130089622.33994631
247.0,177.0,220.0,456.0,387476904.5801959,6333102.560001312,49642.479999994226,1283355.7599995006,49929.329999984024,124305275.9499552
96.0,208.0,259.0,537.0,399984522.8002464,7319610.960002361,55180.91999998643,1331687.4299991722,50651.24999997988,128170614.34996136
243.0,194.0,215.0,448.0,391095375.060165,5961205.540001107,48496.64999999713,1360355.339999519,53528.219999981324,125487360.71995497
220.0,158.0,315.0,407.0,352407246.83012,5480380.690000548,46896.02999999826,1180087.879999481,50110.20999998536,113085625.72994906
309.0,221.0,274.0,296.0,393376206.3201104,4058292.149999824,42227.90000000405,1618958.4100000043,61807.66999997943,126393140.07996333
263.0,210.0,376.0,251.0,341234420.040053,3710008.8399994606,40979.540000005174,1326770.6199997617,56376.18999998117,109659015.01995721
106.0,229.0,458.0,307.0,368256831.3400983,4235563.669999373,48293.04000000075,1631122.209999832,65771.9999999686,118210171.93996587
122.0,295.0,329.0,354.0,446328107.0801912,4767127.640000108,51303.0200000008,2118416.8199998555,77119.46000000201,143263309.24997818
83.0,199.0,357.0,461.0,378048928.51016086,6260869.450001237,53505.11999999388,1394125.749999375,55592.519999979224,121187818.4499578
104.0,249.0,448.0,299.0,374248612.59010106,4273422.279999534,48790.73000000136,1677139.4599997296,67052.16999997856,120129964.68996441
18.0,406.0,448.0,228.0,487320854.89010453,3093307.080000384,53000.63000000797,2834516.3199997507,103085.95000003936,156508737.06999406
246.0,320.0,354.0,180.0,419785282.34008014,2656858.5499999207,43217.14000000654,2149864.6600004076,81282.1100000014,134963474.90996644
18.0,418.0,440.0,224.0,522943859.22012234,3118937.9200001513,53619.94000000723,3080010.8799996558,108069.07000004618,167946232.55002585
26.0,575.0,177.0,322.0,647924182.1702869,4604578.890000675,61345.51000000166,3793590.5199999334,127863.6100000698,208013076.40995038
23.0,507.0,561.0,9.0,510884628.45000845,915979.759999691,50336.41000001589,3409688.009998775,127695.58000005234,164260606.53005028
35.0,813.0,238.0,14.0,776613890.710016,1167048.619999326,58745.580000022994,5336140.730000099,175231.78999996255,249606737.6999177
403.0,525.0,162.0,10.0,563109875.0100079,1015965.8099996459,38504.080000012436,3249227.349998714,111261.0699999981,181245881.3099171
287.0,393.0,413.0,7.0,439811162.6100076,880040.1999998182,38717.870000010276,2571125.839999973,95937.56000001122,141546110.59997416
314.0,430.0,126.0,230.0,551908180.4801574,3503879.2900000387,46016.600000007624,2878936.499999983,95974.40000001431,177394309.259925
393.0,539.0,158.0,10.0,593509541.370008,1072533.1799995704,40867.400000015405,3555071.3999984413,122981.27999999569,190990491.71991527
66.0,215.0,767.0,52.0,258968947.8699976,1271634.9599998684,40248.67000000466,1358185.0299999944,66141.25999997386,83317615.18995085
370.0,152.0,542.0,36.0,253056262.5899968,1165211.7599999295,29768.0200000041,989909.2199996444,51095.05999999188,81586552.2799704
40.0,564.0,465.0,31.0,580879937.7100186,1050831.3299996154,51379.64000001626,3868577.729998602,134644.67000003837,186731696.45000157
56.0,182.0,818.0,44.0,243438738.09999678,1202703.5199999388,40631.31000000636,1298810.589999919,65026.18999996593,78317213.07995403
60.0,198.0,706.0,136.0,286796398.16999656,1976667.16999985,43064.250000006345,1487660.7799998801,68607.35999997558,92194562.74996318
34.0,485.0,503.0,78.0,515783848.00004184,1653325.4099995464,50934.69000001337,3287562.0599992787,118861.50000004708,165770342.9400193
311.0,128.0,573.0,88.0,240190233.3299974,1348190.3199999386,31370.400000005455,901785.609999673,47509.10999999418,77403474.13997126
243.0,432.0,356.0,69.0,517576754.94004196,1571703.9699996212,43557.640000012165,3059393.299999255,106101.80000000828,166462716.73996067
233.0,414.0,430.0,23.0,475127760.78002113,1133875.5699996075,42950.47000001238,2879067.599999445,107765.71000002747,152849754.82999787
224.0,399.0,413.0,64.0,477565792.7100381,1559468.6599995114,44291.91000001251,2833872.3299994706,104515.45000002293,153598690.47998106
316.0,388.0,86.0,310.0,544690343.890189,4667096.360000824,48474.61000000632,2633832.9399998994,89355.58000001343,174992114.10991597
447.0,323.0,72.0,258.0,512636524.0101359,3732514.8200001228,41376.70000000702,2388994.3800004986,81005.0300000058,164816708.60992816
397.0,207.0,108.0,388.0,415342599.010157,5455662.810000817,42511.7500000042,1408458.5299998424,52170.47999998391,133415152.41995195
291.0,357.0,167.0,285.0,473705130.89019835,4110897.619999489,44750.84000000342,2195848.000000235,78253.50000000984,152213259.4999713
303.0,372.0,83.0,342.0,529046433.67023164,4896100.210000647,48635.380000003635,2498630.679999765,85601.91000000738,169939799.1799332
341.0,178.0,196.0,385.0,381103795.02014893,5223870.780000273,43647.72000000078,1297733.2099994922,50913.34999998518,122384063.8599627
404.0,292.0,136.0,268.0,456920848.2701565,3753900.849999724,40525.30000000514,2018467.9600005737,72260.19999999795,146899986.85994673
516.0,159.0,83.0,342.0,363612890.60009724,4407031.739999387,33907.69000001109,1036887.9599992656,40747.95999999208,116931251.83994476
495.0,152.0,168.0,285.0,340135878.8700544,3723988.2199994917,32776.630000011064,1037938.9499993405,43744.39999999013,109412896.11995617
477.0,146.0,161.0,316.0,357755740.600086,4444588.869999551,36695.440000007795,1123057.5499994117,44985.45999999,114995661.55995393
364.0,196.0,407.0,133.0,309874162.1000241,2323766.809999804,34039.76000000683,1216798.6899998833,54132.869999981194,99735317.63995652
329.0,205.0,427.0,139.0,337542453.40005654,2375587.5699998015,36394.140000003994,1453874.000000205,60801.16999997954,108615486.74994683
434.0,22.0,486.0,158.0,187237337.95999047,2371698.7900000256,28120.34000000388,220872.81999993187,27314.920000010345,60376997.519984595
422.0,226.0,298.0,154.0,372411464.83006436,2692432.1399998013,35743.600000008904,1601138.250000263,62954.07999998113,119820943.73995829
294.0,158.0,329.0,319.0,328957381.05007637,4458532.3599994425,41385.210000002124,1084329.2799993518,48627.059999982645,105678673.76995055
387.0,19.0,273.0,421.0,260591151.34997126,6013595.040000184,40354.07000000152,214007.39000001262,19966.949999996992,83651497.39995192
297.0,185.0,243.0,375.0,391209450.1801473,4818853.679999935,43658.26000000198,1468782.709999995,55979.96999998283,125641448.14994875
304.0,17.0,395.0,384.0,220003850.2199814,4811725.40999911,37146.060000005695,165638.4299999717,20607.619999997733,70650641.1399689
478.0,28.0,392.0,202.0,219392528.81998733,3140385.1299996264,29239.770000005596,267535.40999991214,26110.920000006416,70684224.40997931
351.0,20.0,287.0,442.0,249418872.5499766,5708840.490000124,39841.210000002226,225700.65000000285,20482.26999999832,80057321.04996145
138.0,422.0,181.0,359.0,573616318.5603082,5588199.400001862,58034.37999999828,2935298.379999965,98463.06000002312,184118282.14995015
92.0,442.0,190.0,376.0,557709788.0602503,5154932.970001383,56633.229999998446,2896584.7400001236,97947.8600000341,179008887.9399438
165.0,291.0,216.0,428.0,473421289.9302362,5674936.900001457,52735.92999999865,2118583.3999998113,74830.16000000694,151922700.5199777
160.0,488.0,36.0,416.0,614305703.5502973,5581452.310001752,56262.500000000684,3140988.859999828,101721.8200000289,197199458.96991146
167.0,509.0,219.0,205.0,593597209.3201658,3593775.250000355,53503.59000000832,3401829.8799995137,115817.56000003191,190701792.22995657
261.0,460.0,59.0,320.0,602700109.8302677,4807864.190000755,53107.75000000336,3133388.6900001173,104826.96000003538,193592809.63991874
136.0,652.0,49.0,263.0,747844440.8202248,3939959.9200011343,59729.260000009475,4489491.129999633,144793.59000002258,240236954.78984052
141.0,393.0,292.0,274.0,461496175.7101233,3780644.240000203,48577.8500000045,2346722.0699998783,84721.19000001332,148224792.78997442
134.0,372.0,48.0,546.0,568767312.6004267,7649478.850003844,61620.8599999848,2552495.5299998145,83835.08000002,182397151.20993742
181.0,503.0,65.0,351.0,637760056.4702817,4971123.520001224,56981.61000000193,3477411.4700000044,113783.28000004604,204774626.29993027
281.0,201.0,17.0,601.0,462739361.4303448,7663748.400003056,52753.34999998834,1534837.339999343,52962.98999998287,148398396.40994406
58.0,256.0,22.0,764.0,519567328.70051223,10085147.249998393,67292.79999996591,1833675.3999988055,61087.70999997343,166379612.29995
207.0,439.0,13.0,441.0,622735704.300337,6055868.71000214,57518.50999999495,3101369.3400000487,100115.42000003612,199896177.11990184
201.0,144.0,325.0,430.0,327402636.1600903,5350906.950000003,44917.85999999777,977334.9799993444,43781.35999999065,105081951.86995068
313.0,223.0,19.0,545.0,469549605.44025743,7063187.340002415,50835.92999999618,1688816.4999999125,58045.14999998008,150632792.31994215
170.0,360.0,274.0,296.0,469385639.380176,4067856.369999619,48624.6800000024,2341538.7200002805,83350.87000001354,150745975.64996058
42.0,186.0,419.0,453.0,337665405.39009184,5327270.170000142,50693.679999992295,1268972.5199993753,53214.89999997839,108259225.54995893
43.0,571.0,17.0,469.0,701273925.7203774,6552824.750003734,66499.00999999297,3834455.990000008,123531.10000005533,225000452.629884
29.0,388.0,294.0,389.0,516588042.84026504,5649138.0300018145,59315.489999995756,2614887.9100001957,94397.53000004892,165750947.02998832
32.0,414.0,314.0,340.0,545167002.9002616,5044182.480001265,58673.85999999818,2922771.5499998922,101315.67000004619,174967406.98997048
381.0,331.0,216.0,172.0,475753286.25007415,2703071.5500001963,40140.07000001162,2378085.8800003733,85673.26000000206,153019954.2399633
270.0,383.0,249.0,198.0,502600934.2101025,2840038.5300000263,44631.16000000874,2671708.739999957,94187.52000001783,161579709.7999551
447.0,199.0,253.0,201.0,355975081.5400482,2980497.9699999415,34615.83000000861,1371695.1099999135,54791.67999998823,114532159.28995387
435.0,378.0,91.0,196.0,526064786.50013036,3246450.5300000585,40970.15000001167,2583610.420000177,87608.78000000482,169181819.46992666
407.0,353.0,230.0,110.0,451155339.3100389,1980677.169999669,36337.58000001045,2274827.4700006777,82089.72999999391,145180442.90995315
572.0,255.0,119.0,154.0,436070989.20010567,2846316.739999947,34440.53000001251,1897850.6400006409,68919.77999998542,140339330.2099513
344.0,488.0,117.0,151.0,577544154.350102,2503002.8000000007,43846.45000001225,3205021.399999195,107821.91000000596,185724850.07991123
355.0,259.0,329.0,157.0,381806608.9300525,2366242.2100000433,36782.63000000901,1763809.1500005955,69447.06999998697,122842344.13995391
392.0,286.0,134.0,288.0,485542374.83018655,3997617.449999464,42688.010000005874,2232067.740000242,78262.590000002,156061597.84994796
438.0,319.0,150.0,193.0,456531701.8800956,3088387.839999921,37933.27000000771,2075146.5000009807,73536.83999999678,146850889.3299397
445.0,38.0,180.0,437.0,284636162.7000143,5771677.590000156,37781.27000000433,336645.5200000135,22246.769999997825,91427692.53995603
494.0,35.0,167.0,404.0,268749337.1299782,5049026.709999358,33788.700000009005,308985.4899999546,21407.89999999767,86372339.859957
418.0,101.0,170.0,411.0,324365434.00008976,5599451.380000266,39656.21000000488,734441.5599995529,32896.629999998586,104153513.76995015
318.0,27.0,442.0,313.0,220558670.62998044,4542592.819999002,37432.960000005296,229303.81999999302,24035.220000003224,70872333.18997264
737.0,63.0,299.0,1.0,229558073.3899997,782140.3399999737,16332.570000002162,450999.889999689,30258.090000007473,74263402.92999534
418.0,101.0,580.0,1.0,213538633.34999898,699610.4499999722,25823.630000002886,713857.0499997763,42939.11999999588,68951786.68998782
494.0,35.0,570.0,1.0,173741382.94999826,679844.2599999846,22738.410000001175,309609.4499997994,32366.400000019144,56220327.85998857
714.0,144.0,241.0,1.0,284240717.32000023,822682.7099999575,19329.81000000264,867019.7399995752,41999.14000000025,91819895.05995525
347.0,70.0,400.0,283.0,258993605.68998134,3990587.5099991616,36780.18000000666,580394.8999998878,35028.85000000501,83266029.67995903
467.0,94.0,538.0,1.0,204227844.58999872,688031.5399999851,24395.92000000188,584275.5399997812,39307.75000000635,65988826.58998623
118.0,364.0,507.0,111.0,420878546.11005574,2375100.1600001804,46355.840000009186,2333340.6899999487,88325.62000001165,135279931.25997576
193.0,336.0,469.0,102.0,409199476.9700283,1745787.679999681,41271.1100000089,2246800.1200005813,85377.46000002189,131609648.09996375
111.0,408.0,477.0,104.0,455270790.2300613,1976138.3799995736,46845.37000000755,2670691.879999881,99740.37000003585,146352525.75999463
147.0,454.0,362.0,137.0,500034301.5000822,2662154.7799999192,48534.040000009605,2866590.9099998693,102584.83000003734,160687169.94001
99.0,304.0,424.0,273.0,427125145.41012454,3802768.8299997603,49039.35000000387,2140065.440000042,79919.38000001537,137148908.48996788
111.0,408.0,273.0,308.0,533864124.8402152,4526428.03000049,54629.23000000433,2828064.7999998713,99781.87000004026,171413736.07997346
193.0,337.0,268.0,302.0,471830121.450166,4378637.960000332,49420.510000004084,2284558.590000055,82644.4100000007,151540695.86996445
155.0,323.0,378.0,244.0,437520719.5700945,3347464.6200001338,47270.31000000602,2253372.120000176,83043.84000000852,140560087.24997482
220.0,458.0,306.0,116.0,516562436.4600916,2224243.099999716,45674.89000001043,2960342.8199996212,103483.67000002507,166070906.97998077
182.0,379.0,253.0,286.0,497559137.33015424,4158412.72000019,50310.01000000581,2543899.3099999847,90188.53000001467,159808423.36995614
172.0,349.0,239.0,340.0,505798808.47025645,5178294.90000078,52565.239999998616,2429542.1200001044,83882.45000002232,162380825.47996342
441.0,248.0,170.0,241.0,399765136.5101119,3656702.2699995907,37341.18000000813,1597368.120000152,59037.66999998341,128550709.51995954
160.0,398.0,224.0,318.0,517243180.78017837,4175918.0800000853,50470.530000002815,2653938.2500000005,90735.09000001465,166122022.5699467
145.0,294.0,375.0,286.0,404557671.9701027,4106988.5299996943,47773.340000005825,1884425.6199998346,71845.23999999191,129905660.01997164
142.0,288.0,197.0,473.0,461373881.29028106,6464754.220001814,54561.69999999105,1900436.8299995319,66868.79999998363,147976044.22996253
117.0,289.0,303.0,391.0,438579695.07018125,4639071.479999829,50093.54000000028,2045835.449999893,75513.76999999855,140789766.73996416
344.0,193.0,246.0,317.0,365942287.990097,3936380.8799993917,39438.48000000605,1372992.649999796,55352.50999998344,117624033.12995906
368.0,251.0,141.0,340.0,437272410.15014356,4504898.2099998575,42190.670000004335,1786328.7100003147,64803.93999998444,140508078.6999514
373.0,255.0,268.0,204.0,402372629.04009277,3364123.359999821,39928.7200000086,1740539.7000005052,67923.92999997968,129386859.28995109
331.0,226.0,237.0,306.0,420070419.33014226,4285762.979999559,43074.040000004796,1735748.6100002294,63846.68999998034,134978992.7699524
230.0,308.0,259.0,303.0,435288689.610156,4531011.529999964,47757.45000000274,1965744.0799999319,74381.24000001275,139800690.52997312
131.0,342.0,289.0,338.0,449108771.3301679,4793238.570000319,50843.349999999904,2110638.499999965,76872.08999999955,144158918.45996577
307.0,42.0,346.0,405.0,246602424.42998075,4838994.78999926,37325.0500000051,311018.279999986,23995.700000002398,79208569.5299628
287.0,384.0,51.0,378.0,556046213.890258,5007062.360000792,49704.08000000447,2693520.809999933,88780.98000001191,178575430.84992167
283.0,379.0,319.0,119.0,468618965.5900665,2238121.529999715,41952.800000010895,2514768.969999876,90842.14000001951,150706981.59998053
633.0,88.0,112.0,267.0,310269364.54003835,3954436.5599990482,28920.900000010013,621564.6799996627,30723.770000000994,99900504.71995348
230.0,601.0,80.0,189.0,688479898.0101489,3094747.6000008504,52614.15000001362,4081479.609998432,132243.02000000712,221260895.849885
256.0,69.0,564.0,211.0,203793227.83998862,2852045.9299996695,35054.650000005146,465610.0199999764,34733.49000001125,65566386.49997365
263.0,70.0,91.0,676.0,340838054.33014816,7926655.980002566,47890.01999999014,578753.4599999684,25258.389999996078,109191303.85995512
452.0,121.0,156.0,371.0,345779215.9600931,4772877.219999697,37442.20000000644,976729.579999293,41140.98999999429,111130307.07994938
701.0,173.0,63.0,163.0,361723419.9200362,2695523.0100000077,25790.250000006115,1150107.729999791,45218.32999999232,116542600.52994145
208.0,387.0,140.0,365.0,547063633.7502558,5266647.250000955,53867.86999999949,2703874.079999908,91193.02000002777,175634389.5899438
656.0,233.0,58.0,153.0,395838000.7300601,2636975.2899999707,28082.900000008074,1473906.5600003852,54205.94999998952,127489678.55995385
465.0,115.0,412.0,108.0,259883202.8799937,1987537.8199999568,28969.800000005456,792113.889999644,42691.11999999422,83768888.19997519
786.0,194.0,70.0,50.0,370268892.1100107,1531194.7299998212,21374.520000005192,1319837.2400004358,51753.099999992104,119438097.60994747
477.0,169.0,423.0,31.0,286160402.0499952,1042347.7699999441,27104.62000000399,1115576.0599998285,52419.709999983876,92289427.1399594
110.0,204.0,733.0,53.0,271050130.3099963,1263848.8599998665,39396.02000000467,1407634.5800000867,66710.39999997143,87224644.20995392
228.0,609.0,153.0,110.0,679424485.6300974,2280738.6499993852,51942.25000001525,4196156.879998309,140211.74000001073,218403205.32991445
91.0,243.0,607.0,159.0,312841894.4300203,2414191.439999974,44121.960000004954,1568676.9899999555,69408.30999998143,100536703.35995479
101.0,271.0,679.0,49.0,301772512.14000523,1042358.4699998302,39688.630000006975,1691405.6300001976,73874.24000001157,97097271.50996569
212.0,320.0,253.0,315.0,458556612.96018225,4681960.660000539,48876.56000000211,2125301.8599999566,77115.2100000061,147245760.819968
258.0,304.0,240.0,298.0,450471027.5601662,3836936.3299995903,44736.02000000722,2133711.6000002986,76608.82999999769,144742805.63997453
203.0,352.0,243.0,302.0,479421809.99019706,4365052.939999985,48789.17000000112,2296689.8700000243,80936.48000001517,153987080.33996877
231.0,348.0,179.0,342.0,494421608.6901814,4280914.819999862,47396.34000000709,2395857.290000119,83470.99000001125,158809057.83995554
227.0,343.0,271.0,259.0,461642040.2701692,3995498.309999638,46688.48000000373,2220998.1700003166,79498.12000001218,148308254.2599683
237.0,409.0,183.0,271.0,534446401.9501845,3919987.0399999167,48511.330000005575,2759951.830000224,94614.08000001754,171710907.63994107
299.0,353.0,181.0,267.0,506465405.7401649,4028054.4699999657,46691.4800000053,2478279.9200002775,87461.15000002121,162760413.32995924
263.0,356.0,246.0,235.0,474590966.92015433,3610896.1599998297,44887.0100000049,2313527.4500002717,81490.99000001102,152513836.46996847
267.0,361.0,162.0,310.0,497346586.92016244,4118833.6299998,46478.71000000397,2403979.380000161,82393.37000000794,159786346.82995394
286.0,386.0,173.0,255.0,501079966.0101511,4054165.3000001567,46474.07000000456,2435789.7700002035,84328.27000001536,160999993.559952
197.0,64.0,515.0,324.0,226378047.27998176,4231459.409998733,39918.730000003954,452651.55000005267,31963.29000001327,72678348.44996087
254.0,60.0,482.0,304.0,236841503.45998418,4131552.4999989076,38730.680000006156,484952.14000003034,33349.520000012344,76085405.82995579
152.0,300.0,398.0,250.0,425776506.1101012,3471736.720000098,46585.01000000541,2112544.3600002006,79336.70999999688,136788579.53996783
219.0,71.0,450.0,360.0,241885643.1299814,4709339.419999206,42485.89000000091,507457.1000000915,34527.86000000804,77632611.35995147
247.0,81.0,646.0,126.0,202262879.2599927,2145122.4300000737,34071.07000000567,571217.2599998948,39760.600000005375,65139686.339974776
198.0,392.0,408.0,102.0,450883202.220044,1701112.2699996515,42209.04000000851,2557938.7000002316,93854.72000002144,145012828.89998052
355.0,84.0,529.0,132.0,215901635.7699901,2107618.800000015,31463.000000005748,575787.2999998565,38429.34000000546,69564401.63998188
234.0,335.0,444.0,87.0,384188235.01003855,1898953.969999749,39920.870000008545,2001303.4900006042,80245.96000000805,123587386.33995599
215.0,308.0,320.0,257.0,437432648.900113,3341210.95999971,44822.01000000583,2147838.7200005036,78880.42000000284,140565979.34995893
256.0,367.0,382.0,95.0,476685345.57004637,2127533.789999662,43834.95000001094,2643677.7099998607,96049.1900000097,153292540.13997427
464.0,331.0,248.0,57.0,423908815.56002337,1383302.029999753,32405.130000009118,2089635.1400009864,77782.21999999735,136515664.56996065
6.0,570.0,426.0,98.0,563912709.840071,1994931.3399994487,52579.970000011665,3572075.499999105,121587.01000004481,181187423.42001805
573.0,150.0,306.0,71.0,297513255.04000485,1588595.2499999276,25918.790000004647,1016398.1599995199,47543.4499999959,95936501.73996124
516.0,368.0,153.0,63.0,483726133.4700441,1701098.46999968,34374.60000001119,2453228.2200004105,86216.16000000187,155724275.6199387
362.0,258.0,193.0,287.0,428831281.04012376,3650630.1999996514,40927.28000000815,1883883.7300003157,69074.229999985,137867933.6799534
468.0,123.0,138.0,371.0,349216132.2901126,4753120.7099995855,36695.69000000867,976594.9799992633,40396.66999999329,112245322.65995187
5.0,434.0,180.0,481.0,576371672.9403499,6559553.360002948,63648.47999999092,2929971.7200002773,98820.47000005285,184854920.14996848
5.0,181.0,368.0,546.0,368763026.0602233,7180511.280002206,58023.299999982926,1260647.1099991829,51972.8699999782,118110453.16995606
12.0,419.0,473.0,196.0,486053725.430094,2972493.850000377,53293.67000000953,2860191.8199997083,105461.2500000452,156111237.1500002
6.0,212.0,240.0,642.0,417882108.0902783,7961593.9800032,59348.08999998034,1457476.8399991486,52495.019999979726,133813222.55996764
266.0,159.0,307.0,368.0,339348167.53009844,4712744.809999548,42061.05000000171,1113793.279999425,47171.2299999872,108979169.06994912
129.0,185.0,357.0,429.0,359300333.61015457,5756226.800000688,50438.01999999401,1300602.9199993953,52568.509999982634,115231926.0699636
255.0,197.0,295.0,353.0,380742086.42013603,4623603.519999844,44457.680000001405,1467352.439999839,58217.39999998039,122295321.81995377
289.0,173.0,237.0,401.0,373612377.52016085,5482815.120000465,45129.67999999789,1230367.659999459,50140.19999998626,119957858.73994157
258.0,154.0,297.0,391.0,340908426.08009213,5221996.760000077,43645.820000002204,1071663.6899992763,44995.12999999192,109431362.48995094
268.0,207.0,219.0,406.0,397560698.6501873,5437164.330000659,46774.969999999936,1465748.0299996524,56630.85999998224,127622029.49996401
136.0,197.0,269.0,498.0,374207705.65016586,6354761.370001462,51227.079999993395,1280139.2899993577,51114.15999998274,119977455.29996021
118.0,220.0,329.0,433.0,399560135.6501631,5596264.830000777,51346.869999996015,1599984.1599995813,61709.069999973064,128192646.69995853
135.0,250.0,266.0,449.0,427255561.16020256,5944916.050001348,52689.37999999422,1739587.2099995879,64371.99999997547,137065741.4299714
130.0,241.0,256.0,473.0,433873795.85026866,6242505.920001418,53633.31999999078,1746106.4099994656,65370.41999996885,139159550.1799675
83.0,614.0,151.0,252.0,704510677.5702268,4168455.790000966,61684.290000007226,4242238.0199989425,139587.68000003847,226258438.74991003
379.0,436.0,107.0,178.0,576059597.9701355,3220383.2800004855,45404.93000001134,3060290.4399994966,103265.89000001017,185219514.42991412
78.0,646.0,141.0,235.0,696777341.4102404,4162555.8100009393,60431.330000008,4168137.1599990027,136857.33000003526,223763903.25990093
96.0,708.0,6.0,290.0,813134236.1802603,4156638.540001314,64092.54000001012,5029443.53000141,160410.17000002024,261154938.2798207
79.0,583.0,144.0,294.0,656572850.5702585,4284972.370000546,58542.89000000408,3814770.2399995383,125003.52000004568,210824758.43993852
84.0,698.0,5.0,313.0,779436524.6702465,4858852.61000253,64423.580000008806,4658710.4400001755,148385.96000002412,250268612.2698302
402.0,462.0,3.0,233.0,599773945.8501563,3464720.2000001087,44831.13000000876,3152241.38999967,103309.08000001247,192813422.43990746
349.0,450.0,99.0,202.0,539503202.5501174,2994514.1900001466,42142.11000000972,2789850.9999998254,93939.12000001225,173477311.76993442
397.0,513.0,3.0,187.0,646042313.3001577,3302548.840000456,47458.48000000989,3569611.499999228,117502.3900000064,207694397.98987427
382.0,493.0,4.0,221.0,596514918.9301522,3308299.780000315,43820.65000000912,3145783.379999326,101332.45000001047,191773085.51989192
49.0,193.0,495.0,363.0,331454911.6200876,4943581.269999977,50555.7399999937,1309075.969999491,57013.43999997274,106316443.03995232
120.0,180.0,462.0,338.0,331811477.16005534,4811109.209999733,47676.739999998725,1227828.669999563,53618.04999998171,106476017.18995829
53.0,121.0,534.0,392.0,284687668.42000425,5083312.769999926,49340.70999999444,927531.6299995265,46067.57999998677,91272870.46995172
68.0,263.0,273.0,496.0,454980489.5802952,6538790.730001941,56615.44999998954,1928737.589999338,68524.92999998436,145872318.79997796
42.0,165.0,422.0,471.0,318248098.76007724,5953088.0200007735,51772.179999990425,1030215.8099993647,46588.85999998363,101989872.36995153
60.0,135.0,240.0,665.0,384789083.450251,8815236.0100018,59042.72999997883,1018213.3399992107,40014.119999989845,123143298.15995692
132.0,198.0,204.0,566.0,418577739.1602252,7327942.860002693,55582.5999999873,1452759.1499993962,54367.249999979336,134163846.47996469
110.0,95.0,423.0,472.0,281325220.2699948,5695817.450000518,47783.41999999626,714332.9799998252,37356.50999999885,90174395.01995362
176.0,153.0,274.0,497.0,355449111.770132,6456466.020001334,49772.50999999286,1064639.0399993134,43952.949999990575,113969189.91995372
143.0,124.0,221.0,612.0,359373027.6701711,7590303.860002262,51928.80999998611,899624.9299993447,36690.8799999953,115132618.3299476
334.0,477.0,211.0,78.0,541744914.6900601,1870738.4099994355,42197.860000012406,3065784.9099991345,106618.48000001113,174263190.25994664
385.0,445.0,197.0,73.0,533483303.6200772,1829722.1599995287,40567.84000001195,2980037.539999469,104027.61000001027,171633559.14993483
360.0,428.0,227.0,85.0,540980977.550052,1850259.1499994863,42308.49000001128,3068497.3299991554,106508.90000001052,174014715.35995102
267.0,382.0,388.0,63.0,453962918.64003634,1429801.6099997081,40278.91000001068,2550186.060000025,94329.50000001832,146061008.97997662
285.0,407.0,180.0,228.0,522449513.2901205,3583722.150000629,46511.98000000734,2705795.5099998615,94962.52000001405,167897527.10995755
248.0,294.0,359.0,199.0,407858661.9700788,3099080.71000006,41861.56000000832,1911643.0200004072,72216.15999998915,131119652.62995353
277.0,320.0,324.0,179.0,414663255.1000743,2680270.85999988,40374.000000008185,2027521.5000004063,74817.56000000086,133336871.15996581
353.0,339.0,180.0,228.0,486634897.010108,3047763.5299998396,41087.430000008986,2407734.0200004624,85296.28000001438,156483217.40996334
331.0,318.0,388.0,63.0,392291800.03002846,1551863.8899997352,36757.70000000869,2028604.5800006704,78030.34999999835,126263212.30996425
291.0,279.0,341.0,189.0,399961539.3700991,3119700.469999903,41739.120000006944,1854092.1300002958,72851.19999998948,128602750.1599605
378.0,40.0,281.0,401.0,257913059.87998027,4984366.729999459,37033.720000005575,361878.47000000806,24527.270000001776,82828632.809962
417.0,38.0,265.0,380.0,288261469.160023,5809431.570000285,39713.72000000438,365644.8499999796,25643.679999999506,92620669.42996235
280.0,316.0,207.0,297.0,456089851.9401702,4300631.269999738,45507.870000006274,2074184.1000001377,74256.5799999958,146510769.46996367
481.0,51.0,58.0,510.0,322916246.3800929,6354325.500000924,38392.9500000052,476188.7000000203,23335.639999996194,103687376.31994756
522.0,55.0,386.0,137.0,230522323.82999226,2194255.210000042,25718.770000003344,425139.239999784,30137.700000010616,74358482.64997794
438.0,495.0,52.0,115.0,598486150.7301165,2610455.1300000735,42531.51000001266,3226211.5299990587,106553.58000000601,192510928.4699046
775.0,71.0,80.0,174.0,292149503.7500127,2837663.3099996233,21031.61000000385,498366.80999971216,26290.399999997626,94245163.3699535
389.0,377.0,247.0,87.0,477362648.92004716,1929314.499999678,38174.750000009604,2498850.400000071,88089.21000000862,153596312.0199674
369.0,358.0,38.0,335.0,526061227.57022274,4634435.120000063,45342.57000000499,2414700.3200004073,80964.5200000058,169024544.24992532
479.0,464.0,49.0,108.0,585356794.0100758,2230856.4799996763,40312.950000011864,3201392.399999127,106637.32000000348,188309970.87991393
259.0,452.0,92.0,297.0,578087180.5502036,4253823.460000211,50185.62000000746,3007367.6800000123,100950.86000002464,185725439.88992864
333.0,412.0,84.0,271.0,567198920.4101918,3985749.1000001035,47696.830000007845,2932061.9799996843,97479.02000001489,182264847.56992084
287.0,380.0,103.0,330.0,525850798.7802448,4806156.150000183,48407.230000004674,2476922.950000332,84241.7700000183,168917972.7999447
194.0,338.0,345.0,223.0,442012661.69012094,3460407.2499998766,46632.11000000418,2231750.6300002374,81736.2900000179,142016341.79996863
210.0,367.0,75.0,448.0,515055432.4303101,6076322.080001561,52259.44999999619,2276121.8899999666,75662.47000000077,165294079.8599549
176.0,234.0,314.0,376.0,406019574.02019316,4992076.770000208,48641.18999999698,1677518.2699999097,64827.37999997089,130340863.35995196
219.0,272.0,277.0,332.0,428807723.0301634,4738622.560000132,47165.380000001234,1828656.680000086,68319.22999998619,137712336.27996212
297.0,279.0,75.0,449.0,483625944.16025245,6146301.440001645,49895.64999999682,1970351.7000000875,67457.09999998582,155227988.669942
274.0,257.0,346.0,223.0,386227972.4900796,3049164.9299997864,39875.850000008475,1716629.760000328,66730.62999997656,124182720.31995402
233.0,219.0,295.0,353.0,384628850.7301165,4779730.41999992,45364.310000001475,1499872.7399998095,57562.61999998669,123490204.8599574
354.0,164.0,380.0,202.0,310630588.7700351,3111331.979999774,36313.54000000809,1109936.5499995302,49728.46999999352,99916010.4399532
292.0,178.0,412.0,218.0,311900495.01001877,3168529.609999777,38445.42000000657,1182029.5899996269,52559.04999998912,100284065.4199528
393.0,61.0,422.0,224.0,240381239.04998514,3380388.129999474,33570.5000000069,502216.87999993167,32420.500000010066,77348720.01996753
437.0,202.0,213.0,248.0,377061706.1500648,3770445.7699995944,37002.24000000998,1366426.9899998722,54087.76999998771,121265379.98995401
402.0,186.0,430.0,82.0,301267666.58000666,1712517.1699998954,32021.57000000672,1239775.6600000388,55856.289999985886,97041918.8499542
595.0,92.0,291.0,122.0,263324343.48999727,2232740.479999965,24958.680000003696,614225.1699997025,34356.29000000345,84920585.85997128
436.0,266.0,280.0,118.0,394925420.6900537,1988854.0599997893,34771.300000009665,1882219.140000614,72946.91999999345,127123348.29996471
381.0,78.0,538.0,103.0,222489464.19999427,1917922.740000009,29556.550000003877,610924.8699998197,38586.78000000992,71712794.7799771
424.0,86.0,273.0,317.0,281016943.79999655,4034092.829999072,33562.48000000985,622902.2899998132,32421.710000003404,90364682.69996177
520.0,106.0,334.0,140.0,253397914.55999324,2324531.119999966,26538.69000000492,621762.6899997686,34880.46000000724,81679530.5299768
308.0,229.0,319.0,244.0,388946955.1101022,3791607.7499994785,41337.28000000419,1631826.9399998535,61768.48999997916,124995485.93995988
282.0,236.0,329.0,253.0,384082491.2300879,3896889.489999868,42849.95000000543,1622578.0800000422,63587.449999983866,123428977.53996071
321.0,191.0,333.0,255.0,346417025.5500673,3638148.999999502,39480.690000005234,1316446.6599998276,53952.33999998668,111361761.86995265
335.0,248.0,252.0,265.0,405218812.8600982,3596314.679999762,39862.00000000811,1717292.1000000597,63482.449999981494,130276314.74995942
324.0,241.0,335.0,200.0,380665074.1400809,3078840.599999857,39861.14000000709,1676980.4800002386,67020.80999997909,122410387.6899571
371.0,220.0,280.0,229.0,388526940.44008964,3525321.759999709,39559.4000000073,1595366.2200000733,62638.36999997981,124937759.65995662
324.0,272.0,277.0,227.0,410120935.2400853,3373643.419999785,40174.950000007244,1784938.7200002903,67421.66999997999,131865708.4899568
311.0,209.0,363.0,217.0,332249557.78003794,3171148.0699998154,38428.96000000735,1296269.7299998314,56092.52999998622,106847226.90995347
322.0,216.0,274.0,288.0,364641827.44005954,3755680.339999579,38833.35000000671,1389861.1599999897,55195.269999984666,117217389.95995295
341.0,229.0,291.0,239.0,370405606.65006214,3616453.159999558,39948.79000000561,1476625.429999963,58469.849999981605,119081328.39995228
546.0,356.0,188.0,10.0,455322551.8200131,1028173.8499997688,31147.390000008345,2320102.3300008406,82909.09999999934,146670165.32995105
500.0,386.0,204.0,10.0,452466883.669999,1041728.5599997122,30619.370000007853,2307197.040000846,81709.70999999087,145739111.24994874
437.0,504.0,151.0,8.0,576403007.0499972,1038773.2999995949,37694.23000001285,3334367.879998823,112523.39999999243,185523349.26991674
471.0,307.0,314.0,8.0,407675369.5000056,948328.9899997732,30898.28000000763,2035307.4900012186,76817.31999999048,131344421.16995837
346.0,225.0,119.0,410.0,428180173.4901881,5074530.060000411,43925.820000000356,1657881.3199999167,59922.81999998124,137525731.81996024
274.0,317.0,183.0,326.0,448263420.62014157,4272155.82999995,44186.82000000289,1996622.7600003441,72074.9399999997,144011560.54996172
277.0,214.0,219.0,390.0,410901005.7001609,5146674.570000489,45946.86000000029,1587588.4799999634,60125.109999980625,131939943.54995699
263.0,360.0,107.0,370.0,526859898.7802199,5090457.0300010005,51160.57000000334,2522300.6200003503,86674.46000001873,169181600.00994703
346.0,473.0,274.0,7.0,543138965.5000037,933990.3599996833,39786.38000001294,3212801.07999914,113511.09000001274,174801791.1299489
241.0,329.0,191.0,339.0,482395321.19019234,4710310.420000332,48142.34000000174,2216421.1500002923,78051.4700000184,154942377.73996207
96.0,435.0,337.0,232.0,504355609.9001539,3998942.5300003365,53525.330000004615,2747220.279999844,99081.92000003114,161962055.31998953
48.0,456.0,353.0,243.0,531592063.2301567,3819859.6400004025,55123.85000000514,3013984.249999844,106238.36000004836,170692375.3999789
130.0,197.0,458.0,315.0,339351051.92006767,4148907.8499992196,45868.150000001086,1369031.779999694,58556.74999997545,108961234.70995378
87.0,398.0,403.0,212.0,492469802.19012415,3369862.2500002794,51933.120000007075,2755898.739999685,100296.16000003714,158187764.5599978
103.0,468.0,362.0,167.0,517750672.27012074,2879406.3400000306,50605.71000000866,2993426.909999628,107538.33000003734,166363339.70998272
126.0,191.0,579.0,204.0,292593392.96000683,2767963.249999879,42332.640000004205,1298958.4499998007,59593.72999997833,94029943.74996197
46.0,445.0,450.0,159.0,508573260.0900883,2570571.6300000753,51500.39000000671,3040085.729999709,108061.72000005035,163391841.89000815
73.0,234.0,542.0,251.0,345293857.00010747,3850815.539999362,47828.74999999774,1565809.6799997094,64980.67999996846,110850073.8399641
58.0,185.0,562.0,295.0,299425475.0700191,4265376.999999135,47224.87999999961,1162619.6099995475,53256.38999998116,96061642.76995462
63.0,203.0,616.0,218.0,301478160.4400291,2884930.7499996945,44833.69000000362,1418824.689999812,64677.229999967756,96841687.09996156
139.0,24.0,170.0,767.0,311901572.04010683,9115278.32000078,53487.399999977795,285753.3600001891,17273.879999992936,99751107.6399474
430.0,17.0,118.0,535.0,293969029.8400293,7073228.1500014635,41815.869999999355,252686.5300000021,17558.679999995235,94289198.0399494
107.0,274.0,130.0,589.0,490798653.0303677,7748920.520003637,59452.64999998239,1934208.119999358,66315.52999998003,157344276.13995963
141.0,25.0,154.0,780.0,321011058.300131,9296492.570000265,54631.5299999769,330110.97000016295,18426.659999993477,102678711.75994621
421.0,74.0,514.0,91.0,214993423.85999367,1765213.5800000539,28150.15000000392,548605.7399998108,36186.63000000777,69328370.25998156
226.0,579.0,246.0,49.0,620359996.1400422,1333484.759999431,47401.020000015385,3888183.6299982,132488.23000001351,199505655.93993172
824.0,33.0,203.0,40.0,220199321.02999833,1222157.750000018,14776.650000001806,231518.82999985863,22512.840000001415,71255978.15000781
578.0,335.0,159.0,28.0,448480502.6300197,1284773.4699997557,29280.290000007695,2143644.89000113,76575.43999999251,144483738.10994372
358.0,208.0,88.0,446.0,418870082.23021257,6409223.770001453,47153.209999999504,1377539.3699994115,51295.26999998192,134439066.90995398
587.0,340.0,144.0,29.0,456223239.41002125,1281951.7799997763,29178.1400000075,2190377.2400013264,76373.60999999319,146971251.90994233
327.0,265.0,344.0,164.0,374584343.8100627,2694474.9400002584,38979.270000007506,1720670.9400004072,68080.81999998659,120479388.97996505
106.0,341.0,442.0,211.0,442914956.1301195,3361986.2399999066,49712.52000000378,2362895.3800000995,87789.55000002481,142268078.4899842
281.0,383.0,295.0,141.0,476876661.61007994,2591025.9199999394,42802.150000007736,2521232.3700002343,91390.19000001602,153343634.36998072
330.0,268.0,337.0,165.0,366426061.3300454,2805872.3700000877,38222.97000000907,1607751.0900003004,62970.00999997791,117848085.48995785
299.0,242.0,314.0,245.0,383015180.8200942,3356978.1399996877,39658.04000000769,1637521.750000066,63325.4999999814,123137224.97996444
262.0,356.0,267.0,215.0,454844396.0001108,3211151.4099999834,44062.910000006756,2278618.0800003307,82758.74000001869,146185291.42998296
95.0,307.0,387.0,311.0,426996967.9501268,4231716.729999816,49527.72000000055,2061243.0699999582,76037.57999999591,137079692.1299732
79.0,430.0,332.0,259.0,532590841.93017685,3805155.820000224,53797.41000000539,2990608.1499999543,106168.8100000541,171038080.2499932
88.0,478.0,358.0,176.0,523329220.35007894,2825479.5100003793,51251.99000001113,3057669.0099993586,109552.22000003835,168137590.79999715
80.0,434.0,325.0,261.0,515611039.5001572,3842310.500000279,52868.720000004214,2829885.2000000165,100053.46000003364,165577264.59997594
453.0,139.0,218.0,290.0,331707541.12008876,4331915.90999903,36560.8400000078,939267.3999993711,40891.77999999324,106653905.47995207
268.0,179.0,280.0,373.0,354270964.81012785,4690378.679999585,42465.850000001745,1242197.8499995396,50137.45999998492,113758337.9399624
389.0,275.0,187.0,249.0,442060598.73016137,4180837.8899993156,42077.22000000519,1871580.8500003084,68351.94999998873,142101754.65995294
457.0,141.0,210.0,292.0,324791341.14005494,3958028.139999113,33932.400000010435,909881.3999993836,39275.809999996745,104451649.87995131
414.0,127.0,199.0,360.0,342755970.3800754,4356536.199999286,36486.11000000857,1015528.699999362,42756.63999999495,110185231.18995088
363.0,255.0,167.0,315.0,439613259.30019677,4539056.689999708,42861.9100000033,1794474.7500003185,65409.009999980124,141278065.71994406
241.0,161.0,241.0,457.0,361648402.51015455,5798483.660000879,46473.329999997026,1151950.5599993302,46565.819999987456,116032869.61995779
201.0,308.0,210.0,381.0,471183570.17021894,5110209.340001072,50317.12999999976,2156811.0700002336,78441.81000000823,151276771.29996145
223.0,343.0,223.0,311.0,476771362.4101663,4125999.339999907,47940.830000003065,2334760.690000272,83166.8800000064,153146579.4499667
202.0,311.0,203.0,384.0,439189132.84018785,4863330.190000457,48040.1699999982,1942747.4600000419,69661.2899999898,140999452.74996838
201.0,391.0,470.0,38.0,439359827.6100249,1172420.1399997387,41231.360000010194,2577962.1699999035,95619.70000000997,141342741.65997577
372.0,317.0,380.0,31.0,402391827.84001493,1084625.6399998108,34711.700000008,2141792.9200007617,80534.32000000731,129551638.79996215
285.0,95.0,666.0,54.0,203345830.13999453,1418922.5699999237,32464.43000000417,712614.7899998097,45550.10999999042,65539792.059973374
203.0,395.0,464.0,38.0,441861798.6300236,1156870.5299996845,41511.30000001102,2614372.419999635,98778.61000001899,142151735.89997128
184.0,357.0,429.0,130.0,454169655.60005915,2279957.4099998707,45804.8000000086,2555761.6200000476,95628.17000002255,146012607.45997936
254.0,85.0,581.0,180.0,205613364.77998883,2735969.639999833,37034.040000004665,562581.3499999634,38768.35000001091,66134810.669962436
348.0,296.0,348.0,108.0,414477351.7000329,1852974.8999997226,36938.33000000829,2093101.610000919,78660.37999999203,133383769.45995712
444.0,65.0,454.0,137.0,233394411.46999145,2108310.5300000743,28434.02000000454,543568.2699998108,35066.44000000972,75253524.59997253
493.0,72.0,494.0,41.0,208505472.41999936,954666.4199999507,24836.490000002243,566408.3099997874,37640.08000000593,67344859.74999425
448.0,66.0,448.0,138.0,212260475.39999408,1708118.360000046,26639.60000000315,466650.7899998423,33182.580000012626,68480132.4699878
210.0,308.0,428.0,154.0,388032437.57006913,2468163.9199997867,42529.6500000063,1969308.9000002514,77215.39000001087,124764290.01996404
445.0,227.0,315.0,113.0,345591400.53003484,2032188.789999879,32001.780000008766,1448191.8200000925,60251.15999998857,111286368.29996605
234.0,220.0,475.0,171.0,329753659.31002474,2521587.6600000737,39889.97000000855,1517732.0800000397,65225.58999997495,106036200.28996846
260.0,379.0,272.0,189.0,493229468.82010335,2794272.9200000744,44107.55000000885,2623180.7099999324,92441.73000001686,158570210.24995956
141.0,206.0,287.0,466.0,409213518.41018385,5813848.390001366,51563.56999999476,1639058.8799997803,61666.649999978414,131259422.21996388
175.0,165.0,183.0,577.0,390344730.50023276,7273101.450002406,52321.769999988064,1178798.489999156,45684.3099999823,125113864.00994943
364.0,185.0,133.0,418.0,408495856.71017563,6046870.270001003,45950.83999999949,1354439.4699995997,51024.52999998297,131145579.08994433
345.0,114.0,244.0,397.0,337556064.5700667,5315569.450000237,41398.26000000391,906942.269999402,40546.16999999333,108412391.93995187
565.0,185.0,206.0,144.0,343761694.8500411,2161393.66999988,28395.330000007318,1263359.659999981,52044.61999998877,110746471.07995604
387.0,127.0,141.0,445.0,355200126.4901592,6037386.980000865,42962.13999999818,927657.1899993997,37635.439999993745,114008360.71995081
350.0,407.0,26.0,317.0,541307023.9002086,4257703.189999789,44304.53000000718,2574526.200000095,84579.60000000887,173956382.91991004
163.0,509.0,33.0,395.0,651166589.5803037,5352760.220001731,57958.649999999485,3500355.840000049,113970.47000004404,209047938.80990908
372.0,364.0,28.0,336.0,535783204.52024156,5072588.140000788,47124.26000000171,2420455.440000144,80172.88000000516,172123728.11992475
269.0,313.0,274.0,244.0,447200787.79011774,3394986.889999838,43239.17000000634,2153478.1500004027,78587.80000000865,143746674.1099704
398.0,463.0,30.0,209.0,578510668.9701697,3391058.7600001115,44070.24000000726,3016002.0399999446,98561.77000001218,185981933.08991447
312.0,306.0,318.0,164.0,423245345.9200863,2557424.229999669,40838.67000000579,2122222.870000418,78602.25000001301,136102340.59997356
133.0,416.0,363.0,188.0,487410353.8700984,2935550.1500001,48630.36000000742,2723084.9899999197,97583.4700000262,156605312.9999806
210.0,552.0,42.0,296.0,671358321.7602537,4438357.960000923,55924.70000000676,3751437.949999202,120821.34000002558,215645949.40987554
125.0,329.0,342.0,304.0,455406029.360174,4118540.6299994797,50199.43000000083,2292844.330000241,83443.61000003027,146235429.92998403
141.0,372.0,387.0,200.0,465628191.3101036,2977031.6400002125,47992.66000000835,2532611.569999887,93564.95000001564,149620963.29996938
298.0,86.0,460.0,256.0,239042271.71998733,3749834.969999087,36737.25000000452,513329.7300000007,32656.750000013937,76850582.38996157
29.0,115.0,614.0,342.0,254340795.57998028,4445508.749999134,47571.509999994996,838943.6199996296,45605.40999998786,81562008.59995344
252.0,244.0,388.0,216.0,347616442.010067,3222984.089999664,40042.39000000511,1466084.8800000923,60364.819999975814,111744931.90994968
496.0,143.0,36.0,425.0,367785341.6001556,5206343.710000227,36347.470000008485,969171.2699992243,38573.71999999126,118208109.32995377
352.0,101.0,542.0,105.0,221133574.6699952,1786278.2300000298,30567.27000000412,681024.2599998327,41077.41999999887,71261236.96997501
469.0,456.0,34.0,141.0,573727484.5600984,2673009.270000489,40315.45000001381,3006618.929999169,99549.34999999523,184546713.0398944
109.0,433.0,109.0,449.0,572800266.3103452,6664721.960002658,60182.10999999127,2741520.639999764,89438.1300000265,183753526.65993407
28.0,370.0,588.0,114.0,410307815.2300327,1844613.4299996013,46324.99000000943,2426540.0599999907,92896.48000002597,131866108.95997846
40.0,541.0,41.0,478.0,674158277.2504637,7244761.6600041725,67821.66999998564,3527495.610000628,114006.19000007119,216254128.50991428
56.0,754.0,57.0,233.0,809152062.3302656,4537365.380001737,67016.32000000449,5016615.820001285,160912.14000003086,259828917.83985174
14.0,370.0,175.0,541.0,564171374.1604052,7087584.720003198,64400.0199999855,2735547.530000592,91992.68000006503,180905394.83998176
242.0,293.0,138.0,427.0,466733752.08020633,5393204.500000863,49425.719999999164,2039174.8299999086,71187.21999999524,149811787.10996878
21.0,7.0,262.0,810.0,286569801.95002186,9816335.89999884,59380.80999996881,154792.94000001453,15323.91999999061,91505668.77994566
12.0,331.0,274.0,483.0,460023000.94027,6549118.490002187,58494.459999989274,2024853.4699994521,71936.5099999966,147474539.029978
16.0,437.0,206.0,441.0,564222042.7803205,5880484.660001802,59744.4699999942,2885318.3500000043,95653.3500000333,180998444.8699774
22.0,8.0,482.0,588.0,224016891.09996608,7204608.240001632,52062.4999999831,149678.09999999127,21558.149999999445,71602291.88994122
248.0,301.0,248.0,303.0,468747507.13014734,3966515.4600000125,46431.8600000044,2255942.5000002296,81615.14000001183,150597813.77997053
392.0,6.0,224.0,478.0,253108284.11997458,6136779.990000492,39268.83000000249,128846.35999995479,16916.849999993952,81209644.03995919
291.0,5.0,291.0,513.0,255173814.16996968,6623191.75000098,42952.4899999957,142013.91999995065,17817.25999999329,81811848.03995436
340.0,5.0,340.0,415.0,223873133.80997604,5221587.089999583,37813.93000000322,130593.3099999677,18960.679999997054,71863835.94997013
16.0,48.0,729.0,307.0,181913573.6099835,3999610.94999882,44581.06999999859,377476.4500000952,34665.45000001845,58321419.72994849
505.0,26.0,400.0,169.0,196633960.78999132,2600472.2199998694,27628.91000000409,211491.26999993616,24958.020000006283,63394348.129987344
13.0,256.0,585.0,246.0,351902931.00005007,3185730.8299999353,47531.07000000385,1786248.649999892,72709.88999998606,112983257.8099728
16.0,50.0,717.0,317.0,173898465.67998332,3619007.2299991455,43683.929999999804,388140.8700001057,35155.25000001316,55769727.2099533
12.0,36.0,535.0,517.0,236136943.48997402,6396042.110000949,50946.71999998793,373406.5600002151,29113.88000000747,75560644.10994902
10.0,202.0,441.0,447.0,368487859.5501442,6096512.010001022,54861.53999999249,1420418.829999257,57464.91999997339,118102819.65996082
428.0,22.0,323.0,327.0,232665173.54998258,4154912.529998734,33328.04000000905,250572.39999996874,23752.800000002473,74833881.39997125
379.0,131.0,300.0,290.0,303694367.95002526,3637058.909999263,35330.39000000845,927225.0099994242,42351.579999996575,97656760.40995666
452.0,156.0,341.0,151.0,301380227.4300121,2380114.2600000147,31132.420000007914,1050320.1499994453,48509.989999992606,97058058.23995963
384.0,133.0,290.0,293.0,310570391.6200433,3911979.8599993554,36251.240000006364,931234.7399994688,41953.87999999304,99847130.88996218
266.0,283.0,130.0,421.0,489478133.210286,5965576.000001663,51304.57999999492,2057643.1099999826,71795.17999999365,157138702.03995156
240.0,292.0,134.0,434.0,479342391.7802856,5766239.600001434,50924.109999993816,2069998.3999998495,71475.91999999441,153844684.47995716
235.0,378.0,115.0,372.0,536151878.71029997,5758195.300001069,52933.439999996786,2460690.959999922,81719.1500000013,172124496.2599362
270.0,288.0,114.0,428.0,472567811.2501976,5882643.660001196,49507.2399999998,1934772.6899997513,66161.98999997987,151679026.59994897
367.0,391.0,180.0,162.0,510182714.5801092,3123791.810000262,42979.63000000958,2604345.9700000095,91123.75000000716,164047256.58993325
317.0,509.0,134.0,140.0,600864394.8500845,2321059.3899999782,43991.89000001348,3426861.409999019,113084.86000000284,193209785.3299205
344.0,418.0,165.0,173.0,532207211.03012276,2865374.019999892,43912.98000000883,2832603.559999896,98126.44000002187,171123121.7099577
282.0,518.0,158.0,142.0,630492317.370105,2529672.3099998506,48423.170000011596,3653736.1799989296,122882.46000002518,202722161.67992866
215.0,394.0,103.0,388.0,531168818.1502011,4824107.730000892,49939.71000000411,2563678.940000356,87101.78000001718,170589031.87994155
288.0,528.0,139.0,145.0,625041832.990104,2626373.590000206,48818.31000001167,3644280.3499988117,122363.13000000933,200947952.18991256
515.0,202.0,338.0,45.0,348413762.24001586,1449670.409999777,30261.66000000646,1514982.9200005147,62971.8799999842,112266610.5999489
207.0,308.0,516.0,69.0,396549273.10003823,1572218.2499996452,41383.52000001044,2223744.0400004685,87638.07000000917,127555078.80998166
440.0,332.0,289.0,39.0,460883000.5900138,1205484.449999685,35148.960000010076,2468686.5800004476,91193.04999999936,148393092.12996778
401.0,157.0,507.0,35.0,270742414.00999767,1149879.5299998482,29260.89000000481,1068522.2599996696,52993.10999998429,87299608.29996523
412.0,161.0,270.0,257.0,338080936.62006897,3780558.5799994105,36028.15000000822,1130800.1299995729,47176.27999998965,108719920.98995286
302.0,228.0,382.0,188.0,548228764.4207954,8692466.530005258,72547.8499999243,2136850.430004288,135133.940000399,176300356.70999008
114.0,169.0,547.0,270.0,304815994.28004664,3816114.9399992963,45486.56999999994,1237693.7199995446,56631.959999980005,97869049.33995414
126.0,362.0,314.0,298.0,450443365.64013714,4390231.409999892,50025.15000000315,2174547.639999887,78867.26000000628,144627177.3599673
122.0,351.0,586.0,41.0,391760168.7900112,1140065.8999997254,42723.63000000843,2346261.2100000894,91184.53000002733,126000128.32997479
100.0,286.0,478.0,236.0,395158658.35008067,3360902.250000138,47738.14000000448,1995588.8000000173,77996.04999999583,126923858.99997415
179.0,538.0,2.0,381.0,658463591.0502586,5045666.660001592,56099.710000002575,3573609.799999987,113437.47000003136,211417965.7299016
373.0,424.0,2.0,301.0,562472242.0402235,4596088.03000053,46302.10000000424,2689746.390000192,86614.30000001362,180732971.459908
320.0,95.0,4.0,681.0,388646409.20027137,8668444.900002295,50423.419999983846,742705.8599994816,27636.729999991883,124547973.819941
139.0,419.0,245.0,297.0,538835037.700193,4382955.750000483,53531.83000000563,2866125.479999613,99497.5600000315,173035701.88996252
143.0,430.0,2.0,525.0,606044935.8303834,6706823.390002927,59000.43999999228,2923866.019999945,94724.91000003196,194449657.60989562
164.0,49.0,287.0,600.0,290628544.76003844,7302108.430001814,49087.60999998964,435992.35000017367,25254.949999998727,93070895.13995044
262.0,298.0,175.0,365.0,467434435.260214,4928804.510000471,48494.21000000098,2078892.8300000965,74871.42000000898,150116696.2299653
439.0,49.0,2.0,610.0,336735267.7001553,7626761.130001909,42441.48999999589,406590.47000006837,18033.75999999473,107991889.60994315
425.0,48.0,283.0,344.0,269004895.9199817,4524671.21999899,35843.44000000764,462721.8899999521,29075.080000007278,86480972.02995646
347.0,39.0,231.0,483.0,277474386.37998813,6505052.400000924,42274.639999998,283237.3700000275,21084.309999997833,89007047.62994847
228.0,248.0,220.0,404.0,416482281.6201993,5427589.05000076,48351.359999997636,1649872.2799997106,61377.41999997762,133683533.87996583
306.0,225.0,201.0,368.0,417852872.340183,4935464.770000427,45532.100000000406,1684097.4899998987,62571.079999976835,134185725.67996812
225.0,261.0,217.0,397.0,449875181.9102167,5243182.730000508,49188.849999998485,1927997.8899999284,70179.3599999878,144421774.27996573
183.0,199.0,394.0,324.0,353913806.13012314,4508551.08999921,45644.58999999943,1385596.4199995673,57585.35999997628,113633201.6199571
278.0,302.0,269.0,251.0,428932863.5201375,3731702.63999987,43547.86000000545,1969747.4400002412,73139.41999999706,137843372.2999778
211.0,245.0,454.0,190.0,358480467.62006694,3195030.8199999193,43223.620000005394,1615143.2500000927,68349.60999998388,115240547.73995206
289.0,213.0,422.0,176.0,343216370.0500515,2538046.2999998895,37084.50000000885,1466969.8500001102,62618.48999998043,110430638.59995545
360.0,284.0,236.0,220.0,432831565.030085,3189213.8500000453,39747.510000007605,1997816.6800005746,72841.0699999973,139170990.76996022
247.0,195.0,361.0,297.0,340614227.67009145,4408743.2999996105,43535.339999998396,1239195.5299996433,53512.17999998413,109402301.82995676
285.0,224.0,417.0,174.0,355349674.07006085,3032434.010000056,40718.19000000649,1538804.0400000985,64854.919999973354,114270093.19995186
340.0,352.0,335.0,73.0,468175202.2800382,1658109.3299996622,39598.54000000902,2567948.5500001414,93316.66000001498,150637650.9599782
41.0,491.0,466.0,102.0,558803473.3600605,1983248.6599992963,53486.88000001483,3578480.1499988246,128971.7700000428,179571518.36001682
336.0,360.0,331.0,73.0,427689951.0800233,1641526.8899996052,37719.820000009044,2250321.790000507,83741.02000000335,137639066.7399705
417.0,433.0,160.0,90.0,547414756.9400778,2119867.6899995133,41211.32000001209,2991987.5299995826,102687.04000000407,176098677.39994007
277.0,287.0,272.0,264.0,443697319.22013724,3749874.239999788,45584.520000005956,2129526.600000296,80088.4700000111,142578224.78996953
323.0,345.0,124.0,308.0,508366753.5102124,4568817.160000165,46972.210000003295,2373884.4900002163,81991.71000000939,163338667.67993948
39.0,463.0,171.0,427.0,595838300.4403437,6110259.400002205,62512.23999999518,3111616.850000098,104631.64000005365,191165588.249951
31.0,380.0,350.0,339.0,474921021.1402197,4468462.559999932,54233.15999999754,2482663.619999997,89321.14000003054,152427127.7699925
54.0,670.0,241.0,135.0,693773564.4101484,2902714.260000685,58658.35000001176,4373182.389999398,143626.7000000206,222877218.64994797
38.0,472.0,169.0,421.0,625747456.0603625,6303449.55000288,64621.189999993105,3334276.2400005055,111219.28000007545,200763623.5399507
374.0,102.0,75.0,549.0,369592259.8402225,7332569.560002308,46183.189999993134,792165.8899993513,32212.369999994287,118551052.01994646
229.0,122.0,90.0,659.0,387692834.8502484,8199069.3600030625,52423.41999998504,961284.0899991828,36111.58999999186,124205528.86995548
292.0,321.0,58.0,429.0,516385981.12030405,6088847.61000161,50822.86999999683,2186859.759999957,74049.24000000225,165792520.94994658
300.0,82.0,277.0,441.0,285892219.0200126,5121808.1299997885,40258.000000001484,607473.2799998778,31424.900000005702,91778428.57995963
456.0,124.0,91.0,429.0,356687199.3901135,5384530.480000345,38091.60000000713,922504.169999387,38394.04999999448,114601363.48994966
278.0,305.0,256.0,261.0,460285804.27012765,3705001.410000006,45575.4100000066,2209752.900000272,81210.91000001399,147927440.14997756
212.0,113.0,384.0,391.0,302884569.0600508,5272093.81000003,43554.899999999514,810184.9599995062,38422.04999999277,97187692.96996094
204.0,440.0,80.0,376.0,549401221.910286,5498013.78000126,52972.32000000098,2652534.1000001673,89390.55000003135,176374050.3799454
140.0,302.0,254.0,404.0,471180418.45023537,5850644.00000135,55015.60999999425,2120818.1299997647,77505.270000008,151189129.6199685
161.0,348.0,293.0,298.0,478704127.7601545,4166526.1100000017,49740.88000000242,2383010.0800003256,84186.15000002,153737974.59997487
83.0,393.0,366.0,258.0,473979353.8101245,3370753.3700001934,50346.210000004634,2585386.760000008,91903.64000001198,152232988.7899847
354.0,289.0,268.0,189.0,416031160.8400961,3233074.549999889,40380.15000000796,1898104.6400006984,71454.19999998678,133775315.75995149
110.0,158.0,488.0,344.0,295469344.290019,4596218.979999392,45908.869999997754,1005651.0899995251,46507.879999984,94802043.65994935
115.0,549.0,76.0,360.0,668943641.4803013,5360862.480002006,60870.419999997874,3713328.1899998803,120460.83000004907,214749005.93989784
101.0,480.0,446.0,73.0,560125334.8800565,1998869.9199992511,51421.300000013485,3507167.799998757,125723.48000004303,180038460.18999678
288.0,415.0,189.0,208.0,528345724.7101342,3651505.6600002963,46887.3100000086,2719073.539999678,91964.5400000168,169783085.20996618
536.0,437.0,60.0,67.0,569990893.0600412,1676414.7599994484,36508.64000001301,3058744.8199991374,103680.68999998986,183474787.4398888
517.0,127.0,392.0,64.0,274885200.58999574,1509265.1899999308,26570.040000004843,913246.1199995747,45630.71999999767,88657797.79997937
581.0,143.0,65.0,311.0,351999547.920094,4492104.82999909,32783.57000001338,883039.9199993528,36189.42999999658,113239013.17994176
742.0,183.0,83.0,92.0,382698765.9800455,2107814.5199998515,25172.280000007115,1381843.06000042,53700.96999999076,123355822.29993661
253.0,450.0,236.0,161.0,567881403.4101056,2671940.1100002066,48169.53000001234,3248601.3899995284,112339.34000002772,182554048.8399529
400.0,372.0,195.0,133.0,485948438.0901219,2578489.8299998017,39892.6700000098,2464441.5700004236,86869.36000001365,156306658.9699661
415.0,34.0,387.0,264.0,234419457.44998112,4210330.28999871,34473.510000006696,275064.98999996827,24418.980000006744,75402558.759971
152.0,270.0,581.0,97.0,346762256.14002126,1747230.029999785,40593.7200000075,1824704.9300002444,74888.7799999994,111529867.1799641
214.0,381.0,200.0,305.0,496305451.1601926,4499241.520000171,49702.09000000283,2434250.269999941,85178.22000001743,159392885.06996578
174.0,14.0,665.0,247.0,158229029.3199879,3394335.449999204,37640.03000000194,126396.56999997806,26151.620000014675,50837761.84996237
235.0,219.0,471.0,175.0,327886843.5900169,2333363.8499999964,38826.400000008165,1511415.3600000737,63947.3099999807,105450246.73996547
483.0,21.0,236.0,360.0,265523906.7799797,5024698.769999527,35175.53000000748,298454.4899999471,22890.150000001726,85355413.969959
326.0,14.0,652.0,108.0,141025275.53999427,1629086.2800000843,28706.950000002143,134066.24999999316,27804.780000016493,45526049.24997281
290.0,13.0,581.0,216.0,172554314.00998875,3037459.9699995304,33695.67000000663,157593.6299999707,25567.360000011322,55520648.149969086
268.0,329.0,263.0,240.0,464295328.7601221,3203432.57999982,43266.71000000639,2304442.660000052,82304.99000000981,149246787.59997603
319.0,309.0,247.0,225.0,462468327.8200728,3049286.960000381,41835.67000001001,2289723.760000379,81263.32999999395,148675041.2499516
305.0,223.0,299.0,273.0,374038863.30008733,3871427.0299994517,41741.07000000494,1521377.6399998614,59383.329999983616,120192459.18995748
313.0,383.0,124.0,280.0,526567467.8301714,4078943.179999935,46357.360000006214,2592352.149999864,88052.06000001858,169194039.3599533
254.0,312.0,249.0,285.0,448447375.22017145,4132621.099999414,46139.48000000238,2074899.260000159,74548.90999999187,144070954.1299625
338.0,248.0,135.0,379.0,452905520.3601805,5174464.720000425,45501.23000000304,1841849.8500000162,63738.51999998001,145445962.51995254
347.0,336.0,109.0,308.0,512960258.89022994,4569407.810000035,46654.280000003964,2390496.5300003574,83166.44000001335,164823436.07993084
339.0,197.0,263.0,301.0,366837020.0601022,4038668.43999934,40633.02000000392,1415199.2999997719,56397.349999984675,117881267.47995505
423.0,245.0,133.0,299.0,415983748.0601209,4163035.729999573,39136.00000000776,1638926.58000023,59739.7199999835,133711301.78995106
395.0,229.0,125.0,351.0,408199529.07016796,4880619.3600002,41371.01000000433,1473438.4599998447,55118.86999998289,131164606.7899602
556.0,65.0,257.0,222.0,264728656.54999104,3159722.7999994974,28733.43000000725,504911.9599998372,30339.380000006837,85277491.31995851
447.0,79.0,308.0,266.0,281726038.21999896,3558846.159999329,32204.82000000925,665174.2699996387,35339.85000000397,90667515.24996246
413.0,332.0,191.0,164.0,488913479.94009554,2679511.639999978,39297.08000000973,2422996.810000213,85524.07000000551,157269795.91994652
531.0,63.0,295.0,211.0,264773557.7799875,2882245.499999612,28508.470000006462,588447.5099997805,33243.03000000644,85298300.3899703
513.0,60.0,237.0,290.0,275328842.59999514,3739753.839999157,31337.620000008366,538537.6199998398,29860.430000005592,88612072.94996536
376.0,302.0,209.0,213.0,422321022.2201046,3446370.9899999048,39297.0800000083,1851260.0600003134,68031.4799999861,135792637.90995926
386.0,68.0,320.0,326.0,259911278.24998286,4273755.479998849,35555.200000007295,460831.1699999557,29161.63000000555,83560105.98996519
295.0,353.0,203.0,249.0,486941132.9301492,3971687.5799999945,46622.9100000057,2387562.1400001864,84646.12000001434,156461764.98996466
304.0,364.0,252.0,180.0,485527150.7501212,2785358.929999768,42201.57000000589,2524557.3300001877,88568.9600000139,156108966.5299697
284.0,340.0,236.0,240.0,474581769.80009437,3193156.6600002456,42432.850000007944,2331296.750000484,84018.5100000056,152578002.3899614
173.0,233.0,359.0,335.0,386840744.20013255,4703005.50999978,48000.860000000604,1625947.2299997688,64011.139999969506,124195052.88996373
60.0,262.0,402.0,376.0,391540758.81013274,4948504.450000175,51534.36999999823,1727458.119999614,67065.18999997851,125616379.12996507
197.0,115.0,407.0,381.0,275472780.8699871,5043292.49999968,43443.10999999839,677834.9399997628,35921.0000000032,88391995.22995535
253.0,341.0,17.0,489.0,528520553.56033504,6325335.290001928,52227.679999996566,2279187.410000146,76975.95000000566,169630899.85994175
244.0,329.0,505.0,22.0,401983792.4400186,985753.5199998349,39136.150000009104,2324686.0300004687,92278.69000001963,129375135.05996634
631.0,371.0,42.0,56.0,503118683.6500297,1461609.639999622,29937.990000010006,2472790.2300003953,85541.44999998888,162055382.64991635
187.0,819.0,40.0,54.0,860568557.5100595,1816825.1199988532,59796.83000002413,5754330.950001847,188306.63999996881,276615090.6198012
111.0,211.0,746.0,32.0,272264487.51999736,835054.8399999008,38403.980000005584,1517556.4400001317,70112.4799999847,87630083.83996122
117.0,223.0,25.0,735.0,483476217.11041063,9038387.360001566,60479.98999997874,1631625.2299991858,54303.12999997918,154868574.13995183
322.0,615.0,70.0,93.0,688318562.4700885,2240349.369999508,48474.41000001439,4124697.1499982225,135252.15000000075,221322468.10987014
192.0,138.0,330.0,440.0,324215772.2300792,5723202.470000229,46759.33999999752,936037.4699992931,42962.22999999194,104008103.20994839
10.0,166.0,396.0,528.0,319309753.0900763,6274659.140001079,51905.369999989445,979219.5599994299,42550.15999999217,102273330.0399559
202.0,87.0,347.0,464.0,290763864.7400186,5863530.550000507,45454.51999999688,660049.8699998779,33976.8199999982,93230437.7199594
183.0,132.0,365.0,420.0,319162466.9100528,4948489.209999548,44232.62000000062,1023953.0099993596,45453.939999989285,102422237.41995972
202.0,145.0,346.0,407.0,307573619.66004795,5506662.440000264,45749.06999999827,862152.6499996105,40885.9999999994,98669535.95995222
202.0,87.0,403.0,408.0,280531597.92999274,5157457.0999996625,43359.679999999986,663291.4699997548,35278.90000000162,90028149.41995962
10.0,166.0,459.0,465.0,312295428.9700569,5327378.220000294,49684.599999996004,1090813.5999995794,48333.92999998488,100084919.16996199
12.0,112.0,448.0,528.0,294686922.1200398,6763898.2400014885,54014.719999987574,757708.8499997279,39452.13999999647,94354318.51994585
10.0,100.0,460.0,530.0,281275728.79000753,7037692.660001751,54349.189999984126,615939.400000018,34787.169999998405,90018263.29995063
11.0,106.0,488.0,495.0,301535579.48003364,6187041.9000010025,53055.22999999008,914458.8199994912,44303.29999999141,96581919.53995305
483.0,430.0,38.0,149.0,543710641.0101256,2822222.930000246,38889.40000001197,2751527.420000026,91848.81999999937,174889726.85991105
360.0,516.0,46.0,178.0,655255929.3501344,3019966.8100005207,48366.10000001258,3709081.9699985897,122847.6300000036,210665789.19987386
509.0,394.0,40.0,157.0,540640658.8900926,2552949.879999944,37530.92000001158,2716796.6199997207,90698.06999999778,173951707.3699093
461.0,410.0,87.0,142.0,545191002.5400994,2365677.1699998574,38778.50000001272,2840773.8799998644,96806.76000000307,175410087.93990472
508.0,451.0,40.0,101.0,585978557.1600713,2072583.749999509,38557.72000001285,3150259.3199990755,104520.93999999625,188556885.93988016
509.0,394.0,96.0,101.0,515998834.20005226,2093168.2699995618,36548.35000001143,2668145.9300000425,93298.06000000017,166055972.86993027
360.0,516.0,109.0,115.0,610919861.0400971,2490075.400000104,45610.62000001324,3492848.319998995,117702.2800000087,196442698.92989522
408.0,509.0,52.0,131.0,631724773.7701104,2556200.889999801,44827.42000000952,3539557.889998618,117175.38000000999,203165894.9298859
361.0,451.0,109.0,179.0,608313591.5601369,3082401.440000286,47423.63000001152,3369680.389999222,114460.1900000155,195577750.94989777
383.0,478.0,116.0,123.0,567915906.9701015,2526325.0000001336,41097.2500000109,2997628.969999175,99052.94000000892,182685626.579916
267.0,224.0,376.0,233.0,384299940.3700846,3211548.8399997978,41792.60000000732,1734583.1700000355,67865.459999986,123542446.80996074
327.0,208.0,349.0,216.0,344968021.140075,3137956.219999626,39504.45000000633,1421408.8899998092,59804.189999974704,110924737.25995728
228.0,352.0,321.0,199.0,455905319.7701087,3034129.530000096,44833.460000007086,2331891.4900000542,85438.63000000335,146550212.7799643
257.0,217.0,402.0,224.0,339482497.8200735,3384071.6599995843,41694.680000003216,1425637.1899999834,60051.52999997353,109095296.46994899
277.0,233.0,391.0,199.0,363175711.9600678,2843525.1599997566,40084.020000005854,1632832.28000022,64591.14999998106,116771506.39995871
228.0,351.0,357.0,164.0,434960485.2000793,2800701.7099999213,42900.090000007294,2211160.580000215,82476.30000001228,139830189.7699773
327.0,208.0,387.0,178.0,355407659.96004444,2848059.3699999633,38282.93000000668,1509835.6300001463,62427.999999977015,114314912.20995511
291.0,340.0,311.0,158.0,459040269.0200853,2485995.339999864,42464.210000008956,2425457.910000177,89108.69000002166,147615034.63997483
274.0,320.0,325.0,181.0,447955880.19007653,2720930.070000265,41754.09000001014,2248560.2100005616,83430.160000003,144045173.94995967
283.0,329.0,335.0,153.0,438846674.0800568,2248586.2999997567,39567.09000000782,2247932.9900004202,80537.56000000406,141129370.00997105
63.0,783.0,250.0,4.0,787124879.8400038,1049680.299999213,59628.07000002791,5482034.600000521,189774.31999994055,253024121.5698942
185.0,691.0,221.0,3.0,719657209.6299996,1009487.1299994558,52378.080000021306,4778925.279999332,159672.85999996474,231401869.91990754
110.0,544.0,439.0,7.0,564631929.1400058,925054.4399996151,48102.70000001581,3690212.9899986763,128640.65000002728,181555684.52999273
59.0,735.0,302.0,4.0,716799245.9000072,1014657.9499993977,55397.63000002216,4869946.429999407,163708.9699999625,230426430.28994262
38.0,473.0,151.0,438.0,626189131.3803453,6223733.890003112,64163.06999999516,3342159.349999982,112181.55000005523,200909680.77993506
49.0,240.0,249.0,562.0,439885950.82028663,7696644.680003086,59887.86999998364,1650508.569999248,59505.47999997568,140951232.8299624
113.0,422.0,174.0,391.0,566397641.4803,5699808.930001695,57302.98999999385,2839851.0600003335,95109.92000004965,181799505.64994124
154.0,228.0,184.0,534.0,436985552.50026244,7248446.850002805,55539.859999987566,1586251.0499993465,58649.80999997732,140098534.13995984
273.0,404.0,418.0,5.0,452441280.0900079,895684.2899998222,39278.760000011396,2625833.8399996404,98665.80000002551,145625068.51996958
147.0,218.0,226.0,509.0,434702559.960251,6682572.31000225,53602.73999999243,1652093.739999522,60336.109999979235,139396300.9199649
54.0,222.0,351.0,473.0,387895110.27018,6268627.720001646,53880.15999999278,1479911.4199993482,59323.48999997529,124350445.07996504
280.0,174.0,275.0,371.0,358466882.56009936,5134054.509999899,43306.170000002545,1175136.5599994857,47004.36999998876,115105161.57995284
49.0,299.0,320.0,432.0,442172305.75020766,5496045.250000949,54406.07999999613,2031634.6899995024,74097.02999999799,141833912.60997915
68.0,280.0,153.0,599.0,488728205.2103413,7835124.860003479,61041.66999998268,1954436.9299993005,67543.29999998136,156640720.4299639
73.0,300.0,475.0,252.0,397885469.0701071,3861169.0499998163,50228.18000000308,1964467.5199999027,76590.21000000145,127747490.6399719
86.0,523.0,193.0,298.0,635323351.430219,4167664.6299999803,57028.44000000232,3648595.1799998423,119597.38000005434,204006072.04994583
443.0,275.0,150.0,232.0,441365823.6401357,3616531.749999828,38747.39000000879,1891771.970000438,67664.46999999038,141935441.82995418
321.0,295.0,316.0,168.0,423901012.0400584,2561275.699999898,39417.51000000981,2044827.7500004487,75420.0699999886,136338695.7399665
307.0,282.0,104.0,407.0,462814616.5201603,5029788.400000683,45198.49000000408,1923733.2700000545,66379.75999998211,148638780.57997435
396.0,363.0,134.0,207.0,524387578.9901561,3506283.139999935,44023.32000000784,2627935.050000259,91490.51000002213,168590855.47994897
297.0,465.0,108.0,230.0,573160679.7301494,3460043.5900004166,47081.66000000776,3085376.3999994416,101919.39000002059,184184847.22994322
136.0,558.0,129.0,277.0,640114204.050228,4364077.580000585,56702.01000000431,3612732.119999647,117630.01000003831,205571113.31992373
454.0,129.0,165.0,352.0,342515154.2800995,4848201.089999884,37663.56000000532,937081.3499993627,40327.36999999454,110077862.82995309
241.0,377.0,295.0,187.0,484650599.5400997,2929183.289999899,45084.19000000751,2562156.6400001887,91743.56000002417,155790640.68997088
251.0,394.0,91.0,364.0,548809616.8402666,4839171.340000656,50772.15999999985,2702080.9400002845,91020.23000002877,176252858.86995757
278.0,79.0,341.0,402.0,285044416.5800013,5122771.469999777,41401.08000000076,651239.8299998102,34242.76000000505,91498211.06996034
91.0,373.0,292.0,344.0,490546730.87018895,4582731.140000354,53103.69999999938,2503629.7399998344,88829.1300000219,157468468.2799827
170.0,126.0,161.0,643.0,387192220.82022935,7994701.900003161,53976.05999998654,1038717.1899992694,41277.08999998553,124051007.58996128
157.0,117.0,506.0,320.0,269432970.379984,4507416.529999079,44892.529999999526,815687.1799995955,42780.77999999003,86466891.34995157
126.0,93.0,404.0,477.0,279606854.44000906,5504362.480000095,45784.219999995505,690035.4699997555,35743.28000000226,89637015.049958
343.0,82.0,387.0,288.0,286753967.0800127,4013790.0299991677,37187.14000000581,762696.4699996631,39222.76999999611,92189500.68996146
223.0,95.0,448.0,334.0,261537841.98997912,4369375.889999162,42222.28000000193,687454.6599997565,39342.25999999765,83982592.14995869
318.0,156.0,359.0,267.0,318201519.08007026,3466365.2799992836,38113.90000000399,1111351.539999573,49025.699999983604,102317512.59994723
413.0,99.0,240.0,348.0,310651400.32005024,4923598.979999614,38360.84000000529,733211.4999996073,35223.99000000271,99819776.69995086
354.0,85.0,400.0,261.0,245618241.67998677,3554832.3199993772,33671.07000000754,516072.149999981,32392.850000007682,78990282.09996822
392.0,192.0,227.0,289.0,360323613.360083,4161756.7099992614,37996.70000000684,1232114.2499996508,49289.12999998882,115820148.73995641
292.0,124.0,301.0,383.0,327844372.5700512,4799449.8799998155,41736.01000000329,982491.329999472,44389.519999989476,105300173.13995886
212.0,185.0,425.0,278.0,329324509.00005865,3582084.4299995005,41675.03000000556,1317026.3699997412,56791.44999997777,105811670.1999592
250.0,218.0,258.0,374.0,396728736.7001696,5003752.190000187,45963.749999999454,1532400.4999997367,58660.119999979484,127391633.35995899
261.0,228.0,269.0,342.0,411058639.5101261,4691954.720000067,46454.30000000439,1707545.5199997965,65560.29999997524,132019204.22995478
225.0,441.0,294.0,140.0,540581080.8500973,2301798.2799998983,46442.230000011215,3130376.5499993796,109435.96000002707,173786967.14995572
454.0,326.0,217.0,103.0,438733941.90004027,1896344.4999996384,34229.63000000998,2154920.180000946,78894.84999999822,141224200.57996246
201.0,513.0,262.0,124.0,581757543.3800896,2296660.4999998016,48603.50000001123,3451739.4499993795,118338.5200000258,187017725.33996558
173.0,339.0,480.0,108.0,416511191.0700531,2085480.8999997103,43492.380000007615,2285706.790000285,86024.36000000847,133911228.24996516
237.0,465.0,310.0,88.0,504480305.0800409,1723364.9299995156,42003.48000001148,2894595.1099995556,100073.68000000634,162243263.78995395
164.0,420.0,455.0,61.0,478101936.65003425,1416102.539999607,45327.40000001138,2898125.0599996354,105572.2400000297,153740584.42999935
383.0,275.0,390.0,52.0,375389035.81001544,1373953.2699997711,34684.35000000845,1885849.3500007703,75221.60999999227,120865974.26996145
431.0,404.0,206.0,59.0,486968441.22004884,1655816.4299996127,36458.94000001189,2572911.870000043,91543.41000000353,156741919.3199512
346.0,324.0,351.0,79.0,443407628.05004334,1872327.6699996328,39136.31000000955,2329037.660000445,87844.65000002277,142680510.3299609
356.0,334.0,362.0,48.0,420943146.15001476,1418560.4999996931,37105.02000001047,2261033.3700004667,84771.32999999764,135473726.22996843
701.0,117.0,140.0,142.0,311797691.9900106,2470076.6999999825,24003.40000000457,811627.1099994935,36890.07000000047,100527247.12995018
832.0,78.0,94.0,96.0,287418985.2600143,1805550.0700000306,17871.910000003416,599603.6999995495,31143.890000000014,92820567.3399609
435.0,490.0,87.0,88.0,597167053.8800751,2041144.8399994008,41582.310000014164,3349430.2099988954,112248.40000000388,192109569.0098958
514.0,86.0,396.0,104.0,270886898.9399944,2228416.0400000755,30074.80000000784,853409.9199996,44365.78999999596,87278612.3399687
456.0,76.0,91.0,477.0,338180776.30010986,5879525.31000063,38535.47000000609,665533.3499996536,30687.4499999946,108646065.97994728
279.0,314.0,215.0,292.0,462415386.9101474,3791295.039999776,44577.21000000581,2185415.0000003474,79149.27000000919,148597489.08995777
518.0,49.0,226.0,307.0,276605897.9699937,4479854.989998909,33157.30000001066,425282.17999993224,26750.630000003843,88988642.52996191
469.0,300.0,53.0,278.0,493104077.3301375,4152213.249999959,41390.34000000831,2173475.730000653,75172.8799999936,158527871.05993605
502.0,321.0,219.0,58.0,424877789.8700256,1523937.73999971,31474.62000000906,2021224.010001247,75459.7399999945,136845291.79995015
413.0,263.0,180.0,244.0,418117668.4700869,3981102.3299996504,39747.25000000628,1697220.980000406,62409.91999998345,134416778.9999483
393.0,231.0,238.0,238.0,368509524.0500652,3554475.429999747,37725.65000000738,1418518.3699997298,56622.98999998733,118498460.85996106
185.0,299.0,307.0,309.0,452609153.34015656,4171243.2599998093,47767.150000003436,2152458.460000252,79178.7200000113,145372430.49997932
486.0,24.0,295.0,295.0,240407136.92998195,4319551.159998753,32575.710000010156,234191.1299999552,21949.469999999266,77330840.91997197
357.0,210.0,316.0,217.0,354080313.0800698,3064871.5499996636,38286.31000000742,1474688.1400001268,60785.55999997541,113871117.52995606
499.0,294.0,302.0,5.0,384892571.879999,892319.3199998576,29205.100000006263,1868760.3100011467,72600.30999998307,124032593.57994941
566.0,27.0,502.0,5.0,172206413.7100001,759277.3199999921,20404.510000000664,228969.43999984264,28039.980000012933,55746236.759993896
216.0,351.0,528.0,5.0,408389834.84000266,800711.569999849,40547.35000000959,2421120.7200000114,93549.48000002225,131425407.35997327
390.0,52.0,649.0,9.0,167128110.59999904,797376.6599999872,25775.910000002,408408.4299998773,35681.300000009884,54015283.26998359
210.0,28.0,512.0,350.0,204329326.73998246,4564477.979999111,39271.970000001646,202799.03000000014,25141.01000000674,65587742.91996699
306.0,41.0,746.0,7.0,126568045.78000018,614084.5200000075,27094.8700000006,231928.37999990897,32137.220000024572,40951062.15997772
459.0,207.0,216.0,218.0,388712956.6601017,3396558.9999996657,35698.00000000924,1485651.2400003292,57761.559999984245,125066642.01993865
105.0,321.0,336.0,338.0,444248525.170182,5300822.450000633,52876.55999999757,2013996.0999998304,72751.240000003,142549658.08997482
468.0,189.0,221.0,222.0,375863988.3600871,3529704.979999622,35705.0400000108,1388164.4000001685,55026.919999981954,120917455.23994239
525.0,237.0,89.0,249.0,424702773.2301554,3890497.5399994915,36231.01000000954,1640189.110000503,60207.19999998507,136607512.249946
484.0,218.0,228.0,170.0,382111906.65006685,2785641.9599998873,33385.7600000112,1535273.4700002717,59940.26999998685,122993856.26995552
571.0,232.0,96.0,201.0,410456625.6200828,3202426.0499998652,32668.33000001172,1592370.0400005267,59568.279999987564,132107900.51995112
145.0,443.0,166.0,346.0,595614538.9302379,4810130.630001019,56261.22000000245,3209261.52999979,108285.43000004008,191238231.96993336
118.0,324.0,377.0,281.0,429766378.8301478,4133918.2599995765,48934.260000002796,2090747.97999998,77983.59999999784,137989228.01996174
136.0,373.0,155.0,436.0,503893841.6102497,5569577.600001464,52769.389999999,2348555.0700000306,81438.95000001512,161699532.2599652
151.0,415.0,173.0,361.0,543580530.730216,5104449.820001242,54455.990000002246,2768424.1299997596,93743.37000002389,174491665.01994807
94.0,331.0,337.0,338.0,434772219.9101803,4524434.249999908,50094.930000001004,2074659.8899998784,76391.60000000769,139552139.55997646
213.0,292.0,297.0,298.0,431311716.92015904,3975169.149999178,45590.50000000271,1992006.9400001853,73413.27999998965,138556299.91996062
95.0,322.0,341.0,342.0,485521543.4001841,4381194.040000052,53345.37000000402,2517396.1299998346,91701.49000003064,155877791.55997136
102.0,360.0,270.0,368.0,486537550.1302263,5060450.170000764,53785.649999997186,2354781.819999886,82628.0800000212,156156721.42998505
97.0,342.0,349.0,312.0,442144666.8601331,3941433.9399998398,49842.520000002434,2241750.269999935,82621.45000001752,141954065.91998124
107.0,363.0,284.0,346.0,481069154.92019266,4645718.890000382,52256.8600000024,2416408.3099999703,86447.44000002531,154421033.88998425
237.0,324.0,243.0,296.0,463294887.9201616,3967683.68999979,45682.64000000334,2225898.8900004807,78971.45000001245,148833881.90997085
222.0,292.0,309.0,277.0,430216454.4901723,4356204.54999955,46949.10000000076,1946216.8599999952,71742.84999998887,138182537.62996563
233.0,305.0,238.0,324.0,462430486.5802147,4793217.15000012,49300.59000000063,2108167.3800001815,78039.18000001073,148521816.13995656
240.0,315.0,246.0,299.0,458437980.9701783,4153792.1799994116,46369.19000000189,2158574.130000377,77371.82000000667,147265630.36995515
167.0,139.0,275.0,519.0,332121723.2401323,6327920.780001309,48063.999999993226,905276.0299994545,39793.649999992565,106472106.73995665
166.0,139.0,275.0,520.0,338834799.2201561,6359333.180001177,48794.36999999174,969860.5799993481,41069.34999998871,108623965.26995423
96.0,548.0,158.0,298.0,733657812.3207101,7335096.900008008,77615.42999991463,4224899.299999595,159288.12000010084,235505760.80977166
163.0,136.0,294.0,507.0,341132516.33014786,6714116.170001362,49937.38999999,934843.6899992656,39983.27999999285,109315847.02995102
162.0,135.0,267.0,536.0,344699009.7201613,6818210.390001508,50409.48999999111,932173.3499994623,40016.96999999412,110489860.36994743
93.0,531.0,168.0,308.0,623307244.2803187,4910381.8400005195,59295.14,3452950.7100000717,114158.97000005982,200118204.36995018
157.0,132.0,286.0,525.0,356362709.19018006,7250268.5400021225,53681.729999988056,999567.3299993298,42437.84999998544,114198144.1499481
94.0,539.0,155.0,312.0,630860182.170276,4670466.800001053,58890.83000000416,3587123.2299995637,120768.1000000556,202547188.33993885
94.0,541.0,171.0,294.0,632386587.3502121,4463791.850001051,58095.12000000593,3590187.6399995065,118543.45000004515,203056375.9299477
92.0,532.0,168.0,308.0,637750505.3602358,4472027.840001047,58744.30000000901,3647436.5699991733,121124.51000003383,204778743.54994193
346.0,331.0,404.0,19.0,421019553.0900063,981241.3899997817,36773.79000000959,2363340.8600003626,90184.74000000418,135527232.4099671
346.0,331.0,404.0,19.0,410595634.8100142,1034677.5199997957,34997.860000009816,2185809.880000804,83859.0299999991,132213643.11996385
374.0,270.0,436.0,20.0,372196965.68999755,947470.7699997633,34439.27000000734,1952976.6000008127,77509.89999999781,119855728.71996108
342.0,327.0,413.0,18.0,417611308.0400139,1029462.6399997572,36481.04000000778,2292917.6900004097,86589.63000001309,134437338.46996704
341.0,326.0,397.0,36.0,396123605.68001336,1179222.3499997128,35295.84000000872,2070123.5500009167,79668.23999999969,127537655.89996533
363.0,262.0,437.0,38.0,370079710.61001205,1264384.299999795,35097.620000008195,1868581.4700007497,74993.72999998929,119166172.96995729
336.0,322.0,406.0,36.0,380072872.84001815,1201067.9399998083,34739.58000000857,1946694.3900009175,77106.89999999659,122384817.67995545
367.0,265.0,429.0,39.0,347230627.94000417,1214479.8299997353,32949.3800000078,1678916.6900005452,69408.00999998568,111839630.02996002
368.0,266.0,446.0,20.0,358495910.47001845,1072147.9299998458,34243.92000000808,1845422.8800007515,75960.85999998898,115453063.88995863
362.0,262.0,438.0,38.0,363532014.7000124,1230736.6399998132,33458.970000007605,1768798.6100006914,72286.9099999894,117095054.36996019
475.0,203.0,17.0,405.0,423490782.8301736,5622779.000000829,41152.75000000652,1395453.7099998877,50390.53999998773,136038500.1099417
474.0,203.0,18.0,405.0,435085280.4501741,5367814.700000634,40730.430000005144,1512742.660000054,52769.41999998507,139783939.37994277
513.0,131.0,19.0,437.0,378642780.71016115,5867617.060000659,38631.71000000571,956607.4499992441,36067.7699999923,121628301.62994178
469.0,200.0,31.0,400.0,412474122.4801853,5128418.130000355,39011.23000000442,1372437.0899996532,50573.55999998728,132556995.77995016
607.0,259.0,23.0,211.0,437522954.7901058,3099743.2299997513,30974.150000010464,1700497.9400007613,59608.289999988214,140842596.0499306
659.0,168.0,44.0,229.0,372723499.590114,3370744.069999383,29151.79000001005,1189935.3499997302,46574.23999999168,119997187.13994254
597.0,255.0,40.0,208.0,432063882.5900953,3261469.1599998414,32735.980000012765,1711348.490000476,62111.019999986056,139041037.61994687
670.0,171.0,25.0,234.0,388049775.33009714,3352174.139999593,28511.990000010355,1241620.8599998613,46913.57999999204,124949788.36994937
505.0,129.0,34.0,432.0,364140189.11013806,5703625.9400006505,37646.790000005734,860930.7999994578,34711.09999999378,116995845.47994597
658.0,168.0,44.0,230.0,375992512.7000945,3648320.9599993345,29718.94000001041,1125374.9199995946,44971.52999999299,121067864.47992961
218.0,460.0,275.0,147.0,523623108.83006936,2469108.060000097,45945.80000000999,2946972.1299995575,102790.95000002054,168336785.84997025
217.0,460.0,275.0,148.0,555649019.6100787,2517789.0600000303,46600.270000009245,3179533.719999405,108246.28000001558,178617422.04995582
235.0,409.0,297.0,159.0,510960332.2900973,3039031.7000002638,46827.09000000932,2744576.829999826,97681.91000003103,164248274.34997866
215.0,454.0,285.0,146.0,564682535.1401136,2695085.2900002357,48559.35000001111,3255122.7999990545,111868.97000002667,181496878.49996623
174.0,368.0,220.0,338.0,522337713.91022015,4811045.2900007535,53237.390000002764,2639375.6800000756,92246.74000002746,167719214.99995905
183.0,318.0,243.0,356.0,479145829.5202013,5316774.890000957,52318.0000000002,2183646.060000016,78006.11000000656,153810110.25996804
172.0,364.0,229.0,335.0,483783631.9601961,4979987.030000643,50860.140000002466,2283319.6699999534,79449.48000000237,155316012.34995592
184.0,322.0,234.0,360.0,475996383.5502361,4745411.220000002,50111.42999999934,2257114.4300002907,79748.56000001931,152822044.18997496
231.0,404.0,308.0,157.0,509269529.8701186,2897720.280000144,45722.37000000924,2741133.399999786,95645.41000001112,163708507.98995796
182.0,319.0,243.0,356.0,461580250.07017994,5148396.810000635,50888.53000000085,2105197.279999869,75502.55000000619,148167893.7699766
174.0,156.0,530.0,240.0,284173877.2300058,3260681.4899996254,40995.660000004646,1066700.2299994898,51701.499999979205,91330646.08995506
173.0,157.0,530.0,240.0,279447359.94999766,3153397.4099996802,40415.78000000439,1067096.0799995714,50847.22999998527,89800174.02996194
132.0,382.0,404.0,182.0,456513060.190108,2761900.2199998596,47059.7900000071,2485227.879999995,90845.62000003917,146706984.17997795
281.0,254.0,176.0,389.0,439325733.6601828,4759267.820000012,44775.72000000055,1838516.9600000621,63503.31999997981,141089376.5899581
171.0,154.0,520.0,255.0,283181151.5300035,3175693.4199997988,40583.55000000449,1091610.7199996314,52396.18999998342,90995204.83996168
183.0,528.0,115.0,274.0,633505142.3702414,4271572.430000162,55090.05000000309,3522062.130000023,114861.690000039,203474391.1299254
272.0,247.0,171.0,410.0,419487067.89016336,5194025.650000341,45471.55000000266,1645637.669999649,59077.77999997996,134670749.81996468
130.0,377.0,398.0,195.0,462929982.960114,3058303.4199999403,49060.05000000489,2552818.9699999546,94309.49000003276,148728376.76998878
185.0,540.0,117.0,258.0,659979692.2801751,3788466.8200004706,55027.71000000839,3819612.129999117,127665.50000003286,212045162.99990156
182.0,529.0,115.0,274.0,620021325.690218,4215634.520000412,53800.050000006246,3418025.7499997043,111188.20000003386,199147346.1399323
304.0,293.0,156.0,347.0,461869079.6402412,5068992.630000287,47185.12000000084,1983185.0800001319,70733.48999999791,148338658.4699513
304.0,293.0,156.0,347.0,460542901.6402218,5057125.820000207,46675.31000000055,1942709.9400002325,70008.72999999863,147932043.77995268
354.0,160.0,182.0,404.0,370165195.64013714,5740868.780000659,43729.339999997515,1082507.6199993421,43163.45999999064,118853154.91995046
277.0,267.0,239.0,317.0,421323266.8801193,4021424.1299999123,43348.92000000681,1811187.310000334,68753.52999998817,135392094.03995827
301.0,289.0,154.0,356.0,448727383.07022226,5153282.710000261,46270.95999999847,1825394.7000000477,64064.04999997932,144116733.289952
314.0,142.0,271.0,373.0,321860748.1500637,4674046.829999419,40270.41000000278,933068.6399993915,41768.1199999958,103390079.56995277
274.0,264.0,236.0,326.0,421975081.1301768,4578349.819999711,45709.6700000013,1796278.2300001283,66956.47999997811,135534796.6599614
349.0,158.0,179.0,414.0,366964018.8301411,5477550.870000461,41820.610000002234,1076002.7799992505,43279.969999990535,117849838.02994807
318.0,144.0,274.0,364.0,325732955.1000522,4630759.769999523,40221.20000000575,987789.4599995043,43439.699999989745,104620516.87995683
314.0,142.0,271.0,373.0,329852361.26009744,4655793.049999329,40292.97000000485,995062.8499992713,43014.26999999046,105961255.14995816
434.0,15.0,523.0,128.0,173004611.70999107,2194086.50000009,27680.79000000371,149017.96999995923,25270.330000009188,55817289.14998131
434.0,15.0,523.0,128.0,170705752.12999633,1881343.3300001174,26568.23000000251,155465.01999997968,26339.970000016678,55112078.60997639
408.0,82.0,490.0,120.0,223841023.94999355,2035104.640000036,31268.630000006575,653943.4799997334,40193.44000000414,72121434.46997584
518.0,18.0,412.0,152.0,199237533.04998997,2623368.509999824,27224.340000004497,202776.49999994738,24664.560000006153,64246024.7999862
314.0,11.0,377.0,398.0,227542662.07997668,5315193.249999649,39630.65000000201,177228.61999999871,20791.209999999577,73004511.2299666
336.0,68.0,268.0,428.0,293412506.520019,5204169.169999585,38532.99000000606,575022.8099999418,30007.940000003848,94228132.06995295
354.0,12.0,283.0,451.0,244537735.21997377,5738694.740000149,39142.39000000176,162548.5299999985,18650.52999999601,78479006.55996193
299.0,60.0,360.0,381.0,265117624.09997925,5007123.729999654,40007.76000000226,496330.96000002103,30565.310000007412,85133808.92995332
479.0,97.0,383.0,141.0,254820886.38999176,2222792.989999987,27826.20000000544,651550.5599997364,36972.800000009054,82143737.44996877
336.0,68.0,268.0,428.0,287935711.5000227,5932847.750000447,42766.16999999872,516836.290000093,28610.72000000142,92393935.27995297
38.0,411.0,126.0,525.0,572865482.380391,7455594.290003642,64475.48999998697,2732439.1400000737,91616.14000004527,183679657.34996215
37.0,412.0,126.0,525.0,588035410.6903118,6474088.260002542,62213.06999999835,2980234.5899995486,99385.62000003111,188611020.51994345
36.0,454.0,118.0,492.0,613626361.1204648,7435124.4700037455,66555.18999998165,3042769.830000585,98913.73000006229,196785951.8599342
24.0,264.0,476.0,336.0,394122396.09014577,4413731.059999656,52318.68999999896,1897655.2499996684,75737.1800000116,126468523.21996887
57.0,619.0,190.0,234.0,686446709.5001793,3822056.8400007742,59591.02000000883,4167157.2099991133,137194.740000035,220459034.24992147
29.0,375.0,575.0,121.0,433698462.0900648,2006406.5199996044,48867.21000000946,2621289.269999761,100425.87000004295,139368165.19999477
30.0,336.0,607.0,127.0,381316428.25002545,2116391.599999737,46980.760000007926,2182623.8200000846,87133.40000001069,122532888.68996648
50.0,664.0,173.0,213.0,748490500.930191,3563212.5600008667,62845.630000010984,4712156.280000118,155792.6400000105,240408089.65989554
22.0,298.0,457.0,323.0,400089275.48013574,4314329.379999626,52063.50999999746,1944767.8199996455,75575.62000000264,128390395.80996698
28.0,375.0,576.0,121.0,423772967.25008243,2334148.7899996904,49544.300000004536,2489172.230000069,95757.31000004684,136171286.5199792
22.0,191.0,306.0,581.0,368362969.66017187,7349875.990002142,56078.98999998548,1171599.9699992833,46404.779999986305,117959585.80995676
379.0,128.0,205.0,388.0,335335408.0700739,4904151.949999734,39136.75000000579,940291.1799993789,40489.58999999271,107736618.58995171
17.0,382.0,242.0,459.0,532110969.4403024,5991957.370002194,60638.22999999389,2695892.8100001067,94094.25000005083,170674237.69997334
21.0,188.0,320.0,571.0,386588478.00022405,7248602.40000231,57261.91999998425,1342473.319999175,52052.459999980194,123834682.5999589
41.0,364.0,584.0,111.0,408768796.52006876,2060999.1099997559,47445.96000000592,2390874.190000185,92321.41000003902,131363115.31997213
27.0,599.0,402.0,72.0,626646787.2900586,1793306.9899993087,55099.16000001658,4114360.089998759,141449.9200000192,201375551.3200069
546.0,184.0,313.0,57.0,321041705.98001707,1412634.8599999156,27258.980000005304,1244338.0000001197,53273.61999998747,103503578.9099547
440.0,376.0,238.0,46.0,486014499.02003413,1507520.219999665,36563.3400000103,2600877.8200002154,92213.85000001293,156438893.4399561
318.0,272.0,183.0,327.0,433032296.6602003,4976927.930000286,45196.72999999884,1737751.5100000012,63002.839999977026,139088617.6099596
435.0,371.0,249.0,45.0,491206063.7500292,1633865.3999995734,37946.63000000985,2674056.1599997086,95381.33000000076,158078448.5599691
222.0,327.0,399.0,152.0,408481604.8600672,2620782.9199999804,42721.850000006874,2075224.050000549,79655.66000000304,131336761.53995535
154.0,352.0,430.0,164.0,453113582.2200943,2493041.5699998834,46624.37000000781,2527552.0700000576,93750.65000001986,145625637.19998485
283.0,117.0,507.0,193.0,252117832.68999013,2858092.379999912,36746.430000007036,811841.6999997045,44397.86999999104,81101289.5599668
220.0,324.0,406.0,150.0,461463186.66007525,2578351.03999993,44717.25000000918,2506223.3700001123,92858.99000001745,148357365.77997908
205.0,301.0,368.0,226.0,426587164.3601132,3486271.6800000477,45707.21000000499,2088861.8200002962,78711.44000000617,137062894.08996993
252.0,104.0,466.0,278.0,269776083.4799829,3719309.799999408,39593.26000000649,826683.8399996746,42991.739999994854,86683113.24995711
140.0,320.0,401.0,239.0,426574100.65013045,3903145.0899997484,49425.18000000214,2110118.680000172,80848.7500000197,137022095.84996775
179.0,115.0,499.0,307.0,275130394.9899915,4430948.789999095,43693.23000000219,821302.7499995905,44223.08999998752,88337745.30995348
197.0,127.0,566.0,210.0,277016998.2200021,2983494.1999997515,39029.7500000044,1033308.1599995774,49853.719999990775,89052298.11996281
177.0,113.0,507.0,303.0,282175774.340018,4287573.099999133,43665.870000000534,916781.3099995549,46951.0099999885,90606235.55994977
526.0,23.0,138.0,413.0,265784482.40998465,4896497.659999371,31882.280000011324,245368.48999995948,19573.3099999971,85456814.45996435
108.0,40.0,239.0,713.0,288722669.0200322,8203718.50000251,51781.95999998373,316886.75000019715,19953.459999996012,92337865.27995086
415.0,249.0,110.0,326.0,429428754.0301658,4434612.649999653,40318.19000000522,1714398.750000174,61758.14999998508,138013379.92995226
517.0,23.0,154.0,406.0,275160257.9999881,5561000.259999885,34541.93000001024,228468.00999994937,17697.76999999622,88405369.07995239
463.0,20.0,122.0,495.0,284164680.73000616,6480689.460000784,38205.540000004294,210533.98999996675,16124.969999995048,91204867.40995571
371.0,222.0,111.0,396.0,413010257.5001814,5390139.300000574,42791.59000000521,1444014.6699997105,52420.04999998353,132649497.34995756
85.0,31.0,215.0,769.0,303611601.9400917,9032770.40000104,54906.15999997729,311656.2900001891,18822.319999994477,97052547.46994723
64.0,322.0,141.0,573.0,499521260.3003516,7392032.940003248,59688.08999998596,2115948.599999378,72445.07999999601,160116979.24996555
72.0,367.0,182.0,479.0,537152633.2603185,6879687.380003152,61074.95999999131,2504412.2099997606,85806.23000002356,172272038.24995905
63.0,316.0,157.0,564.0,504927054.750344,7477844.410003182,59822.00999998722,2139930.9299994186,72909.52999999825,161849004.68995363
190.0,359.0,474.0,77.0,417502308.83002037,1669572.8699996218,42594.03000000952,2365563.5600001705,88675.09000001031,134267371.60997188
335.0,302.0,399.0,64.0,362095452.89002484,1558602.849999908,34789.67000000699,1766882.760000576,69705.49999998936,116565125.80995204
150.0,515.0,375.0,60.0,549852744.2700424,1621607.8099994478,48314.62000001413,3408380.5299988627,120757.31000003291,176788240.97998208
187.0,353.0,485.0,75.0,417718958.87003535,1641350.8299996948,42687.67000000808,2362885.9900001455,91544.77000002486,134353068.95996523
167.0,316.0,418.0,199.0,440481019.95008904,3137541.260000288,47016.27000000772,2290742.159999988,84391.51000000205,141534560.92997283
134.0,459.0,347.0,160.0,502255059.57008946,2704494.5800003377,49035.670000010585,2884591.579999467,103634.80000002876,161396384.75998342
297.0,267.0,367.0,169.0,371008299.3000303,2605954.400000254,39106.080000009024,1695002.0300003877,68396.16999998405,119330130.47995561
250.0,410.0,298.0,142.0,513984817.96009654,2637633.069999951,45851.63000000938,2858691.0999997435,100510.46000002853,165226039.6299881
270.0,443.0,335.0,52.0,492626391.91003615,1515101.1699996998,41797.470000010515,2825299.9599997494,101555.15000001204,158478790.48996484
248.0,405.0,306.0,141.0,496153140.9400846,2607072.689999918,45798.44000000959,2748007.969999954,98597.3700000204,159493460.47997317
274.0,107.0,558.0,161.0,223296025.2799905,2322025.5400000187,34525.13000000667,682174.3599998197,42117.3599999991,71876949.81996995
406.0,90.0,469.0,135.0,222687256.83999375,2140913.8900000374,29611.59000000476,541143.0799998402,35766.87000000708,71775899.24997395
216.0,316.0,441.0,127.0,429636344.4800761,2539198.6500000213,44028.08000000804,2244296.5600003507,83729.13000001194,138133439.90997216
490.0,192.0,130.0,288.0,379230997.4901396,4334547.009999232,36221.100000007544,1235371.5999996632,46914.45999999076,121948163.15995075
190.0,74.0,387.0,449.0,285865802.8300149,5919284.34000049,46306.05999999539,613939.479999817,33300.150000006484,91672178.88994737
216.0,316.0,57.0,511.0,503042084.20033735,6854119.610002268,54045.59999999393,2060175.9199998518,69436.28999998425,161377447.62993875
406.0,90.0,61.0,543.0,348246349.64014184,7220194.910001667,43846.13999999694,645850.2299997688,27258.339999995293,111686154.18994932
254.0,211.0,294.0,341.0,387760497.7501248,4942491.970000134,46068.240000001584,1506034.6399997985,57717.54999997787,124505999.63996087
476.0,394.0,72.0,158.0,540054061.6001172,2920266.0400000564,40090.020000012315,2749708.989999926,92968.80000000463,173705721.84992245
331.0,275.0,50.0,444.0,472492254.51025146,5979872.460001667,47392.38000000019,1828362.1800000693,63059.48999998057,151700398.20994672
379.0,275.0,138.0,308.0,441127023.4801314,4082984.9799997765,41104.09000000557,1879789.1500002914,67672.7699999868,141781880.63995647
123.0,372.0,187.0,418.0,510821738.630255,5605394.940001356,55157.24999999704,2433465.229999925,85292.03000001963,163941642.72995716
482.0,50.0,176.0,392.0,273591412.659988,5216439.219999791,35022.13000000748,340748.3299999623,22004.67999999948,87917496.56996055
342.0,249.0,230.0,279.0,416537201.6601586,4324383.819999363,42266.55000000348,1686127.670000267,62283.49999998183,133863072.74994646
423.0,307.0,154.0,216.0,465011261.4401214,3627189.809999778,40027.10000000828,2072433.4400007576,72867.36999999505,149529107.7699459
482.0,50.0,323.0,245.0,239698395.81998768,3414331.259999481,30469.200000006906,396825.9999999167,27879.590000006283,77156156.58997187
123.0,372.0,344.0,261.0,478700974.4001358,3849127.6900001853,50313.0700000034,2489558.209999817,88781.9900000281,153735544.3499654
217.0,94.0,329.0,460.0,291358243.7400241,5822681.360000645,45016.58999999821,668985.9899998251,33886.45000000123,93431764.55996293
144.0,63.0,403.0,490.0,257767295.60997277,6478881.900000908,47933.62999999077,389576.7000001449,26576.950000005603,82557033.4299475
173.0,75.0,484.0,368.0,249598545.50997874,4880274.269999484,43416.88999999867,555106.8400000408,33821.41000001054,80077772.6499549
338.0,211.0,299.0,252.0,373690535.09009945,3838875.989999441,39470.590000006116,1430435.2899998843,56369.88999998457,120138545.52995925
264.0,231.0,328.0,277.0,346220426.010061,3477060.2899996056,40093.53000000561,1394469.3199999884,56868.06999998244,111268578.81995365
349.0,183.0,308.0,260.0,326058495.6800571,3681575.9199994737,37902.96000000621,1133656.7999995213,48827.619999991075,104826830.20995872
378.0,235.0,206.0,281.0,375018029.40004736,3561603.3699999438,36482.490000008445,1422752.9500000796,54467.88999998413,120590088.9399542
389.0,242.0,344.0,125.0,363084825.05004126,2229881.0499999835,33863.320000007756,1570736.1700004188,61535.71999997836,116871418.71995124
460.0,241.0,251.0,148.0,392657645.2600599,2572529.859999834,34587.07000000975,1659609.0600006108,64572.13999998026,126384380.90994395
356.0,311.0,272.0,161.0,441239424.0900982,2531912.3099997584,39392.52000000866,2180449.6500005447,81065.73000000347,141924074.2599679
321.0,236.0,398.0,145.0,345551374.4900504,2337059.489999813,37074.160000006705,1547448.530000286,64788.539999975204,111175312.29995663
310.0,228.0,238.0,324.0,413344368.1901371,4309297.629999582,42751.02000000529,1677975.5200000687,61989.65999998277,132820885.42996036
372.0,274.0,285.0,169.0,391606265.21007866,2862624.70999972,37767.2500000071,1720100.1200004702,66117.91999997459,125972550.94995005
81.0,468.0,42.0,509.0,643813513.1503981,7350401.150004081,65702.06999998781,3223344.3700004057,103330.53000004993,206497645.31991968
361.0,340.0,30.0,369.0,542420802.4002743,5132589.620000727,48097.62000000016,2460112.5600004643,82707.65000001738,174262864.57992256
84.0,448.0,43.0,525.0,611895533.270416,7023280.610002914,62196.63999998986,2981482.310000064,96087.79000003653,196293401.2099236
59.0,343.0,324.0,374.0,458852029.99018514,5187890.990001133,54739.35999999798,2208805.739999885,81233.77000001747,147229481.40997377
93.0,538.0,48.0,421.0,668771723.4503579,6036922.610002777,62809.339999995944,3611378.5900002215,117380.82000005498,214627694.91990265
67.0,361.0,367.0,305.0,468158780.72018665,4117653.739999506,51956.27999999938,2427637.7400000403,87111.98000003526,150299106.78997672
309.0,290.0,274.0,227.0,433870483.5501183,3612469.179999837,43221.02000000758,2003587.7800004843,74435.16999999697,139456146.28996184
409.0,357.0,34.0,300.0,525301828.6501762,4594358.260000765,45295.15000000677,2438897.6500004637,83395.11000000627,168792384.26992646
291.0,254.0,258.0,297.0,402871528.01014197,4383279.6499995645,44789.37000000239,1688412.879999831,63916.90999998101,129412355.21996093
315.0,275.0,279.0,231.0,423461368.49011105,3296317.1199998576,41956.97000000855,1955472.090000522,73977.70999999202,136153149.22995543
160.0,70.0,377.0,493.0,277517826.4599994,6077716.400000793,45490.79999999529,512025.88000009296,29600.49000000067,88957434.64995773
196.0,68.0,363.0,473.0,283471879.52999526,5888278.880000423,45684.659999997566,605061.2600000004,33321.790000005974,90909603.61994836
104.0,430.0,246.0,320.0,550297290.7702054,4483213.140000473,55193.69000000363,2970102.9099996085,101599.4400000296,176675842.2999645
233.0,102.0,49.0,716.0,378960589.52026755,9068254.580001252,53935.62999998002,743679.1499995625,28674.49999999157,121342306.63995634
139.0,61.0,329.0,571.0,292045490.190034,7649486.8600021275,51994.6099999847,451135.4000002486,27036.86999999945,93480948.90994689
117.0,482.0,24.0,477.0,653649607.1904302,7754347.760005769,68558.12999997223,3326074.030000246,115125.86000006871,209685876.3898751
233.0,81.0,38.0,748.0,393458321.170288,9210768.230000857,54421.479999981144,788010.4399994207,30835.64999999119,126013206.1899458
118.0,383.0,219.0,380.0,520868391.82024896,5327879.880001146,55362.27999999958,2581425.0600000015,89616.07000003562,167170717.48997584
161.0,523.0,26.0,390.0,660305658.0203218,5545531.070002246,59237.89999999845,3543401.149999938,115054.0700000487,211982652.27989584
144.0,468.0,24.0,464.0,612904471.0203896,6659368.380002596,59689.73999999426,2996816.2800002233,96021.98000003613,196656989.97990972
524.0,434.0,13.0,129.0,566823223.8200763,2217060.4999996955,36941.800000014046,2947463.869999403,98300.33999999473,182400228.9599002
546.0,417.0,13.0,124.0,548362241.6000853,2439661.790000228,36309.91000001211,2742510.6199997524,92305.3599999928,176474475.92988423
599.0,339.0,15.0,147.0,483968230.49009824,2657121.2099998663,33033.74000001206,2220269.170001037,76346.83999999634,155769685.13993552
388.0,322.0,295.0,95.0,431666458.9800359,1763041.899999659,35902.640000009065,2184682.9300006833,81017.78999999621,138931282.50995708
457.0,378.0,12.0,253.0,556660938.2401733,3912667.780000018,43590.920000008125,2718805.219999978,91015.22000000926,178945783.0899061
382.0,216.0,290.0,212.0,373980093.9700646,3090767.0299998918,37506.93000000727,1563623.4600000875,61435.839999982614,120272537.6099606
370.0,283.0,258.0,189.0,419743053.0200944,3276010.8399998276,40428.33000000799,1904926.180000411,71103.42999998992,134961277.31996098
534.0,279.0,13.0,274.0,470826860.3601508,3786018.0099996836,36708.19000001081,1980876.1200007726,68058.80999998865,151419126.50994164
449.0,235.0,314.0,102.0,366141227.82004935,1982031.2299998922,33920.44000000896,1645518.1300004774,65488.249999976695,117875656.35995321
402.0,210.0,282.0,206.0,359896938.3500563,2958657.660000021,36610.59000000928,1454566.160000274,60175.539999983936,115785953.90994772
354.0,127.0,281.0,338.0,315866314.3800421,4699666.689999419,39231.530000004735,847226.9699994329,39389.91999999942,101493879.83994961
227.0,148.0,329.0,396.0,347929641.70011777,5069227.489999997,45622.599999999096,1184688.7699994943,51052.89999998148,111700397.63995193
378.0,61.0,300.0,361.0,261603991.74998248,4368052.579998939,35489.71000000793,457200.65999997396,29025.990000005113,84092458.50996032
420.0,150.0,128.0,402.0,370558402.9401468,5633994.090000644,41458.62000000269,1059898.9899991835,43394.729999986266,119023859.13994327
477.0,171.0,378.0,74.0,303091234.6299972,1558361.4899998491,29586.31000000571,1187146.409999922,53911.90999998197,97677247.67995515
678.0,110.0,207.0,105.0,306574133.10001516,2216433.2699999884,25557.200000005614,896313.17999942,42197.21999999792,98850846.26995932
441.0,289.0,246.0,124.0,416047075.7400497,2231508.869999898,35700.9000000095,1932548.0800008543,73475.80999999163,133919882.46994792
363.0,108.0,527.0,102.0,248149256.0599919,2062318.2900000145,33026.27000000724,838829.9499996873,45979.03999999357,79929939.30997068
305.0,91.0,170.0,534.0,335092173.0001007,6578139.210001158,44785.21999999763,726732.4299996342,32060.579999997575,107476988.47994648
515.0,153.0,287.0,145.0,312590894.700017,2642868.8299998376,30545.520000009215,1038383.0299993742,47551.04999998873,100669823.20995197
257.0,463.0,147.0,233.0,583253325.8201606,3453287.2000001622,49319.83000000705,3203560.2799992114,109021.11000002593,187446250.55993354
21.0,592.0,188.0,299.0,659827780.6402919,4717814.840001132,62560.91000000043,3872311.159999824,130308.33000006611,211816073.57993856
283.0,397.0,162.0,258.0,505244133.0901529,3720262.0100000575,45630.04000000771,2516384.130000111,86819.900000014,162362393.80995178
203.0,367.0,345.0,185.0,469914468.1400997,3062046.0900001554,46618.94000000823,2505032.470000008,90464.08000001776,151013265.93998912
231.0,417.0,132.0,320.0,549041760.9802424,4630022.060000302,50735.340000005075,2770738.830000061,93385.54000002288,176340116.62993997
201.0,281.0,340.0,278.0,404603718.20011395,3747941.2799995956,45275.51000000345,1872120.930000179,70990.2299999966,129985758.26995897
14.0,401.0,377.0,308.0,500141730.8902061,4567994.900000607,56020.01999999827,2674111.820000151,96011.9800000578,160511087.59999955
21.0,450.0,184.0,445.0,592452788.86033,6192580.71000261,63066.22999999308,3095490.2900001705,103799.2000000521,190064844.1999497
17.0,379.0,458.0,246.0,452084344.46015114,3531694.2299996247,51743.14000000062,2467671.5800000946,89618.88000004082,145149131.90998057
16.0,339.0,410.0,335.0,439586228.4201675,4995183.310000784,55235.96999999676,2139524.2099997923,78931.87000001458,141043423.00998375
301.0,411.0,125.0,263.0,538617734.2801716,3763612.9300000253,45834.72000000837,2723287.889999801,91589.45000001138,173100542.72992837
159.0,484.0,147.0,310.0,605368541.1602068,4583962.780000877,54185.43000000366,3246523.2499999027,107810.94000004088,194414866.63995525
241.0,547.0,101.0,211.0,674865778.2101878,3504804.3400007086,54017.59000000982,3950846.619998806,130868.78000002659,216856636.42988205
246.0,337.0,301.0,216.0,462677352.1901249,3079755.920000161,44533.370000008275,2362846.7100002766,86640.96000001575,148723521.99997634
385.0,527.0,161.0,27.0,613713794.9700232,1269004.3199994348,42110.52000001452,3662855.079997986,122093.06999999554,197449623.2799279
241.0,547.0,295.0,17.0,614792047.2300293,1251100.9299994197,46203.74000001526,3815077.52999809,130530.21000001527,197744423.59996694
159.0,484.0,432.0,25.0,515212077.95002097,1186220.2999996445,46467.98000001253,3229264.4399992144,117489.8300000233,165701275.63999322
155.0,778.0,143.0,24.0,771162705.4600359,1367699.4499992058,54651.24000002093,5098349.380000434,165293.9699999731,247906332.01987404
103.0,518.0,279.0,200.0,595408260.9201427,3045079.870000573,53312.19000001063,3534282.70999917,121003.08000004095,191291461.24995452
124.0,622.0,335.0,19.0,635327671.2300202,1198451.459999333,51435.14000001776,4152955.489997927,142251.3600000056,204266878.76996964
285.0,328.0,217.0,270.0,466633797.53014106,3525274.769999881,43412.60000000667,2253868.880000234,81330.47000000508,149975562.84995565
235.0,348.0,230.0,287.0,488499328.60016817,4084431.3299996895,47877.500000005064,2405180.4700000174,85583.42000001195,156932946.77996394
361.0,121.0,275.0,343.0,335302869.5800889,5020411.639999615,41023.13000000355,936536.2599993234,41167.279999994316,107719197.55994423
263.0,302.0,286.0,249.0,435367837.93009305,3599567.4200000637,43807.330000005684,2037086.540000315,74467.36999999564,139909253.67996782
312.0,358.0,237.0,193.0,476177149.00009686,2996278.4899998703,41836.06000000947,2364613.8500005323,85397.69000000828,153124247.23997107
361.0,121.0,394.0,224.0,285645875.9000083,2966601.4299997767,34167.35000000617,897940.9299995838,44276.019999994554,91925350.10995565
234.0,348.0,330.0,188.0,449368780.4100924,3143994.4500001026,43997.42000000747,2231055.100000203,79494.85000000065,144437430.7299727
342.0,148.0,336.0,274.0,304814394.02002054,3682138.5299994457,37003.430000007516,989313.0799994974,44649.23999999159,97977262.6799636
271.0,117.0,381.0,331.0,282171007.4499997,4008002.9599992963,39112.200000005825,852589.619999641,41876.819999996216,90650501.959959
303.0,130.0,425.0,242.0,283644460.2500033,3557510.359999408,37426.44000000565,867939.3499995986,44192.25999999369,91198558.06995226
519.0,193.0,343.0,45.0,323516966.8100128,1437660.6599999203,28703.020000005683,1315239.6800001909,57095.639999982166,104276452.41994515
634.0,155.0,275.0,36.0,310844989.8100088,1227977.1799998828,23023.9700000046,1092743.429999645,48307.68999999149,100283723.75995712
610.0,33.0,404.0,53.0,195036051.5400008,1219730.6300000437,19715.61000000119,215237.02999983446,25255.62000000719,63091717.000005975
629.0,235.0,181.0,55.0,371639618.3600193,1422588.089999786,26663.62000000652,1544740.370000674,61440.30999998823,119788675.43994987
330.0,123.0,218.0,429.0,332350997.10009813,6041583.670000868,43936.83999999815,812264.1299995052,36249.589999996286,106653139.64995416
416.0,22.0,120.0,542.0,290575492.40002215,6176345.420000697,37920.92000000626,296228.15999999683,18431.239999996174,93264404.60995643
480.0,118.0,91.0,411.0,355684566.20011467,5183671.370000053,37587.14000000629,934234.7699993288,39116.06999999355,114300663.36995083
473.0,17.0,206.0,404.0,266261802.2099783,5207198.769999635,34152.83000001115,256691.95999996882,20012.239999997317,85571856.6699678
858.0,31.0,162.0,49.0,241345570.9999985,1298899.550000037,13563.930000001166,261703.6399997538,21902.26000000236,78084519.9999981
529.0,19.0,100.0,452.0,283423996.40000737,5929688.7500002,34496.91000000988,194003.87999994887,15229.389999996225,91053255.18995261
46.0,351.0,435.0,268.0,453218728.16011286,3584100.9200002584,51704.580000005844,2445537.9099998465,90389.89000001819,145530630.17999166
173.0,309.0,382.0,236.0,413811830.2000996,3257980.11999983,45732.780000004204,2052513.500000279,77159.57000000766,132961337.5499634
50.0,283.0,474.0,293.0,370360026.95008713,4034939.239999551,49501.09000000085,1744402.2099997364,69304.01999998916,118874749.37996566
51.0,389.0,362.0,298.0,475053683.3701937,4344194.689999726,54420.22000000071,2498786.120000099,91323.06000002993,152496677.45998558
53.0,400.0,495.0,152.0,462338495.9200965,2435480.3399999565,49305.79000000505,2696335.599999996,100018.50000004582,148561024.67999005
66.0,372.0,470.0,192.0,437337755.6001027,3089361.409999939,49957.19000000461,2391413.7599999527,88849.31000003015,140475365.81997287
215.0,383.0,356.0,146.0,459386020.25007457,2340857.8100001775,43642.52000000786,2515058.029999886,90983.78000001643,147701161.40997007
212.0,278.0,467.0,143.0,366345957.2200407,2573989.8500000862,41470.68000000501,1766845.5400000506,69740.6499999866,117793557.06996176
206.0,271.0,342.0,281.0,399729885.57010645,4086293.740000001,46062.120000002935,1806666.8900000388,70515.46999998944,128388413.8399704
237.0,311.0,392.0,160.0,411727814.5101041,2618241.8999997885,42515.580000006084,2086569.4600005073,79783.30000000702,132387566.04996398
92.0,275.0,72.0,661.0,529744844.61040145,8111454.010004169,62761.539999983725,2221893.0499995956,75847.00000001249,169801399.31995404
519.0,158.0,42.0,381.0,395511568.3201594,4964329.370000057,37442.43000000768,1256009.1799997103,47560.20999998905,127126221.24995421
85.0,336.0,66.0,613.0,531949239.98041946,8147220.690003989,62224.33999998129,2209623.1599995643,73207.65999999808,170499804.8399513
42.0,126.0,629.0,303.0,257884397.03998512,3998426.9499991774,45973.85999999998,906818.6799997166,48140.35999998803,82741352.67994885
63.0,189.0,49.0,799.0,457737702.61040187,9613667.539999865,61817.51999997324,1389649.1599990153,46762.659999982345,146516536.12995917
34.0,133.0,505.0,428.0,294019797.96002465,5425642.290000208,50498.85999999501,953598.7099995347,46254.589999988195,94234827.28995654
267.0,81.0,407.0,345.0,269146559.1599792,4880943.679999511,41098.49000000165,589311.5899999491,33858.42000000657,86420119.82996006
397.0,159.0,32.0,512.0,406276000.830207,6890574.150001686,45600.98999999809,1128446.5099991835,40666.39999998963,130368928.14994867
300.0,121.0,458.0,221.0,263747934.0599842,3262832.6199995736,37654.250000005995,824955.4199995898,44667.549999994706,84808225.12996149
261.0,105.0,398.0,336.0,285822304.33000135,4982352.539999715,42453.53999999912,739778.5599995285,38888.50999999955,91744671.11995175
224.0,275.0,219.0,382.0,436301230.4001853,5075486.410000512,47751.37000000128,1861871.989999989,68124.1899999874,140077033.42996088
59.0,327.0,260.0,454.0,480038128.020272,6252718.230001727,57513.18999999291,2175023.6499998686,76884.73000001718,153968712.89996985
220.0,293.0,214.0,373.0,454219499.84020054,4900201.4300001385,48439.84000000255,2019480.109999941,73844.07000000264,145854074.35997194
233.0,285.0,187.0,395.0,454175190.65019333,5279551.69000059,48957.50000000001,1949194.4199998903,69028.54999998857,145802457.54996917
294.0,360.0,287.0,159.0,485213784.40010875,2783323.430000181,44071.08000000949,2540900.230000022,91509.02000001377,156016049.2099669
299.0,399.0,240.0,162.0,520275020.5000878,2568773.5199996983,43853.030000010236,2832429.4299999303,98409.89000001752,167277488.489974
87.0,483.0,316.0,214.0,576175780.2501699,3665151.310000353,54984.54000000793,3316597.769999572,112744.2200000419,185054885.3299785
79.0,477.0,350.0,194.0,544712861.1401596,3201963.090000269,53794.48000000644,3204379.739999674,112075.59000004873,174970869.5999811
60.0,361.0,218.0,461.0,502907403.400223,5674282.3500014525,56045.48999999787,2422952.5799999745,83953.94000002662,161342047.42997643
83.0,506.0,305.0,206.0,547357653.8501791,3434436.429999783,53241.91000000447,3143237.8600000725,109308.46000005146,175808150.999997
508.0,275.0,187.0,130.0,426438053.7900398,2249148.9399999743,34417.18000001116,1998186.2300007513,74081.75999998381,137247276.97995615
311.0,366.0,250.0,173.0,490962047.06007767,2564928.169999958,41130.40000000956,2556773.6700000875,88908.16000000577,157880043.18997005
491.0,302.0,181.0,126.0,460896325.4300829,2544606.0899999957,36760.25000001006,2196136.850000891,77511.02999999379,148295725.88993275
413.0,224.0,357.0,106.0,343072146.1600143,1756375.2499998338,32247.19000000665,1522949.150000407,61965.77999998145,110465446.4399532
556.0,301.0,205.0,38.0,429422115.4900055,1177145.049999678,28749.32000000804,2012962.9400015175,75113.27999999482,138384874.1399388
432.0,266.0,373.0,29.0,370131065.5000128,1037813.8899998129,31157.100000007133,1815994.5300008378,71832.74999999016,119237638.96995577
262.0,308.0,491.0,39.0,389995155.01001936,1277313.489999731,37473.86000000941,2062942.1500009575,82755.15000000995,125544281.58995561
334.0,448.0,268.0,50.0,529158871.21004015,1342044.4199996681,41082.5300000107,3090356.849999199,107511.85000001329,170241106.70996857
230.0,309.0,433.0,128.0,399088771.06005996,2246649.889999707,41589.81000000637,2068224.4900005087,78614.57000000817,128328548.21996424
252.0,337.0,473.0,38.0,400200126.73001647,1129518.1699997236,38332.440000009694,2214175.6500005177,85582.72000000007,128801906.59996945
125.0,375.0,318.0,282.0,468948429.9901748,4113836.589999968,51007.10000000204,2409819.5400000056,88652.62000004065,150590121.83998927
289.0,311.0,265.0,235.0,440288147.5301018,3373121.8799999203,43117.86000000768,2108607.76000046,77914.28000000012,141513182.29997402
189.0,1.0,483.0,427.0,205683921.43997532,5367747.059999615,41607.13999999853,88101.49999996755,20681.740000000515,65950252.07995779
159.0,478.0,103.0,360.0,628596468.0202496,4970000.100001636,56660.710000003186,3392842.0999996597,110235.04000003227,201835915.11990988
132.0,397.0,337.0,234.0,497336585.8601555,3568480.8799997624,50625.53000000695,2684021.4899999215,96384.36000003373,159764729.22997722
322.0,1.0,207.0,570.0,258394025.99997202,6701059.260000931,41530.99999999702,113976.5999999576,15011.169999993926,82836089.93995933
374.0,402.0,86.0,238.0,522387212.0501595,3718688.3199999128,43982.37000000526,2583387.5000003395,88416.29000001644,167909185.23995137
431.0,1.0,394.0,274.0,198596509.55998674,3616020.3799990537,30884.230000007614,87766.72999998578,19816.029999999566,63912384.26998406
539.0,1.0,124.0,436.0,265144286.2299766,5697792.240000139,33938.10000001006,105307.89999996978,14373.029999995195,85215658.15995926
589.0,1.0,136.0,374.0,256487012.32998097,4576525.31999888,27881.76000000852,108967.82999998429,14531.339999996426,82553037.40996861
240.0,172.0,369.0,319.0,341211254.7500748,4308993.939999431,42561.5500000035,1255973.3199996352,53275.14999997977,109593625.19996095
427.0,135.0,289.0,249.0,324247068.9300411,3528313.14999945,35175.110000008164,1017251.2399993953,45380.499999992055,104314875.02994756
233.0,200.0,358.0,309.0,371174093.2201158,4169803.6599992285,44090.05000000077,1518584.2999998212,59734.83999997851,119203796.48996027
252.0,181.0,332.0,335.0,356469751.1901277,4984093.050000055,44812.55999999847,1238269.7399995166,51221.92999998468,114453655.59994967
300.0,216.0,461.0,123.0,326889322.6700152,2011527.8199998462,35841.98000000756,1476541.430000083,63939.33999997644,105196184.48996027
307.0,263.0,404.0,126.0,388093576.4300563,2248253.149999804,39588.84000000744,1891303.120000637,75487.95999999474,124864360.44995154
530.0,168.0,306.0,96.0,331822783.4900266,2013904.6299999151,29233.790000007357,1224547.2699998303,52546.70999998882,106919815.2099576
493.0,185.0,333.0,89.0,328190327.93000835,1673839.799999882,29210.550000005802,1295417.7700000182,55368.19999998445,105753483.5099603
434.0,163.0,250.0,253.0,361276607.8700928,3627843.609999379,36498.31000000888,1301547.3899998243,53326.48999998159,116198731.93994698
515.0,194.0,298.0,93.0,340160031.4800128,1791537.409999904,28733.570000006057,1304051.8800002506,53994.119999988325,109609950.11994201
513.0,446.0,96.0,45.0,530147395.38002735,1417778.9499996149,34416.810000012534,2858818.789999306,98438.10999999693,170662438.6299344
349.0,571.0,122.0,58.0,633350140.9700296,1450938.069999393,43648.7600000159,3804221.799998008,127386.29999999658,203737681.82990134
498.0,465.0,93.0,44.0,563360934.530023,1449782.9599994693,36692.90000001234,3095855.1499992227,106592.92999998976,181341176.26992506
539.0,469.0,44.0,48.0,577584795.1400377,1477887.6499994653,35639.090000014075,3143276.4999987585,104991.14999998995,185925095.5998774
395.0,344.0,74.0,287.0,497674946.80018514,4296575.989999961,43824.48000000547,2291192.550000656,79047.68000000704,159939693.47993794
401.0,375.0,33.0,291.0,522044138.31019497,4456096.450000123,44145.020000005876,2375995.560000387,79996.36000000889,167778299.20993713
265.0,433.0,41.0,361.0,597015052.2802421,5185905.940001489,53689.09000000136,3038545.2199999155,101021.97000002732,191707863.13992915
246.0,432.0,86.0,336.0,595708311.8402919,5187018.180001198,54191.57999999667,3044483.2000002344,100704.81000004565,191301307.18991005
358.0,628.0,55.0,59.0,684091315.0600426,1688265.7699992377,46028.950000017554,4165854.519997503,135641.13999998468,220014266.07984838
257.0,452.0,40.0,351.0,616516921.0302373,4874001.780001036,53142.66000000441,3210367.989999677,104207.83000002132,197998974.5598972
301.0,29.0,405.0,365.0,214871088.7199832,4444846.04999892,36883.89000000507,199503.38999997862,23142.33000000566,69023042.94997257
132.0,35.0,491.0,442.0,229520286.69997397,5897205.870000283,46947.6099999934,300206.46000014583,26950.64000000853,73527613.35995156
247.0,224.0,331.0,298.0,390388528.9901014,4252075.41999976,44656.26000000515,1630950.739999806,64740.139999979045,125408381.17996773
314.0,30.0,377.0,379.0,232636931.45997792,5068319.289999453,38758.05000000154,235601.03999998502,23033.070000001124,74700482.26996475
290.0,28.0,390.0,392.0,227071283.62997812,5032967.619999531,39273.55000000066,244284.9400000137,22959.190000003146,72881605.64996606
247.0,224.0,296.0,333.0,385490072.5701428,5012536.32000018,47240.36999999995,1510790.3599997268,59237.12999997455,123767903.13995788
132.0,35.0,439.0,494.0,246755270.49997374,5960826.4900003765,46357.86999999446,382260.3300001395,27883.54000000471,79054501.81995365
100.0,252.0,373.0,375.0,412168995.8301773,5141331.140000542,51974.33999999646,1812654.8399997412,70548.49999998363,132269319.29996306
108.0,272.0,359.0,361.0,419942807.10015416,4942999.500000573,51394.56999999843,1877215.4299997308,71505.3099999908,134782540.24996948
104.0,261.0,346.0,389.0,446953674.1401923,5621118.4300011555,55348.209999996216,2038779.9199996467,76280.50999999366,143404343.1599704
137.0,412.0,309.0,242.0,507990768.9301719,3604774.7399998447,51087.500000002816,2767714.5800001686,98121.26000003798,163182535.04997748
398.0,300.0,225.0,177.0,438613022.38012105,2914681.7599996575,38743.40000000568,2048440.340000634,74897.95000000074,141077956.68996376
193.0,129.0,436.0,342.0,289276018.4500066,4289943.5899992995,42919.64000000045,924142.0999996169,45029.03999998904,92882173.16996114
147.0,440.0,254.0,259.0,533638005.2601631,3974246.290000138,51360.0600000046,2835895.7899999283,95509.93000003255,171392894.1899735
129.0,387.0,290.0,294.0,480703483.7801674,4234496.459999777,50879.47000000317,2445382.5100001534,86693.47000003672,154365939.97998586
193.0,129.0,336.0,442.0,324927860.0700823,5801914.600000731,47032.96999999688,925900.7599994814,42177.309999992445,104228856.7599517
397.0,300.0,174.0,229.0,443524279.68013144,3569053.0999996425,39794.69000000694,1954084.7600004873,70988.46999998992,142614839.5799548
476.0,80.0,270.0,274.0,261758842.95998168,3702040.2599991844,31838.860000008808,520475.5399999171,30145.630000003173,84233288.51997888
537.0,90.0,234.0,239.0,286187839.5100171,3751417.3399993093,32046.960000009552,593156.1699997229,33762.72000000534,92140142.39995934
505.0,85.0,220.0,290.0,297144029.9200308,3947523.5899989796,32673.880000010777,686095.7699996234,33490.600000002145,95588387.00995997
92.0,275.0,718.0,15.0,318326872.82000005,842600.0499998592,40649.17000000797,1882065.9300003592,79947.08000000558,102422191.93996169
47.0,287.0,750.0,16.0,340019495.92000675,922342.9799997798,43573.120000010065,2097118.4500003627,88843.7200000221,109365854.47997212
116.0,58.0,907.0,19.0,141739004.4499988,833039.6600000062,33988.03000000194,510042.99999997567,43846.719999999084,45715795.93995243
133.0,400.0,545.0,22.0,445633300.5100095,938747.9899997596,44128.97000001184,2775201.9799997103,105624.71000004254,143337924.86999917
80.0,240.0,626.0,154.0,323777262.8900288,2530265.659999969,44955.380000005156,1644029.9600000435,72016.07999999012,104046675.0499648
146.0,74.0,598.0,282.0,239359663.2099809,4395359.139998993,44163.979999999734,603022.7999999572,38857.91000000232,76838735.56996009
57.0,347.0,473.0,223.0,436713762.49012136,3184593.359999804,49552.61000000271,2361411.5900001624,86243.63000003237,140267375.07997656
50.0,52.0,801.0,197.0,160412601.309989,2562927.0999999144,40215.48000000119,432267.6600000554,37495.16000001292,51532335.4799553
102.0,106.0,858.0,34.0,157791772.47999603,897850.4699999694,35201.23000000281,635701.9799999413,46694.889999990875,50860504.48995813
77.0,79.0,641.0,303.0,219505176.4699878,3730810.619999286,42791.559999999576,632535.5899999395,39708.3400000028,70436349.47995627
274.0,385.0,213.0,228.0,481484074.48007905,3185460.5800002767,43465.39000000823,2447821.8000001498,86276.54000000701,154750915.55997616
252.0,395.0,219.0,234.0,514122756.46013576,3028606.8399999114,45386.810000007135,2748776.1499999366,95362.58000002618,165251795.33996752
313.0,282.0,244.0,261.0,440785663.8901049,3716214.2699997663,42423.830000008275,1993927.9800006163,72677.53999998877,141680205.3799437
338.0,473.0,8.0,281.0,582450929.8002028,4316578.9300001,47267.320000003994,2933688.2699998342,95020.68000001865,187143574.47989827
252.0,353.0,196.0,299.0,502814332.61021334,4600392.250000268,49733.000000001906,2433348.250000287,85640.73000002404,161500821.7199552
354.0,318.0,8.0,420.0,528227148.1002511,5219515.280000846,46966.76000000344,2361280.3100003805,78545.28000000564,169663353.91992703
281.0,440.0,7.0,372.0,609892492.4302742,5475600.160001789,53942.370000001785,3040133.4500000067,99344.45000002287,195858383.68990022
262.0,263.0,228.0,347.0,422319417.0301763,4994131.210000036,47059.82999999912,1719854.4599999231,63998.99999997715,135619078.65995634
372.0,373.0,10.0,345.0,545588415.4002048,4700405.390000623,46392.720000005116,2584479.6100000003,84932.88000000278,175270625.32992145
328.0,329.0,9.0,434.0,534884325.7702976,5897119.100001797,50129.42000000148,2323827.9100003215,78092.32000000903,171743831.92992204
479.0,70.0,403.0,148.0,246046140.88998997,2588964.3299998473,29654.620000005834,565902.759999836,35263.94000000774,79277491.90997183
458.0,72.0,417.0,153.0,235412337.70999238,2360620.2500000214,28294.920000004924,510769.84999985533,32827.22000001192,75893895.07997379
357.0,332.0,301.0,110.0,456462430.0400925,2180492.4399997904,40679.7700000077,2407553.020000337,87119.42000001519,146824764.8799638
473.0,69.0,412.0,146.0,215417059.53999475,2194623.9900000296,27463.540000005072,397959.7299998692,30384.63000000975,69464486.87999023
352.0,51.0,297.0,400.0,275431531.3899952,5084075.449999635,38514.710000003586,488619.030000017,29101.790000006044,88463968.37995851
279.0,260.0,244.0,317.0,419227120.55013716,4342940.379999845,44447.740000005586,1787596.8600000716,66563.8299999808,134680137.28996667
331.0,52.0,312.0,405.0,285837988.13001645,5833772.620000352,42650.21999999821,509564.70000005985,29141.70000000261,91745097.79995073
266.0,267.0,242.0,325.0,411499129.63015103,4340627.319999352,44160.110000002016,1741135.4400000258,64080.98999997817,132179566.57995811
336.0,336.0,316.0,112.0,430991646.00004995,2045662.199999752,38267.99000000749,2191997.500000414,80602.66999999889,138666377.9499636
264.0,264.0,249.0,323.0,422250649.630101,4244128.719999843,44899.230000004405,1856320.7100000465,69274.26999998406,135638372.3599655
206.0,343.0,130.0,421.0,530469919.7402818,6139327.740001902,54795.559999997175,2422342.7700000633,82844.09000001311,170253064.1599345
176.0,355.0,134.0,435.0,512097058.53030854,6032533.020001569,54698.289999995846,2332445.8300004704,79845.63000002583,164324538.45996588
244.0,203.0,154.0,499.0,416692994.7902305,6676760.080001875,49555.8399999937,1390318.4099993508,50438.649999985646,133657056.17995657
203.0,339.0,143.0,415.0,522033136.75027573,5615378.270001501,52835.81999999815,2429457.090000122,82171.60000002236,167554131.6899677
238.0,398.0,151.0,313.0,547069700.8501886,4036446.860000163,48606.11000000537,2802959.6599999056,94454.5300000207,175764722.02993527
286.0,238.0,201.0,375.0,434900796.1601945,5340653.490000621,47485.15000000152,1736771.6299999957,63990.949999973534,139636345.49995297
202.0,407.0,171.0,320.0,558063313.0002,4753095.780000694,53534.930000004475,2890585.4899998475,97968.97000003023,179199125.06995073
253.0,254.0,193.0,400.0,425716705.860168,4958102.05000011,45456.04000000146,1737105.85999998,62362.61999998285,136690751.78996134
206.0,208.0,175.0,511.0,415605245.5202251,6655633.1300017005,50942.22999999113,1445503.629999494,52743.349999981,133279149.38995324
248.0,249.0,211.0,392.0,424325542.3502031,5432583.050000884,48275.67999999786,1690979.8399996122,63215.139999977575,136218899.62996727
183.0,2.0,264.0,651.0,266714117.35996723,7856549.520002053,48708.279999988015,120467.00999993861,15041.059999992109,85365138.06994909
283.0,2.0,235.0,580.0,265811469.01996738,7109986.800001342,43680.41999999603,117690.93999994603,15125.479999992847,85193807.40995102
163.0,122.0,235.0,580.0,341017241.2101481,6980840.290001741,50365.42999998818,870699.7499993293,37524.97999999462,109284227.81995152
135.0,2.0,480.0,483.0,214139794.82997072,6297256.050000537,46257.859999992004,96665.80999995556,19430.289999997145,68562407.68995826
186.0,2.0,269.0,643.0,263404935.0699645,7932840.340002215,49851.15999998501,136954.04999995563,16363.76999999186,84285038.70995219
126.0,94.0,445.0,435.0,268762505.1799806,5018308.799999737,44814.109999998815,687635.1599998148,37510.4900000012,86196377.1799521
219.0,1.0,445.0,435.0,213294775.27997652,5525221.749999829,41572.90999999806,94468.13999996608,19735.41999999829,68405660.46996517
259.0,112.0,215.0,514.0,351785087.3001764,7150788.260002103,49839.21999998928,887251.8599993198,37477.1699999934,112762528.63995184
199.0,86.0,406.0,409.0,289130431.0300326,5151128.530000064,44495.06999999403,775611.7799995241,39291.40999999516,92770276.10995391
201.0,87.0,411.0,401.0,275890616.08999276,5051940.489999641,43322.11000000194,694244.6299999049,37153.279999996776,88536463.65995938
329.0,220.0,378.0,173.0,352152937.5900536,2734135.399999824,37021.33000000722,1500297.490000065,61872.46999997737,113286865.33995783
382.0,205.0,352.0,161.0,349185923.01005167,2933643.949999907,37123.2000000075,1428284.769999983,57856.449999980214,112322495.92995976
306.0,281.0,352.0,161.0,364792865.9100422,2415346.3599999156,38421.200000007535,1700570.6200003522,67688.32999998612,117337169.08995925
405.0,271.0,210.0,214.0,442596827.97013485,3278794.2299998268,40091.18000000666,2021353.8500005566,74228.08999999842,142329734.06995547
332.0,223.0,382.0,163.0,359939578.1000279,2376788.2299999446,36880.92000000676,1620806.2500003476,65061.1699999788,115800415.81995676
376.0,345.0,195.0,184.0,480938294.99009585,2670265.6900002058,39752.55000001026,2415569.190000341,85124.08000000258,154687655.6499425
469.0,252.0,195.0,184.0,388552570.0600871,3077871.8299997644,34438.49000000909,1493430.420000145,57664.04999998377,125054801.83995901
361.0,265.0,332.0,142.0,360165393.7700679,2460095.1499998085,35958.67000000842,1586365.9700001888,62763.31999997679,115883559.30996448
427.0,314.0,178.0,181.0,443371948.13006616,2949007.410000252,37991.410000010124,2009344.5600008774,76239.60999999035,142653826.2999517
432.0,318.0,180.0,170.0,449260393.83009106,2891890.9400001005,37684.09000000996,2103801.320000792,75502.8699999953,144514287.41995528
364.0,184.0,82.0,470.0,411966953.0701997,5898464.910000996,43887.43000000061,1366782.3399995163,50885.319999986474,132270916.77995628
445.0,164.0,73.0,418.0,410710991.2801665,5125272.890000259,40162.550000006646,1386155.4899997404,51967.889999987055,131976428.80994783
251.0,470.0,56.0,323.0,627363830.5202818,5055304.110001349,55252.24000000529,3312131.6199999377,109022.24000003043,201480958.83991414
270.0,137.0,345.0,348.0,321582929.980065,4430932.449999179,42204.85000000247,1075724.849999388,47015.64999998475,103270734.24996011
560.0,283.0,125.0,132.0,435691097.62007594,2305645.139999836,31804.740000010417,1936815.9200009739,69989.04999999062,140276004.47994825
251.0,470.0,320.0,59.0,542841260.9600414,1658158.969999451,45543.34000001277,3244377.4199991105,115487.20000002118,174596682.3799644
445.0,164.0,414.0,77.0,298832371.969998,1610868.3899998763,29753.710000005613,1155882.7399998114,53975.7599999871,96305627.54996252
407.0,556.0,67.0,70.0,624090242.9900528,1791145.339999383,42216.25000001347,3620536.329998244,119131.93999999292,200757107.89988425
259.0,355.0,242.0,244.0,473754071.49017125,3986697.159999763,47136.10000000512,2332904.0900001912,83479.25000002045,152198249.3899686
317.0,433.0,295.0,55.0,522572603.57003945,1742355.899999503,42111.07000001219,2994715.199999576,103948.96000001652,168088443.10996455
1.0,548.0,445.0,106.0,566467333.7700909,2221483.849999697,54490.77000001288,3599119.6199990325,126749.57000005236,181997332.35000038
121.0,488.0,397.0,94.0,531407673.60004497,1819653.309999547,48296.190000011295,3259246.469999292,112680.89000002685,170812499.79998627
1.0,403.0,562.0,134.0,436789934.99004537,2069864.4499995832,49900.45000000985,2642978.7099997676,100008.88000004286,140344753.199994
1.0,797.0,148.0,154.0,828464875.3801655,2915681.700000335,65674.70000001565,5500668.630001274,178915.310000001,266123567.73988163
1.0,417.0,339.0,343.0,539471652.1702228,5009241.950001386,60306.48000000093,2943980.2899999768,105029.53000006027,173121120.36001498
1.0,403.0,128.0,568.0,562031619.9103931,7319999.830003576,64072.31999998691,2676146.099999996,88949.27000003244,180182576.11995536
121.0,488.0,90.0,401.0,613595197.0603502,6133083.6300026,60902.56999999391,3162517.010000304,105038.58000005137,196909353.99993756
111.0,260.0,363.0,366.0,394734902.9301503,4884551.8300000215,49931.22999999884,1711179.1599996118,65898.12999997553,126669289.86996795
225.0,530.0,169.0,176.0,615962560.500168,3047396.2100003352,50762.820000012965,3563647.929999068,122346.04000003822,197982342.28992772
148.0,349.0,111.0,492.0,563227831.0704936,7741389.580005168,64092.25999998319,2564552.259999831,93928.09000007846,180677135.73992175
