Total CO2 (g),Total CO (g),Total HC (g),Total NOx (g),Total PMx (g),Total Fuel (L)
58588137.880000174,572790.8100000024,47344.86999999978,137102.92999999636,27334.91000001654,18876461.08999562
