Total CO2 (g),Total CO (g),Total HC (g),Total NOx (g),Total PMx (g),Total Fuel (L)
463814715.60009354,2033897.4299997804,199774.91000002317,3341174.7299999977,90437.21999999865,146999193.72000822
