Total CO2 (g),Total CO (g),Total NOx (g),Total PMx (g),Total Fuel (L)
330799870.18014234,12435857.509999001,182284.2399999401,19365.4799999933,105487216.47997531
