1.0,126.0,477.0,496.0,445866483.9400579,3396304.289999637,71317.37999999213,1388679.9999998722,58333.40999999101,142896828.00999466
190.0,104.0,395.0,411.0,483026441.8900443,3400804.3499998716,62176.58999999622,1445643.729999955,62402.66999999245,155063815.18999267
1.0,247.0,418.0,434.0,667115273.2900977,3581043.34999982,76182.06999999269,2882335.1200000914,96743.42000001056,213987584.5000064
2.0,149.0,363.0,586.0,550625631.4101155,4059539.6099995147,67983.93999999102,1856463.799999841,66704.08999998873,176427306.32999885
2.0,130.0,496.0,472.0,496433958.8200817,3415799.789999687,73111.89999999215,1749444.239999896,68367.0499999915,159150560.12999743
2.0,297.0,323.0,478.0,791335548.7200878,3525373.579999833,77365.76999999244,3727211.1800001464,117707.04000001417,253904631.90999866
226.0,123.0,303.0,448.0,537495380.4800621,3474743.3799997363,58962.3799999955,1702255.4299999638,68470.06999999208,172576238.48998663
175.0,215.0,364.0,346.0,651931393.1000739,3222890.8799999775,69605.66999999316,2728603.2900000988,97741.74000000865,209395273.43999058
192.0,236.0,257.0,415.0,708205856.3100724,3323232.0199998976,64478.859999995475,2959656.8600000744,101521.58000000397,227454051.5299857
198.0,244.0,265.0,393.0,740323216.130088,3487806.4799998323,67881.29999999375,3209750.2100001355,107983.94000001275,237737667.32999048
251.0,376.0,227.0,246.0,920858201.7500677,2960243.8100000205,72809.81999999355,4615942.6000001645,148273.43000000264,295951839.0199888
397.0,311.0,188.0,204.0,851320560.6100453,2752759.1199999517,63691.73999999815,3989035.7299997015,135124.35000000545,273831378.4999852
365.0,48.0,330.0,357.0,411089759.06004274,3358352.009999746,52517.22999999572,755494.3599998727,47357.71999999393,132163648.59998183
297.0,444.0,68.0,291.0,1077384622.3400707,3404513.519999951,68046.29999999577,5438462.210000835,167596.58000000543,346240190.77001375
261.0,390.0,236.0,213.0,961664662.5700469,2824201.2799999644,74670.69999999531,4933530.100000261,157856.93000000008,309120145.23998696
507.0,66.0,115.0,412.0,499648953.6700535,3550307.4199997317,39808.079999999565,1029750.6999998051,53403.34999999557,160721176.39997536
472.0,370.0,56.0,202.0,967495506.4100412,2799445.809999988,58723.6800000002,4636789.570000033,152049.97000000044,311231289.9499814
558.0,38.0,265.0,239.0,395544431.6500244,2850670.229999871,44666.729999998446,610495.0299999309,47856.159999998075,127441061.71998009
647.0,44.0,77.0,332.0,469371531.7600426,3206752.0599998552,32456.58000000303,737943.1199998573,48452.22999999667,151195094.96998054
681.0,47.0,81.0,291.0,451881396.44003457,3045853.369999895,28992.36000000238,597143.5299998809,46749.729999996656,145710574.71997842
377.0,0.0,352.0,371.0,316957891.1900091,3132529.609999832,49349.249999997555,126624.36999999476,32570.890000002884,101982341.88998489
362.0,0.0,360.0,378.0,304839896.0300088,3099973.8599997642,52018.549999997245,123483.99999999434,31451.940000001097,98012846.13998593
330.0,138.0,308.0,324.0,534906597.9900433,3030068.98999988,55958.04999999703,1721984.1900000942,72794.00999999854,171969017.37998924
351.0,0.0,403.0,346.0,302174098.7900019,3030057.30999987,52099.23999999732,122572.44999999498,32590.45000000179,97212674.24998707
512.0,1.0,479.0,108.0,260995083.65999818,2083848.270000043,53653.90999999698,109633.84000000182,41021.620000000636,84394834.44998786
396.0,166.0,454.0,84.0,544801031.340014,2211706.3999999836,66832.83999999845,2170742.0000003204,93228.43000000721,175462311.82999283
449.0,1.0,549.0,101.0,242035956.82999906,1989848.6300000125,60322.149999997855,117481.96999999964,41456.72000000113,78248045.02999347
413.0,184.0,410.0,93.0,554598004.7800245,2117091.7200000016,65183.43999999752,2227383.1800003485,93019.15000000656,178632881.40998644
296.0,132.0,362.0,310.0,492946486.27004904,2958813.409999812,59888.20999999537,1538035.5400000121,68741.09999999386,158484549.39999244
380.0,170.0,464.0,86.0,521901607.650006,2041192.0099999593,67330.10999999908,2072524.7400002817,91552.6400000067,168140590.60998762
232.0,460.0,187.0,221.0,1069606966.5300399,2812778.6900000833,77259.30999999402,5681196.930000334,177604.1299999896,343805636.3899729
198.0,477.0,195.0,230.0,1085354437.6700678,2863665.200000029,79163.54999999373,5804855.490000858,179173.9099999935,348805567.65998167
184.0,593.0,148.0,175.0,1274807695.020048,2739489.9200000535,87342.77999998895,7257862.380001411,219175.46999998935,409700166.7299818
205.0,405.0,295.0,195.0,933151507.7500219,2469711.139999981,79220.06999999302,4914636.150000245,158174.43999999776,299985736.2099858
172.0,341.0,139.0,448.0,915277350.7601097,3788496.5799997654,67685.13999999253,4285412.110000169,133710.53000001275,293892823.1799917
133.0,429.0,191.0,347.0,1018924365.5600924,3323719.5200000256,75868.63999999093,5232383.470000716,160264.970000006,327275501.3999946
132.0,318.0,231.0,419.0,825107057.3200965,3779718.169999793,69224.69999999368,3716643.330000158,118490.96000001057,264873006.02998593
121.0,476.0,119.0,384.0,1088784063.7901218,3668419.9799999367,75826.97999999006,5616820.940001025,166789.6900000045,349585121.1600089
140.0,551.0,246.0,163.0,1172422118.1000307,2499974.410000035,87648.39999998601,6662129.560000593,203093.989999993,376821126.549969
112.0,438.0,196.0,354.0,1024658549.3200672,3265247.35999999,79191.11999999256,5341073.810000344,163293.339999995,329102807.4199921
438.0,146.0,381.0,135.0,509523365.69001406,2339523.3999999627,60393.22999999816,1762135.3400002508,81324.58000000595,164147782.5599916
140.0,212.0,553.0,195.0,514002237.96001875,2351288.779999968,79387.76999999625,2203517.4900000584,89811.12000000688,165249477.78000048
275.0,502.0,239.0,84.0,1081828365.6500294,2237902.9899998982,81763.64999999425,5980408.600000528,190775.78999999573,347940801.14997756
258.0,86.0,676.0,80.0,320429300.5900029,1807520.1600000113,76629.90999999523,1013226.949999933,65464.41999999515,103311620.59998675
479.0,160.0,418.0,43.0,534767585.3499999,1973622.949999958,60348.01000000017,1999640.7000004528,90707.62000000669,172422826.73998633
199.0,363.0,520.0,18.0,813501798.1000104,1755388.7199998884,87327.09999999334,4452382.769999699,152811.39999999956,261746649.50000414
74.0,112.0,883.0,31.0,289661054.94999933,1454823.3699999824,93505.52999999699,1248262.4700000405,72243.77000000078,93308698.45998606
80.0,668.0,319.0,33.0,1315899095.6499891,1972035.679999759,102603.88999998178,8012135.440000928,242225.24999997296,422996658.1599505
49.0,404.0,579.0,68.0,817198589.6500137,1843969.849999901,98182.58999999033,4662768.139999886,157008.56999999337,262733443.15001795
51.0,423.0,605.0,21.0,864158048.2100253,1654457.3499998285,100313.56999998764,5107118.590000107,169607.18999998597,277859372.54000777
327.0,234.0,309.0,230.0,677476369.4500343,2711371.8000000464,62566.47999999816,2859587.9499999844,104684.87000000484,217889353.72999159
242.0,259.0,344.0,255.0,681366422.5400438,2780116.4700000132,69872.42999999535,3024583.5199999996,107538.77000001054,219004949.05999815
384.0,83.0,363.0,270.0,435544357.44003266,2800628.8799999366,57314.60999999587,1149169.7999998552,60725.669999995116,140134568.90998402
370.0,264.0,206.0,260.0,779707999.5800501,3062063.5299999164,61027.299999997886,3389978.869999992,117498.96000000248,250736975.31997705
337.0,240.0,318.0,205.0,704050804.1600292,2613118.970000007,66702.15999999788,3124317.159999927,112146.7500000039,226429420.96998677
462.0,100.0,257.0,281.0,497824428.69003856,2905406.1299999473,49341.8899999974,1358795.3999999664,65445.00999999375,160234706.2399841
287.0,309.0,241.0,263.0,786430248.6700616,2935156.349999965,67440.0599999951,3598279.089999887,122546.85000001227,252829565.17998004
300.0,98.0,427.0,275.0,444318325.5000297,2726204.5399999316,64042.319999996325,1362524.7900000024,66692.72999999601,142912751.67998767
341.0,112.0,286.0,361.0,523809725.74006236,3270313.2299998035,54806.71999999458,1564727.9100000306,67945.56999999685,168385317.4799837
357.0,117.0,299.0,327.0,532583307.50003535,2894178.4999998864,54441.92999999735,1687443.2500001087,72947.67999999714,171309450.93998402
477.0,285.0,60.0,278.0,836404584.460054,3124225.499999949,52439.55999999841,3563955.139999913,120785.36999999861,269013857.9299576
554.0,250.0,53.0,243.0,748928749.3500578,3066297.7699999255,46305.659999998774,2899178.569999925,104858.92999999963,240998856.68996638
456.0,320.0,58.0,266.0,882379965.1300675,3282441.559999971,55265.019999998374,3920032.9399998607,130723.76999999737,283728944.47997826
327.0,196.0,386.0,191.0,586167087.8700244,2486648.219999977,64192.13999999707,2323088.310000087,93253.0000000051,188645860.17998946
370.0,221.0,47.0,462.0,702167189.5300913,3873249.059999692,46091.53999999836,2425354.520000209,84731.99999999978,225580592.1999734
266.0,187.0,314.0,333.0,658073968.5700618,3216198.049999932,64980.719999997775,2675316.679999967,96799.3300000093,211436855.74998963
335.0,151.0,298.0,316.0,593531206.5800334,3037607.239999965,59156.53999999789,2149832.440000146,84810.70000000468,190841357.42998603
429.0,227.0,41.0,403.0,730615573.3500789,3558839.039999775,46866.21999999879,2702418.9900000286,94087.69000000268,234821382.94997546
385.0,204.0,342.0,169.0,628004059.0900332,2436486.48999998,62630.969999999325,2599743.549999947,100784.43000000456,202106680.61998755
328.0,173.0,291.0,308.0,623922822.4700563,3223589.169999872,59425.869999995295,2319753.9600001234,87828.6000000065,200541148.3799928
58.0,393.0,260.0,389.0,908128974.5400751,3458817.039999941,78721.88999999133,4527496.030000264,140375.85000000938,291561431.3999982
138.0,363.0,240.0,359.0,893210001.9000872,3375990.120000012,73461.40999999265,4346455.710000184,136665.5100000129,286857457.89998496
56.0,412.0,253.0,379.0,989181464.1300998,3352296.6199999554,81036.97999998595,5155594.960000544,158335.52000000433,317640157.79999363
66.0,457.0,125.0,452.0,1048467104.1401082,3768032.309999989,76955.79999999113,5373454.690000757,161003.9400000035,336588543.30999166
75.0,516.0,341.0,168.0,1112437440.2600398,2495940.799999854,93024.08999999014,6366952.180000477,196423.1599999868,357481563.3499937
89.0,650.0,165.0,196.0,1391247252.2200525,2957883.050000104,95035.4899999824,8146857.50000119,241733.56999998755,447023996.0499614
212.0,556.0,152.0,180.0,1170830372.380024,2866785.4700001394,80291.60999999133,6407558.540000793,195749.93999999546,376308179.74997985
172.0,484.0,298.0,146.0,1044842448.3400284,2508594.0599999614,84044.8199999903,5724855.550000543,179974.08999999132,335871010.74998236
154.0,435.0,111.0,400.0,1023883766.7301052,3527639.1599998674,71057.97999999265,5132796.300000523,155597.08000000796,328828952.9000047
204.0,576.0,146.0,174.0,1237010177.8200314,2697007.53000007,82700.99999998951,6934549.850001071,210425.84999998868,397606930.61997014
254.0,85.0,22.0,739.0,593766691.7001152,4776845.33999975,41012.24999999956,1415622.4799998242,49947.22999999203,190317971.71998397
644.0,46.0,12.0,398.0,476840338.8200573,3706975.419999714,27741.070000003012,611631.6499999244,42555.179999996624,153506907.01997718
138.0,547.0,12.0,403.0,1200601039.0300968,3855396.8799998914,73625.18999999238,6257731.870001074,183797.12000000256,385558598.24001265
121.0,40.0,588.0,351.0,304492473.5700094,2880505.3399998336,71417.56999999411,576768.5099999863,43603.87999999608,97721068.54998644
570.0,190.0,50.0,290.0,694833300.7100407,3115744.4199998747,41623.01000000103,2409428.4600001387,92296.65999999772,223652241.809973
107.0,421.0,518.0,54.0,870508102.6500127,1806220.3799998579,95344.0999999923,5000167.590000006,164971.30999999854,279909376.79000115
497.0,35.0,514.0,54.0,313016294.53999996,1883267.7199999508,57318.819999997555,541395.3899999382,53788.599999996884,101170655.25998649
559.0,470.0,10.0,61.0,1132667358.550017,2370062.500000014,61261.76000000213,5835620.670000995,185010.41999999783,364501279.15000105
315.0,265.0,326.0,194.0,772601557.7200603,2610995.600000026,71984.40999999612,3682783.1599997366,128068.8700000104,248470082.88999164
369.0,310.0,381.0,40.0,769661202.0200052,1950573.0599999113,75131.09999999682,3851798.5599996024,137998.4400000055,247759935.74999383
416.0,340.0,312.0,32.0,823910993.4000033,1992989.389999878,70650.43999999906,4103665.1699996167,143468.03000000253,265238315.7299882
284.0,405.0,372.0,39.0,934412871.7100123,1954262.5499998485,81496.47999999675,5074640.969999996,167367.96999999575,300608966.1699896
502.0,184.0,375.0,39.0,539310364.5000057,1965601.489999943,59227.65999999988,2034555.2200002898,91419.34000000282,173890899.06998727
438.0,357.0,271.0,34.0,865188668.5499979,2023898.4399998698,69857.07999999757,4363427.839999533,150401.51999999408,278506627.80997705
321.0,262.0,240.0,277.0,756807911.7400614,3042455.460000014,63645.799999998424,3308678.170000025,114431.8100000083,243287094.43998942
386.0,141.0,239.0,334.0,564406092.6800528,3135265.469999807,53024.3999999982,1816677.130000146,76217.35999999761,181531902.87998852
219.0,313.0,237.0,331.0,806022574.5000864,3220715.1599999443,66764.58999999588,3683217.200000024,120746.31000000906,258973460.06998754
247.0,158.0,323.0,372.0,524225777.83005106,3194837.009999803,61720.43999999607,1735159.6100000003,72093.73000000244,168445462.86999252
385.0,247.0,416.0,52.0,658971212.8100083,1949484.0799998827,72748.60999999728,3105444.289999806,118335.81000000949,212186422.82999134
260.0,166.0,281.0,393.0,595663472.0400616,3260875.7199998205,60362.309999996425,2150380.420000062,81290.41999999815,191345166.27999273
445.0,148.0,126.0,381.0,622770472.1000669,3393467.649999817,46579.11999999783,2038268.5800001535,79687.05999999907,200258818.79997703
105.0,225.0,192.0,578.0,736013920.5100969,4117680.5699997386,63647.76999999396,2974918.090000161,96307.14000000416,236130275.06998917
514.0,1.0,146.0,439.0,381132400.7500343,3695925.3899996122,35539.95000000116,156917.54999998838,30371.81999999848,122625686.39998403
378.0,126.0,272.0,324.0,515631994.9400321,3025036.17999993,54099.20999999688,1532887.7600000775,68813.41999999604,165843632.87998688
437.0,146.0,124.0,393.0,612493195.2900791,3488340.2999997153,44866.27999999653,1897002.4400001508,73807.49999999635,196861085.1299798
419.0,1.0,302.0,378.0,339853139.5700169,3290155.2899997896,44670.96999999808,143917.60999998933,31883.790000000485,109339365.0399821
81.0,174.0,375.0,470.0,555214447.9900669,3517041.019999754,69795.65999999216,2049312.509999935,76517.23000000208,178143853.43999994
127.0,3.0,232.0,738.0,371300387.20005506,4690491.769999426,48202.579999995374,143865.72999998785,18537.82000000345,118759621.48998451
98.0,2.0,457.0,543.0,310773504.9000168,3821213.2899994757,60144.63999999146,186275.55000001806,27390.150000001006,99553008.61998412
96.0,2.0,445.0,557.0,308463405.8000159,3894252.3899994944,60273.55999999308,161934.75000000503,25913.830000002028,98766224.87998524
208.0,385.0,363.0,144.0,910331279.860029,2334371.329999912,81461.02999999087,4863208.150000035,161400.36999999906,292718597.2899963
281.0,354.0,333.0,132.0,806910775.3300376,2299488.1399999997,74993.18999999618,4035760.359999677,138189.65000000465,259557081.8099949
240.0,275.0,419.0,166.0,687480040.1300422,2350279.88999996,75055.98999999592,3248126.879999953,116986.2800000071,221118164.15999502
279.0,516.0,112.0,193.0,1151504984.3900347,2699224.2000000146,76368.00999999451,6229341.970000609,190895.52999999057,370158644.29998356
205.0,378.0,356.0,161.0,891943347.0400517,2489586.18000009,81204.49999999386,4693830.079999966,153922.98999999583,286741102.64998657
330.0,377.0,133.0,260.0,917348831.4700712,3111514.560000006,64849.99999999925,4376226.929999938,142109.08000000563,294893749.6599772
358.0,452.0,98.0,192.0,1086874059.6100476,2815230.160000008,70243.38999999617,5663429.240000559,176214.83999999473,349450563.31998473
314.0,244.0,373.0,169.0,658085359.0200408,2477269.509999986,69520.56999999704,2912217.869999958,109485.83000001052,211713164.34999403
436.0,340.0,119.0,205.0,900686984.9100388,2858890.6900000274,59400.66999999883,4186823.4199996213,139373.8500000017,289715948.3299812
425.0,331.0,116.0,228.0,867909167.21004,2901198.630000014,57519.269999999735,3942591.9899997674,132411.75000000276,279176736.9199681
190.0,264.0,387.0,259.0,676517476.4400547,2817011.8599999077,73475.59999999424,3050763.5500000333,107955.41000001134,217412188.10000122
282.0,238.0,348.0,232.0,670851794.0700321,2829174.6599999433,66992.78999999599,2877928.0500000804,103813.1400000053,215704085.27999023
153.0,427.0,312.0,208.0,940735618.3600353,2706028.300000068,81359.37999999062,4950639.16000026,156979.04000000472,302295660.8699917
200.0,278.0,350.0,272.0,715835367.2400388,2722491.450000043,70857.13999999347,3279495.5799998837,114555.46000000548,230063676.8899842
147.0,204.0,298.0,451.0,661673280.050078,3613216.1399997934,66616.75999999503,2643512.580000072,91414.50000000393,212378898.15999627
128.0,356.0,223.0,393.0,923148583.840089,3405463.4800000098,73312.81999999339,4541661.150000262,141280.58000000886,296436678.4600021
231.0,194.0,244.0,431.0,636636868.8900639,3418230.319999955,59098.84999999757,2380106.200000082,85377.15000000033,204456044.34998873
190.0,321.0,234.0,355.0,812965900.0200775,3323316.0799998897,69234.55999999415,3745808.280000081,121404.55000001204,261107605.04998326
241.0,406.0,255.0,198.0,954670479.9600463,2780323.6300000725,76412.67999999321,4949017.440000245,158692.44000000192,306876946.6999874
196.0,330.0,208.0,366.0,870351419.9600985,3484122.3799998295,69688.94999999426,4086516.500000088,130535.3700000106,279549455.1899895
318.0,365.0,55.0,362.0,996639885.2600633,3390533.7800000254,62907.17999999748,4801379.880000218,149622.31999999844,320260207.40998554
11.0,509.0,77.0,503.0,1136089726.9701324,3997985.000000033,76985.12999998679,5889700.840001036,170986.80000000098,364592301.4999951
396.0,184.0,69.0,451.0,690503150.3600845,3666064.309999702,45996.04999999679,2398845.250000129,85412.31000000198,221895120.6799764
328.0,377.0,21.0,374.0,1036197918.4800968,3607319.379999976,62718.72999999691,4994661.360000611,154484.76000000327,332949028.95000714
379.0,436.0,66.0,219.0,1034250219.9100729,3229862.649999998,66131.94999999723,5141647.470001202,163129.4800000045,332532541.3100202
523.0,242.0,33.0,302.0,776549723.0400473,3180748.489999952,46802.08999999967,3052239.13000006,107859.50999999943,249820395.79996175
15.0,696.0,39.0,350.0,1461097004.980136,3853723.3200002625,92344.80999997833,8368793.140001895,241953.1199999975,469186953.5599995
22.0,411.0,154.0,513.0,972257220.9801414,4111913.889999749,75854.09999999107,4766491.1100005545,142498.79000001165,311959476.85999596
16.0,302.0,41.0,741.0,874278294.65017,5052669.880000036,62379.86999999257,3645857.4200003636,106083.11000000927,280227626.8499896
24.0,451.0,62.0,563.0,1086820744.9801385,4288605.229999896,73984.58999998818,5433117.280000764,158326.83000000686,348738602.2499993
341.0,114.0,537.0,108.0,429898721.6200158,2115899.6800000058,68699.83999999773,1489600.6800000456,75039.26000000026,138499130.94998977
195.0,136.0,641.0,128.0,458934892.0800089,2154849.889999995,77661.34999999707,1862003.9800000954,84076.41000000696,147684238.32999134
353.0,80.0,556.0,111.0,389829230.6000145,2112053.8800000143,66364.01999999759,1176385.679999977,67304.65999999485,125649799.65998359
359.0,120.0,508.0,113.0,444350128.24002165,2185308.9500000225,67128.46999999756,1514413.6000001065,75893.00000000093,143168572.38998613
333.0,111.0,525.0,131.0,395089726.73000443,2128738.4400000027,68120.77999999769,1239820.570000043,68520.0099999968,127295064.29998349
362.0,82.0,514.0,142.0,410739732.0900158,2158328.9699999727,64022.97999999772,1262874.4500000528,68995.69999999748,132361836.99998409
201.0,140.0,595.0,164.0,442668725.64002216,2138653.029999989,75351.44999999522,1719768.120000132,79331.36000000357,142439453.8599878
197.0,93.0,649.0,161.0,371111583.98001194,2170251.7799999905,76545.73999999695,1266212.7100000288,67845.8799999959,119420182.04998301
216.0,102.0,640.0,142.0,379458951.9000063,2152053.4500000067,76030.15999999718,1312091.290000019,69407.07999999892,122150299.51998544
209.0,99.0,620.0,172.0,376810234.3600176,2295459.6799999955,73915.55999999451,1214393.4399999466,66084.77999999546,121262154.24998757
40.0,415.0,236.0,409.0,943207851.1200995,3757385.3399998248,78630.81999999064,4710354.790000372,144242.9000000082,302762415.32998925
335.0,300.0,170.0,295.0,818180596.7800677,3118294.069999991,60855.56999999809,3647568.6299999068,121485.85000000415,263014553.69997475
41.0,392.0,244.0,423.0,914857902.010105,3673560.839999867,77814.319999993,4529998.530000266,139267.62000000835,293653081.73999864
42.0,437.0,191.0,430.0,988654280.3601117,3815934.999999878,78141.93999999027,4975020.860000507,149732.91000000524,317330221.22000045
38.0,406.0,231.0,425.0,963984289.8400722,3529385.270000034,77550.2199999907,4879318.4800002305,147589.80000000412,309437867.50999105
42.0,402.0,193.0,463.0,995067254.5900947,3652498.86999991,77734.97999999233,5045382.540000558,151651.46000000197,319404075.52000993
341.0,305.0,134.0,320.0,872547902.1400887,3293285.909999922,62311.64999999734,3972944.5899999496,130096.32000000692,280464756.9799787
337.0,275.0,172.0,316.0,775868296.490083,3295474.5699998913,58984.46999999769,3303147.7099999827,112034.32000000577,249361070.62998033
356.0,290.0,140.0,314.0,806623492.2500597,3290813.549999962,60197.329999997564,3509477.15999999,117687.12000000272,259261179.50997204
350.0,285.0,137.0,328.0,808620401.9100548,3240857.460000007,58558.7999999971,3525888.9200000055,118244.46000000645,259912236.59997106
89.0,202.0,502.0,307.0,542544057.6900544,2833338.3899998693,76294.7799999936,2241157.610000091,86096.20000000841,174244772.67000052
196.0,180.0,449.0,275.0,594518241.7300473,2685418.2199998773,73508.6399999963,2542775.690000011,98000.8000000126,191136743.30000407
77.0,324.0,434.0,265.0,800678973.0900613,2802008.4999999097,83888.33999999128,4092899.0199999986,134867.46000001486,257190491.699999
145.0,329.0,124.0,502.0,878032686.6200757,3852962.9599998267,64510.299999996365,3978406.810000181,123304.1500000102,281841049.37999016
101.0,229.0,571.0,199.0,594957146.3400413,2406226.84999999,83251.08999999316,2824777.39000003,105103.98000001407,191204893.35000405
136.0,578.0,117.0,269.0,1319481473.3401055,3193324.0200001495,84970.89999998601,7409538.920001491,218968.17999999895,423915500.6299936
359.0,330.0,125.0,286.0,876795353.0400802,3115696.189999947,60429.70999999703,4020222.419999933,131057.53000000956,281880718.5199783
190.0,325.0,434.0,151.0,785365607.4500265,2346701.0599999335,80726.31999999443,4010333.2899998887,136830.27000000954,252508286.85999954
247.0,422.0,86.0,345.0,1051324191.3801017,3557328.0400001,69507.50999999653,5250007.930000602,162285.37999999954,337784346.8799865
286.0,488.0,99.0,227.0,1112064439.7900608,3041153.100000023,70830.99999999632,5780311.30000064,177651.859999999,357459357.3999859
298.0,360.0,24.0,418.0,1007578411.4000753,3657175.2800000166,61930.85999999725,4782238.490000552,147200.5500000056,323714251.19999886
347.0,338.0,23.0,392.0,922869979.730099,3745657.839999854,56200.329999996844,4097851.890000029,129087.78000000541,296509578.7299829
275.0,419.0,22.0,384.0,1052514975.6900887,3527171.7799999015,63840.39999999727,5135203.9700005045,156369.68000000232,338126243.33998966
240.0,290.0,234.0,336.0,807685469.3100659,3140493.349999928,67173.87999999427,3718707.1700000633,123440.26000001217,259537818.60998383
319.0,385.0,26.0,370.0,973774655.8600961,3607208.959999985,59822.379999997356,4543176.010000291,142213.6900000016,312908906.7399934
236.0,360.0,231.0,273.0,925559983.3000648,3046208.3700000294,72707.5999999953,4619389.670000149,148058.80999999962,297447259.79998636
297.0,290.0,235.0,278.0,781934351.8500371,2964071.160000069,64499.95999999824,3501748.589999902,119243.64000000538,251362433.3399891
341.0,419.0,22.0,318.0,1067225536.2300814,3549800.1699999305,65225.65999999757,5262588.900000683,162987.45000000703,342962524.65000176
265.0,326.0,209.0,300.0,868543556.7200545,3089208.4899999206,66426.34999999643,4107902.5700000105,133689.83000000886,279149707.20999223
278.0,342.0,220.0,260.0,854827487.9600554,2856172.3399999808,66992.66999999694,4066741.399999789,134181.0200000065,274820320.08998173
423.0,235.0,399.0,43.0,646211105.7300018,1977712.9599999187,70483.49999999691,2960470.769999945,114796.39000000813,208126295.95999178
465.0,220.0,375.0,40.0,639798235.0000054,1968182.6099999624,65089.02999999896,2799471.529999833,110384.72000000832,206129067.849991
390.0,304.0,367.0,39.0,803554965.4600108,2006419.8299999011,71774.68999999695,3999788.5199995376,140431.92000000353,258663240.85999137
537.0,298.0,211.0,54.0,796496159.7700074,2159004.05999992,59183.76999999966,3685008.369999493,131343.73000000208,256487945.6699683
305.0,169.0,287.0,339.0,562817061.1800592,3135161.7299998854,58868.689999997005,1924273.710000135,77633.53999999896,180893434.59998897
335.0,261.0,132.0,372.0,800170401.220073,3552826.979999815,57440.37999999682,3370231.549999941,111706.60000000523,257094665.6599755
398.0,189.0,134.0,379.0,708916465.1600727,3390743.769999797,52086.439999995375,2695433.3600000576,95053.07000000533,227831627.53998286
321.0,214.0,259.0,306.0,639700050.9800613,3068096.4699998894,59055.359999997396,2451063.3300000527,92199.27000000262,205676544.56998417
527.0,351.0,177.0,45.0,869058220.4200064,2178856.789999936,61904.50000000064,4173270.0599995917,143888.16000000003,279814893.3499805
373.0,248.0,125.0,354.0,766470581.8500872,3476610.3299998795,54568.619999996445,3097001.240000022,105672.69000000291,246340223.03997204
173.0,485.0,149.0,293.0,1155025535.1000745,3139449.1300000716,80151.06999999033,6254286.100001178,190091.8099999933,371118719.64999294
230.0,455.0,140.0,275.0,1067335461.8001052,3560944.5800000313,75531.15999998865,5505598.040000656,173087.8600000129,342972907.6399976
275.0,126.0,236.0,463.0,531940700.11005384,3631397.2299997793,54018.279999995466,1526768.339999982,62893.06999999264,170817145.1099825
140.0,390.0,335.0,235.0,886676488.6900665,2754701.259999954,80650.90999999411,4580916.660000071,147357.67000000196,284906246.8299875
186.0,519.0,159.0,236.0,1160595147.8600552,2987501.5100001125,79804.04999999063,6307036.980000773,191205.30999999997,372957884.79997826
214.0,99.0,515.0,272.0,408832980.79003084,2582146.8099999763,68293.83999999432,1252784.859999921,63319.029999991726,131449912.91998589
197.0,391.0,335.0,177.0,895511849.4200382,2603357.759999967,79639.20999999199,4653923.200000089,152446.56999999942,287884053.23999
388.0,126.0,236.0,350.0,566743834.3100424,3284484.6299998458,51717.00999999724,1786858.2900000685,74217.08000000005,182249563.77998364
261.0,85.0,443.0,311.0,434882094.11004114,2876021.939999848,64586.70999999511,1269286.5999999626,63189.30999999272,139831584.4099922
280.0,91.0,477.0,252.0,445007285.39002454,2609442.490000031,64603.71999999701,1396339.6999999774,68240.16999999482,143162531.9699864
305.0,223.0,112.0,460.0,729612349.3400974,3824710.309999717,52958.7399999961,2754114.0500001395,93524.4899999998,234329102.58997634
252.0,238.0,119.0,491.0,768142511.880095,3989050.6299997764,56964.73999999556,3048234.700000097,100356.05000000089,246647819.4099729
317.0,191.0,116.0,476.0,713316149.340083,3803464.069999754,52576.639999996005,2661388.5400000894,92032.25000000405,229143410.42997673
261.0,191.0,254.0,394.0,625317086.3200788,3592728.909999703,58347.409999996504,2230523.0700000157,82791.78000000142,200853400.19998965
288.0,210.0,105.0,497.0,742102065.4601026,3984562.8199996497,54916.27999999597,2840007.8900000714,94624.99000000591,238274201.02997896
256.0,154.0,248.0,442.0,582657244.3700651,3562434.8999997308,55156.699999996985,1902955.49000003,73822.45999999419,187143838.2799881
202.0,191.0,254.0,453.0,648254457.1500618,3611578.37999982,60983.4799999958,2447913.440000066,86025.850000004,208127886.3699903
245.0,191.0,116.0,548.0,675298731.8901166,4090273.099999555,52489.95999999545,2349476.3499999885,79739.45999999503,216714597.1299852
221.0,172.0,277.0,430.0,599803982.4400812,3328654.2699998603,61784.379999995625,2206574.7000000835,82304.60999999903,192645217.1199893
208.0,163.0,262.0,467.0,621332369.1500744,3701128.7599997097,61513.15999999526,2241056.270000116,81029.20000000129,199459914.62998873
396.0,344.0,274.0,86.0,904605885.1700194,2174832.1799998907,71059.78999999697,4611831.809999942,154970.99999999738,291092332.40998137
367.0,358.0,286.0,89.0,850018911.0700114,2228104.779999939,71618.09999999676,4275151.359999623,145362.7200000011,273501744.0499852
405.0,327.0,280.0,88.0,816592242.0600336,2321541.039999984,68276.66999999735,3952256.78999973,137215.47000000355,262807442.0499742
358.0,311.0,353.0,78.0,771751588.570013,2097873.0999999084,72323.32999999671,3790003.5199997085,133793.00000000492,248393372.32998255
381.0,331.0,264.0,124.0,831047446.8000222,2309829.919999998,69426.4799999988,4068594.4299995373,140712.0100000065,267435586.78998634
353.0,285.0,348.0,114.0,743463863.950026,2296862.5399999423,70133.1599999976,3520834.3699999037,124598.93000000935,239216757.96999493
319.0,312.0,353.0,116.0,754618666.440016,2221603.079999898,72304.76999999862,3662783.799999785,129882.94000000959,242810684.42999914
360.0,327.0,281.0,132.0,845206066.7800452,2475504.2499998505,70266.30999999818,4148206.349999764,142306.30000000272,271926263.10999084
338.0,306.0,374.0,82.0,796074089.700014,2121217.0599999432,73016.42999999774,3982171.179999689,138918.57000000597,256173713.81998855
325.0,295.0,361.0,119.0,698260418.1200329,2249609.019999971,68545.4999999966,3196487.7999999053,116475.13000000567,224706647.509992
361.0,47.0,212.0,480.0,424491548.49003637,3545212.1799997627,45937.86999999842,676729.5699999194,41855.0299999962,136375674.9799827
323.0,50.0,222.0,505.0,446822127.13005495,3867040.4499996183,46190.42999999774,759733.2499999168,41534.479999996875,143418414.079987
301.0,223.0,176.0,400.0,714587146.4700624,3413476.07999986,57783.15999999662,2821599.1900000013,98426.39000000362,229615239.06998107
400.0,53.0,115.0,532.0,478685353.26007557,4104842.8299994674,39938.099999998565,779919.4599998485,41437.46999999499,153703894.73998523
608.0,80.0,357.0,55.0,414628029.1400039,2012914.2399999818,50306.26999999857,1031550.7699998651,65933.87999999947,133910349.70998031
519.0,384.0,150.0,47.0,954443222.6700116,2220632.369999903,64138.03000000139,4769975.459999848,160525.03999999253,307250106.15997463
688.0,106.0,233.0,73.0,496077355.870016,2187087.5399999963,42918.919999999445,1346620.890000147,73630.76,160149906.0099806
413.0,359.0,284.0,44.0,848638213.7900048,2003413.1799998982,70141.2899999993,4260313.969999524,147254.6600000017,273189813.83998317
292.0,253.0,99.0,456.0,763315268.0501035,3953297.4299995517,55463.12999999432,2985960.5100001995,99343.80000000833,245137632.4499809
475.0,413.0,161.0,51.0,954273645.4200197,2192327.3099999055,66296.47999999997,4831001.399999986,161212.63999999376,307143104.1599743
111.0,297.0,462.0,230.0,728724916.9700565,2682029.099999953,83959.90999999152,3632368.720000004,125387.45000001804,234163540.16999897
60.0,313.0,485.0,242.0,774583444.8100656,2643573.1099999025,85597.53999998898,3982605.569999994,133217.71000001457,248832965.3200022
149.0,23.0,619.0,309.0,265489647.7599959,2670839.889999896,68319.47999999486,315825.53000000917,38609.77000000112,85309456.48998722
123.0,330.0,392.0,255.0,783450292.1800468,2575540.19999994,79360.0999999935,3944680.539999854,131729.30000000997,251750569.93999997
106.0,284.0,440.0,270.0,743883480.8600471,2746999.0200000536,79823.99999999312,3645828.999999857,122437.580000014,238955757.21000272
159.0,25.0,509.0,407.0,303016082.58001024,3064992.8699998218,63196.199999993994,354110.000000015,37352.01000000077,97306093.34998383
63.0,330.0,393.0,314.0,771657357.3900738,3015826.4299998553,80035.32999999073,3783938.3800000288,125731.7800000157,247804594.40999442
77.0,23.0,620.0,380.0,273415934.84999496,2948039.039999807,70568.7099999942,350129.4300000298,36934.56000000211,87698625.59998712
95.0,29.0,592.0,384.0,288929544.01000726,2934836.2599998647,69901.12999999255,439566.55000002816,39888.53999999925,92730710.6999882
88.0,27.0,548.0,437.0,305484989.3700114,3361391.7399997115,66576.51999999436,366016.38000001677,35456.330000001544,97938559.13998441
146.0,374.0,445.0,135.0,855208251.2500267,2226481.6799999275,88717.60999999102,4663573.449999894,154649.16999999702,274930624.26999867
434.0,261.0,311.0,94.0,738325427.7600044,2135402.2299999367,65805.61999999848,3449605.659999748,124132.64000000726,237673347.69998583
173.0,240.0,527.0,160.0,634639653.5000322,2384121.9199999613,80726.91999999517,3020575.7899999786,111527.77000001611,204046516.67000267
158.0,404.0,392.0,146.0,941313114.8000157,2264625.1499999384,85759.81999999117,5159123.480000096,166407.0699999958,302617470.28998846
97.0,248.0,296.0,459.0,755380569.0900944,3671363.8599996916,70385.81999999266,3327179.1700002267,107754.8300000129,242421010.80999485
115.0,159.0,284.0,542.0,584353746.730086,3894257.199999629,60775.859999994136,1969270.319999933,71149.20999999368,187427546.66999188
333.0,201.0,195.0,371.0,679527963.6200702,3325246.8799999747,56292.279999998565,2627601.049999974,93404.13000000082,218339845.8099831
348.0,114.0,250.0,388.0,518496049.2200446,3315487.7499998,51446.7999999964,1450548.62999999,64982.929999993285,166690061.6899851
516.0,169.0,302.0,113.0,555843555.320021,2384341.2400000202,53118.40999999934,1911199.2200002903,85235.91000000139,179136663.22998023
364.0,119.0,212.0,405.0,529895585.100073,3521847.8399997163,47195.989999996724,1380409.9099999322,60348.63999999306,170313076.56998235
227.0,312.0,339.0,222.0,802432181.290034,2561728.5000000075,74211.73999999565,3938024.3599998206,133241.0300000055,257970141.4699849
72.0,367.0,399.0,262.0,864571688.5600619,2934770.3499999344,83812.09999998969,4485070.850000071,145389.3300000127,277736599.46999127
241.0,263.0,360.0,236.0,718094466.3200456,2651215.5000000102,69679.91999999623,3276728.2499999227,114969.44000000572,230872030.04999265
233.0,321.0,317.0,229.0,763724237.8800477,2729869.7600000026,72351.90999999571,3614560.6099998527,124809.52000000858,245518181.0899856
259.0,356.0,386.0,99.0,829022915.9900303,2251316.089999897,79729.86999999342,4302176.019999792,146484.32000000865,266647315.61999702
287.0,314.0,389.0,110.0,825689844.5000417,2179796.8099999344,78391.59999999424,4277307.8899995545,146377.79000000693,265602802.6399888
87.0,447.0,441.0,125.0,984179359.4000056,2074634.8799998297,94251.09999999274,5655440.450000187,179580.79999998974,316351525.35998505
91.0,372.0,507.0,130.0,840955062.8000185,2065640.4899998992,91814.23999999106,4660761.699999884,154282.8100000013,270334950.4200028
80.0,325.0,403.0,292.0,784030302.7100824,2943647.739999914,80233.31999999243,3862988.090000019,126824.08000001704,251819910.17000073
95.0,388.0,481.0,136.0,840772218.7300309,2257259.659999907,90342.7499999883,4607951.070000196,152556.75999999847,270247511.76000583
589.0,102.0,152.0,257.0,541105499.1300356,2853297.7399999187,40341.309999999605,1458626.9000000989,69126.10999999553,174300930.2599835
386.0,142.0,213.0,359.0,576207812.2700689,3434944.3599998974,51279.719999997644,1773733.6800001678,72835.18999999829,185249131.41998255
398.0,425.0,103.0,174.0,1022946805.0700475,2766062.599999898,65954.98999999897,5180898.310000657,164332.48000000458,328970509.34001106
621.0,108.0,99.0,272.0,580636455.5400523,3087266.009999885,40954.109999999404,1683454.9000001932,73976.48999999725,186944922.79998022
767.0,133.0,198.0,2.0,576222800.5600061,1975675.2799999642,44631.32999999939,1953132.3400005486,90982.72999999952,185987918.79997098
493.0,527.0,79.0,1.0,1199644877.6300015,2060269.2299998042,70296.09999999768,6554259.580000911,205566.00999999707,386030092.52998054
641.0,236.0,219.0,4.0,733632202.1300008,1985920.4899999206,54642.48000000059,3200560.539999731,122136.30000000093,236449478.55997965
287.0,653.0,158.0,2.0,1356186091.849982,2012554.779999658,89537.85999998132,7987967.490001454,244834.31999998007,436146948.24994564
242.0,551.0,82.0,225.0,1209771564.520067,3059146.490000153,77563.42999998873,6573113.940000897,199085.25000000087,388785057.0399861
304.0,691.0,103.0,2.0,1389630919.3900092,2039470.3899996583,88264.81999998257,8178252.330001804,250704.28999998936,446915471.72995657
167.0,268.0,299.0,366.0,726190328.0900689,3218297.669999888,69348.58999999598,3194931.560000078,107741.85000000735,233234512.8099885
317.0,225.0,251.0,307.0,671425705.7200503,2961146.019999974,61216.94999999787,2726659.8999999384,100035.60000000225,215877883.629996
179.0,206.0,322.0,393.0,622745189.540076,3475355.8599997438,65223.67999999666,2376529.980000051,86341.61000000201,199963054.75000164
173.0,277.0,272.0,378.0,766213599.3800704,3151285.779999844,70408.67999999515,3512749.1200000676,115844.00000001195,246086538.1299997
195.0,314.0,351.0,240.0,798666616.7300562,2781011.3900000234,76997.19999999291,3915358.709999951,132007.63000001415,256681829.77000275
222.0,256.0,350.0,272.0,702863790.6800508,2833647.709999973,70911.97999999583,3174258.7099999357,111933.58000000879,225922741.09998944
373.0,265.0,260.0,202.0,712465218.9900393,2644332.9199999706,63928.82999999684,3113064.9299999126,113335.63000000874,229217319.57998368
386.0,197.0,307.0,210.0,643084945.2600325,2629043.349999922,60389.989999997204,2596280.780000082,99336.2100000062,206941518.74998978
347.0,176.0,241.0,336.0,592392754.9800452,3157535.4899998326,54907.61999999638,2044259.8500001573,81157.7200000048,190470936.18998715
400.0,204.0,279.0,217.0,680199355.7600337,2709910.0499999523,62053.95999999752,2846756.720000042,106238.24000000555,218836790.73998424
160.0,18.0,486.0,436.0,309038540.2500201,3188715.159999728,62697.059999994264,356515.89000001835,35805.54000000084,99167089.29998544
358.0,14.0,384.0,344.0,343234766.0500194,2947142.5999997845,51791.229999996125,396033.49999998126,39611.75999999802,110435458.35998338
155.0,53.0,470.0,422.0,376493234.36003065,3160006.959999809,64846.399999994195,832931.3399999102,48354.74999999641,120847673.99998601
282.0,32.0,20.0,766.0,482186773.8801005,4849810.489999805,35126.280000002786,569452.8299999867,28167.84999999681,154481792.02998155
240.0,27.0,725.0,108.0,236298566.9999979,1818920.4500000428,76317.48999999618,451742.58999998623,50343.99999999858,76241809.74998939
590.0,201.0,43.0,266.0,708085324.4700629,3226983.57999987,41824.15000000034,2497576.010000063,93823.8900000009,227870080.94996712
898.0,36.0,23.0,143.0,439070850.3600158,2710807.2699999465,21570.43000000221,420089.3699999045,46652.289999998444,141873900.92997277
467.0,56.0,502.0,75.0,358400133.30999994,1992694.5900000124,59264.6599999971,846508.4899998811,60370.40999999808,115689162.87998025
522.0,63.0,13.0,502.0,491570196.2200866,4232301.829999487,31465.330000004546,657189.6599998765,38237.879999995544,157944477.67997953
842.0,102.0,22.0,134.0,570787575.9100217,2651172.959999959,29905.66000000196,1454814.0000002403,73060.75000000063,184151827.23996636
443.0,300.0,203.0,154.0,817939285.3900453,2582865.38999997,61455.56999999813,3765988.2699996387,130190.59000000164,263199559.39996594
226.0,399.0,270.0,205.0,883344924.4400464,2689311.0399999763,73235.96999999257,4430579.759999967,144210.21000000514,283980526.3799884
428.0,326.0,197.0,149.0,855959237.9500327,2553299.4500000007,63421.54999999947,4060975.269999609,139105.03000000224,275426966.9299855
409.0,278.0,271.0,142.0,772813812.0200446,2440870.9699999113,64682.64999999984,3573581.5299997292,126048.450000004,248691444.539975
374.0,254.0,172.0,300.0,709147242.6400539,3268418.2399998214,54956.85999999553,2762832.6000000853,98832.01000000481,227994601.02998045
341.0,260.0,226.0,273.0,743308789.8400605,3014141.4299999215,62661.20999999783,3225020.9099999517,112749.80000001033,238986798.44998568
168.0,295.0,289.0,348.0,775580925.0000842,3130921.2600000133,71712.71999999219,3604815.639999988,120001.84000001336,249131975.44999057
176.0,348.0,210.0,366.0,929195893.1000894,3297511.4499999913,73665.39999999246,4606833.690000333,145672.1900000047,298482667.8399949
196.0,388.0,339.0,177.0,922476281.9300448,2457000.6299999314,81404.90999999378,4896653.870000061,159143.92999999758,296550302.2999852
162.0,321.0,280.0,337.0,827629606.8400657,3290049.4099999107,73640.37999999212,3950036.9400000474,129327.14000001422,265851850.63998857
302.0,159.0,344.0,295.0,559701209.1700474,3011779.6899999604,60546.28999999651,1995827.67000017,81447.97000000019,179978752.09998494
39.0,211.0,458.0,392.0,589913005.4200716,3272882.5099998154,76006.83999999243,2458068.230000055,89327.8100000093,189318679.6400062
234.0,370.0,267.0,229.0,943630803.0100502,2783399.8000001465,74723.55999999362,4832583.730000176,154865.6499999979,303303186.89997995
365.0,193.0,185.0,357.0,652198876.7600567,3319877.9799998584,51278.119999997834,2345682.440000202,87000.58999999975,209641313.63997886
255.0,135.0,291.0,419.0,562153704.1500697,3590825.239999705,59487.659999995,1845551.40000001,73414.08999999588,180559712.9599905
232.0,368.0,118.0,382.0,948087640.4600805,3506021.0099999467,67036.64999999652,4541171.960000125,141791.8800000019,304552447.54998595
38.0,209.0,201.0,652.0,708108909.2201443,4478304.479999556,65107.859999991175,2737915.730000238,87265.56000000786,227001966.15999585
24.0,390.0,281.0,405.0,991086248.8401015,3455363.6099999268,82573.73999998797,5169543.1200006595,157153.22000000768,318159459.129989
34.0,550.0,176.0,340.0,1179709404.1400692,3384811.510000071,86028.3399999862,6476783.060000967,192208.77999999496,378822139.7999806
28.0,455.0,145.0,472.0,1120619344.0201025,3781142.720000039,80433.8099999859,5892468.440000997,173966.73000000315,359730156.04999757
40.0,906.0,128.0,26.0,1749411715.739982,2105748.2799996035,110877.3899999717,10995586.570001764,318229.47000006394,562223424.0499693
414.0,586.0,83.0,17.0,1254515382.8000033,2149304.2899998175,74688.53999999225,6969728.120001198,218247.26999998817,403611125.04997575
73.0,743.0,236.0,48.0,1429722663.4000435,2160298.4899996645,102056.74999997843,8712019.000001172,260897.13999997085,459539795.85993475
23.0,535.0,527.0,15.0,1049810658.1599952,1710410.099999819,104805.22999998415,6398916.030000416,202640.39999997566,337475973.56997746
29.0,659.0,93.0,319.0,1378653194.450097,3384857.0000002584,91044.88999998309,7916646.980001314,230235.04999999094,442761260.4099785
25.0,249.0,554.0,272.0,620526823.1400428,2576098.959999904,85691.23999999084,3005534.159999987,107971.08000002026,199288888.80001536
245.0,347.0,341.0,167.0,867656907.5800573,2535490.7900000466,76659.21999999255,4409436.519999957,146215.53000000914,278992481.1299939
438.0,275.0,87.0,300.0,846409195.7300688,3142628.39000001,55560.84999999778,3713988.3599997754,123662.82000000091,272174651.37997824
359.0,225.0,501.0,15.0,620237159.2200061,1763688.2799999258,73686.70999999663,2909720.7099999166,114217.72000000683,199789813.489995
297.0,186.0,414.0,203.0,552948819.950021,2591450.8399998974,67264.79999999866,2157219.2800001553,88962.04000000375,177872030.59999833
72.0,24.0,362.0,642.0,386561626.3000495,4285790.969999448,56628.60999999275,514223.86000007426,30680.560000000125,123695505.35998546
339.0,18.0,268.0,475.0,360726438.36004454,3590333.1499996297,44715.00999999631,256210.8400000009,30463.49999999995,115843484.3399862
44.0,435.0,224.0,397.0,974222974.7101263,3705958.2299999646,79180.54999998934,4955505.050000416,150671.120000004,312737409.88999224
66.0,22.0,422.0,590.0,336826420.1000439,3951531.0699994653,58075.54999999371,293378.2000000322,26700.070000002128,107775161.07998802
94.0,31.0,471.0,504.0,341928501.2800212,3546132.2699996806,60666.619999995426,458656.28000002593,34437.499999999985,109579330.67998675
49.0,477.0,311.0,263.0,1040796902.7000842,2990452.2299998906,88265.07999998871,5711876.03000076,175070.8499999926,334286382.90999633
379.0,20.0,380.0,321.0,331669195.4700212,2837503.589999867,51772.33999999652,340142.8199999757,40119.24999999784,106804165.52998562
264.0,405.0,208.0,223.0,1000239991.9700526,2789302.8200000334,74100.07999999478,5165712.290000408,163082.03999999454,321516491.8199808
223.0,342.0,223.0,312.0,871927660.5200588,3176888.3900000076,71076.89999999561,4183780.989999792,135840.80000000613,280177177.88998747
251.0,386.0,251.0,212.0,943273828.8700377,2566306.699999899,75956.08999999503,4889561.030000042,158240.89999999863,303268815.6599887
219.0,206.0,299.0,376.0,656402055.4200727,3232129.649999927,64878.95999999743,2650840.8099999446,95256.4500000037,210888679.50999233
297.0,187.0,273.0,343.0,635995134.5600594,3414571.4899998787,59475.99999999611,2374403.5999999787,87398.95000000234,204343938.6599853
187.0,336.0,256.0,321.0,855128327.0000675,3161251.0699999407,71435.62999999346,4122668.929999919,133244.69000001036,274723682.48998624
214.0,201.0,318.0,367.0,631691707.300072,3247987.960000003,65670.21999999671,2512277.4100000067,91829.11000000707,202915928.37999436
234.0,220.0,319.0,327.0,693863220.1400609,3119275.279999957,66148.28999999697,2966361.2699999665,105289.87000000798,222981445.53999418
193.0,348.0,288.0,271.0,853037158.6300517,2913955.679999941,73844.21999999293,4203842.950000005,137585.52000000898,274122802.5299844
308.0,195.0,308.0,289.0,634684481.0900475,2880664.8399999677,62148.9099999972,2545195.4300000905,94856.61000000472,204056675.6599892
270.0,327.0,249.0,254.0,849609990.5500476,2930751.340000046,70891.26999999677,4092058.6999998474,135048.72000000827,273067559.15998155
252.0,305.0,252.0,291.0,852640862.8200564,3014978.660000071,69570.36999999553,4074456.2299998133,134285.3400000061,274019066.75998795
265.0,320.0,265.0,250.0,799030428.9000764,2971136.5399999153,71348.94999999464,3769290.479999971,127626.78000001455,256833273.33998573
697.0,233.0,1.0,169.0,763647045.1000236,2723826.9500000114,39753.23000000023,2897984.68000018,108182.65999999619,245970745.92996293
606.0,285.0,1.0,208.0,848817946.2200582,3052069.4899999127,46850.069999999425,3565523.2599999346,122903.63999999847,273134042.929973
508.0,468.0,1.0,123.0,1168967598.5100431,2601198.3200000385,64600.72000000127,6119703.62000117,190972.01999999862,376031852.2799884
662.0,221.0,56.0,161.0,709439192.4400318,2749750.3399999323,44019.6499999997,2633932.610000076,102408.09000000008,228520975.12996307
555.0,185.0,1.0,359.0,711158306.7700626,3504105.2899999768,40262.6500000008,2417698.660000198,89083.54999999783,228735050.16996568
414.0,382.0,35.0,269.0,995076755.7700864,3297899.1999999424,60278.839999998185,4750799.8100005,152201.33000000502,319933323.92999816
440.0,206.0,52.0,402.0,715146881.7500939,3798696.1199997235,47226.28999999889,2543096.8300001095,90676.20000000313,229865697.51996732
342.0,445.0,0.0,313.0,1125098022.7900586,3273296.650000023,64734.10000000009,5687270.740000723,172516.07999999519,361574708.24998033
398.0,518.0,47.0,137.0,1186942053.5000312,2622017.450000025,70018.4899999974,6316735.170000759,194674.13999999815,381716005.3399799
330.0,429.0,39.0,302.0,1031754708.8100946,3355592.8299999717,63292.43999999935,5045548.9000005,157394.51000000467,331613986.5699955
146.0,373.0,243.0,338.0,923481583.400075,3271674.6700000046,75876.13999999211,4634929.470000189,147033.4300000071,296647791.029984
36.0,416.0,272.0,376.0,972532371.2301115,3459399.5499999276,83430.21999998944,5058400.8300004825,156156.79000000612,312244982.08999985
190.0,151.0,318.0,441.0,555846200.0300713,3449134.9699997273,62817.27999999291,1913559.3299999752,74324.35999999716,178484383.77999508
142.0,362.0,268.0,328.0,913804565.260059,2973256.0699999663,76911.47999999303,4625128.70000006,145852.1500000037,293546707.2899966
208.0,532.0,347.0,13.0,1110296189.2800076,1872756.629999789,90092.50999999062,6436487.170000374,202878.66999997737,357081426.2499688
294.0,232.0,556.0,18.0,611592182.6000049,1732964.2099999099,77918.04999999728,2954828.379999947,115487.66000001103,196949218.54000232
52.0,594.0,440.0,14.0,1131053537.6500301,1763490.9399998235,102803.91999998702,6846155.780000538,212595.05999997686,363612031.37997186
90.0,317.0,668.0,25.0,676707516.5400199,1622050.5599999435,94524.93999999318,3749291.2299997746,135620.44000001455,217691312.54000795
47.0,167.0,398.0,488.0,551703648.9700718,3383717.299999782,72091.3299999924,2103422.48999996,78251.72000000092,176984222.36000353
83.0,293.0,701.0,23.0,623571973.5900021,1627025.049999891,94953.11999999841,3394267.529999841,125726.48000001581,200603464.20001227
207.0,190.0,426.0,277.0,592171669.3100474,2701702.0199999907,70431.22999999409,2463226.2300001415,93620.56000000711,190340970.4200008
104.0,212.0,475.0,309.0,590247125.490053,2848366.4999998896,76336.27999999496,2560198.4600000526,94475.79000001136,189572113.56000847
209.0,178.0,432.0,281.0,569000022.7300514,2779735.1099999673,69806.35999999345,2280011.9300000286,88782.45000000905,182880468.99000046
296.0,273.0,134.0,397.0,851671971.5501051,3613445.0199998133,61984.899999996065,3777774.6300001913,121422.94000001284,273590963.52998495
200.0,184.0,413.0,303.0,582195343.9700514,2858314.439999907,68496.61999999495,2327017.059999974,89218.39000000453,187101178.63999495
288.0,246.0,130.0,436.0,738761587.7700821,3684280.699999859,55088.11999999641,2895324.6200000565,97551.7300000016,237294159.67997965
149.0,303.0,149.0,499.0,799035227.4300896,3792461.189999778,62393.059999995974,3409791.1100001168,107897.9900000076,256458421.6199829
102.0,192.0,465.0,341.0,604532550.3200604,3039554.6899998006,76123.66999999442,2595925.0900001125,94853.15000001168,194144797.68000114
161.0,303.0,161.0,475.0,853643308.6400911,3760534.779999714,66315.15999999476,3873196.2200002614,121596.89000001285,274042472.3099886
152.0,287.0,152.0,509.0,825951015.1200854,3880447.959999857,64348.25999999534,3600837.4100000807,114571.95000000647,265137092.7699786
450.0,433.0,183.0,34.0,1001275298.3900095,2090540.6599998137,71635.90999999898,5266290.290000113,174058.9199999904,322236832.4699696
375.0,483.0,204.0,38.0,1102401775.2100148,2110505.2099998635,77823.30999999297,6055005.010000658,191960.56999999224,354632200.47997755
456.0,425.0,185.0,34.0,988887586.6000019,2103928.169999884,69191.85000000168,5118847.640000159,168476.1599999954,318268668.1499829
395.0,380.0,295.0,30.0,889388353.2399995,2051303.5499998487,72580.39999999892,4559069.669999735,154747.66999999614,286252198.0099813
435.0,420.0,177.0,68.0,980884030.7100376,2264059.0900000036,70380.07999999699,5069658.100000238,167286.95999999717,315637721.53997743
388.0,362.0,290.0,60.0,874321732.7900174,2098385.7899998534,70760.35999999827,4431095.509999686,150235.9999999984,281383083.52998114
315.0,405.0,315.0,65.0,916737989.100013,2130609.719999894,78046.22999999418,4859514.499999917,160969.59999999587,294906089.7199895
367.0,457.0,200.0,76.0,1025767583.4800233,2310801.5099999285,74287.17999999571,5434465.690000459,176211.49999999462,329994791.60998505
329.0,409.0,329.0,33.0,940990053.6900072,1923391.659999793,81907.37999999481,5115582.250000049,170082.35999998573,302770460.919994
318.0,397.0,319.0,66.0,895161006.6900047,2065703.3199998487,78238.79999999401,4713950.549999961,157880.78000000046,288000470.2899906
328.0,69.0,304.0,399.0,449590677.370045,3267102.5399997737,53289.71999999675,1058206.5599998261,54239.059999994905,144491499.31998724
410.0,62.0,272.0,356.0,446219215.2700412,3262235.749999805,48250.04999999739,921283.5299998458,52616.04999999486,143537491.6499879
272.0,246.0,252.0,330.0,708170883.3700533,3109850.040000004,63429.14999999793,2980039.990000029,105098.85000000263,227595408.92998564
357.0,75.0,234.0,434.0,453931449.40004647,3486610.139999794,48965.37999999665,937186.9499998793,49584.77999999508,145855839.33998764
404.0,85.0,375.0,236.0,455138862.5500125,2587093.7400000296,55809.92999999862,1284002.870000041,65449.749999995605,146540553.58998474
350.0,317.0,229.0,204.0,816679289.550021,2664005.3600000134,64529.56999999942,3813390.1299996385,131538.4600000017,262694132.21997294
540.0,81.0,253.0,226.0,453567242.1200212,2695120.4099998893,46988.479999997966,1046923.67999983,59919.98999999605,146132767.30998236
403.0,262.0,267.0,168.0,711189091.4000288,2453196.6700000446,61552.68000000007,3097485.6899998332,113633.460000006,228884842.20998317
368.0,239.0,173.0,320.0,729867810.07007,3234271.1299998607,57128.28999999719,2954167.7500000116,103451.16000000467,234620703.89998287
434.0,282.0,203.0,181.0,795419586.9500268,2687167.010000031,60859.45999999868,3596434.459999753,125600.960000003,255922432.7099777
152.0,559.0,110.0,279.0,1263916962.97009,3313807.5600000555,83453.89999998556,6980132.680001346,207648.11000000095,406054031.61999893
318.0,461.0,91.0,230.0,1020786034.6400487,3039642.9400000097,66623.06999999846,5103953.660000302,160751.83999999738,328159811.54998666
262.0,169.0,189.0,480.0,648651551.2400798,3755581.399999809,55640.42999999591,2291580.360000019,81096.53999999652,208264455.8399927
92.0,340.0,499.0,169.0,768643882.6100261,2273161.409999949,87561.8599999895,4047892.0099997744,137793.30000001518,247063803.1100063
105.0,384.0,76.0,535.0,1000730797.9200863,3888855.949999816,67489.94999999556,4821053.390000448,142922.9500000026,321222162.42999256
91.0,58.0,488.0,463.0,364737091.4500309,3450903.689999665,66313.04999999369,735754.8299999444,43982.51999999683,116946933.14998685
167.0,242.0,355.0,336.0,658088629.7800677,3103694.0699998382,71425.64999999537,2824220.600000051,100551.97000001249,211404656.28999317
309.0,79.0,88.0,624.0,518572382.6800796,4180357.0799994795,39401.640000000414,1025256.6599997834,45416.03999999325,166416261.8399792
268.0,68.0,571.0,193.0,361945935.92000926,2271941.6699999813,69555.88999999735,1036344.5699999161,60728.92999999527,116499158.63998683
203.0,52.0,434.0,411.0,363230667.2800287,3288852.859999726,58809.649999993766,607197.5499999799,41721.09999999793,116622066.58998449
207.0,287.0,600.0,6.0,667064591.4700099,1615369.559999893,86443.8099999914,3508079.8699996793,129179.50000001093,214710053.2100049
467.0,203.0,426.0,4.0,605290305.3899969,1766542.5999999184,67965.89999999962,2673679.0500000655,108632.73000000924,195073582.41000062
236.0,173.0,684.0,7.0,461377024.2000129,1556826.049999958,83157.14999999752,2115838.1600002805,94217.29000001281,148646649.7199962
371.0,515.0,203.0,11.0,1109565993.4299788,1999169.2199998084,77693.29999999568,6130913.960000633,194407.04999999044,356986978.42998534
133.0,185.0,386.0,396.0,600920154.5100645,3213590.4599998365,69963.73999999363,2400256.9400000535,87727.41000000369,192953436.61999363
209.0,154.0,115.0,622.0,637789405.8601118,4397738.239999611,52313.73999999557,2012056.7199998975,69781.42999999353,204572368.1399853
432.0,189.0,74.0,405.0,661971256.3200642,3494013.83999987,44590.219999998946,2187277.240000194,82111.74999999865,212823078.01997378
357.0,83.0,326.0,334.0,431130514.1400182,3006895.9199999017,54739.01999999804,1030938.2399999117,56084.60999999459,138645939.54998356
779.0,180.0,134.0,7.0,667329665.1000051,2062744.729999951,44845.00999999983,2535779.7600002894,105408.33999999946,215251602.04997215
470.0,109.0,81.0,440.0,578966947.0100715,3694600.1899996763,41295.28999999932,1557402.2600000207,64755.509999992566,186113379.89998332
359.0,403.0,92.0,246.0,1005302766.9400569,3099037.2400000514,65019.31999999875,4931426.550000146,156385.27000000083,323203524.0999877
158.0,513.0,116.0,313.0,1159358842.680082,3206765.1500000837,77862.64999999176,6200493.790000725,186436.97999999815,372483260.73998696
385.0,352.0,98.0,265.0,964655512.2100574,3042509.6000000173,63494.82999999946,4659555.430000146,149340.01000000144,310153349.9999858
300.0,338.0,256.0,206.0,841724719.0000459,2744079.8799999957,69084.01999999821,4038810.2699997746,135020.50000000588,270651213.89997685
414.0,465.0,106.0,115.0,1101520406.0500274,2482981.349999979,68900.64999999889,5775116.670000377,183659.75999999783,354355531.8899837
361.0,330.0,308.0,101.0,833062923.2500153,2257125.399999942,70735.23999999883,4132139.7099996917,141725.5600000018,268047245.42998403
146.0,475.0,361.0,118.0,1052758088.9600366,2190417.5799998664,91758.82999999206,6010511.240000442,189892.84999998412,338447572.60998315
212.0,560.0,157.0,171.0,1221308331.550043,2600155.269999995,82616.4099999876,6848648.800001252,207370.8099999922,392554712.1399697
136.0,359.0,335.0,270.0,890726859.570067,3000821.8299999414,78804.25999999233,4525402.550000032,144900.2400000092,286170147.1299967
159.0,420.0,393.0,128.0,887042188.8900262,2333762.269999962,85371.71999999644,4767482.36999994,156618.20999999618,285178697.77999616
480.0,39.0,456.0,125.0,351425450.200008,2286541.9399999753,53625.91999999791,618139.4399999226,52532.35999999778,113407523.63998203
4.0,68.0,807.0,221.0,276326779.7500047,2193238.4300000337,85810.88999999595,855418.699999924,55061.83999999429,88756467.54998651
350.0,327.0,332.0,91.0,808145790.5900091,2205289.4899999145,72123.5999999993,4008053.509999554,138834.87000000558,260028917.349993
638.0,51.0,245.0,166.0,427189010.9100154,2618586.8399999994,39744.67999999997,757418.239999893,54590.61999999683,137834772.86997637
441.0,35.0,420.0,204.0,332626636.7199996,2586737.46999999,52966.43999999782,404592.7399999575,44419.75999999838,107226090.90998265
395.0,370.0,152.0,183.0,945634106.7100282,2688335.570000053,65456.60999999996,4676041.560000076,152439.99999999997,304133332.0399839
6.0,95.0,454.0,545.0,423975045.01004773,3673853.099999566,70798.78999999286,1172367.1199998902,52143.81999999262,135839577.6199881
2.0,438.0,444.0,216.0,975081797.3700398,2662107.339999986,94601.9299999883,5491107.980000226,173962.07999999195,313222928.87999
3.0,650.0,267.0,180.0,1311666228.750073,2649111.520000085,99569.50999998441,7779476.450001062,230049.9599999853,421385329.5499682
3.0,576.0,237.0,284.0,1264570259.050078,3106643.029999945,96229.02999998376,7308576.060000881,217497.3599999879,406164858.5499941
237.0,282.0,213.0,368.0,852140123.5200756,3406078.2899998776,66744.9399999966,3922148.949999967,126195.06000001023,273738977.2399865
244.0,279.0,212.0,365.0,776521728.8500662,3306571.919999909,63543.47999999695,3393431.7600000207,113130.68000000631,249466098.5699863
254.0,222.0,229.0,395.0,699627353.4800788,3330944.7199999047,61311.40999999705,2839890.059999963,99558.33000000309,224777107.8199842
198.0,236.0,358.0,308.0,725809045.9700463,2843837.8599999845,73435.39999999583,3371120.4199999403,116071.02000001377,233233734.45000058
218.0,259.0,196.0,427.0,767148663.77011,3716911.43999979,62809.46999999535,3239703.9400001843,107112.46000000669,246334821.40997997
195.0,170.0,352.0,383.0,584230852.7200787,3241645.669999802,65394.49999999564,2188551.8000000715,83492.65000000424,187651313.25999364
190.0,218.0,332.0,360.0,648131147.520065,3374332.0299997716,65694.50999999544,2581497.8800000856,90641.17000000385,208131505.58999372
239.0,201.0,208.0,452.0,665862289.9600867,3679482.499999743,58147.37999999466,2466703.6500000367,87541.58000000066,213839702.51998192
217.0,182.0,377.0,324.0,588121524.6500515,2955983.5399999474,67201.8499999956,2315216.460000018,87870.02000000334,188972459.76999637
201.0,169.0,350.0,380.0,555514061.8500609,3275858.35999974,64380.569999993895,1965742.0000000247,76769.780000001,178401064.5999963
264.0,148.0,46.0,642.0,651117081.7401345,4563614.639999688,46902.81999999757,1955953.1099999265,66817.42999999033,208875990.83998272
390.0,126.0,39.0,545.0,604139847.3300831,4081141.2999995355,40058.660000000695,1616596.2700000145,61661.67999999139,193988045.4899778
294.0,40.0,51.0,715.0,505602086.23010343,4976760.429999704,39720.77999999918,773859.6199998123,35666.87999999544,162061857.68998295
234.0,132.0,165.0,569.0,566974536.3100713,3983244.6799996197,52188.50999999645,1638252.4399999052,62410.1299999902,181926677.5899919
415.0,233.0,73.0,379.0,753426727.3400687,3392642.6999998423,49726.77999999698,2926630.830000078,101903.88000000299,242225352.0699749
399.0,55.0,281.0,365.0,433727163.6000432,3386015.3599997372,48188.34999999783,811435.839999891,47886.7899999949,139442678.6899822
488.0,158.0,197.0,257.0,644754459.6100512,2944620.179999908,53059.29999999794,2379169.300000185,92407.64000000444,207463479.05998057
645.0,51.0,65.0,339.0,468412381.03004485,3291839.179999747,30125.280000003204,683597.039999878,46669.47999999657,150903844.9399785
382.0,30.0,154.0,534.0,432608237.58004814,4054666.599999521,39232.46000000002,477323.36000000004,34202.559999997124,138917930.3099848
547.0,43.0,222.0,288.0,421191852.2500271,2985773.709999819,41984.54999999842,690994.2699998893,48462.509999997485,135663606.89998004
378.0,308.0,247.0,167.0,802298042.75004,2727850.200000007,65062.9799999981,3712117.7099999203,127809.85000001028,258062212.9099783
80.0,435.0,349.0,236.0,944047272.4300587,2756086.4600000577,85882.05999999034,5070814.710000288,160959.57999999617,303307890.79999614
402.0,257.0,263.0,178.0,747498969.9400283,2576559.769999966,62427.579999999274,3332463.989999765,118581.16000000112,240506815.71998012
351.0,287.0,307.0,155.0,747502191.0000423,2537026.1599999997,67510.78999999727,3446433.9499999085,121864.56000000933,240480388.97998515
320.0,262.0,209.0,309.0,786745609.1800516,3096606.939999973,62598.86999999815,3485443.79999981,118260.48000000599,252911234.37998328
316.0,202.0,277.0,305.0,653940513.3600613,2948518.0299999597,62091.1199999969,2652595.7200000975,97307.24000000618,210240455.3599835
59.0,320.0,343.0,378.0,812517507.780054,3125761.3299999773,79291.13999999224,3998073.179999959,129469.33000001551,260897674.16000187
69.0,291.0,299.0,441.0,763394093.41008,3574871.669999775,72981.88999999073,3457380.560000175,112519.7700000154,245004843.06999514
79.0,333.0,457.0,231.0,780641316.9100499,2475122.6400000188,85129.7499999929,4053235.019999908,135129.19000000996,250817020.06000355
63.0,267.0,367.0,403.0,699644552.3100835,3346056.2399999476,74078.54999999334,3117519.1899999636,104841.0800000077,224587276.9599951
335.0,248.0,171.0,346.0,745167622.5900716,3267346.389999979,57062.52999999935,3068878.859999919,106331.57000000197,239516024.59997538
235.0,281.0,194.0,390.0,815761105.720079,3318570.8499999456,62659.39999999676,3625737.9500000956,117625.15000000942,262060173.07998437
286.0,373.0,146.0,295.0,942486276.680046,2900031.400000005,67708.72999999838,4637568.850000006,149688.01000000152,302990949.3799845
396.0,293.0,3.0,408.0,847166578.2800804,3621330.819999804,49099.67999999807,3462533.7800000617,113882.77000000382,272302301.3899706
343.0,255.0,176.0,326.0,763396612.6100584,3246992.0099999723,57766.21999999726,3176057.7699999283,108927.47000000392,245381032.7799792
337.0,440.0,3.0,320.0,1059224618.9700674,3478746.7999999984,61877.109999997825,5160630.01000051,159668.27000000695,340418635.45999086
294.0,352.0,4.0,450.0,907018824.4201168,3812441.559999735,54175.89999999606,3935765.930000136,123356.26000000814,291349745.5299808
202.0,424.0,166.0,308.0,957605433.6800572,3205803.9099999787,69847.54999999511,4749498.880000237,148536.68000000482,307636109.7499993
230.0,484.0,3.0,383.0,1104386825.3801165,3842184.3699999726,66369.37999999664,5471553.910001116,165245.37000000407,354776089.9300272
237.0,498.0,3.0,362.0,1184707967.8400705,3538849.8600000427,70095.89999999573,6132582.220000996,183173.19000000024,380612501.3600002
61.0,522.0,445.0,72.0,1045606192.4800128,2041405.7599998026,98821.57999998733,6151084.740000224,194465.24999998984,336114606.0199728
348.0,378.0,322.0,52.0,891728735.8800169,2064940.589999868,75855.16999999453,4646340.389999782,156440.38000000056,286936003.87997854
91.0,243.0,659.0,107.0,610930611.1900203,1939484.5899999228,88535.59999999449,3139066.209999937,116471.61000001444,196447858.51000175
73.0,616.0,326.0,85.0,1247599963.4000347,2330255.1399999503,100929.47999997919,7507838.710001156,234102.20999996713,400974004.3899465
63.0,535.0,456.0,46.0,1124672116.3500032,1934187.9199998006,100854.5099999852,6726093.550000448,209654.61999997785,361544354.45996815
124.0,330.0,557.0,89.0,732001079.5700186,2022883.8299999135,89739.64999999212,3912173.6899997764,137060.09000001493,235394296.64001223
400.0,434.0,229.0,37.0,982163000.5200132,2063704.8399998208,73022.63999999553,5191331.800000129,170772.49999998856,316058767.64997476
467.0,159.0,431.0,43.0,513204860.3499993,1935494.469999976,62659.679999999746,1929142.8300003903,88319.54000000411,165460744.36998582
533.0,181.0,306.0,80.0,596343844.2200049,2251021.9599999837,57968.25999999989,2302103.530000299,96481.58000000344,192158357.8799875
548.0,187.0,315.0,50.0,595364462.3500075,2053948.139999976,57905.980000000156,2348704.7900002315,98564.71000000498,191901389.20998573
54.0,326.0,148.0,572.0,856230245.6501113,4133101.9199998723,68192.26999999481,3839763.050000091,117122.58000000831,274667645.75998527
66.0,323.0,146.0,565.0,864777857.8701178,4025549.919999747,67786.87999999383,3917540.3100002594,119596.31000001148,277459296.3899873
53.0,342.0,145.0,560.0,893749066.2601241,4278878.71999969,69517.34999999266,4091097.980000342,123207.53000001557,286717874.4499943
39.0,236.0,412.0,413.0,695348137.7400713,3386979.5099998107,77586.86999999016,3175852.2100001164,106768.34000001436,223169862.06999615
64.0,382.0,173.0,481.0,957473697.6301227,3899270.549999834,74497.99999998936,4684407.410000565,142704.53000001362,307329898.87999636
43.0,277.0,453.0,327.0,697844073.6800619,2999671.7299998966,81441.6599999892,3324718.3500000807,113797.68000001954,224085796.79000396
53.0,261.0,457.0,329.0,688864807.6900656,2913703.5999999703,80045.149999993,3263726.3000000813,111846.71000001358,221203590.50000194
75.0,393.0,167.0,465.0,930291594.0201093,3793530.029999782,73002.90999999011,4506102.020000354,138366.63000001464,298600131.2599912
47.0,246.0,403.0,404.0,656703662.5700684,3235859.8999997587,75029.68999999392,2898853.4400001536,99354.47000001211,210772207.53000924
52.0,275.0,449.0,324.0,679544002.2500728,3028622.0199999935,83225.61999999064,3237184.3899999605,113317.31000001592,218226790.0400057
243.0,411.0,300.0,146.0,959548732.0000292,2432363.7699999907,78185.21999999357,5087855.650000164,165412.43999999829,308536068.1599907
248.0,409.0,298.0,145.0,950711452.1100446,2498854.7000000076,78140.86999999279,5001049.44000017,162100.27999999849,305697702.2699784
383.0,12.0,474.0,231.0,311293616.98001015,2616265.409999915,55249.929999996115,318627.08999997185,41121.8999999983,100292974.96998528
282.0,479.0,169.0,170.0,1076645752.600056,2619441.6699999655,77702.7399999935,5818835.880000539,181191.79999999117,346118032.39997905
266.0,452.0,330.0,52.0,1053796049.7400057,2098479.4499997995,86414.06999998719,5919246.8500005,189936.31999998598,338930080.2499766
603.0,19.0,362.0,116.0,333520621.7600103,2334732.7300000144,47029.79999999717,347998.0299999197,46305.789999999564,107739445.81998567
322.0,530.0,188.0,60.0,1123491651.7500095,2219950.489999915,79868.50999999308,6215049.980000696,196094.86999999717,361354409.2899877
455.0,14.0,546.0,85.0,269786908.24999845,2027811.6500000432,59472.87999999814,279124.92999995913,45999.229999999145,87191370.92998931
500.0,16.0,291.0,293.0,346175756.830019,2920952.8099999283,44081.66999999881,262362.9199999742,38089.459999999075,111543094.08998199
611.0,19.0,356.0,114.0,326131345.96000665,2223847.5300000124,43560.92999999889,280380.21999995195,44818.07999999923,105418775.6499853
428.0,121.0,242.0,309.0,535578375.1000646,3189856.529999876,51443.99999999598,1581067.7400000552,69575.88999999575,172271160.98998436
433.0,120.0,240.0,307.0,555728073.7300397,3043169.1999998884,51433.48999999801,1738805.7000001443,74832.90999999961,178817459.8799845
421.0,136.0,238.0,305.0,534474005.1900455,3086685.029999897,51701.48999999933,1612487.5900000236,70240.23999999774,171900805.89997917
403.0,114.0,291.0,292.0,502734017.7400339,3097048.2699998682,53436.41999999714,1423470.8900000358,66547.17999999376,161706077.94998765
482.0,136.0,272.0,210.0,533647523.1900304,2655591.1800000467,52808.369999998584,1714356.5500002038,77363.2999999979,171842241.26998362
444.0,143.0,320.0,193.0,551621086.5700285,2607568.200000023,55626.09999999848,1887689.190000274,81609.730000003,177598250.4699898
456.0,127.0,322.0,195.0,514692400.2600373,2659543.679999883,54463.17999999569,1617722.9900001944,75687.04000000392,165778286.7599905
479.0,152.0,265.0,204.0,525545530.00003105,2658018.019999978,50301.01999999771,1594667.0900001444,74872.07999999834,169284344.48997664
403.0,128.0,284.0,285.0,539407940.6000377,2999795.579999888,53689.0199999976,1704535.220000182,73985.48999999688,173516208.27998716
449.0,142.0,317.0,192.0,571491307.9000301,2547764.0299999206,54544.719999998204,2029289.9000002278,85325.78000000233,183990571.30998984
170.0,379.0,499.0,52.0,889064506.2900056,1943580.8599998634,90543.18999999049,5002390.620000125,168137.7699999882,285937487.2999903
178.0,376.0,495.0,51.0,827456579.2399979,1860315.229999917,88039.12999999314,4538904.449999806,153488.71000000482,266160105.07000622
168.0,390.0,491.0,51.0,876239782.980024,1840083.6899998868,88286.1999999923,4890517.289999955,163019.92999999682,281833880.4599928
288.0,639.0,86.0,87.0,1373269927.870024,2382690.8799999165,84407.2299999888,7896016.3000014415,236525.18999999543,441534491.49999094
126.0,279.0,368.0,327.0,746756135.3500642,3129463.219999925,76324.93999999521,3500585.5800000206,117779.73000001075,239843917.08999842
177.0,410.0,53.0,460.0,1001012067.3101057,3927520.049999795,66452.12999999574,4790361.550000585,145341.01000000734,321427531.6000009
187.0,396.0,53.0,464.0,982686535.1001011,3736243.3199999095,63812.81999999744,4659574.710000193,141589.15000000215,315573554.75998586
130.0,287.0,362.0,321.0,775646796.190058,3043649.1699999543,78106.09999999263,3732951.4200000935,124302.57000000823,249156008.7200002
291.0,642.0,83.0,84.0,1345181170.0200086,2433654.2899998343,82572.71999999131,7692525.890001447,234147.6399999943,432543191.4899863
185.0,407.0,52.0,456.0,980879037.3100892,3826448.9599998724,63909.73999999485,4622101.690000459,139853.78000000707,314959508.4099973
362.0,87.0,472.0,179.0,379555746.21001244,2262623.8900000113,64113.42999999638,1044098.4899998772,62277.019999995966,122289879.95998332
371.0,86.0,466.0,177.0,412414532.16002285,2381513.179999993,62154.479999997355,1173795.059999902,64907.199999993805,132840411.17998329
261.0,369.0,341.0,129.0,880394056.1400267,2305764.7899999563,79646.54999999302,4606915.939999976,152824.36000000194,283139903.79999065
331.0,80.0,525.0,164.0,386598389.9300172,2378082.3799999706,66416.33999999709,1106914.2799999106,62989.54999999576,124476219.24998537
304.0,74.0,397.0,325.0,400278343.79003423,2944002.169999894,56529.00999999641,865318.8499998981,51618.33999999565,128720389.74998458
217.0,306.0,345.0,232.0,745777749.5300494,2709266.59,72133.75999999572,3492460.8199997777,120685.22000000645,239733508.30998617
290.0,68.0,443.0,299.0,396391809.36002696,2861506.0699999165,59878.31999999597,929899.4899998776,54256.64999999576,127487225.03998487
237.0,322.0,297.0,244.0,830102885.6200461,2811868.040000019,72596.05999999656,4037413.0999997053,134545.9600000054,266816105.67998382
252.0,343.0,385.0,120.0,816357017.5700334,2298507.5099999816,77521.51999999405,4153480.1099996427,141354.1600000031,262563877.81999436
224.0,304.0,342.0,230.0,748456222.9700534,2878240.909999988,72154.64999999254,3476282.309999904,119574.21000001226,240582590.41998297
441.0,281.0,44.0,334.0,830545020.2400682,3423760.90999992,50799.30999999829,3436670.169999902,115063.52000000158,267011024.1099682
446.0,279.0,43.0,332.0,843449314.3300734,3358191.6900000023,51655.94999999983,3569496.749999912,119162.68000000098,271179825.14996195
548.0,82.0,54.0,416.0,532791051.27005064,3594470.2999997386,34545.09000000155,1125458.5199998526,54718.01999999574,171378574.38997787
418.0,267.0,98.0,317.0,800639654.7200749,3313243.109999869,54238.36999999665,3342660.5800000145,113393.09000000419,257410574.23996678
397.0,254.0,39.0,410.0,839517500.5900899,3695204.159999851,51479.51999999801,3462392.2800000072,114822.1900000031,269830759.2299648
455.0,68.0,107.0,470.0,503641425.0300545,3705388.0499997134,38261.689999998925,991904.5599997987,49514.16999999355,161872485.62998575
383.0,240.0,88.0,389.0,789075226.010087,3655189.5199997625,53776.159999996366,3181010.620000146,107023.29000000661,253572033.5099776
487.0,72.0,47.0,494.0,539860674.7400622,3898097.81999963,37181.350000000755,1177813.2999998673,53987.50999999389,173535183.51997972
518.0,77.0,119.0,386.0,511977006.8600588,3582323.1099996786,38757.32000000116,1061372.3299997959,53655.119999994764,164663647.25997543
460.0,68.0,106.0,466.0,492384330.6100643,3916308.299999556,38409.339999999815,880255.609999847,45870.73999999434,158218846.23997894
326.0,166.0,389.0,219.0,553479235.3200295,2497387.1900000405,66476.75999999681,2143942.8700002334,88326.37000000337,178090778.9499863
331.0,165.0,386.0,218.0,546859653.7100419,2599043.6299999314,62418.35999999708,2023114.3500002243,84116.47000000438,175933882.11999482
321.0,179.0,384.0,216.0,569415917.0300289,2536801.4999999483,65741.02999999706,2251212.6200001203,91120.28000000402,183192272.52999756
309.0,157.0,426.0,208.0,541447982.2600371,2541387.6699999687,66298.81999999737,2083611.6700001545,86271.8200000033,174183914.99999276
293.0,150.0,351.0,306.0,572219642.5200334,2892736.689999972,60913.06999999607,2089609.5900001542,83391.6500000018,183999594.8699886
276.0,154.0,381.0,289.0,570481996.1500604,2962411.6299998634,65694.98999999613,2154879.2200001096,85292.97000000587,183379205.41999957
285.0,142.0,383.0,290.0,527959253.69004035,2933689.0999997985,62193.28999999633,1812053.9100001499,76725.21000000575,169746109.48999667
295.0,160.0,344.0,301.0,564502155.4800519,3054735.659999922,62774.029999995764,2037244.950000151,81825.90000000321,181451717.2599909
310.0,169.0,417.0,204.0,540922656.3000367,2486982.179999981,64518.85999999816,2051098.680000194,85653.300000005,174055740.41999134
281.0,153.0,379.0,287.0,524652351.20003384,2723377.479999957,64952.96999999806,1927084.5700001107,80639.2700000005,168706485.53999117
95.0,396.0,159.0,450.0,952719571.4001089,3796294.219999903,73110.93999999456,4645868.320000239,141889.95000000624,305851229.95998687
102.0,394.0,158.0,446.0,947457026.8001268,3713221.259999913,71751.89999999192,4614549.220000311,140583.7600000067,304133151.65999186
94.0,406.0,157.0,443.0,993418774.0401062,3815815.7099999026,74167.34999999257,4927879.290000389,149781.11000000508,318917478.36999077
90.0,376.0,207.0,427.0,922094335.7300832,3420625.4599998705,75913.50999999321,4594508.640000157,142122.2500000039,296059288.59999543
138.0,574.0,230.0,158.0,1218870834.3700356,2645615.69000002,88545.22999998869,6942626.980000966,209635.56999998883,391695302.899987
125.0,543.0,288.0,144.0,1185359801.1300323,2428650.56999996,93108.40999998427,6854184.9500008,210013.8399999795,380981182.0599663
137.0,527.0,290.0,146.0,1072102872.4200327,2423061.589999985,86366.76999998937,5996073.430000371,186465.7999999895,344581358.3499748
145.0,578.0,223.0,154.0,1231854922.5600445,2510094.3899999526,89996.71999998798,7086386.53000086,215660.96999998874,395931669.70996857
96.0,383.0,203.0,418.0,956240279.7001039,3464093.219999894,74483.23999999097,4765448.780000397,145833.37000001228,307052865.8600029
134.0,538.0,285.0,143.0,1095296975.4000366,2428210.219999952,88564.4199999852,6202155.310000723,192938.29999999102,352043844.0599912
90.0,108.0,488.0,414.0,450016441.6500618,3350516.849999692,68910.74999999233,1378697.3599998609,61519.00999999084,144411195.42999327
274.0,88.0,399.0,339.0,449458741.4600381,3040016.6499999305,61321.039999996276,1276265.3199999572,61000.939999994196,144418244.37998995
65.0,378.0,356.0,301.0,865725377.720063,3029613.139999973,82996.58999999134,4439119.370000151,142151.6000000131,278031951.7199982
96.0,116.0,443.0,445.0,464513050.720047,3321087.059999797,67979.16999999518,1464011.0799999184,63061.99999998934,149065004.41999507
103.0,125.0,565.0,307.0,447495536.9900433,2660475.0899998792,75322.3399999947,1640420.0200000133,72764.06999999915,143730060.84999385
76.0,444.0,353.0,227.0,952560153.2000765,2789035.36000007,87194.80999998705,5160840.810000427,164169.84999999875,306044572.20999086
329.0,106.0,405.0,260.0,446347563.82003325,2746777.1999999383,60729.31999999742,1299932.3100000073,65312.369999994626,143637051.90998542
229.0,355.0,334.0,182.0,834869729.0500343,2553489.269999959,77548.0699999953,4234220.909999877,141265.55000000529,268427884.06999287
219.0,340.0,270.0,271.0,845600365.0500547,2920632.8000000273,73116.93999999578,4118006.939999861,136274.93000001032,271779869.7199868
240.0,373.0,296.0,191.0,877874825.5600501,2701850.859999962,73455.32999999638,4386776.879999921,143645.91000000227,282217697.6099915
402.0,420.0,176.0,102.0,1023786250.3300371,2459397.3599999626,69406.04999999737,5281967.420000826,170649.14999999918,329358020.1599963
35.0,641.0,269.0,155.0,1292848964.9400625,2621719.6500000902,98630.23999998193,7660668.770000905,230144.18999997928,415401467.51994807
499.0,256.0,219.0,126.0,734355074.7300175,2397414.389999887,57590.17999999957,3156373.7499996955,116489.27000000456,236437536.10997942
432.0,451.0,108.0,109.0,1025371360.69004,2486015.4599999916,66083.54999999833,5233126.510000634,168480.7499999984,329871604.5699906
281.0,293.0,123.0,403.0,854859274.8300822,3596264.3099998073,60725.649999994515,3763278.190000118,120282.03000001014,274602966.2999837
343.0,177.0,86.0,494.0,651666171.1700988,4018643.6699995836,47102.039999996,2083781.4200000775,75859.98999999728,209317717.57997203
22.0,412.0,99.0,567.0,1056545323.250138,4293860.469999776,74035.42999999037,5233820.200000777,151734.83000000272,338988665.0100134
25.0,232.0,197.0,646.0,733418466.2201273,4415666.039999788,65221.81999999317,2933782.270000107,92567.62000000429,235108276.9699899
58.0,527.0,256.0,259.0,1173401628.1900818,3025705.1099999547,91071.05999998812,6610103.600000689,199394.99999999412,376915230.909992
27.0,251.0,122.0,700.0,819816185.120141,4444602.919999769,63680.61999999299,3447188.230000234,103513.40000000344,262838223.89998364
356.0,168.0,212.0,364.0,616892129.6900729,3279128.5499998108,54593.68999999732,2183499.2000002265,83509.150000003,198290087.7299852
146.0,216.0,272.0,466.0,697425533.2101078,3961765.1099996255,65667.29999999289,2772300.8800001713,92690.68000000819,223797130.5099979
406.0,37.0,242.0,415.0,400941812.6100292,3374846.169999732,43382.99999999771,510030.66999998636,39954.809999997255,128936617.2099803
313.0,148.0,319.0,320.0,571360708.5100514,3042625.4799999213,60484.509999995935,2034602.1200001976,82011.30000000415,183702950.5699867
390.0,184.0,232.0,294.0,586523783.960051,3048568.1299998257,51969.259999996786,1972035.110000224,80995.89000000246,188685280.0099784
384.0,35.0,391.0,290.0,350894264.5600018,2874567.949999879,53307.27999999719,487819.59999998426,44240.23999999862,112973335.73998335
137.0,203.0,437.0,323.0,580350630.430057,2973463.739999833,71497.839999994,2360620.320000043,88769.51000000355,186423490.5099962
200.0,57.0,372.0,471.0,392709863.4000403,3375156.859999786,58514.68999999512,786079.3499998947,45597.39999999611,126055316.30998579
144.0,41.0,457.0,458.0,338804197.42002785,3523669.1399996495,59538.92999999358,419534.6300000398,34265.1100000007,108629092.61998387
161.0,46.0,513.0,380.0,314699760.46000105,2890826.0299999174,66963.41999999544,549277.000000012,42893.54999999925,101052111.56998919
246.0,576.0,20.0,258.0,1251414573.010046,3055708.830000119,73971.50999999349,6774571.9900009995,202785.31000000102,402173847.38998646
401.0,471.0,17.0,211.0,1135295800.1400535,3052157.2100000754,65525.84999999878,5803476.590000786,179443.0900000002,365021764.9799929
305.0,450.0,25.0,320.0,1067393175.4000558,3321329.7599999774,63833.61999999782,5288233.300000616,163034.3800000031,343037993.7400059
202.0,474.0,211.0,213.0,1067267956.0000454,2623413.890000015,79418.97999999343,5778549.380000774,179815.0499999962,343037486.31998634
284.0,667.0,23.0,126.0,1458149755.660045,2595069.649999906,84005.78999999318,8424244.710001282,249039.72999999035,468742370.549969
277.0,410.0,290.0,123.0,957276766.9900185,2388466.289999945,78221.28999999411,5080626.610000155,163400.6799999981,307815940.4199846
377.0,442.0,197.0,84.0,1065192644.2000048,2334561.0899999603,75311.87999999488,5718344.170000486,181901.5499999936,342631623.3999803
549.0,406.0,23.0,122.0,1017261318.720018,2659240.1000000336,57513.860000000146,4975012.160000136,163103.2099999993,327331039.60998106
395.0,292.0,206.0,207.0,816266128.700057,2780241.289999999,63875.85999999927,3754208.9799998654,128503.6000000063,262555608.919981
443.0,327.0,232.0,98.0,854081736.6800128,2302511.6199999484,64313.5999999999,4096659.8799996283,140490.1300000006,274890833.9399757
234.0,260.0,355.0,251.0,721709453.2700529,2900678.9599999553,72396.54999999418,3287378.4499999452,115834.29000001415,231997503.33999786
526.0,172.0,235.0,167.0,623182513.9600403,2604543.2600000245,51349.70999999833,2261967.870000263,91812.55000000198,200691205.25997984
154.0,548.0,233.0,165.0,1156286757.9000473,2554898.0099999583,87221.76999998762,6537131.370000817,200231.17999998952,371628246.5399935
180.0,200.0,527.0,193.0,586016321.1500398,2311050.819999926,77750.06999999368,2677075.4200000386,102686.37000001177,188444489.79000053
194.0,215.0,294.0,397.0,697599669.6200796,3583220.1399998823,67198.15999999609,2887613.74000006,99396.88000000892,223988803.94999126
115.0,411.0,338.0,236.0,898188242.7000612,2660057.9899999695,83092.11999999285,4732827.860000168,152379.0900000011,288614826.3899992
394.0,129.0,340.0,237.0,545097259.1300175,2768066.570000025,59418.57999999664,1889740.2700002096,80122.78999999803,175371178.71998242
355.0,372.0,159.0,214.0,954467282.140064,2869967.9800000126,67784.83999999617,4730889.5300002,152929.05999999886,306893347.30998147
341.0,357.0,294.0,108.0,858549362.6800232,2328836.58999993,71291.7899999976,4299915.8699997645,144756.56000000238,276206433.72998875
313.0,328.0,270.0,189.0,810381086.5800573,2726506.779999945,67584.17999999569,3822125.9299998153,130727.40000000934,260623702.1599838
259.0,269.0,306.0,266.0,798877362.4000707,2877220.800000016,71000.17999999406,3761352.3699999657,125917.6400000139,256764256.14999512
156.0,302.0,344.0,298.0,736510829.6200532,2945765.639999929,74928.07999999376,3439747.770000057,116850.89000000982,236613402.55999193
289.0,172.0,342.0,297.0,568045194.3900573,2994456.93999993,62589.299999996074,2092586.3100001123,83274.56000000208,182612416.48999104
320.0,333.0,119.0,328.0,861434420.1000636,3471328.459999953,60478.799999996445,3833808.569999881,126282.87000000945,276875189.17997056
335.0,348.0,395.0,22.0,820824190.5300118,1870883.1699999177,78288.91999999642,4289500.319999588,148670.28999999817,264183150.059997
542.0,321.0,202.0,35.0,848356840.1499913,2114844.7699999157,60307.520000002114,4023480.369999361,141335.00999999954,273197408.51996505
293.0,568.0,204.0,35.0,1209678672.4100192,2067119.9799997238,83708.43999999463,6878448.4800004745,214299.86999998655,389076746.74995846
248.0,275.0,547.0,30.0,651216204.9200171,1808624.0999999247,80369.50999999566,3227682.039999895,121167.72000001474,209627434.34000006
233.0,258.0,162.0,447.0,741069436.0000985,3823050.479999659,59895.98999999498,2985895.7600000943,99029.92000000566,237938582.66998258
376.0,417.0,262.0,45.0,988495255.8200226,2160171.719999896,75854.55999999563,5254363.190000238,172064.74999999502,318037955.5499772
749.0,69.0,227.0,55.0,399745802.90000653,2126207.6799999983,39576.35999999914,676300.0899999164,56742.199999999306,129220487.27998005
438.0,130.0,428.0,104.0,460578094.5800177,2207659.3700000052,61059.38999999771,1503470.7100001439,76317.66000000006,148454482.41998634
620.0,246.0,188.0,46.0,721350723.6500294,2230944.8699999857,51422.70999999893,2987552.979999885,114619.5700000003,232450932.45997372
500.0,46.0,517.0,37.0,317876580.3899992,1873910.0199999947,58824.739999997764,609637.1399999245,55727.39999999855,102727882.37998426
557.0,52.0,169.0,322.0,433059618.7700364,3140631.939999835,36436.01000000031,602777.9099999103,45747.959999997576,139506228.27997988
366.0,145.0,378.0,211.0,510401322.57002926,2703017.2799999607,57162.699999997734,1661113.140000109,75166.71999999975,164273503.2499843
170.0,50.0,564.0,316.0,317786333.0900124,2753239.8299999074,67370.87999999324,610635.6199999651,46073.28999999799,102137052.53998671
215.0,275.0,210.0,400.0,748956010.1900841,3401390.759999766,62734.649999994675,3176895.4400001164,107388.06000000946,240599973.89998606
188.0,241.0,626.0,45.0,595859380.3200041,1728482.0699999018,87023.3599999961,3028277.589999924,116117.77000001655,191764045.00000426
147.0,189.0,490.0,274.0,576660917.0000354,2729581.849999838,75817.66999999553,2475862.3700000597,93334.48000001018,185283595.06000435
12.0,342.0,410.0,336.0,861899232.1500707,3118914.449999989,85574.09999999026,4442205.610000103,141864.71000000785,276726290.63999975
302.0,251.0,301.0,246.0,711323187.2800598,2855342.6799999024,67147.67999999614,3126154.779999937,110570.67000000857,228684372.5099875
11.0,404.0,377.0,308.0,971619335.700061,3008564.9799999367,90541.70999998767,5282176.740000368,164402.5100000002,312035632.5600053
18.0,528.0,35.0,519.0,1173428981.600131,4191741.699999922,76986.21999998605,6129324.1800011685,177844.10000000676,376584240.13000566
10.0,298.0,357.0,435.0,769150427.9800699,3337240.939999947,79659.02999999144,3674294.340000095,118526.68000001542,246838552.0799982
13.0,498.0,25.0,564.0,1231336311.9501498,4544040.830000193,79524.2899999896,6458403.000001227,186158.04000000187,395166354.7100215
356.0,295.0,19.0,430.0,801578529.4600986,3818060.949999757,49571.03999999799,3156782.9800001318,105386.44000000657,257572283.1899671
257.0,275.0,256.0,312.0,816891772.2100717,3186544.9199999156,66212.08999999781,3724601.9600000125,123856.00000000857,262524798.22998098
375.0,400.0,20.0,305.0,1010844830.8400722,3286207.2599999276,60309.93999999828,4852599.780000391,153905.70000000016,324961973.8899927
330.0,353.0,18.0,399.0,977673882.9300913,3595089.2100000083,58760.459999998304,4545719.560000178,141745.6000000036,314136926.33999467
59.0,331.0,331.0,379.0,816721972.3300806,3371035.8699998306,77595.90999999108,3936122.790000123,125906.00000002045,262188323.6099988
701.0,127.0,127.0,145.0,557792512.5500375,2735670.8599999286,40035.76999999875,1574036.8900001957,75093.47999999885,179811562.45997265
23.0,791.0,133.0,153.0,1561329625.830053,2706563.1000000155,102634.84999997736,9477921.000001004,275068.32999999996,501641700.80994964
52.0,292.0,422.0,334.0,746975987.5000783,3162920.149999845,80249.16999999106,3599255.2600000985,119481.4200000171,239853138.31999958
24.0,137.0,138.0,801.0,611085946.6101252,4947844.319999733,53001.54999999421,1754241.3699997305,56071.65999998694,195621324.5899905
14.0,488.0,119.0,479.0,1153503779.5001242,3882030.329999927,80125.71999998686,6108128.200000818,178439.48000000467,370253417.24999464
441.0,80.0,115.0,464.0,509618997.8100632,3784679.8299996587,40289.109999999484,1080694.7099997967,52708.059999994344,163819290.84998116
332.0,357.0,60.0,351.0,966205257.7300748,3386515.0899999486,60472.30999999699,4538472.660000263,142571.69000000483,310513639.5699985
433.0,464.0,113.0,90.0,1025344719.9800221,2361753.290000029,65303.239999999416,5232527.190000537,168916.7199999977,329906740.8399864
325.0,348.0,85.0,342.0,939897365.1000811,3245288.999999975,61478.10999999683,4408512.930000088,140107.01000000112,302059729.88998604
232.0,286.0,286.0,296.0,748476057.0200714,3070133.3499999708,67644.70999999595,3349114.6400000732,113638.65000000899,240490184.00998855
156.0,311.0,311.0,322.0,830900472.1900685,3056117.059999854,75565.41999999303,4046963.359999952,131447.52000001282,266910287.75999168
259.0,190.0,320.0,331.0,628359974.920057,3029883.849999973,64539.45999999553,2512170.0600000243,93059.81000000428,201943033.36998877
226.0,279.0,307.0,288.0,802472240.3300589,3007846.389999861,73533.88999999498,3828752.7400000254,128244.3200000139,257875888.58999863
264.0,325.0,325.0,186.0,818057685.2500284,2538645.199999943,73665.20999999496,4032329.4599997043,136014.16000000425,263045769.2199875
290.0,212.0,394.0,204.0,622781570.8800381,2563401.259999944,68919.87999999562,2653809.670000028,100443.27000000626,200289788.47999516
174.0,347.0,382.0,197.0,783871956.4500269,2560325.2900000466,77932.15999999488,3905102.9199998085,131230.93000000968,251950901.43999907
207.0,245.0,413.0,235.0,657986456.5300508,2808658.8599999137,72733.80999999528,2912500.8400000758,106362.03000001285,211487285.50999692
171.0,202.0,375.0,352.0,604718240.5700552,3079723.389999848,68477.64999999439,2435846.1600000383,89653.26000000723,194232964.46999532
199.0,236.0,438.0,227.0,664288013.0200577,2684197.2199999304,74561.73999999548,3010154.8100001304,108944.45000001338,213527812.36000007
428.0,220.0,220.0,232.0,669070973.9300398,2745814.179999978,56208.38999999868,2644737.6900001657,100091.59000000508,215315962.21998197
64.0,339.0,339.0,358.0,832185553.9700855,3223049.92,78686.65999999066,4090577.8700000136,131112.12000001787,267198053.6799947
493.0,86.0,254.0,267.0,475784645.4500203,3056458.3299999344,47649.52999999678,1150714.0499999297,59988.83999999494,153124499.0099829
414.0,213.0,248.0,225.0,670987364.7800431,2827660.669999981,58052.589999999174,2675646.850000043,100700.83999999806,215885354.46998116
504.0,259.0,259.0,78.0,728480110.0200171,2284075.5899999705,58896.69999999936,3169059.5599998445,117812.20000000163,234599381.5599785
570.0,100.0,342.0,88.0,451243414.2300199,2172278.109999996,51709.219999997826,1251845.0900000324,70092.65999999871,145592556.83997828
78.0,414.0,483.0,125.0,911299334.3900243,2179728.1799999233,92836.47999999163,5120566.810000109,165689.4499999901,292920242.58000124
113.0,204.0,602.0,181.0,522150795.7900362,2275011.089999941,82050.9299999961,2344971.16000005,94245.67000001445,167872667.29000598
75.0,136.0,467.0,422.0,484433861.0700584,3240609.0699998154,71486.34999999277,1680629.479999971,68869.43999999634,155439675.46999893
104.0,187.0,643.0,166.0,521783963.66001624,2230849.099999971,83233.70999999183,2368433.340000119,95136.20000000688,167754417.13000315
102.0,330.0,330.0,338.0,791873666.9700657,3141181.7599999704,79303.69999999221,3853159.719999938,126817.16000001166,254319929.20999733
192.0,300.0,300.0,308.0,745448125.0200706,3013946.4999998775,70407.02999999451,3408072.6499999985,115647.55000000814,239498129.28998768
111.0,256.0,362.0,371.0,694466075.0800654,3239303.1299998746,70814.63999999245,3036537.040000105,103836.78000001243,222984600.87999928
99.0,323.0,347.0,331.0,838028285.8200797,3016277.580000074,77711.18999999184,4146476.579999872,134467.24000000887,269152276.37998766
113.0,367.0,367.0,253.0,817249212.5000483,2926497.9299999643,77718.04999999209,4047977.1599998516,132850.27000001117,262547818.4299944
122.0,280.0,425.0,273.0,694551657.5200483,2768092.859999984,78337.23999999321,3302201.529999917,114673.74000001226,223144663.340002
207.0,323.0,347.0,223.0,837513615.790046,2714594.830000037,75341.81999999343,4145755.3199998243,137191.54000001034,269203073.7999872
232.0,256.0,362.0,250.0,665221916.3600562,2811352.249999862,71263.59999999395,2925006.5800000816,105372.95000000783,213825671.95999417
204.0,226.0,343.0,327.0,666071094.7700385,3088673.429999987,68949.6799999971,2818430.840000019,100766.680000011,213993963.29999804
226.0,250.0,380.0,244.0,701956641.8400426,2748667.7299999176,71544.34999999669,3207605.2599998983,113190.94000001239,225654902.70999864
221.0,151.0,289.0,439.0,568174463.340075,3445890.669999738,61721.35999999376,1960232.530000061,76369.94000000031,182456775.07998854
336.0,132.0,251.0,381.0,556709732.6900673,3405721.229999781,55647.739999995436,1775734.0900000161,72745.81999999873,178936927.83998513
178.0,337.0,232.0,353.0,828956259.9600688,3334804.719999977,70463.47999999412,3887560.71999992,126432.65000000964,266274917.66998404
244.0,166.0,207.0,483.0,611231473.3800789,3656093.15999973,54024.48999999536,2038350.670000035,75272.93999999834,196262427.4899857
305.0,209.0,399.0,187.0,659314817.430034,2560810.829999929,70775.56999999736,2924750.2499999944,108572.3000000127,212054646.4099993
253.0,479.0,214.0,154.0,1065736151.4600358,2493572.1899999194,78951.44999999486,5765528.20000051,180536.0099999939,342647063.0399829
494.0,193.0,240.0,173.0,600941443.270012,2548050.699999988,54506.80999999792,2215726.670000281,90998.41,193495036.14998266
345.0,375.0,259.0,121.0,880409858.7000071,2347505.9599999418,72424.8099999974,4445250.839999709,147739.87000000195,283215347.3699825
297.0,322.0,144.0,337.0,859138218.4400878,3371472.439999865,63114.40999999688,3914657.1399999196,128203.55000000834,276080526.04998106
376.0,409.0,183.0,132.0,975249189.510027,2468071.389999944,70246.3199999981,4982111.78000016,162453.54999999207,313718234.03997946
497.0,427.0,13.0,163.0,1035773872.9400349,2868510.310000017,58468.199999999015,5053271.070000376,163970.95999999903,333224068.9899861
170.0,658.0,21.0,251.0,1435317733.0100834,3103034.2000001324,85857.58999998843,8189362.640001573,239246.5699999916,461195445.2599871
669.0,193.0,18.0,220.0,709476403.6500435,2931596.1099998914,38597.04000000134,2474610.9500002307,96459.79999999913,228510266.51996166
352.0,303.0,329.0,116.0,785243952.3100188,2270702.7999999262,70899.05999999684,3812879.9799997048,134294.95000000714,252686752.76999155
406.0,348.0,11.0,335.0,944605202.3600819,3392839.5199999087,55125.49999999858,4268764.349999898,136578.29000000094,303662476.9299825
361.0,104.0,337.0,298.0,458376395.8100287,2918685.829999897,56243.29999999653,1234487.31999997,61683.69999999393,147439979.72998372
86.0,333.0,361.0,320.0,815044287.5400753,3267968.729999885,80237.74999999178,4027359.000000105,131641.63000001982,261761277.54998899
179.0,233.0,22.0,666.0,762185703.9201083,4494757.559999889,51014.689999995964,2802023.3300001537,87950.71000000279,244493499.84997308
138.0,179.0,579.0,204.0,518829158.1800368,2433870.140000016,79173.21999999543,2226697.2300000717,90102.72000001233,166783619.6600015
108.0,140.0,452.0,400.0,502790132.3700489,3162133.079999815,71030.579999994,1798437.6600000227,71909.78999999503,161384725.4399918
359.0,13.0,427.0,301.0,305389253.8700087,2835143.1999998973,53365.19999999592,212834.0499999888,36607.04999999982,98322768.11998825
276.0,15.0,475.0,334.0,306299419.1000071,2936247.2599999313,56909.52999999699,268871.0999999933,36396.410000001364,98511042.08998619
361.0,6.0,430.0,303.0,296563790.2900033,2859870.3099999344,54113.71999999639,157304.6199999932,35123.77000000032,95474301.32998794
546.0,20.0,76.0,458.0,424163032.6000413,3686290.3899996057,31895.220000002115,361387.12999996275,33793.839999998316,136420893.49997574
293.0,11.0,348.0,448.0,333929471.35001767,3424093.0399997407,49374.489999996025,206930.87999999395,30906.290000000856,107261257.39998622
410.0,7.0,57.0,626.0,420853441.61006284,4391130.119999529,32821.39000000413,202004.79000000108,23610.110000000357,135020540.42998257
317.0,17.0,64.0,702.0,436395838.080078,4593595.709999566,33668.330000004484,309084.0800000107,24548.430000000666,139932228.23998064
222.0,5.0,382.0,491.0,310887387.8700059,3425044.1599997645,56192.769999994955,185179.19999999544,29927.970000001707,99762987.73998632
451.0,11.0,91.0,547.0,420932190.27004725,3972933.449999554,34552.09000000298,337399.6199999934,31382.239999998492,135240654.07998112
320.0,8.0,64.0,708.0,429444656.90006787,4589598.159999626,33506.07000000395,241557.48000000927,22595.94000000041,137676714.90998295
167.0,579.0,303.0,51.0,1258793780.8000135,2106961.869999761,92680.27999998881,7407441.150000792,225894.9899999822,404706523.61997604
582.0,322.0,168.0,28.0,846557730.250004,2100526.389999885,59274.520000001896,4012087.2899994547,140827.84000000107,272629676.32997644
170.0,572.0,307.0,51.0,1138942248.1500049,2164459.479999828,91330.77999998946,6571018.690000525,205351.73999998125,366209776.8499739
127.0,440.0,495.0,38.0,933531385.7600106,1895696.1399998385,92841.07999999229,5346228.520000241,174377.66999998805,300185343.4899894
115.0,399.0,209.0,377.0,963606475.6200929,3607245.669999917,74962.91999999229,4794337.730000447,147574.6500000094,309413577.94999385
95.0,321.0,372.0,312.0,736897904.9600744,3160043.3799999133,78740.14999999049,3497585.3299999996,117948.04000001318,236653294.23000276
408.0,225.0,254.0,213.0,685814296.8800455,2734668.379999942,60475.26999999704,2843754.920000106,104375.52000000585,220625918.72999117
469.0,252.0,135.0,244.0,704326517.910033,2980591.6099998984,50901.00999999866,2732182.78000005,100201.73000000192,226587220.88997635
498.0,268.0,310.0,24.0,724367799.9200191,2075809.329999892,62780.30999999964,3268622.2699999097,122442.28000000247,233334059.9799854
410.0,221.0,255.0,214.0,638711376.4800339,2592493.5000000056,59403.49999999803,2555170.1500000646,98036.9500000059,205538001.9499873
126.0,271.0,492.0,211.0,635579292.5500377,2476164.9699999844,81644.09999999359,3026837.4399999557,109980.54000001177,204263144.0899994
151.0,265.0,479.0,205.0,672307583.5500124,2352924.9899999783,79248.2399999937,3259635.6399999484,116688.78000000877,216147826.8999956
112.0,364.0,437.0,187.0,800566006.7600503,2556280.9300000076,83867.03999999263,4117050.3699999657,136289.21000001443,257285030.9300078
179.0,387.0,233.0,301.0,951432806.4900719,3087824.70000006,75480.60999999342,4840538.980000193,151606.87999999762,305665207.7099841
139.0,300.0,543.0,118.0,668020851.4900222,2158702.299999918,84065.45999999285,3346109.459999885,120648.99000001328,214808272.3700009
171.0,560.0,223.0,146.0,1212478373.1500485,2452866.519999892,86018.62999998985,6881312.130000905,209245.92999999042,389746269.7299786
244.0,429.0,258.0,169.0,992429838.290027,2547826.3499999368,78909.64999999598,5279668.620000351,168348.0299999957,319063534.40998167
146.0,388.0,465.0,101.0,829711165.9000292,2243320.389999946,86075.6699999943,4423990.059999905,147412.8800000036,266774836.41000208
181.0,481.0,191.0,247.0,1073847960.7400434,2915684.5400000177,78611.3699999932,5744384.940000586,176406.00999999384,345055443.2799911
203.0,540.0,216.0,141.0,1149448701.570045,2628522.7099999455,83018.51999999242,6400457.640000741,198057.2199999891,369477415.1699835
273.0,369.0,129.0,329.0,950041521.9300822,3234799.5200000308,65887.86999999745,4600845.59000016,144251.38000000673,305258923.239987
287.0,362.0,127.0,324.0,886702721.92008,3192881.789999944,64033.94999999667,4139830.519999976,133819.2300000066,284956009.8599816
373.0,103.0,176.0,448.0,562610517.9400778,3711627.879999704,48471.80999999718,1612805.2700000096,65407.509999992726,180736247.17998064
237.0,319.0,259.0,285.0,837564951.9300627,3096576.459999996,71009.38999999547,3984723.1299999547,131516.56000001324,269157399.7999862
291.0,393.0,137.0,279.0,991151552.2500651,3113750.0300000045,70084.84999999726,4947586.140000355,156599.63999999806,318575668.12998897
331.0,92.0,361.0,316.0,420202332.72003376,2904952.9399998616,55657.74999999579,1006296.979999868,55400.91999999453,135146054.4599861
263.0,332.0,269.0,236.0,816749606.8900547,2795541.869999908,71114.77999999489,3916450.259999916,131111.03000000856,262557303.2199848
424.0,110.0,187.0,379.0,523212003.7900594,3355683.7999998764,45138.23999999796,1354664.1299999673,61306.62999999372,168204705.85998565
323.0,84.0,330.0,363.0,455043881.2900472,3345303.88999981,53041.67999999715,1081047.1999998614,55163.769999994875,146256582.15998954
346.0,90.0,354.0,310.0,420887255.41002816,2866120.0599999484,56282.50999999644,1017429.0199998794,57193.71999999455,135422567.4899828
567.0,124.0,345.0,64.0,468819127.5400161,2104960.70999998,54885.57999999823,1450944.6700002155,75895.80000000205,151235979.28998452
397.0,164.0,455.0,84.0,474948886.2200084,1994887.7400000247,64813.57999999862,1732204.0100002408,81609.16000000242,153054417.27999
503.0,234.0,306.0,57.0,674495679.2700256,2103535.1199999363,60994.25999999939,2904793.259999844,113547.34000000579,217298766.45998666
808.0,177.0,24.0,91.0,694297547.290003,2475563.7099999674,37230.21000000124,2446039.090000113,99146.8499999971,223843095.14995563
393.0,86.0,240.0,381.0,505268194.7400499,3343420.78999981,47624.99999999651,1281667.4099999198,59517.24999999402,162429073.8099887
447.0,208.0,13.0,432.0,734646276.9800749,3676688.319999868,43559.24000000001,2636721.8500000327,92504.71999999875,236160362.1299696
335.0,138.0,18.0,609.0,630198360.8701096,4456666.059999759,41913.06999999984,1754550.0499999332,64188.119999989176,202275417.2599735
227.0,199.0,260.0,414.0,640085437.2400748,3464812.509999843,60950.01999999583,2436381.000000117,87547.8300000054,205587215.58999148
514.0,449.0,28.0,109.0,1053586144.8500371,2620094.7300000484,60116.090000000375,5265813.860000487,169047.0599999972,338993630.99999774
293.0,257.0,16.0,534.0,799384338.6900991,4158432.969999657,50386.63999999678,3105565.0800001486,100025.12000000582,256656995.5799714
273.0,418.0,51.0,358.0,1033313412.1300901,3495781.2199999117,65779.94999999767,5091423.960000519,155694.9800000024,331969460.9999996
10.0,552.0,67.0,471.0,1228054688.3901174,4166649.3300000764,80839.149999984,6521943.190001338,187612.7300000049,394157821.09001184
242.0,495.0,45.0,318.0,1150698589.950087,3524417.570000116,72520.32999999412,5975509.140000984,181655.53000000032,369731305.2700039
221.0,339.0,251.0,289.0,849412745.9400525,2910583.879999898,72804.76999999418,4160676.469999949,136355.44000000853,272973610.61998963
301.0,462.0,56.0,281.0,1106363504.8900728,3077748.550000116,68475.4699999969,5685066.950000747,174609.82999999504,355604464.9800034
215.0,440.0,245.0,200.0,1017688068.9600612,2647262.570000136,79848.19999998955,5434350.660000458,172028.53000000113,327143202.729988
8.0,465.0,345.0,282.0,1040338027.8300753,2919187.510000163,91869.9699999872,5785896.550000594,178126.1300000002,334124499.1899965
9.0,705.0,65.0,321.0,1504552026.8701293,3366919.8400000646,95988.86999998287,8831319.240001202,255133.18999998528,483208895.26997447
7.0,497.0,277.0,319.0,1078690294.6500885,3402199.889999947,90296.76999998263,5898600.700000792,178964.49999999965,346368268.3899978
7.0,543.0,302.0,248.0,1098217096.6900406,2775286.2699998813,91937.869999986,6218966.550000736,188872.23999998477,352746231.2099887
230.0,59.0,313.0,498.0,452865256.87005687,3615196.859999632,56223.29999999517,1055713.4699998514,51063.39999999321,145348063.18998805
107.0,67.0,358.0,568.0,437707443.23005927,4056335.8299995004,59866.47999999394,949533.8499998706,44461.36999999669,140251156.40998837
177.0,299.0,241.0,383.0,829405254.8200748,3500692.599999984,69125.75999999467,3822969.5200000424,124438.79000001162,266403961.1199732
284.0,73.0,128.0,615.0,512951657.1200791,4150613.3399994653,43921.68999999745,1093312.0999997808,47484.97999999423,164589484.9599837
220.0,56.0,300.0,524.0,417878999.1200521,3809785.3899996085,52039.75999999596,701780.4499999232,39990.2399999969,134040698.64998457
199.0,337.0,90.0,474.0,951492186.2101007,3937095.8299999037,66243.4899999967,4477704.000000227,138409.9100000029,305514988.07997864
128.0,81.0,142.0,749.0,502578322.33009046,4611005.0899996,47914.34999999634,1010190.6799998303,39436.699999996206,160919544.1899937
76.0,318.0,257.0,449.0,866655383.2801002,3679246.5799997607,74340.59999999398,4113349.140000108,129065.85000001588,278188458.8699902
95.0,395.0,105.0,505.0,992737053.0901353,4107367.539999902,70343.10999999434,4812908.580000503,143978.1500000094,318622908.39001095
91.0,377.0,101.0,531.0,976364203.8601034,3937702.8499998082,69746.74999999387,4684310.390000319,140173.840000008,313351169.93001765
352.0,246.0,404.0,98.0,661259392.7500296,2222416.2099999296,69422.9299999983,2984990.4899998833,112035.98000000566,212833383.28999564
290.0,267.0,437.0,106.0,652468713.5100145,2176638.7799999644,72115.73999999842,3009077.339999931,113825.30000001051,209981809.65999275
438.0,38.0,502.0,122.0,307036092.36000276,2120100.350000022,58876.45999999781,488681.5099999548,49974.25999999831,99107474.08998755
399.0,279.0,311.0,111.0,766884077.910024,2293428.9099999955,66243.56999999804,3587561.079999883,127413.13000000882,246810331.93998387
342.0,239.0,393.0,126.0,650606033.0100145,2190669.2099999757,68645.7199999984,2900275.479999985,110156.20000000572,209427858.8999895
492.0,43.0,384.0,181.0,368285603.6500162,2421410.0799999675,51710.75999999727,679118.6099999215,52769.13999999806,118783443.14997743
321.0,295.0,329.0,155.0,776850362.840033,2440439.259999952,69751.40999999666,3712488.739999704,129154.35000000864,249886918.1299928
354.0,41.0,534.0,171.0,303636743.56000334,2268682.470000006,61656.8399999963,504121.9399999643,48160.809999999125,97888349.61998685
439.0,50.0,450.0,161.0,365850865.0100089,2352467.0600000294,55818.169999998165,746522.6499999259,54894.69999999673,117958280.31998491
420.0,48.0,430.0,202.0,353875373.0400143,2434728.2699999483,55022.72999999707,645188.1799999297,51118.799999997485,114071759.92998543
305.0,175.0,110.0,510.0,667105520.090088,4098294.4899996226,50248.79999999552,2228705.6300000492,77941.62999999814,214162637.38997877
404.0,153.0,96.0,447.0,622905970.7300807,3783423.0899997293,45111.98999999852,1911579.200000014,72402.78999999583,200125995.53998062
307.0,169.0,111.0,513.0,656332772.7500741,3755094.399999784,51451.91999999819,2263169.580000098,80727.72999999879,210761222.39997926
280.0,160.0,192.0,468.0,622970499.7300788,3715089.159999677,54169.53999999623,2113854.450000032,77223.35999999873,200040196.74998614
542.0,310.0,195.0,53.0,832337209.3100232,2190126.8799999426,58485.97000000072,3893696.159999628,136674.0299999999,268026883.6499669
472.0,259.0,323.0,46.0,701276753.8100048,2093458.3399999226,65120.929999999855,3172018.4099997845,119823.8300000052,225845008.9799861
579.0,220.0,263.0,38.0,661615927.3200059,2082482.329999968,55744.810000000056,2705453.559999998,107740.07000000462,213235500.7099848
660.0,240.0,157.0,43.0,757853889.9200113,2244767.3999999654,50211.449999999284,3197302.709999765,120075.32999999957,244200106.20997116
376.0,137.0,171.0,416.0,590018269.0200629,3508187.51999982,50296.51999999713,1846209.740000133,72582.45999999555,189579625.04997697
584.0,213.0,265.0,38.0,667844116.3399994,2167264.0599999367,55369.15999999938,2745099.609999973,108999.70000000257,215204340.77998373
46.0,434.0,369.0,251.0,976166285.3800572,2829883.6600000234,87502.29999998599,5308780.950000309,165696.7400000006,313562851.0199938
176.0,380.0,324.0,220.0,906329415.8300664,2845082.310000042,81175.27999999204,4705823.890000347,151875.85999999937,291261552.2699985
46.0,430.0,372.0,252.0,976976232.6400619,2831275.7899999856,88318.51999998865,5316676.95000039,165639.44999999495,313840485.6499817
42.0,398.0,430.0,230.0,852997375.8700541,2666129.209999993,87421.89999999049,4550913.180000007,147414.4400000025,274007509.509986
45.0,419.0,357.0,279.0,955411441.4000775,2836047.520000043,88009.3099999887,5179409.030000331,162111.40000000008,306871315.64999765
41.0,382.0,419.0,258.0,843984373.4400672,2750058.6699999063,87756.24999998829,4488748.820000172,145044.51000001357,271109727.3099991
159.0,343.0,370.0,228.0,843322060.3600342,2618035.7199999928,79879.56999999467,4319809.109999916,141265.27000000162,271011712.8799881
172.0,365.0,316.0,247.0,881205063.9600587,2792850.220000046,79197.46999999274,4505072.600000016,147101.9400000082,283192284.3499936
164.0,349.0,382.0,205.0,855495550.9400506,2751633.229999934,80409.97999999452,4371970.659999919,143537.01000000938,274934903.2199868
160.0,339.0,372.0,229.0,880240811.7100477,2629921.1899999822,81313.27999999131,4581198.060000121,149320.5000000023,282896331.6999943
96.0,295.0,296.0,413.0,751293410.6800896,3476373.339999824,74347.82999999095,3441453.9700001925,114134.27000001453,241174259.2099926
359.0,218.0,218.0,305.0,686029089.3200552,3092424.779999915,57704.53999999745,2715717.160000064,98265.41000000322,220553615.00998282
119.0,104.0,366.0,511.0,464336400.82005405,3554859.169999685,62578.21999999458,1302874.259999904,55967.54999999169,148903142.10999253
76.0,231.0,470.0,323.0,594295516.1300479,2955474.689999921,75956.51999999532,2538461.51000007,92621.6900000046,190820765.34000137
149.0,459.0,459.0,33.0,971043478.2500114,1904711.3399998718,92748.1699999894,5550768.230000172,179689.61999999595,312272618.8299876
133.0,115.0,823.0,29.0,374408179.75999755,1575801.739999986,87759.37999999747,1648374.460000175,82540.79000000443,120601807.56998825
382.0,232.0,470.0,16.0,641175434.5599977,1832286.629999933,73205.92999999858,2999189.0399998305,116394.39000000959,206508865.31999844
604.0,104.0,366.0,26.0,442997008.09000236,1938034.0000000156,52634.47999999909,1280477.8000000287,72466.30999999991,143015192.68998054
338.0,58.0,417.0,287.0,382228584.83002275,2770190.789999878,58264.93999999638,809084.7699998962,52398.77999999477,123007380.63998635
449.0,77.0,554.0,20.0,348622446.8700021,1690700.929999993,64420.89999999825,951063.179999918,65467.829999996386,112610388.08998473
287.0,403.0,403.0,7.0,921502440.0999953,1802573.0699998657,83314.76999999309,5065158.77999992,168169.37999999517,296504659.5199853
63.0,514.0,514.0,9.0,1053081388.3700109,1750636.6599998113,102204.06999998841,6331854.280000416,202382.57999997828,338592507.43996435
324.0,315.0,453.0,8.0,749499099.2100115,1768327.089999887,78888.54999999655,3863333.24999952,138277.75000000698,241267475.87999117
390.0,546.0,155.0,9.0,1170333235.1199908,2019105.619999817,77433.72999999284,6518332.870000919,205417.59999999046,376534509.6499822
237.0,331.0,331.0,201.0,836416168.9500325,2672316.079999974,73358.88999999667,4133241.8299995796,138705.97000000314,268907144.5499815
341.0,333.0,136.0,290.0,878990016.9600543,3093793.020000024,63054.0299999989,4090139.1899997937,134942.890000006,282595879.9599775
67.0,546.0,156.0,331.0,1210657645.2700775,3323916.960000149,85507.49999998382,6681706.320001053,197333.4399999935,388811869.73998994
56.0,316.0,453.0,275.0,780333701.370053,2810791.639999913,85374.02999999018,3999275.2100000097,132690.7300000186,250631934.03000364
120.0,684.0,279.0,17.0,1359798532.8400261,1983656.1999997012,100480.37999998611,8277388.250001012,251211.4199999742,437139999.4899374
79.0,448.0,183.0,390.0,1078915070.8701205,3646697.909999907,81356.11999998285,5667892.2700008685,170320.59000000058,346439764.48999286
512.0,69.0,69.0,450.0,495336110.72005886,3694781.9499997483,34612.9900000028,881578.0899998707,47053.969999995,159270316.3399788
289.0,96.0,96.0,619.0,556964703.5800786,4278321.179999618,44195.35999999915,1347762.7499998717,53329.68999999167,178697976.78998286
367.0,360.0,50.0,323.0,942094846.9000677,3273910.500000052,59164.22999999888,4386834.100000001,140574.09000000232,302846158.4499787
348.0,47.0,399.0,306.0,377659164.2300265,2921138.389999818,54502.92999999561,683153.9699999294,48327.319999997155,121539002.11998616
508.0,69.0,69.0,454.0,502652147.9700599,3636432.619999678,35623.39000000195,951748.1899998067,49708.63999999537,161658589.73997608
274.0,269.0,313.0,244.0,734749821.0900297,2656266.8400000487,69798.20999999666,3388060.399999971,118437.99000000757,236237867.10999295
174.0,58.0,488.0,380.0,387215748.36003345,2908213.9499998624,65688.81999999475,977107.849999891,53248.92999999385,124351183.82998696
186.0,446.0,62.0,406.0,1076608258.8700979,3622010.5799999577,68860.17999999334,5419902.770000718,162232.07000000132,345749989.0500062
132.0,316.0,369.0,283.0,736681702.8000845,2912903.7199999886,77702.50999999185,3501784.3900000127,119100.81000001525,236659438.96000153
131.0,315.0,368.0,286.0,832204942.5800587,2911182.4000000674,77852.41999998924,4138970.429999998,135336.5400000108,267365858.4299897
218.0,363.0,363.0,156.0,871062491.850028,2401374.0299999933,81477.31999999355,4574331.269999781,151130.12000000634,280068610.89999366
400.0,288.0,288.0,124.0,779858703.4500264,2499697.919999969,66446.86999999928,3631286.749999841,128156.95000000777,250937018.48998472
253.0,243.0,423.0,181.0,641512438.340044,2456204.6099999836,73570.95999999631,2887882.239999964,107644.72000001,206316356.94999242
233.0,389.0,312.0,166.0,941440184.6000375,2452334.7399999206,80056.66999999342,4997628.670000167,162215.1999999957,302673990.5399928
216.0,361.0,361.0,162.0,871753561.7000542,2480441.5699999635,80209.36999999428,4526326.289999981,148310.0300000065,280247373.1399958
272.0,260.0,365.0,203.0,699441373.5700419,2630586.779999965,71951.45999999443,3199321.570000006,114606.3700000149,224903814.17999926
419.0,303.0,243.0,135.0,824405801.3700306,2350702.229999914,66136.48999999989,3960496.899999645,136956.67999999807,265292189.29997373
448.0,185.0,323.0,144.0,579450954.4400285,2361652.19999995,58903.03999999766,2230933.210000265,92633.5600000052,186606454.36999407
477.0,198.0,277.0,148.0,596603500.4900289,2493065.949999926,54984.95999999692,2209182.8900003615,91176.01000000376,192122356.09998384
475.0,196.0,276.0,153.0,603326052.6800096,2613445.5099999923,55344.7799999989,2225862.080000326,91636.49000000315,194270986.03997913
257.0,126.0,515.0,202.0,466617446.58002704,2569389.8399999803,68010.99999999569,1618924.0000000556,73927.07999999911,150095201.65999174
414.0,103.0,419.0,164.0,485183585.7900144,2278069.700000031,61677.2999999985,1682720.6800002158,78618.1599999999,156276219.36998838
259.0,120.0,518.0,203.0,432268031.77001905,2383105.8500000406,68411.63999999642,1441161.7600000957,71299.55999999726,139115314.12998688
272.0,134.0,480.0,214.0,440705042.4200167,2474412.409999961,67210.22999999695,1453447.9600000489,70565.87999999837,141806591.3299876
207.0,102.0,415.0,376.0,462249190.11004555,3214559.3399998234,65230.26999999419,1405396.8799998683,63334.60999999343,148464643.47999027
218.0,101.0,384.0,397.0,460661322.1800415,3248857.0999998,59409.959999995386,1271971.8999999973,58945.21999999353,147953719.71998826
360.0,89.0,320.0,331.0,471585769.8800376,3086504.6999998386,55474.829999997244,1292088.859999915,61756.78999999412,151616815.68999058
348.0,81.0,352.0,319.0,440933187.5900297,2969539.159999953,55765.199999996614,1114613.6999999136,57940.27999999458,141806319.64998138
437.0,102.0,388.0,173.0,472477877.3800237,2496232.599999994,56853.89999999724,1427050.8400000846,70913.36999999874,152188211.22998458
362.0,85.0,321.0,332.0,432232021.0100305,3012836.559999845,53911.39999999592,1009469.0599998436,55359.1099999945,139015695.9299849
351.0,262.0,174.0,313.0,718575776.6800553,3194776.499999795,57690.329999997484,2897317.810000123,102290.33000000828,231019793.28998575
203.0,314.0,208.0,375.0,851669008.540087,3229055.6199999913,69331.60999999584,4012915.4099998707,129522.87000000982,273591849.98998475
352.0,258.0,175.0,315.0,763740828.7700701,3180136.5999999465,58480.77999999808,3230161.0899999854,110894.50000000285,245519726.83998063
365.0,273.0,136.0,326.0,752291723.8900529,3140686.129999888,55525.9399999974,3108005.8100001505,108177.24000000521,241861066.41997698
416.0,310.0,206.0,168.0,854690438.2900333,2569603.6799999634,63765.03999999872,4068511.4999997485,137439.5800000019,274951680.9599778
438.0,321.0,164.0,177.0,859479921.9100376,2683501.689999968,59936.909999999654,3978593.409999753,134633.37000000238,276516114.62997764
265.0,409.0,205.0,221.0,927067241.5600355,2876913.940000094,71365.5299999935,4646610.540000102,150149.79000000402,298005735.0799773
251.0,381.0,258.0,210.0,914022561.6300306,2716810.3899999154,73581.37999999548,4628585.819999981,150868.30999999848,293869383.7799858
214.0,325.0,165.0,396.0,865737980.100076,3536702.9599999273,65867.3699999967,3983976.270000002,126295.49000001088,278027600.7699755
267.0,404.0,206.0,223.0,975690459.9600495,2825256.920000044,72691.05999999291,4971516.390000305,159547.70000000182,313666887.7099898
386.0,256.0,385.0,73.0,701768440.550009,2119858.999999926,68570.55999999808,3252613.909999933,120265.14000000838,225922192.63998872
158.0,337.0,509.0,96.0,753179164.6500043,2050622.7599999004,87297.67999999064,4005086.5799996736,138420.83000000415,242197303.95999855
314.0,413.0,314.0,59.0,927958298.9300172,2139204.409999883,79248.75999999391,4929421.099999959,163551.02999999645,298534728.24998033
410.0,271.0,342.0,77.0,723209925.2700256,2121317.5099999085,69418.80999999715,3402809.8499998655,124785.35000000837,232818902.58998522
384.0,255.0,383.0,78.0,668213461.7100066,2096128.1099998946,68180.58999999835,3035365.98999988,115380.69000001033,215150034.9699951
328.0,431.0,274.0,67.0,990176888.6500176,2170805.929999855,77274.52999999566,5295718.60000013,171895.53999999244,318531074.1899755
170.0,362.0,457.0,111.0,807031040.3800124,2105156.3099999274,83019.17999999496,4257327.819999731,143901.51000000583,259536759.74000052
121.0,512.0,388.0,79.0,1072104070.4200274,2141362.629999841,94218.21999998415,6220652.870000642,196341.87999998432,344654584.3299626
129.0,546.0,347.0,78.0,1134097625.5200398,2152238.439999863,94405.13999998728,6625076.280000575,207134.81999998406,364596505.51996124
128.0,543.0,345.0,84.0,1130916781.4500163,2140660.989999811,94457.72999999237,6587791.800000202,203917.8299999845,363542975.91997296
127.0,515.0,126.0,332.0,1159364916.9800913,3469240.3300000243,80074.37999998465,6210970.750000926,186494.39000000077,372374517.7199993
308.0,419.0,103.0,270.0,1035343429.280077,3265252.580000008,68755.15999999328,5184920.13000062,160832.71000000497,332743505.44999933
168.0,328.0,166.0,438.0,862172388.8401048,3753221.6899998058,66787.97999999317,3929757.5700001265,123330.74000001358,276805398.0399881
135.0,546.0,67.0,352.0,1228156889.9201002,3618978.7400002084,80823.99999998897,6640821.590001266,199150.22999999602,394509298.5199959
127.0,512.0,125.0,336.0,1149066669.3900776,3473999.4400000684,79930.32999998619,6149158.840001158,185846.97000000378,369100366.4199975
180.0,352.0,90.0,478.0,916198099.0100993,3895435.309999766,64254.349999996004,4187987.429999999,128755.81000000598,294143174.78998345
322.0,437.0,54.0,287.0,1110667819.66005,3139984.370000049,69095.92999999685,5714341.290000809,174936.7499999991,356974870.03000474
382.0,251.0,127.0,340.0,755668354.3400618,3238295.999999903,53917.40999999851,3060315.699999983,106992.53999999889,242973822.26997426
408.0,267.0,68.0,357.0,788602854.800078,3317656.8299998967,50750.68999999839,3171826.8600000124,109310.07000000292,253584322.51996955
405.0,266.0,68.0,361.0,778920394.8100752,3397004.4999998547,50287.88999999821,3088201.759999922,106396.47000000002,250414573.3599735
107.0,33.0,400.0,560.0,378816516.9000477,3917473.829999592,58520.84999999439,561873.6800000353,35825.290000000125,121383632.03998645
28.0,35.0,432.0,605.0,384779943.8400448,4117730.8699993705,62337.859999991975,662766.2199999534,35635.609999999455,123138789.68998602
95.0,153.0,355.0,497.0,549671669.7600787,3817494.7199995676,65113.44999999419,1831819.1099999014,68183.32999999341,176292145.17999038
100.0,31.0,445.0,524.0,337428298.7900247,3594033.399999627,63437.889999994026,486952.6400000533,35750.57000000072,108122615.4399864
107.0,32.0,398.0,563.0,340453803.71003425,3701079.099999559,60917.699999993245,409123.8700000431,33465.440000000985,109092547.47998379
89.0,143.0,396.0,472.0,497757921.8600804,3666714.4499996826,66465.44999999272,1578997.9599998493,63243.59999999099,159626017.51999137
26.0,33.0,475.0,566.0,339068364.46003056,3688766.0299995854,63279.85999999367,482767.8800000533,32513.480000002404,108515426.27998775
25.0,162.0,378.0,535.0,564177139.930075,3758825.6399996225,68595.59999999196,2029327.0999999195,72874.10999999763,180870013.99999696
23.0,153.0,425.0,499.0,571537245.31009,3668559.1499997443,70517.08999999221,2141133.2599998945,77409.1999999997,183285921.39000136
23.0,152.0,422.0,503.0,527674678.73006004,3476806.999999842,71959.18999999417,1949390.2999999127,73357.559999995,169224161.49999374
401.0,327.0,106.0,266.0,885079984.0600556,3216797.1799998907,59339.4999999985,4027700.329999824,133015.020000004,284575112.439985
345.0,353.0,115.0,287.0,949150854.9700787,3167768.0900000543,63869.989999999096,4538401.470000014,145225.20000000045,305106737.6599851
356.0,414.0,94.0,236.0,1039665355.2000463,2918346.5400000876,65583.99999999933,5219438.84000033,164395.95999999464,334270242.90997887
375.0,306.0,170.0,249.0,824052033.6100591,2857114.639999992,61606.56999999945,3739106.189999756,127255.17000000473,265030571.54997382
399.0,325.0,105.0,271.0,855273376.5600625,3058682.919999944,58458.88999999835,3856099.7999998527,128487.98000000762,275020249.44998085
334.0,388.0,151.0,227.0,955923992.990058,2894818.6999999494,65857.239999999,4710923.850000182,150867.800000003,307324148.469995
320.0,326.0,182.0,272.0,837740452.3800755,3068143.8600000013,63412.5999999986,3834622.069999805,127709.66000000335,269312919.489975
302.0,440.0,100.0,258.0,1008787940.5500556,3155469.32000001,66179.23999999804,4999231.360000359,157005.4599999965,324245002.43998384
285.0,415.0,163.0,237.0,998110301.7900494,2904600.8400000674,71925.9999999951,5088748.520000356,160249.8799999991,320841566.2099945
284.0,413.0,161.0,242.0,978573386.8100547,3008329.1399999564,71397.68999999345,4917150.960000136,155775.90999999797,314512560.98998475
357.0,117.0,357.0,269.0,483159973.6200282,2769712.4699999467,57724.81999999821,1452990.9700000691,68725.38999999737,155467113.49998957
319.0,123.0,375.0,283.0,504336621.8300452,2905155.7899999022,60858.989999996054,1642989.2100000938,71765.16999999888,162171719.97999024
330.0,192.0,329.0,249.0,600296889.1700552,2805471.1200000555,62866.089999997275,2323098.5600001332,90193.34000000221,193046166.1399923
410.0,135.0,246.0,309.0,572338068.2100496,2969098.5599998957,54433.36999999845,1930807.1300001594,79043.92999999756,184080196.3299889
430.0,141.0,430.0,99.0,480723506.35000706,2047814.0599999418,62622.70999999827,1714410.5900001859,81029.90000000391,154925576.4799941
456.0,265.0,274.0,105.0,722944409.2200214,2305557.249999977,62951.749999998625,3258073.4399998463,119263.90000000801,232721007.86999378
466.0,179.0,329.0,126.0,594074213.0600139,2364411.080000004,58672.08999999895,2296643.920000233,94248.03000000534,191328817.25998256
352.0,240.0,413.0,95.0,630409099.7700108,2053245.4099999575,70538.82999999812,2829056.1700000865,109731.38000000817,202974584.9999994
336.0,230.0,237.0,297.0,694895315.2100693,3100209.0399999036,61468.46999999788,2857179.2100000186,102861.69000000697,223403785.2199853
414.0,283.0,292.0,111.0,734192791.4200219,2356768.239999966,64666.60999999742,3330186.9899998964,120810.63000000751,236336948.55998254
254.0,474.0,253.0,119.0,1025531178.70003,2311535.659999886,79278.41999999476,5549737.950000396,176834.6799999877,329788343.4199849
187.0,512.0,273.0,128.0,1150635123.1600552,2510535.3800001913,86421.20999998008,6495620.400001063,201106.7799999874,369868516.9699569
430.0,41.0,428.0,201.0,347847535.79001355,2404774.369999952,56581.84999999701,634759.0599999394,51275.209999997,112152580.34998466
317.0,591.0,44.0,148.0,1348164888.2400668,2782341.6800002214,80246.089999992,7586074.990001654,230746.35999999134,433430135.5199824
200.0,372.0,199.0,329.0,942318239.5000731,3370538.0999999484,71128.39999999676,4604730.0100002205,144359.60000000196,302688057.97999257
381.0,37.0,53.0,629.0,464514852.16007113,4367146.88999961,35113.28000000268,534984.4699999976,32151.079999998234,149025810.54998472
173.0,473.0,35.0,419.0,1139547771.5100894,3792045.8299999414,71963.80999999303,5839133.140000912,172938.31000000684,365939750.9699987
218.0,31.0,320.0,531.0,381946469.2400438,3868325.399999596,52543.88999999646,468968.2700000379,34486.24999999996,122510109.42998436
541.0,77.0,110.0,372.0,531612918.9400721,3560115.4099996965,39186.15000000034,1228645.9699999029,58826.759999994756,171003993.14998472
291.0,42.0,59.0,708.0,491161075.04008126,4431560.309999568,37151.52999999992,741849.9299998742,35953.50999999477,157516328.699987
389.0,544.0,70.0,97.0,1227788815.0600262,2424448.100000001,73743.67999999816,6709294.450001174,208258.1799999961,394931427.61999846
469.0,482.0,62.0,87.0,1116656502.710029,2553392.8999999296,66887.16999999987,5836092.270000442,185754.6499999985,359227214.16998935
395.0,535.0,71.0,99.0,1192324207.1300342,2483774.68000001,72082.5999999959,6422989.740000843,198456.25000000047,383486859.7199857
226.0,316.0,502.0,56.0,707970183.8900182,1834184.0099999215,83063.71999999328,3682044.279999732,131810.16000001165,227794070.14999637
383.0,537.0,69.0,111.0,1236386537.830028,2521561.8299999856,75744.48999999341,6783795.940000936,209262.79999999615,397615370.1599798
226.0,306.0,503.0,65.0,679721392.280008,1850602.6599999296,82326.009999996,3467194.5999998534,126507.52000001635,218725648.89000332
284.0,292.0,464.0,60.0,758365690.5800195,1942202.1299999105,79209.16999999479,3894501.819999727,137487.86000000688,244036039.3700041
470.0,468.0,62.0,100.0,1096580801.2500257,2555190.6500000004,64804.740000000456,5644052.640000911,179838.3300000013,352792081.2699968
289.0,287.0,471.0,53.0,669151081.5100173,1910028.769999897,76541.29999999884,3247377.639999874,121709.12000000947,215403182.88999608
286.0,285.0,468.0,61.0,671995404.2900132,1973766.3099999162,80846.40999999549,3334180.049999706,124888.6800000143,216265054.36000323
309.0,357.0,213.0,221.0,891456934.7800266,2788039.919999916,69245.27999999809,4361820.479999785,142523.0299999995,286605492.5999803
339.0,343.0,205.0,213.0,838720481.4500387,2774656.7400000966,65583.85999999888,3959087.4299997175,132806.81000000634,269711498.8299691
311.0,353.0,214.0,222.0,885359951.7000619,2713336.5299999276,68890.88999999735,4324386.219999946,141722.05000000566,284666373.2099854
355.0,410.0,81.0,254.0,1036310188.860061,3201018.470000125,66201.77999999725,5157131.7600005055,161869.90000000305,333123766.70999736
308.0,355.0,212.0,225.0,897604352.3500633,2785596.580000073,68555.47999999684,4387360.999999744,144092.39000000546,288617226.78998005
356.0,404.0,81.0,259.0,1059488817.8500495,3157363.4500001823,67739.60999999696,5353552.070000739,168214.38999999725,340581998.8200025
385.0,390.0,78.0,247.0,937649151.4800605,3091526.2799999854,61097.45999999867,4429009.119999935,143097.47000000323,301485377.24998957
339.0,339.0,205.0,217.0,889593375.990047,3016277.829999953,66776.13999999697,4245447.430000009,139095.58000000936,286019328.0499858
389.0,388.0,78.0,245.0,956207176.9000647,3026757.070000153,60500.72999999899,4572678.74000016,145975.01999999813,307415290.8099819
387.0,387.0,78.0,248.0,929401465.9600779,3087805.6699999636,60280.90999999815,4363368.319999984,141084.18000000803,298827179.39998513
447.0,145.0,245.0,263.0,573715043.7600443,2938629.799999883,53455.17999999678,1922579.700000189,80268.73999999947,184589830.30998343
496.0,134.0,227.0,243.0,549731997.5400339,2850431.539999991,50165.82999999973,1723835.1500001769,76304.07999999884,176976503.2499848
330.0,395.0,181.0,194.0,951552528.4100441,2750100.839999965,70523.96999999548,4800561.3300000755,155122.31000000113,305937387.5099957
307.0,99.0,514.0,180.0,400955942.5500151,2254974.4600000214,66534.1299999976,1237301.9600000146,66868.83999999633,129115675.6799853
326.0,105.0,179.0,490.0,530653062.0200774,3816149.8999996567,47546.36999999784,1345734.8699998935,56738.64999999302,170395672.35997742
204.0,245.0,343.0,308.0,680179834.960061,2991172.740000038,68593.91999999499,2953919.5100000612,104306.0000000061,218563267.94999573
280.0,76.0,392.0,352.0,402521973.47003585,3147059.459999819,57991.39999999539,859656.689999871,50859.06999999628,129385444.55998522
297.0,296.0,135.0,372.0,852673219.6100888,3444867.74999986,61288.28999999705,3830887.880000007,124539.54000000888,273986721.95997703
283.0,282.0,396.0,139.0,698555855.1500317,2243919.9799998924,74724.6499999968,3333722.8499998893,121593.44000000917,224750711.82999572
237.0,236.0,330.0,297.0,680469236.4800544,2948457.4699998777,68018.389999997,2932243.000000057,103601.21000001155,218688261.46999913
26.0,316.0,374.0,384.0,792350866.5000727,3258656.769999836,79385.54999999097,3850215.4400001583,123199.32000002114,254332247.07000268
75.0,302.0,357.0,366.0,788112048.8700733,3241113.409999973,77225.5599999913,3771562.8200000254,122525.6700000131,253032972.82999703
34.0,99.0,477.0,490.0,444197535.63005275,3618313.6399996993,68995.60999999425,1280115.4399998644,55373.49999999291,142374036.35999414
32.0,374.0,239.0,455.0,874015711.9900963,3503030.5999999135,77086.89999999241,4273625.280000119,132272.6800000117,280514107.8599925
33.0,398.0,471.0,198.0,911637876.6900432,2487090.6000000145,93853.83999998361,5092887.230000249,164873.8499999885,292905716.2800081
64.0,184.0,479.0,373.0,550384294.230065,3136815.9199999296,76739.80999999301,2227499.2000000067,83763.02000000622,176641419.16000384
114.0,461.0,295.0,230.0,1069249192.0700636,2764697.4500000053,87611.5599999893,5916984.90000063,183363.3499999941,343573479.089981
125.0,124.0,599.0,252.0,460364352.22002137,2615135.1499999254,76712.0299999951,1759573.9900000268,76982.79000000346,147919866.26999196
116.0,115.0,299.0,570.0,522159740.90006983,3857209.0999996434,60809.18999999316,1567655.4299998756,61347.89999999128,167457306.08999643
167.0,166.0,431.0,336.0,507326262.6000604,3012981.7199997767,69829.85999999479,1826832.7899999963,75930.16000000399,162981364.51999703
28.0,256.0,380.0,436.0,759702661.7700942,3405113.439999811,78843.01999999104,3584669.230000121,117419.63000001767,243824075.66999632
412.0,164.0,244.0,280.0,572851258.0300455,2976228.129999962,50889.47999999857,1872256.4500001927,77800.80999999915,184310168.11997893
35.0,48.0,474.0,543.0,378245156.31003946,3915403.7599995364,65835.99999999153,718702.8199999741,39513.12999999776,121115975.23998457
22.0,205.0,523.0,350.0,555500867.2300569,2908500.7499999665,79679.06999999392,2382675.340000022,88550.06000000489,178307922.3700012
32.0,292.0,435.0,341.0,741252993.4400662,2986785.399999858,82789.17999998954,3652247.290000157,121724.09000002062,238009966.90000808
30.0,42.0,706.0,322.0,276042461.4199978,2509195.669999912,79740.50999999474,636600.6199999651,47366.76999999475,88595163.99998568
382.0,152.0,389.0,177.0,557396731.2000306,2528182.3199999924,61293.71999999886,2075376.5100002303,87488.66000000367,179404176.77999035
520.0,31.0,308.0,241.0,359244042.3300178,2862982.139999917,46739.88999999809,383238.4199999725,42549.409999997755,115783147.52998279
399.0,24.0,406.0,271.0,319236871.59000885,2726369.2599999015,53446.959999997074,324524.5599999721,39857.83999999853,102809149.4299871
433.0,26.0,440.0,201.0,328499998.78000325,2461399.400000001,55623.489999996506,475497.6499999651,47486.58999999979,105929559.43998545
361.0,588.0,48.0,103.0,1261911903.200028,2540734.9299999815,74996.2699999947,6946121.220001289,212958.32999999405,405825055.88999045
325.0,617.0,50.0,108.0,1317268970.3600397,2512244.6500000968,77748.52999998996,7383890.750001485,223285.14999999505,423568193.18998355
450.0,462.0,59.0,129.0,1045217190.4200342,2651652.9799999497,64063.029999999286,5284087.660000464,169714.55000000139,336256401.54999447
289.0,471.0,257.0,83.0,1061107635.0200212,2201603.68999984,79694.65999999354,5822376.190000472,184145.02999998644,341266744.6999737
244.0,398.0,32.0,426.0,1038300105.970118,3949064.3299997635,64802.43999999498,4986231.390000622,150721.00000000864,333464943.32999176
236.0,243.0,209.0,412.0,755213631.3700947,3692735.829999837,63778.64999999787,3173065.1700000637,107177.89000000732,242585007.6599825
184.0,350.0,191.0,375.0,921470547.5101087,3588009.339999888,69303.8199999951,4388790.92000019,137571.81000001455,295985858.9799917
251.0,300.0,38.0,511.0,878086025.6401033,4076751.7999997158,56253.31999999695,3738388.4400001923,116028.67000000263,281914734.5699892
309.0,369.0,319.0,103.0,905064482.9000185,2247469.7099999995,77833.79999999383,4741404.599999873,157830.99999999962,291120827.8699822
209.0,250.0,216.0,425.0,714066520.6400695,3457231.1499998523,64490.32999999655,2957324.2900000582,100940.79000000772,229335511.899992
328.0,56.0,341.0,375.0,412085034.21004134,3229037.0199997276,55803.36999999493,867769.0399998765,49907.42999999592,132444923.51998344
114.0,71.0,435.0,480.0,404162917.4000435,3402727.2499996643,63458.1699999946,979765.1599998679,49864.50999999364,129652455.6199881
262.0,267.0,272.0,299.0,764345946.4900458,3071549.1799999485,65414.02999999621,3397800.7299998975,115129.69000000886,245620617.7899802
340.0,57.0,314.0,389.0,402387653.1900383,3252723.8699997556,52715.82999999654,732919.3399998944,46523.499999995925,129352404.96998534
356.0,60.0,370.0,314.0,391002818.3300265,2901516.1499998304,55178.45999999646,804869.11999988,50915.45999999625,125788346.9499845
288.0,293.0,266.0,253.0,774736540.3600543,2958596.3299998417,66585.90999999645,3515085.0899999873,119668.91000000942,249053310.85998964
133.0,83.0,452.0,432.0,433373985.96005774,3406476.3099996387,66574.40999999283,1228320.1799998619,57239.039999990775,139056985.49998903
94.0,349.0,355.0,302.0,863499661.3500788,3093688.8499997943,81877.72999999231,4395985.940000102,143388.58000001064,277358756.91999036
89.0,334.0,303.0,374.0,850555037.3800703,3273024.979999923,76730.35999999433,4157179.5100001767,131959.83000001483,273110921.6999921
97.0,362.0,328.0,313.0,853968681.2900445,2977952.7699999963,77960.87999999252,4283721.939999998,136639.6600000123,274296209.4500004
194.0,422.0,214.0,270.0,996891541.4300767,3063580.6399999424,76236.28999999148,5138681.800000408,161056.37000000366,320327127.3899922
379.0,336.0,170.0,215.0,960187626.8400478,2880774.9400000763,68687.28999999799,4770492.180000069,154324.57999999955,308748327.73997664
242.0,255.0,267.0,336.0,726799050.7500732,3252814.3699998665,63833.45999999667,3084587.5699999267,107566.92000000813,233571989.28998628
206.0,446.0,163.0,285.0,1025278572.8000714,3210475.740000109,73838.63999999299,5265811.720000475,163410.32999999775,329421799.7099848
222.0,482.0,245.0,151.0,1054362599.8000556,2493703.889999943,81989.94999999295,5766019.250000365,181650.02000000005,338968427.5199862
312.0,329.0,247.0,212.0,838569326.9000388,2726741.1400000714,68145.38999999828,3993641.2499996917,134615.40000000905,269654584.1499812
442.0,392.0,143.0,123.0,1011902833.3500342,2548905.9400000093,67485.21999999971,5148983.570000118,166788.05999999715,325518858.5399797
510.0,219.0,229.0,142.0,706692304.3800384,2574038.5999999726,55598.729999998104,2893581.3000001493,109110.16000000626,227543956.81997693
474.0,204.0,153.0,269.0,681199480.210042,3046481.079999992,49818.699999998964,2523713.940000162,95364.32999999917,219180969.35997802
542.0,233.0,175.0,150.0,705397815.8400364,2585020.470000024,52347.70999999955,2807134.6000000676,107114.69000000067,227152853.669976
508.0,11.0,239.0,342.0,377250230.86002785,3178477.439999873,41918.479999998824,354123.7699999701,38408.319999998326,121444234.45998177
604.0,9.0,201.0,286.0,362507840.20002735,3053141.21999985,36382.389999999934,182615.3699999816,35670.09999999904,116855904.00998339
426.0,187.0,201.0,286.0,638371599.5400487,3076888.2299999637,53193.98999999772,2335876.8700001887,89273.07000000165,205308911.29998186
350.0,7.0,508.0,235.0,287259621.35000026,2604764.0599999423,59319.239999994796,237290.0399999793,39510.10999999968,92537360.6299886
384.0,8.0,181.0,527.0,391349962.5000417,4005150.019999578,41449.369999999464,263353.4100000025,29707.31999999982,125668448.75998355
258.0,113.0,375.0,354.0,484202903.23002464,3026564.429999855,61631.64999999613,1481381.470000019,66519.64999999295,155605406.88998702
365.0,6.0,375.0,354.0,327051426.9800168,3253433.5899996967,50981.769999994896,195741.0199999944,34086.620000000934,105202041.98998411
421.0,130.0,140.0,409.0,553981761.9600682,3468400.5599997337,44311.77999999715,1504030.6499999964,64012.97999999316,178092649.66998124
391.0,121.0,402.0,186.0,486514350.8700242,2488286.58999995,62088.70999999719,1636396.9400001362,76338.11000000114,156647982.79999337
333.0,103.0,341.0,323.0,478802455.8800417,3009547.3099998543,59294.30999999712,1413934.8399999947,66581.8699999953,153973966.91998795
347.0,193.0,264.0,296.0,639555265.650066,3125142.5999998185,57523.00999999691,2430534.0500001227,91410.46000001111,205630752.7399916
48.0,270.0,369.0,413.0,704363319.6000774,3207278.8599998076,75230.2799999905,3221058.770000157,107204.01000001379,226079663.54999647
328.0,244.0,249.0,279.0,737728197.9100515,2813171.9699999387,64492.04999999725,3260699.0099999206,113285.03000000522,237188003.7899901
436.0,242.0,51.0,371.0,789525070.0000721,3599829.5799999153,49821.41999999746,3126508.0599999228,106585.47000000296,253790950.00996688
459.0,255.0,349.0,37.0,704544588.3900049,1951146.1899999492,66588.31999999932,3254627.1199997417,122476.41000000782,226932175.6599883
567.0,422.0,66.0,45.0,1018336752.8600144,2300043.0499999123,59959.53000000188,5091773.940000099,168038.4499999984,327801267.08997726
128.0,718.0,150.0,104.0,1397282446.8000295,2453691.209999933,93370.42999998633,8256931.190001233,245878.90999997462,449086932.19995445
65.0,487.0,496.0,52.0,1031214579.210008,1916685.109999801,99551.43999998781,6113571.560000454,194015.61999998183,331507106.62997174
60.0,452.0,71.0,517.0,1101600101.9401448,4509105.860000113,77192.62999998387,5573495.670001072,166185.93000000375,353573005.0500007
105.0,788.0,123.0,84.0,1579409114.6700113,2277276.9099999187,100943.29999997577,9649087.180001054,283562.96000002266,507619802.7399311
523.0,203.0,350.0,24.0,604402039.9100041,1974827.279999925,59692.86999999904,2454433.9400000903,101670.0300000051,194821377.16999128
348.0,265.0,456.0,31.0,642874362.6500099,1893319.839999935,73246.16999999856,3015908.659999979,116134.44000001108,207030916.27000156
353.0,494.0,237.0,16.0,1119825855.6600072,2005191.499999792,79447.00999999515,6217774.200000836,197428.9399999922,360274018.55998194
405.0,157.0,520.0,18.0,508458785.94999933,1799125.6799999496,68645.0199999985,2064765.000000332,92110.69000000486,163898247.6199936
433.0,168.0,289.0,210.0,603815873.8500347,2568244.709999921,58239.989999997524,2279927.180000222,92096.26000000385,194374056.70998484
264.0,369.0,339.0,128.0,882189481.7000264,2362950.2199999625,77337.28999999318,4568351.510000094,152335.50000000052,283717712.2299866
211.0,160.0,529.0,200.0,507575850.72002465,2498697.7800000217,71599.0099999958,1993705.1000001442,83056.00000000313,163200738.2699951
184.0,502.0,240.0,174.0,1098594474.6400378,2687743.609999977,81038.02999999271,5975212.950000647,184742.30999999557,353114589.59999657
174.0,475.0,436.0,15.0,1034356532.5700055,1805960.3999997887,95733.33999998834,6052954.27000048,193523.88999998284,332629628.37996924
153.0,418.0,384.0,145.0,918984890.0200438,2350773.590000018,86438.29999999033,5008006.450000207,164099.07999999385,295435122.19997877
77.0,347.0,433.0,243.0,776766355.9900497,2701786.5700000143,83936.18999999027,3956368.2499999506,131987.01000001357,249551449.1400056
301.0,271.0,338.0,190.0,734270027.5900481,2620907.469999903,72085.07999999559,3422577.0699998867,121001.42000001173,236151522.3699943
89.0,229.0,501.0,281.0,625360309.5100363,2746596.540000011,79142.10999999232,2859889.6100000073,103455.87000000979,200906262.0599964
101.0,461.0,216.0,322.0,1075902851.9200723,3205086.1600000155,82069.03999999161,5766092.030000429,174738.30999999546,345565817.0799916
68.0,310.0,386.0,336.0,814315283.1800709,3050247.0399998585,81425.01999999197,4081989.1900000633,131728.85000001692,261491967.24000064
103.0,268.0,220.0,509.0,785501388.700114,3830767.94999976,68015.88999999454,3450555.650000119,110480.35000001249,252090887.8899885
333.0,300.0,141.0,326.0,849805980.590075,3359694.5000000284,61988.2499999988,3834982.909999813,127562.15000000212,273127683.21997035
304.0,156.0,342.0,298.0,571445754.850051,2840998.339999933,62149.46999999698,2122677.7800002154,84414.16000000598,183739977.92999256
428.0,220.0,182.0,270.0,668061609.9400517,2968536.5399999316,54351.629999997414,2552206.5900000082,96265.870000005,214908529.47998267
377.0,194.0,160.0,369.0,679142173.3400699,3484341.129999863,51030.219999998,2451278.9100001045,89196.7199999965,218277165.13997108
153.0,131.0,255.0,561.0,531256518.9500763,3910204.2599996463,57225.90999999629,1543121.4799998817,60118.86999998997,170363936.7999956
243.0,118.0,231.0,508.0,519355193.47007567,3653689.4499996905,52520.1999999961,1405304.2099999266,58759.62999999163,166721036.8199935
138.0,223.0,231.0,508.0,715090337.8800815,3812710.919999728,63646.54999999477,2890951.400000128,95417.98000000296,229475178.75998998
139.0,119.0,330.0,512.0,525103586.40007615,3757998.479999669,63303.839999993936,1665461.3699998907,64901.91999998898,168428369.95999336
191.0,164.0,320.0,425.0,564456850.7200651,3554092.579999797,60225.27999999597,1907289.450000027,72401.68999999488,181192800.7999933
152.0,246.0,362.0,340.0,669884210.7500591,3084987.9199999403,72772.75999999496,2952285.920000013,103645.77000001093,215152631.8399944
268.0,130.0,362.0,340.0,520393295.9500585,3131115.2999999025,62987.64999999652,1743733.9400000114,73781.01999999867,167240692.4599998
266.0,244.0,253.0,337.0,748312706.5800691,3235684.729999962,66134.90999999724,3285968.9599999357,114233.62000000585,240491823.08998767
205.0,189.0,277.0,429.0,611114219.2200675,3479373.6499998197,61434.44999999484,2235603.3000000482,82106.15000000293,196244886.519988
243.0,223.0,327.0,307.0,663578569.8400587,3028033.810000038,66200.30999999719,2778116.379999988,99684.10000000158,213237270.9899818
303.0,289.0,366.0,142.0,732928899.0900365,2344238.979999958,71686.5599999971,3472536.389999878,124037.07000000936,235801794.80998588
352.0,271.0,344.0,133.0,721261571.9200345,2324437.3699999875,67350.17999999727,3308571.439999941,119185.52000000498,232089336.96999294
284.0,339.0,344.0,133.0,849378552.7700238,2335680.089999994,75548.59999999512,4324860.039999861,145358.6300000051,273193165.29998755
443.0,422.0,27.0,208.0,1063372153.9700555,3074046.2100000074,62363.80999999837,5276162.4200004265,167295.6500000011,341958755.95997936
346.0,330.0,419.0,5.0,793935396.9300088,1757977.7799998396,78935.86999999729,4148412.98999948,144861.55000000278,255556208.91999477
485.0,579.0,29.0,7.0,1306318024.7599914,2139366.0599997668,73833.37999999685,7302523.280001513,225661.93999999762,420276050.6599694
601.0,463.0,29.0,7.0,1082985795.2200053,2145612.249999746,60006.750000002154,5544725.180000446,180941.67999999758,348657518.94997716
373.0,359.0,364.0,4.0,819478528.7500039,1825347.8399998485,74697.73999999609,4227050.439999661,147523.77999999962,263811229.4799835
460.0,443.0,22.0,175.0,1140107859.120036,2725291.2500000177,64773.160000000964,5886189.03000088,185055.13999999632,366712888.2699976
544.0,524.0,26.0,6.0,1174041280.4399981,2145830.7599997786,65681.60000000158,6249257.240000941,199922.0999999921,377870235.54998857
501.0,228.0,68.0,303.0,772257652.7700541,3059200.3699999712,48225.1099999989,3072068.7799998326,108104.44000000106,248450524.24996856
393.0,269.0,81.0,357.0,790472518.540077,3501069.8999999245,52870.44999999934,3212119.7799999346,108803.23000000088,254111639.64996794
463.0,293.0,63.0,281.0,865470656.1200583,3148254.7599999188,53787.82999999664,3765939.1199999256,126209.60000000313,278362686.85996515
383.0,175.0,310.0,232.0,579870142.6300443,2791883.6199999424,57957.75999999771,2083271.2300002088,86082.32000000552,186596585.08999032
592.0,270.0,81.0,157.0,846586049.7400229,2601706.3900000216,53583.14999999907,3755709.7899996126,129789.67000000172,272511435.56996095
406.0,257.0,329.0,108.0,730124755.7900321,2387627.189999997,66445.19999999774,3329540.50999987,121165.35000001099,234990716.5899944
334.0,228.0,405.0,133.0,657027496.5000166,2357253.499999988,70124.99999999699,2944108.719999917,111802.37000000756,211440922.68998957
431.0,409.0,88.0,172.0,1047945101.5300492,2754622.02,65567.44000000099,5308013.910000288,169046.83999999653,337024719.71998537
270.0,257.0,328.0,245.0,725984910.5000428,2806463.9799999758,70223.25999999522,3305759.38999996,116864.53000000972,233405885.129994
309.0,293.0,375.0,123.0,705073224.7700299,2307502.0399999702,72697.89999999711,3322183.609999897,120717.73000001103,226852266.62999618
245.0,484.0,324.0,47.0,1087048143.780019,2049941.9799997974,87916.19999999096,6175388.180000542,196816.62999998318,349602204.9599747
92.0,570.0,382.0,56.0,1177963576.7699945,1972925.3499998136,99282.64999998915,7044932.310000641,216699.69999997783,378660172.97996724
398.0,99.0,526.0,77.0,405394519.6200014,1913427.0899999887,67558.08999999869,1340396.3600000679,73362.31000000238,130724662.3799834
291.0,574.0,179.0,56.0,1204255642.8900287,2262155.0399998683,82915.48999998892,6806518.090000937,213052.50999999105,387293853.06996363
187.0,369.0,247.0,297.0,859086988.6400955,3203044.3500000504,74321.80999999323,4175927.319999854,135532.14000001052,276014287.20998746
319.0,80.0,195.0,506.0,480224177.42006177,3943060.1999995452,46792.62999999753,966268.0999998237,47345.819999994856,154161930.07998732
78.0,483.0,150.0,389.0,1138233488.250071,3531693.7000001967,81260.53999998857,6074000.110000891,181495.0099999953,365501381.019983
101.0,79.0,418.0,502.0,425583473.4700474,3548392.5299997735,64446.24999999257,1073998.4799998512,50703.50999999351,136462355.03999028
255.0,200.0,490.0,155.0,536213556.26002085,2306782.310000042,73684.65999999703,2236445.3100001775,92696.11000000428,172546756.30999738
127.0,100.0,243.0,630.0,512305357.8301018,4353678.439999451,54331.459999994564,1268762.9199997752,49868.63999999045,164141700.10999075
236.0,214.0,505.0,145.0,551363131.5200251,2162275.5399999944,76781.44999999524,2442698.340000152,97919.65000001426,177399693.62000394
23.0,267.0,629.0,181.0,643806552.9200388,2200772.3699999177,91179.42999999163,3342812.1299999407,119360.38000001751,206865103.59001195
214.0,298.0,457.0,131.0,713541218.3600348,2379273.9400000414,78484.33999999508,3487433.419999909,123787.6900000136,229457675.35000363
215.0,195.0,558.0,132.0,542968076.6600161,2108850.4899999513,78337.20999999525,2429366.91,97810.16000001016,174702563.03000075
214.0,194.0,459.0,233.0,568354730.6100408,2617320.2100000056,71371.42999999538,2354451.3900000453,92517.0000000048,182756021.96999022
181.0,253.0,469.0,197.0,649935119.0700421,2627257.209999893,78766.66999999143,3029531.86000002,111898.50000001797,208957517.93000248
19.0,214.0,611.0,256.0,558221222.2000369,2441106.64000004,86971.51999999398,2667308.140000013,100315.3100000165,179311205.09000725
19.0,327.0,500.0,254.0,732748295.2800534,2582097.2700000196,87652.17999999125,3772059.8699999256,127369.16000001776,235355918.53000295
19.0,328.0,609.0,144.0,755052713.510031,2262194.949999946,95356.18999999044,4136995.52999982,141048.3200000132,242632663.66001183
17.0,298.0,553.0,232.0,708252151.6900564,2519418.0699999453,87337.67999999208,3633411.989999974,124218.14000001397,227510317.96000645
354.0,341.0,107.0,298.0,876378561.1300676,3159255.5900000096,60165.30999999824,4010762.4600000167,131617.41000000696,281742014.93997693
250.0,388.0,122.0,340.0,944048161.65008,3398253.2199999904,67138.7599999967,4527582.220000163,144434.86000000083,303366677.759979
333.0,387.0,101.0,279.0,970652054.1500841,3237181.8700000965,64599.08999999887,4686343.750000168,149065.39999999854,311985370.0199809
334.0,321.0,164.0,281.0,896621943.7800685,3225645.729999958,64700.089999997006,4193554.599999784,137279.87000000596,288224071.8399724
333.0,320.0,101.0,346.0,902299228.6400893,3464999.3099999623,62650.659999997595,4158093.689999986,133370.86000000712,289957722.42997944
298.0,347.0,146.0,309.0,910156744.8300941,3307354.000000057,66575.08999999848,4296918.07999986,138867.14000000365,292513522.83997756
219.0,340.0,174.0,367.0,900219988.0500704,3329818.079999938,68946.20999999643,4325857.770000034,138110.04000000475,289197099.8099804
218.0,410.0,107.0,365.0,975579804.4000844,3603726.219999957,67863.75999999406,4715803.540000438,145801.21000001236,313370242.35999477
218.0,412.0,173.0,297.0,1000323288.3900589,3139041.7400000463,71794.31999999461,5057783.630000234,157479.99999999852,321430374.94998354
205.0,387.0,163.0,345.0,979988513.0500729,3251507.090000054,70821.29999999618,4883944.3100002,152037.46000000046,314839095.62998617
402.0,48.0,339.0,311.0,384872379.3800239,2903821.479999925,52887.4699999967,715464.559999911,49446.86999999724,123869813.65998197
469.0,43.0,306.0,282.0,401772763.7900254,2974209.1699998695,47631.339999997996,680200.9399998952,48877.919999997626,129378890.39998053
286.0,352.0,241.0,221.0,893017852.5200363,2687242.4200000153,72087.42999999659,4465520.759999899,145906.48000000746,287099232.9899955
367.0,43.0,406.0,284.0,349156109.78001976,2829160.3999999263,55651.16999999606,527934.2299999754,44886.8699999976,112388709.15998182
365.0,43.0,308.0,384.0,403163038.97003335,3285785.939999742,49769.07999999619,700082.7299999453,44634.009999997135,129588873.66998315
251.0,309.0,277.0,263.0,733190606.2100542,2834620.2,67970.78999999615,3297588.0599999386,115047.37000000886,235695783.779981
397.0,36.0,342.0,325.0,376825166.6300201,3056257.3899998562,50286.05999999719,559631.7299999654,43948.55999999698,121239336.94998349
321.0,307.0,210.0,262.0,815090912.850074,3059065.5699999672,64853.2899999979,3734666.279999916,125049.74000000871,262011602.05998033
322.0,308.0,277.0,193.0,843898669.290037,2538231.709999897,67631.99999999904,4089670.1299999156,136463.1800000035,271406156.9299891
303.0,290.0,260.0,247.0,775896918.4500275,2613540.689999997,69038.71999999708,3646730.729999872,125641.03000000448,249506128.82998753
70.0,380.0,6.0,644.0,998524299.6301595,4642775.339999843,64186.90999999254,4581797.160000662,132459.46000001417,320288831.0400009
168.0,344.0,5.0,583.0,942325854.0201126,4119608.2799996734,58731.34999999686,4229462.380000109,127696.64000000457,302443404.45999813
87.0,203.0,7.0,803.0,732236853.500155,5382253.690000081,51077.72999999547,2409678.6999999247,72487.73999999114,234580279.5599782
63.0,347.0,103.0,587.0,997270719.4401399,4493273.509999986,70840.75999999129,4729627.7900006035,139682.46000001274,319967754.57001185
140.0,766.0,12.0,182.0,1608693483.6300778,3479203.2100007883,98494.2099999576,9587351.06000297,288341.26000006153,516920304.4199503
176.0,412.0,284.0,228.0,949009951.7400535,2745145.880000008,79794.76999999337,4981109.500000175,159295.5299999986,305000849.59998775
265.0,545.0,161.0,129.0,1181233084.0800438,2578484.8600000152,81428.78999999048,6558083.18000076,200824.069999995,379753197.29998314
458.0,404.0,14.0,224.0,1014077865.4600626,2956815.4200000153,57316.79000000101,4869406.640000262,156608.67999999708,326178101.9499857
184.0,163.0,112.0,641.0,648205077.8801105,4497925.289999625,52912.45999999424,2080340.0899998895,71058.69999999338,207889164.24998468
370.0,326.0,224.0,180.0,883330763.890016,2659856.8399999384,67110.90999999642,4279713.3199997395,142684.09000000235,284115107.7599734
70.0,98.0,873.0,59.0,324643794.0700042,1601267.2799999737,91972.80999999814,1398200.8700000278,75281.75000000636,104522439.8999843
450.0,62.0,551.0,37.0,335131811.27000153,1799430.6200000017,63951.79999999775,826628.7199999205,61805.79999999827,108240616.9199822
40.0,526.0,500.0,34.0,1046207591.7800156,1796821.7599998033,102055.40999998702,6286750.6600001445,198168.87999998237,336324244.4999754
117.0,164.0,720.0,99.0,508365152.36000437,1802017.049999945,86925.90999999543,2469213.7400000943,100570.77000001422,163556956.02000064
46.0,64.0,573.0,417.0,376052363.68003297,3191556.969999757,71520.51999999402,972257.549999902,50199.45999999338,120565770.6499909
37.0,492.0,230.0,341.0,1051934062.5700753,3135170.2600000575,84249.54999998951,5679123.290000458,171799.47999999145,337807312.44998014
418.0,57.0,252.0,373.0,450020743.62004286,3173032.3199997516,45429.12999999784,912187.4699998684,51312.48999999474,144756992.8599873
249.0,322.0,306.0,223.0,805322600.7700543,2838673.6800000104,73641.00999999439,3879930.7999998177,129692.1800000111,258830258.1799877
370.0,477.0,223.0,30.0,1054959868.0399902,1997814.389999831,78205.0199999935,5775951.620000492,186910.81999998895,339433267.4199804
291.0,375.0,175.0,259.0,930134539.3600439,2959173.209999968,69811.64999999625,4627634.530000259,148927.09999999875,298964475.7499965
293.0,308.0,212.0,287.0,831912284.3400638,2966640.299999909,65955.63999999767,3858180.5299998606,128192.7100000074,267414752.18998703
149.0,363.0,250.0,338.0,931515837.8700588,3132517.640000041,76640.5899999949,4714580.980000086,148431.63999999937,299261062.7699909
313.0,253.0,227.0,307.0,682953577.3300556,3146029.5899999384,59185.789999997076,2731981.2000000663,98905.65000000561,219535917.7099831
235.0,246.0,389.0,230.0,694271177.6000438,2642335.130000009,71996.2699999952,3167519.009999905,113397.76000000909,223221579.75999114
359.0,377.0,260.0,104.0,938390861.4400129,2306581.7899999633,73210.02999999769,4855923.449999953,160023.05999999656,301868954.1499826
293.0,237.0,485.0,85.0,611971146.0900137,2018358.0599999516,74141.44999999578,2805497.22000007,109520.98000000892,197016481.63998795
138.0,337.0,532.0,93.0,760303373.6900192,1947843.2299998712,88707.18999999369,4086745.179999769,141801.42000000694,244521195.4799964
210.0,395.0,353.0,142.0,876112476.0900269,2391063.7199999723,79719.18999999337,4572963.429999933,149877.7899999978,281680685.7499914
122.0,230.0,470.0,278.0,581152017.1900324,2739009.2699999595,74933.79999999482,2490326.5800000685,94062.5000000109,186712989.65000573
149.0,279.0,572.0,100.0,726912379.5700248,2073445.5799999363,87109.21999999542,3808123.2599998936,133980.60000001753,233766459.57001328
421.0,180.0,340.0,159.0,575657640.680024,2513016.9200000376,59823.60999999753,2162929.790000225,89961.16000000447,185336808.54998592
299.0,212.0,401.0,188.0,623207722.1200246,2431278.0899999468,69675.03999999755,2684616.230000084,102376.82000000776,200481517.46999535
450.0,117.0,363.0,170.0,486036024.2100223,2423859.1100000055,57097.13999999763,1547028.060000234,74090.53999999851,156564488.12998074
537.0,230.0,130.0,203.0,713037805.4400263,2695397.279999969,49235.5599999992,2812096.39000001,105181.27000000178,229538905.29997543
401.0,172.0,324.0,203.0,584251404.630027,2575058.7899999497,57868.75999999854,2189560.3200001996,89703.69000000044,188053039.01999152
548.0,142.0,133.0,277.0,588678841.390054,3046247.4599999595,43702.639999999126,1787708.6500002265,77260.87999999947,189516188.34997457
373.0,264.0,150.0,313.0,759952321.1700666,3298834.4699999765,55923.05999999769,3109551.9799999036,107304.98000000075,244301423.8299789
305.0,131.0,408.0,256.0,487148526.9700403,2789367.1999999317,61864.62999999633,1595737.1700000043,71727.9999999981,156669938.45999262
447.0,193.0,180.0,280.0,667602218.5300584,2970412.1699998854,52514.41999999637,2529638.5800001016,95459.84000000518,214779679.88997883
412.0,177.0,166.0,345.0,637019784.7800486,3243814.5499998447,50792.46999999795,2222071.530000209,84101.27999999921,204822861.2199826
165.0,436.0,84.0,415.0,1077979119.0700898,3640384.119999961,71993.61999999583,5465915.290000719,164605.43000000305,346172173.0400013
388.0,332.0,64.0,316.0,908206109.8700492,3314631.719999903,58326.309999998426,4124295.379999829,134314.97000000387,291964302.8199865
177.0,390.0,90.0,443.0,1005205785.4801286,4065092.719999842,68127.62999999318,4827126.870000546,148248.54000001246,322782067.5599932
132.0,349.0,287.0,332.0,903966867.8500814,3156421.3399999635,76448.63999999185,4531712.410000217,143302.48000000758,290336229.20998174
158.0,415.0,80.0,447.0,1069524080.0701154,4023740.819999945,70438.02999999392,5301557.020000648,159046.07000000944,343416984.8899812
134.0,296.0,290.0,380.0,802612505.8300952,3299075.559999891,72689.85999999348,3754821.2000000775,122124.69000001282,257752021.2699894
316.0,271.0,222.0,291.0,782283531.900065,3090737.550000009,64273.15999999833,3492824.549999911,118141.62000000567,251465191.28998613
393.0,281.0,65.0,361.0,825608567.0800616,3301846.589999909,53432.519999997035,3513628.699999996,115377.74000000645,265374921.99997184
340.0,244.0,239.0,277.0,722450144.7000555,2922819.0799998855,62587.63999999683,3083666.1900000786,108733.84000001046,232296097.33998945
330.0,236.0,231.0,303.0,721721778.8400704,3151106.1299998574,62471.21999999647,3022992.699999962,107311.34000000874,232034949.43998104
229.0,244.0,148.0,479.0,690150220.4500803,3750991.499999811,55313.26999999611,2558367.2500001527,87545.66000000158,221584680.15998945
372.0,204.0,124.0,400.0,681083942.6000686,3512726.8899998455,49778.57999999835,2454770.760000186,88880.55000000165,218892633.91997963
196.0,367.0,127.0,410.0,947740924.2401016,3673108.7199997683,67536.20999999638,4517270.8900003545,140093.29000000792,304377051.619991
254.0,271.0,43.0,532.0,830219978.7601213,4287331.449999691,54922.73999999548,3359759.980000136,105625.65000000794,266491440.46996406
327.0,348.0,212.0,213.0,870948689.4400505,2803976.630000086,68488.13999999808,4206415.769999796,139494.67000000118,280043889.55997854
298.0,558.0,50.0,194.0,1283701935.4600441,2954051.639999971,76815.40999999281,7041149.770001341,211902.34000000064,412624415.3099921
559.0,306.0,48.0,187.0,853462692.6500387,2783000.559999916,50921.7099999995,3714381.2299997373,128067.31999999881,274678498.94997066
418.0,403.0,139.0,140.0,998805020.5900143,2546272.7199999564,67773.1099999985,5073783.820000288,163557.0699999953,321283432.98998356
352.0,339.0,31.0,378.0,949318926.0500643,3449165.190000017,58863.20999999847,4398919.520000029,138669.8599999996,305089283.8899753
462.0,444.0,40.0,154.0,1139345947.4300413,2671520.2500000717,67233.36999999896,5935457.780000656,185376.95000000362,366448979.6499772
331.0,341.0,276.0,152.0,851637081.3600286,2466560.199999936,72373.08999999682,4228852.409999717,142147.8100000034,273907728.7699927
159.0,418.0,337.0,186.0,939217147.4800451,2477210.5700000157,83962.87999999156,5062740.78000023,163180.6999999933,301909655.0499723
415.0,148.0,346.0,191.0,546091878.4400299,2594109.579999995,57258.829999996924,1890830.7200002198,81812.68000000058,175801783.8999858
355.0,366.0,215.0,164.0,920289565.1400387,2626203.9700000216,69141.28999999903,4592675.390000126,150459.96999999954,295984771.5999814
297.0,307.0,248.0,248.0,862680437.7900285,2869366.329999941,70477.51999999533,4186061.3499997864,138270.51000000373,277323222.7199838
393.0,141.0,238.0,328.0,579651168.6900462,3165066.339999901,52361.03999999806,1913618.0900000855,77082.77999999876,186382783.08999053
150.0,396.0,233.0,321.0,970404899.8500749,3278221.499999833,75422.53999999387,4914280.950000449,153082.2100000033,311692829.8399956
178.0,163.0,379.0,380.0,550495190.3800539,3344084.4299998614,63936.43999999666,1928626.9999999353,75674.85999999913,176757396.41999763
238.0,216.0,367.0,279.0,668757581.6300402,2883216.8899999317,70442.50999999577,2929652.9100000486,105692.53000000933,214938244.32000002
197.0,179.0,305.0,419.0,593736325.3900676,3380213.2099997695,64353.49999999371,2196921.1400000746,83034.64000000422,190703220.03999373
465.0,151.0,27.0,457.0,641628509.8900774,3873431.059999739,39723.019999999204,1889774.0500001484,71812.61999999575,206204530.63997427
125.0,232.0,41.0,702.0,789808986.8301647,4881660.349999822,55005.44999999325,2964591.4300002735,90772.99000000475,253234269.1199795
507.0,65.0,29.0,499.0,521676043.9400728,4030916.779999554,34377.2300000032,973415.529999764,47058.82999999442,167617830.88997865
396.0,129.0,185.0,390.0,560301590.6700639,3543032.3799998,49340.03999999669,1636351.840000013,68244.17999999398,180077664.35998014
509.0,166.0,29.0,396.0,648416535.1000644,3528312.409999871,39859.23000000112,2017460.0200002335,78015.69999999444,208513330.10997522
464.0,59.0,216.0,361.0,441208881.63003844,3259102.3699997626,43595.709999997394,778905.5199998742,48398.53999999581,141973602.48998088
110.0,206.0,294.0,490.0,652128795.7500994,3596616.9999998207,65465.77999999424,2564870.949999958,87906.83000000223,209264730.88999683
169.0,123.0,56.0,752.0,592794943.370122,4830459.059999657,44990.54999999699,1489789.9999997944,50427.84999998992,189895864.22998545
110.0,80.0,292.0,618.0,474024488.2000851,4051222.3799994825,55088.76999999319,1105480.3099998173,47174.62999999261,151920952.0899941
124.0,91.0,332.0,553.0,497156699.03007317,3810846.3199996282,59140.48999999384,1380604.5699998862,56259.29999999061,159416467.7399899
132.0,484.0,360.0,124.0,1047707354.0400474,2348667.8799999133,90677.75999998939,5936104.3900006125,186497.0799999845,336780072.8899727
330.0,385.0,286.0,99.0,921212396.9800128,2251724.1099999365,75806.47999999535,4808305.160000082,159320.1199999936,296338454.7299888
144.0,428.0,392.0,136.0,962033223.8100542,2405143.719999926,85367.0899999928,5234767.460000079,169023.53999999244,309272950.54997903
113.0,413.0,468.0,106.0,901778239.000032,2226563.919999954,92340.46999999018,5047167.869999909,164968.4599999921,289887644.34999555
144.0,531.0,394.0,31.0,1121815215.8100088,1933485.1999997788,95132.56999999018,6597090.390000445,207861.84999997902,360718554.9199741
132.0,391.0,549.0,28.0,839739994.8199992,1740273.1499998632,93878.49999999144,4781072.1300000185,161308.13999999868,270081040.17000335
309.0,361.0,409.0,21.0,882316866.9300035,1898905.3199998369,78791.1099999976,4683488.450000003,158647.93999999127,283934405.9199942
382.0,361.0,331.0,26.0,835196670.8700081,1946348.899999883,74373.87999999555,4292538.599999638,148952.8799999998,268836507.2099782
308.0,292.0,408.0,92.0,697363062.1200279,2084615.4699999038,76143.53999999374,3399339.6299999095,124261.02000001186,224410105.44998753
329.0,312.0,437.0,22.0,721226572.8400111,1827660.7799998587,76425.3899999951,3603301.709999639,131672.28000000684,232194240.5599912
145.0,311.0,110.0,534.0,853024222.7701114,4119067.5099996477,63611.119999995826,3715140.960000184,116087.30000000531,273776157.63997906
189.0,296.0,105.0,510.0,812099796.1501054,3933047.0499996827,59872.30999999591,3426519.760000156,109511.52000000577,260716811.39998022
108.0,516.0,81.0,395.0,1176658908.6100998,3755843.0900000236,77886.1299999902,6210735.800000876,182136.92000000147,377816929.9100039
159.0,340.0,15.0,586.0,927486874.890141,4357968.14999972,58690.65999999359,4050690.86000025,121526.06000001123,297629140.56998914
169.0,361.0,128.0,442.0,939660456.3200899,3636584.059999866,66539.86999999415,4441233.460000293,137114.8200000137,301758211.85999143
129.0,621.0,12.0,338.0,1354268192.9201064,3651609.4500000584,81896.46999998935,7464230.510001311,217182.62000000017,435003096.7699993
241.0,379.0,17.0,463.0,991891291.0301126,3853556.4499998386,62142.43999999586,4644946.980000311,141943.77000000715,318554912.55998456
157.0,554.0,87.0,302.0,1218636375.2600923,3283096.190000151,78768.74999999338,6614510.810001008,197906.899999999,391513735.5899842
151.0,532.0,10.0,407.0,1252516544.4801066,3691050.4199999846,75277.39999999141,6661072.630001048,193633.0600000005,402223274.73001266
169.0,595.0,12.0,324.0,1372767665.9201086,3386379.5100003746,82488.13999998025,7710530.710002074,227938.89999999647,441050442.0000163
231.0,287.0,219.0,363.0,809207140.4200921,3441776.9299998567,66496.20999999483,3639374.6699999,120666.91000001079,259986910.29997852
245.0,283.0,215.0,357.0,749128830.070065,3333345.3499998692,62419.18999999641,3180058.919999971,108359.99000000308,240711380.20998284
293.0,70.0,277.0,460.0,441485612.46004385,3542797.309999736,51225.9299999977,901039.7699998752,47450.34999999339,141751640.45998913
238.0,296.0,192.0,374.0,810529868.8600641,3349559.5199999167,65795.75999999624,3641631.7499999846,120089.92000000748,260401277.33997518
243.0,301.0,230.0,326.0,824236851.5900879,3317619.5499998643,66434.67999999522,3775060.2500000857,123289.47000000838,264815140.50998417
325.0,77.0,262.0,436.0,492151750.4200477,3493047.8499998003,51762.72999999704,1254143.9699999173,57059.209999992556,158067745.22998446
265.0,306.0,198.0,331.0,778191770.7700688,3360777.9499999564,63982.32999999838,3380755.2099999925,114280.0300000056,250060770.30998173
328.0,73.0,289.0,410.0,451170645.7100525,3315545.259999814,49406.00999999696,990763.5099998293,51073.909999994146,144976322.94998407
321.0,71.0,240.0,468.0,482195932.4300525,3493695.689999768,47347.33999999814,1101795.7299998396,53036.90999999277,154916080.38998616
342.0,75.0,256.0,427.0,450275690.2300355,3272971.1599997976,49028.98999999793,993489.4699998576,51425.749999995256,144711661.39998594
638.0,29.0,254.0,179.0,375299235.46001,2502647.5499999877,39382.649999999,430282.1999999238,46548.63999999892,121176809.34997909
652.0,28.0,246.0,174.0,373616312.470011,2643193.509999973,38182.049999999144,368194.4999999522,44737.719999997906,120618972.13998424
516.0,234.0,205.0,145.0,718178063.0300378,2431046.409999933,55384.63999999916,3024228.0999999796,113566.49000000392,231262801.78997502
678.0,31.0,201.0,190.0,407403876.8600061,2610063.729999931,36319.51999999999,542151.3699999332,48055.48999999792,131469255.30997989
518.0,23.0,206.0,353.0,387207295.20003366,3240701.0399998566,40069.529999998784,375865.07999996253,38734.08999999777,124667301.45998125
452.0,205.0,134.0,309.0,685045524.8400626,3244623.459999939,51424.90999999724,2531660.480000074,94017.16000000335,220318380.09997416
558.0,24.0,157.0,361.0,414967807.7800381,3262566.739999791,36764.14000000094,476967.6199999572,41070.689999996306,133616586.7099815
448.0,193.0,169.0,290.0,674942288.7200572,3097165.449999882,51980.05999999833,2526359.9100000705,95043.71000000199,217108446.5499779
557.0,239.0,156.0,148.0,721970069.6400307,2562424.2399999374,51075.429999998545,2903546.3300000154,108986.800000002,232477251.249979
467.0,200.0,131.0,302.0,694667636.9100626,3164814.349999928,50194.55999999924,2586229.71000009,95127.81000000183,223418341.10997552
168.0,235.0,371.0,326.0,602954738.450066,3033295.7199998526,70412.39999999349,2450278.5900001037,91811.68000000695,193711832.71999538
185.0,231.0,364.0,320.0,634232284.6800654,3017040.949999889,67686.59999999579,2615994.85999998,95353.49000000805,203770436.6899931
147.0,343.0,325.0,285.0,820893136.8000507,2937368.6000000145,75946.62999999594,4021287.6399999065,131856.37000000855,263732337.809991
174.0,244.0,344.0,338.0,711344797.3900726,3154934.299999884,72436.46999999355,3208777.8800000264,111099.71000001152,228510628.62999266
225.0,316.0,498.0,61.0,738005119.0800225,1917490.2799998906,83214.68999999811,3849461.779999732,136257.50000001065,237445279.29000542
197.0,460.0,390.0,53.0,981075407.1800267,1952478.7799998515,89367.93999999133,5544804.100000251,178236.73999999376,315508400.6799956
260.0,323.0,455.0,62.0,708843357.0300148,1908944.8499999272,79083.6999999963,3558863.989999823,128880.81000001584,228122898.44000068
209.0,432.0,409.0,50.0,981610295.4600073,1993655.4799998489,88206.16999999284,5508485.000000399,177565.75999998293,315689193.0399859
168.0,348.0,295.0,289.0,851808081.400051,2839538.7499999343,74285.82999999587,4236419.409999919,137221.51000000554,273693893.73999727
217.0,450.0,381.0,52.0,954878310.6100224,2021493.3099997959,86702.80999998737,5326373.4100004295,174233.8799999807,307097394.03998727
162.0,102.0,450.0,386.0,444760405.2800317,3051021.509999952,66233.9799999959,1345070.6199999633,62254.2999999913,142848615.87998906
187.0,99.0,438.0,376.0,415912161.0100312,3108022.7299998705,65155.30999999608,1122677.599999922,56765.92999999439,133572436.36998853
134.0,271.0,374.0,321.0,713810432.4100418,2960336.059999857,73302.06999999314,3259622.130000027,111600.42000001023,229320791.18999413
200.0,126.0,297.0,477.0,511302362.47007316,3695611.649999634,57579.58999999631,1449974.5999999288,60503.76999999272,164092569.04999292
152.0,97.0,425.0,426.0,445962154.7200604,3376721.689999689,66480.07999999287,1278805.9299998616,60164.719999991044,143188789.41998473
151.0,304.0,224.0,421.0,821951328.9601074,3517943.849999873,68520.11999999345,3758477.6300000753,120706.46000001382,263934941.75998417
214.0,114.0,268.0,504.0,523542186.4800592,3849129.349999716,57019.689999995826,1498137.2399999434,61937.10999999044,168040204.87999323
148.0,253.0,349.0,350.0,726817072.4200689,3229772.879999969,71928.86999999215,3248552.700000041,110233.6200000083,233433262.52998632
184.0,313.0,231.0,372.0,792906037.5300761,3303201.529999948,67877.70999999555,3600292.670000024,117831.92000000727,254670046.79998854
174.0,297.0,218.0,411.0,802411366.4000868,3665358.2299996945,67815.2699999944,3586826.0600001835,116712.49000001562,257653530.65999466
471.0,411.0,141.0,77.0,983107775.8800203,2291006.8899999303,64786.250000001746,4969200.250000146,165107.11000000237,316415980.69997656
488.0,400.0,137.0,75.0,946539324.2600309,2417558.1899999543,62657.81999999937,4663551.039999944,155392.4899999968,304625855.0599777
735.0,25.0,220.0,120.0,377826810.6700124,2361785.6899999618,36860.89999999951,418214.6099999182,48444.769999996744,122120468.57998225
343.0,300.0,401.0,56.0,802766513.0100162,1967919.0999998688,75025.87999999613,4077198.709999602,143143.95000000403,258377985.20998672
444.0,389.0,133.0,134.0,960515246.8900349,2571003.949999988,64316.55999999963,4748524.129999881,155081.48000000007,309003538.81998587
439.0,15.0,513.0,133.0,273530825.370002,2191547.300000027,56946.16999999634,208787.81999997993,42333.1000000009,88332704.2699881
344.0,282.0,377.0,97.0,691021544.380019,2168628.899999922,70453.62999999808,3223575.6999997655,118873.55000000521,222395479.68999317
689.0,22.0,194.0,195.0,366055364.4000094,2707184.179999942,36147.29999999936,275392.59999995003,40705.87999999859,118154676.28998052
482.0,16.0,528.0,74.0,286545573.51000017,1998544.3100000196,57068.51999999793,334276.83999995544,47542.9099999986,92611772.60998967
456.0,15.0,500.0,129.0,282143500.5299958,2182244.920000083,55939.729999996795,238201.7999999728,43583.069999999905,91141598.34998518
202.0,165.0,387.0,346.0,547960746.6200608,3170233.2899998236,68252.56999999598,2033404.050000042,80475.99000000126,176030149.12999
218.0,162.0,380.0,340.0,567218714.4400563,3150005.0799998688,65797.15999999545,2107672.660000068,82509.71000000354,182246336.26999995
213.0,115.0,408.0,364.0,483133451.6500391,3225061.259999837,62341.57999999602,1478406.4999999155,65427.1699999927,155205603.96998703
290.0,236.0,78.0,496.0,743715629.7300948,3848657.2599997595,53048.50999999661,2836706.0700001405,94353.68000000446,238815437.44997892
236.0,192.0,451.0,221.0,559145200.9200332,2683339.73999999,70622.8899999954,2259091.380000098,88837.78000000588,179771223.68999356
400.0,216.0,108.0,376.0,720416191.8800716,3472798.6099998783,50341.619999997805,2715045.650000084,95833.49000000187,231570189.4699735
387.0,287.0,95.0,331.0,779684892.4900795,3221346.07999995,51590.23999999929,3193301.090000001,109708.69000000069,250687600.48997045
268.0,133.0,469.0,230.0,478490051.4700297,2537301.179999978,66417.89999999748,1673545.4900000757,75853.97000000259,153937013.62999424
333.0,165.0,82.0,520.0,626093246.7301054,4125273.029999609,45222.819999999745,1869686.9599999841,68706.85999999211,200991040.5299846
424.0,209.0,104.0,363.0,700010088.2200588,3454661.1699999203,47687.44999999964,2521283.470000321,92864.7300000003,225107567.4899727
7.0,566.0,296.0,231.0,1166117727.7800634,2821542.7600001567,94390.79999998436,6685602.860000667,201037.18999999133,374579345.2299783
36.0,551.0,288.0,225.0,1165237921.3500926,2962209.3200000087,93484.3899999825,6632466.75000104,200277.92999999019,374305492.13998103
7.0,521.0,321.0,251.0,1105099421.5400534,2814571.340000025,93807.7899999844,6268799.390000606,190199.29999999297,354961495.9899896
6.0,520.0,362.0,212.0,1071207707.8700625,2607455.469999964,95040.72999998339,6127711.200000503,187647.48999999897,344121280.5299943
5.0,422.0,221.0,452.0,997962118.7301139,3676662.389999942,80922.77999998895,5122775.500000515,153587.0200000069,320302874.1199977
5.0,355.0,292.0,448.0,905699587.1900961,3641679.9599996703,80914.77999999118,4528867.700000439,139365.5300000178,290675253.1800102
25.0,388.0,271.0,416.0,932836975.050069,3299003.399999966,79167.81999999261,4733813.030000242,144985.34000000506,299458605.250008
29.0,372.0,229.0,470.0,949014680.8101203,3821846.409999912,78790.3199999868,4737338.530000527,144821.7300000126,304575356.69999325
35.0,462.0,380.0,223.0,982959170.2200513,2673130.9500000332,89579.11999998927,5409810.950000326,168874.49999999435,315778606.08999157
27.0,348.0,286.0,439.0,810533479.3600863,3491023.8999998393,77108.12999999123,3869180.200000097,122851.4900000156,260132811.03999338
10.0,55.0,500.0,535.0,389906424.4500511,3764372.889999608,68765.63999999332,902084.4699998883,45118.199999995886,124875106.43998674
286.0,41.0,373.0,400.0,377173173.14002913,3267776.7999997833,54707.90999999654,621620.6099999492,41749.159999996096,121138973.88998547
9.0,147.0,456.0,488.0,496664566.20006,3534650.5199997397,73386.31999999209,1729310.0999998874,68450.08999999141,159226532.34000218
14.0,80.0,240.0,766.0,485407825.3200775,4675563.6999996295,55368.74999999425,1040055.2399998653,39816.089999995405,155291929.68998766
10.0,54.0,487.0,549.0,376207768.38004065,3676342.549999582,68155.30999999274,817577.6799998764,42462.69999999653,120475800.23998776
12.0,197.0,204.0,687.0,722752101.6701312,4428286.989999618,65462.40999999145,2857673.0700002904,89926.18000000899,231665824.25999185
360.0,52.0,158.0,530.0,464517853.6200837,4011407.769999499,40765.909999998425,737364.3099998483,40308.14999999441,149141308.69998732
262.0,110.0,342.0,386.0,477938485.5300464,3231361.809999822,58301.829999997295,1351765.3699999542,62145.85999999203,153572754.99998906
337.0,143.0,148.0,472.0,591093924.9600745,3566949.839999747,49068.44999999611,1835259.5800000567,72079.03999999439,189937337.62998444
330.0,139.0,145.0,486.0,606742503.5700768,3907138.6399996523,48552.289999997796,1841585.810000003,68299.93999999372,194775860.2899893
344.0,390.0,165.0,201.0,915626955.0100526,2825477.469999983,67242.56999999812,4459979.219999762,147508.3000000033,294454478.86997694
65.0,534.0,226.0,275.0,1146500838.0800745,3232906.0900001084,88019.43999998432,6362650.170000742,192367.1899999995,368242354.0099756
314.0,452.0,151.0,183.0,1062331467.3000481,2660226.210000006,74339.81999999484,5609222.390000481,175236.74999999363,341548129.9699843
263.0,298.0,385.0,154.0,776048913.6700311,2274182.249999909,74391.33999999643,3840492.569999804,133343.2700000076,249622857.88998505
336.0,380.0,161.0,223.0,908913376.0200397,2871030.350000063,66579.90999999859,4396448.909999999,144077.72000000245,292249382.83997595
241.0,347.0,352.0,160.0,856488898.7800431,2489297.179999992,78795.25999999259,4401841.1299997475,148223.80000000307,275425272.70998925
45.0,367.0,472.0,216.0,836706091.4400626,2694041.729999953,89468.5599999877,4461967.450000025,146493.6400000104,268812573.44000506
56.0,581.0,194.0,269.0,1241168737.9000797,2933273.970000143,90915.41999998559,7095550.540000937,211993.90999998964,398711921.929973
42.0,438.0,443.0,177.0,962151721.440031,2482588.589999958,92796.52999998977,5413226.8300002925,171643.6499999942,309136989.5000041
41.0,428.0,433.0,198.0,919981316.1100624,2557445.5599999893,91862.71999998954,5080064.57000021,162525.6199999938,295569809.53999436
318.0,138.0,415.0,229.0,543488577.5600414,2605486.2899999847,63168.27999999689,2013367.5000002466,84375.53000000319,174862953.89999193
161.0,166.0,498.0,275.0,531800054.4800393,2736748.709999928,73201.29999999481,2118619.2100000847,84588.16000000371,170905632.28999177
255.0,330.0,332.0,183.0,814212273.060039,2538862.5599999856,73519.06999999443,3992105.9399997625,135190.45000001095,261815304.04999602
510.0,222.0,1.0,367.0,744327911.8500702,3541731.129999761,42597.230000000294,2691880.4800001485,94749.99000000101,239333627.20996282
385.0,167.0,501.0,47.0,510205131.9300098,1884904.98999998,69733.54999999808,2079651.6000002967,92302.3200000074,164407416.1899949
455.0,589.0,1.0,55.0,1334532644.0600147,2363417.960000043,73534.59999999261,7416777.530001184,226670.58999999554,429275082.4799802
473.0,490.0,1.0,136.0,1099067596.9600103,2766077.01000009,61094.24000000075,5570127.540000538,175850.0199999992,353540023.52998525
147.0,454.0,457.0,42.0,1018865266.4400208,1872341.4499998295,95228.07999999098,5938818.710000312,188633.88999997915,327602943.7299848
190.0,585.0,0.0,325.0,1328103244.110086,3332153.6900000647,77864.23999998771,7285160.260001543,215862.00999999963,426713834.40999746
251.0,775.0,1.0,73.0,1587576794.540023,2492935.5000000275,90121.13999998417,9427598.930001281,277041.11000001745,510358129.9199769
177.0,557.0,333.0,33.0,1129254361.9499924,1896022.9599997888,91094.67999999088,6579881.330000473,207010.52999998681,363151454.13997066
411.0,416.0,248.0,25.0,1001904102.3800038,2040648.7599998193,73893.93999999607,5337829.560000205,174573.14999999158,322414038.9499785
223.0,415.0,420.0,42.0,928548489.2400082,1915012.1299998304,86430.03999999506,5141422.760000196,169104.32999999277,298679269.53998727
177.0,556.0,334.0,33.0,1120652323.920012,2000450.8399998099,91618.01999999218,6492022.330000564,202911.6199999748,360348783.4799663
133.0,419.0,250.0,298.0,974625087.2000495,2928507.049999973,78233.28999999083,5071935.760000376,157216.810000001,313125208.8799927
157.0,292.0,298.0,353.0,733403892.5900991,3259189.5999998297,70549.97999999233,3291960.650000159,111089.97000001186,235542557.14998603
329.0,333.0,201.0,237.0,862512416.6800629,3009685.2699999404,66534.3599999982,4108044.679999822,137134.35000000463,277301405.85998124
376.0,225.0,228.0,271.0,710349261.6300548,3079027.539999869,58807.64999999659,2902176.3499999787,103440.17000000898,228394791.25998148
485.0,290.0,296.0,29.0,763697216.3599981,1949309.9099999024,67427.17000000055,3655001.1499996088,133565.69000000556,245949964.35998514
375.0,225.0,229.0,271.0,724144931.0600634,3015637.660000005,60464.74999999792,3021678.469999955,108493.76000000788,232886989.6299871
375.0,440.0,117.0,168.0,1056658663.8300588,2730029.7599999905,69126.35999999789,5450821.410000731,172530.3099999943,339786183.3099942
612.0,296.0,79.0,113.0,872368692.010019,2468072.1499999296,53328.00000000025,3946443.8099995195,136734.30999999953,280890333.0299784
534.0,159.0,167.0,240.0,600311271.820055,3053618.8099998245,45288.29999999835,1899929.0800003211,80146.1900000008,193268932.82997593
373.0,439.0,121.0,167.0,1057237166.9300321,2738551.9000000143,69551.55999999639,5454244.110000662,172780.53999999378,339964188.2699851
361.0,424.0,113.0,202.0,1012268810.8400669,2916102.5800000275,67054.42999999812,5078774.220000477,161762.4600000002,325489545.2099924
505.0,150.0,163.0,282.0,602013973.9600444,2976236.979999929,47794.55999999954,1999704.8400002914,81925.43999999815,193740684.069984
596.0,288.0,79.0,137.0,859829315.2900338,2608328.7700000037,51757.350000000246,3810874.6799996397,132689.65000000113,276825094.9199764
742.0,91.0,96.0,171.0,496046969.64002013,2700821.839999931,34382.660000000564,1059213.0799998264,61917.88999999803,160024504.63997456
763.0,94.0,102.0,141.0,500201176.17002165,2568911.019999998,32637.970000001325,1095056.0399999113,64328.62999999904,161424613.6299764
740.0,91.0,99.0,170.0,510944115.7000137,2656919.1599999606,34147.68000000136,1175093.499999936,65570.90999999693,164825400.7599816
311.0,335.0,218.0,236.0,894990783.1300455,2792078.4800000694,68150.549999997,4379251.279999965,142831.160000001,287715016.0399842
182.0,390.0,253.0,275.0,907080659.4800607,2961724.4300000123,77100.32999999383,4604405.570000067,148415.18000000285,291465112.3399786
349.0,242.0,244.0,265.0,704806346.9300367,2867851.350000025,61762.969999995825,2979077.58999997,106410.92000000957,226625106.71998984
311.0,335.0,218.0,236.0,843600440.5300368,2693397.329999995,68640.83999999762,4066006.3899996784,135281.66000000382,271245000.6999828
307.0,330.0,215.0,248.0,886889087.0100504,2804029.700000059,68001.4899999964,4305397.689999781,141672.7100000082,285161044.11999035
343.0,238.0,242.0,277.0,691655891.5100664,3016091.0099998866,60576.03999999704,2816916.850000159,103063.64000000624,222410573.70998624
179.0,383.0,251.0,287.0,924798520.8400548,3020876.480000095,75057.38999999204,4663243.820000107,148221.2300000005,297127139.02998513
204.0,282.0,285.0,329.0,801809276.8500979,3225015.31999979,72266.12999999343,3746589.5800002124,124050.33000001774,257593368.75999036
208.0,287.0,291.0,314.0,762688282.5300764,3129715.920000015,71396.86999999419,3509718.119999942,118853.2700000121,245068217.68998775
204.0,282.0,286.0,328.0,728827320.4600661,3146196.3599999025,67701.88999999539,3196968.350000027,109040.70000000934,234168180.20999357
428.0,139.0,249.0,284.0,566233768.1500411,2926742.4899998903,51682.08999999687,1847541.5300002305,79083.88000000169,182232962.60998255
180.0,190.0,341.0,389.0,586928702.4000473,3265687.839999844,66492.8799999966,2228046.6099999794,83552.41000000315,188496028.59999782
305.0,414.0,178.0,203.0,958532625.5500455,2856018.7199999625,70710.85999999692,4835845.4300001655,156260.66000000012,308175965.0999883
427.0,139.0,251.0,283.0,564670577.680044,2929481.2199999583,51043.48999999712,1846107.5700001272,77376.46000000104,181682598.88998646
322.0,104.0,187.0,487.0,501894573.3300655,3892516.3699996164,47079.14999999609,1148520.609999844,52360.329999994545,161165532.83998272
247.0,334.0,145.0,374.0,862213429.6600908,3355135.5499999514,62830.62999999638,3924780.739999958,126144.80000000681,277014732.289985
123.0,131.0,237.0,609.0,553186797.2000847,4141034.8799994513,56887.19999999352,1636732.5699998485,60010.799999989984,177345410.28999087
90.0,397.0,170.0,443.0,974008199.2900983,3726626.9399998756,75039.50999999326,4828634.610000305,146573.3500000054,312679154.11999625
116.0,511.0,222.0,251.0,1191007249.5100617,2904230.9699999355,86239.91999998798,6645311.5000008615,199267.42999999027,382662964.39999175
90.0,396.0,172.0,442.0,999131964.6101197,3635105.6099998835,74915.76999998726,5022849.850000595,151943.20000000868,320765505.0200003
58.0,294.0,363.0,385.0,802715825.2400919,3386976.4999998785,79056.0699999917,3869550.3300000485,124301.28000001944,257673458.20000044
239.0,243.0,300.0,318.0,697119117.9300665,3081299.049999944,67707.49999999508,3010046.3400000557,106506.33000001223,224029357.7399936
67.0,175.0,416.0,442.0,585347949.5200664,3397268.7899997975,71203.86999999305,2288409.5899999593,84703.60000000759,187883501.58999854
58.0,294.0,364.0,384.0,775532009.8500797,3284982.1699999464,77304.67999999154,3690714.0300001013,119570.0700000113,248950847.00999627
70.0,356.0,439.0,235.0,838763373.3000423,2626784.5699999654,85082.21999999005,4398082.5,142363.5800000057,269473571.0199975
83.0,218.0,521.0,278.0,578860616.8400338,2707210.5999999563,80242.41999999358,2583451.5900000334,96159.24000001223,185925912.4200042
279.0,283.0,351.0,187.0,775594912.9000428,2732449.739999931,71785.86999999527,3660538.969999799,126388.16000001179,249395823.43999645
319.0,168.0,399.0,214.0,555219142.6000371,2704285.3499999796,64850.739999997466,2101698.470000196,86028.95000000588,178603082.22999302
267.0,141.0,337.0,355.0,567736121.8000588,3162996.269999842,61183.91999999588,1994795.930000123,79457.12999999971,182441520.81999317
318.0,167.0,401.0,214.0,509401930.810027,2594572.8999999547,62188.99999999754,1769350.8600001587,78241.54999999932,163924030.53998858
146.0,196.0,224.0,534.0,633300466.9201156,3839341.0599996317,61673.03999999415,2328674.4500001017,81906.02000000312,203243229.63998896
7.0,224.0,257.0,612.0,695527462.5001165,4177323.039999581,66562.80999999474,2768706.3500002,88565.11000000534,222955413.60999426
133.0,281.0,203.0,483.0,841418221.6900997,3766486.5199999,67283.11999999534,3792457.160000151,119514.15000000664,270097134.45998645
159.0,213.0,148.0,580.0,734669151.8901094,4186319.959999725,58370.38999999561,2830139.720000025,92066.24999999962,235727398.87998644
237.0,318.0,363.0,182.0,765633712.1100434,2346802.829999908,77845.83999999613,3823700.6499998407,130527.49000000942,246168677.30999652
228.0,484.0,213.0,175.0,1065589744.3900553,2685266.040000028,77458.2499999913,5687718.650000727,177535.85999999638,342550358.12998915
15.0,478.0,333.0,274.0,1075880658.7800617,2870411.770000165,92452.3899999833,6046599.570000635,184394.8999999941,345557908.0299729
11.0,523.0,377.0,189.0,1069039176.7700511,2525466.0799999842,94585.88999998712,6115987.730000388,187684.3399999836,343444431.09998125
7.0,346.0,152.0,595.0,910582488.4701263,4100126.149999712,73025.66999999076,4296275.410000424,128775.86000001393,292094957.7999954
12.0,604.0,265.0,219.0,1237023954.510077,2815247.230000187,97945.90999997454,7242541.400001339,219779.23999998206,397399867.14996076
307.0,336.0,353.0,104.0,834846859.0400176,2230869.2899999614,75668.50999999573,4250914.309999784,145004.56000000116,268578772.47998804
241.0,364.0,383.0,112.0,859646098.5600085,2300599.409999868,80256.99999999318,4488954.589999946,151770.5099999935,276467016.4999953
288.0,382.0,333.0,97.0,866010336.9600288,2280418.449999954,76335.19999999576,4464426.33999992,150430.33999999572,278559302.2199899
322.0,353.0,316.0,109.0,827457420.5700296,2224535.349999964,73127.999999995,4146645.179999697,141651.24000000107,266207781.32998788
263.0,289.0,303.0,245.0,705694508.1500367,2768802.59000003,67010.25999999524,3117534.520000029,110368.40000000739,226887899.67999378
260.0,343.0,255.0,242.0,858361216.1000512,2776778.3099999973,71570.80999999579,4199070.419999762,138632.34000000468,275947281.3499807
213.0,323.0,289.0,275.0,786590008.1700702,3006998.929999829,70910.04999999572,3681455.910000042,123976.83000001307,252773822.68999496
193.0,352.0,307.0,248.0,892828334.7400397,2803935.2200001483,76732.4199999921,4545217.969999839,147725.92000000525,286935617.199983
237.0,432.0,320.0,111.0,968189461.4100416,2320154.1899999725,83143.51999999282,5250705.340000299,168981.49999999974,311315694.8199887
201.0,368.0,272.0,259.0,896732867.5900472,2819562.469999935,74232.68999999342,4506184.890000054,144751.91000000155,288186436.8199891
519.0,11.0,32.0,538.0,443399425.6100539,4082269.699999508,29888.35000000493,343738.0199999998,30911.399999997222,142479745.90998346
457.0,12.0,36.0,595.0,441294179.01005715,4270852.859999478,30975.090000003445,328600.9800000179,28221.049999997256,141695256.80998218
391.0,279.0,24.0,406.0,848815906.8300742,3671660.7099999404,51740.44999999803,3530416.599999954,115597.23000000071,272760516.6699689
437.0,9.0,201.0,453.0,381094502.7800329,3632781.1799996146,39048.16999999922,237082.2099999943,30971.539999999644,122504405.7999849
540.0,12.0,34.0,514.0,422662250.4600464,3844020.299999599,27303.970000003104,211546.29999997574,30112.409999997748,135979282.81997818
352.0,251.0,162.0,335.0,743032120.7200685,3351147.2099998314,57130.54999999724,3028149.190000024,104123.27000000505,238805986.55998325
393.0,11.0,227.0,469.0,379937198.6100376,3665215.9599996125,41693.909999998556,287683.5699999987,31768.959999999264,122074441.43998367
347.0,311.0,27.0,415.0,860475347.9600666,3681971.1899998677,51934.84999999849,3605370.5900000148,117233.17000000273,276507829.2799733
292.0,261.0,168.0,379.0,753980780.0600584,3317157.1699999482,59334.63999999663,3167341.9500000332,107702.50000000618,242274512.97998452
300.0,269.0,173.0,358.0,790400200.9000913,3597154.809999859,61002.38999999607,3367195.0700001447,112760.12000000886,253944109.3099765
246.0,284.0,305.0,265.0,723647954.7200642,3062842.9199999026,72469.23999999362,3271439.860000093,113194.43000001597,232530091.159998
156.0,314.0,337.0,293.0,771223078.7600434,2821932.4800000107,75999.06999999328,3725016.229999939,125378.88000001384,247777846.65000173
296.0,117.0,367.0,320.0,462416456.6400376,2978818.999999869,60228.08999999601,1347847.3099999167,64719.329999992755,148671399.64998537
207.0,239.0,430.0,224.0,661449174.4500343,2568272.829999945,75252.18999999539,3036242.4600001136,109757.66000000887,212640649.73999736
257.0,295.0,318.0,230.0,818516299.3500577,2905788.099999941,72276.93999999635,3935690.9299999764,131074.530000006,263084342.4499886
252.0,99.0,523.0,226.0,429103287.46002126,2458721.179999997,68913.78999999585,1407465.1400000616,69120.77999999588,138032188.30998594
134.0,270.0,486.0,210.0,688986428.9400442,2575506.5399999865,80541.64999999374,3315683.1599999866,117372.18000001223,221440695.57999992
203.0,140.0,439.0,318.0,538290454.9600469,2975530.059999822,68513.05999999489,2029433.220000061,81118.73000000426,172956405.37999386
153.0,105.0,554.0,288.0,439917539.6100365,2735242.449999916,72099.60999999565,1512005.6399999852,69029.62999999449,141359313.93998763
160.0,110.0,580.0,250.0,415926687.54002374,2546006.519999996,74574.83999999508,1425465.5299999984,69493.35999999646,133737837.17998491
203.0,91.0,581.0,225.0,364950548.12001204,2291966.570000027,70985.83999999623,1086612.5799999197,62377.03999999609,117459975.63998492
231.0,88.0,563.0,218.0,382068409.0100157,2373507.759999994,69407.14999999628,1151675.9699999467,63351.879999993085,122951585.98998211
187.0,173.0,533.0,207.0,515722036.9200296,2451540.7300000293,75570.2799999937,2121546.820000081,87272.2500000076,165805828.13999486
313.0,140.0,300.0,347.0,526095337.83005285,3211669.5999997803,56585.73999999558,1629589.8700000066,69896.39999999608,169098929.05999088
165.0,73.0,470.0,392.0,403371076.56002814,2980189.499999768,65440.3799999952,1083486.6099998737,55506.43999999293,129542640.38998753
208.0,194.0,200.0,498.0,631819029.4700892,3843715.2099996884,57790.19999999729,2214197.960000071,79637.96000000094,202806343.44998774
260.0,99.0,212.0,529.0,503784347.84007454,3909154.07999957,50448.64999999526,1202106.409999846,53123.81999999296,161700934.75999177
176.0,139.0,428.0,357.0,531669657.9000673,3189067.889999816,66046.37999999423,1865950.160000014,75365.19000000042,170766374.12999827
310.0,245.0,253.0,292.0,729416379.3100705,3075325.6299999263,64265.04999999667,3133895.809999988,110022.34000000669,234481627.38999048
237.0,187.0,194.0,482.0,675471884.810078,3742888.129999725,58328.50999999596,2531344.8300000904,87875.19000000646,216875019.60998854
329.0,256.0,173.0,342.0,718813144.4700692,3158292.5199998673,56321.34999999632,2914473.020000078,102423.68000000305,231072622.4299819
344.0,251.0,169.0,336.0,742296622.700069,3246323.8599998658,56906.35999999825,3043339.3300000117,105410.78000000319,238599281.85998228
311.0,302.0,163.0,324.0,800644254.590075,3254708.2499999334,61094.3699999973,3523146.5399999046,117271.58000000504,257322124.3199782
289.0,226.0,284.0,301.0,673267472.8700424,2901593.409999912,64279.93999999667,2798450.660000024,102081.02000000843,216473205.62999475
416.0,325.0,218.0,141.0,848409351.8400337,2496085.959999954,63668.499999999345,4026150.489999671,137037.36000000156,272985390.65997344
334.0,325.0,328.0,113.0,826438776.6800058,2329282.7699999474,74494.43999999651,4127778.9999997537,141158.37000000608,265858553.85998484
371.0,271.0,341.0,117.0,708150851.2600152,2212919.309999922,66848.50999999825,3250946.599999796,118382.85000000738,227914082.74999207
405.0,368.0,199.0,128.0,894414953.4000467,2564330.1599999797,68707.7499999968,4420048.509999842,148722.13000000373,287731909.199974
289.0,263.0,266.0,282.0,725079952.5600556,2881994.68999998,65789.93999999645,3182385.4100000644,112152.58000000678,233113764.53999418
349.0,318.0,322.0,111.0,802651428.1100347,2390412.8099999563,69435.49999999593,3860021.7999997083,134771.5600000089,258276484.3999874
359.0,246.0,425.0,70.0,678847395.750002,2022323.4099999126,73722.63999999796,3213943.459999763,120586.3200000106,218538147.94999778
382.0,238.0,412.0,68.0,678522693.8700215,2088887.7099999504,69346.63999999585,3120424.759999916,117662.29000000801,218478381.99999
329.0,316.0,391.0,64.0,786801573.6200017,2066482.0899999063,75830.56999999798,3955276.409999576,138281.74000000316,253199091.42999256
553.0,379.0,61.0,107.0,955030357.2500134,2527745.4699999844,55335.09000000047,4517523.219999654,151109.37999999698,307420363.44997936
376.0,258.0,446.0,20.0,664327305.6600115,1803711.4499999133,72991.29999999693,3166554.259999854,120757.84000001322,213958752.47998843
519.0,497.0,57.0,27.0,1131203153.2200089,2248045.8299998976,65579.83000000175,5923023.2700006785,189290.3199999971,364057624.9899904
621.0,387.0,62.0,30.0,967475412.9700177,2191927.3999998514,57613.09000000126,4738342.769999842,160497.98999999565,311526073.30996674
366.0,320.0,396.0,18.0,751138168.2999947,1827633.059999899,75384.84999999794,3765842.68999971,136109.47000000815,241843844.62999874
511.0,447.0,51.0,91.0,1094007176.6000402,2521255.8800001238,63539.94000000122,5615962.200000097,179767.6999999941,352001599.67996114
544.0,475.0,55.0,26.0,1102397042.1000097,2182866.6799998325,62866.79000000337,5737874.040000395,185587.57999999434,354831151.3999672
48.0,557.0,115.0,380.0,1173873325.5800972,3399640.9100001054,80823.35999998922,6352531.820000919,186254.0499999941,376924137.4500025
81.0,539.0,111.0,369.0,1187436824.8501039,3533580.230000025,81327.3599999883,6407860.280000774,188801.4200000011,381319038.0199961
91.0,64.0,219.0,726.0,456730339.27009666,4493504.319999492,51891.2099999948,829454.2199997968,36969.10999999465,146212166.26999205
39.0,458.0,289.0,314.0,995438904.1600791,3103745.2300000624,84667.91999998936,5326152.7400004305,162839.71000000188,319671807.3699919
50.0,584.0,120.0,346.0,1261090861.7500892,3372004.5099999704,85503.6399999869,7012558.240001006,206009.62999998927,405004492.0799984
69.0,48.0,506.0,477.0,338467079.7000232,3362523.749999677,66680.79999999309,606523.869999997,39615.909999998614,108467133.5199884
69.0,464.0,292.0,275.0,1077331616.1800725,3083348.1499999794,87314.07999998801,5904881.370000655,181399.8899999997,346065057.91998583
163.0,66.0,225.0,646.0,460266178.73008126,4094251.709999414,51197.849999994476,911519.1299998268,41945.06999999482,147527990.1599907
108.0,43.0,455.0,494.0,354634802.9800187,3456556.2799996813,65562.44999999342,661225.6799999754,41413.66999999854,113708198.3899864
115.0,46.0,484.0,455.0,348266464.9700378,3431118.849999707,65093.739999993646,604670.6199999538,40243.2499999991,111674062.95998551
70.0,275.0,501.0,254.0,700276196.9800615,2681722.2800000687,84788.22999999207,3469528.089999879,120727.49000001611,224982689.67001414
383.0,191.0,349.0,177.0,588140624.300022,2465196.2800000324,59422.53999999923,2260709.7600002196,91989.62000000264,189327542.47998515
58.0,414.0,417.0,211.0,926729035.1000519,2590395.0400000107,90216.25999998818,5085000.340000184,162334.49000000278,297772966.29000247
70.0,274.0,503.0,253.0,698140805.7900498,2670160.8100000327,83359.81999999094,3433223.8099999437,118647.1000000137,224264495.97000656
87.0,341.0,623.0,49.0,699574403.8400087,1806854.83999991,92365.26999999194,3817649.5099998023,135266.3200000166,224978023.8400115
69.0,493.0,499.0,39.0,970313972.4100182,1809458.819999828,99341.44999998824,5734389.940000292,185136.95999998235,311964886.5099822
442.0,221.0,405.0,32.0,623266720.5200087,1905602.379999952,66700.59999999871,2742027.000000017,109855.38000000783,200815418.35999176
381.0,345.0,347.0,27.0,820108723.3099949,1920786.0599998583,74167.77999999607,4182588.4799995297,146367.65999999913,264005428.59999087
335.0,303.0,307.0,155.0,830711094.7900444,2591070.469999991,67669.75999999928,3983208.5699996655,136326.53000000445,267212064.65998182
380.0,344.0,349.0,27.0,818612998.6000092,1882538.7899998857,74464.31999999474,4188553.319999458,146462.81999999966,263512459.85998586
247.0,377.0,113.0,363.0,989111620.1201023,3444841.289999951,68765.63999999501,4855631.240000592,151337.68000000608,317768946.67000127
158.0,416.0,125.0,401.0,997761417.7900959,3778868.4600000298,72707.64999999088,4925226.010000371,151560.7000000055,320415862.55999076
326.0,146.0,149.0,479.0,612123578.870077,3930251.089999682,50123.969999996865,1912568.8000000657,71053.33999999314,196531058.7199863
247.0,376.0,114.0,363.0,942849855.0500797,3292098.280000054,65201.14999999938,4529000.180000154,142040.83000000482,302924630.219991
282.0,429.0,129.0,260.0,1042038302.0000687,3009398.3800000288,70393.5599999962,5341805.49000095,167283.9599999968,334957146.03000987
388.0,174.0,180.0,358.0,607420890.9600633,3316166.5599998287,50689.44999999729,2003277.8300001612,78457.63999999796,195285082.77998197
183.0,480.0,146.0,291.0,1101727412.240061,3088606.2400000864,76281.00999999612,5813934.65000063,177032.25999999294,353996659.0599972
265.0,204.0,209.0,422.0,676867559.2800651,3453038.5499998285,58144.839999995595,2608045.8300000606,92256.69000000707,217455548.54998416
215.0,167.0,172.0,546.0,618293706.3000981,3990067.299999628,55262.259999995265,2063556.5199999136,73572.06999999535,198395753.7499897
264.0,204.0,211.0,421.0,682399429.2800839,3745503.179999845,57462.39999999527,2568405.33000006,90317.79000000207,219175716.30998534
553.0,114.0,340.0,93.0,484283923.60001135,2162277.3199999584,53121.59999999778,1498030.7200001352,76116.419999999,156190045.1899845
119.0,204.0,611.0,166.0,536148895.1800349,2239415.2399999634,83650.50999999417,2476533.880000085,98085.21000001136,172373036.4600028
608.0,16.0,374.0,102.0,317506237.8900042,2140380.3600000385,48260.79999999711,309992.6899999317,46096.18999999958,102631966.06998484
552.0,114.0,342.0,92.0,456754913.1500004,2144368.9399999594,53096.68999999829,1303867.9800001124,71406.59000000003,147363334.63998285
397.0,82.0,245.0,376.0,465265083.3300508,3492364.919999805,49235.07999999752,1005870.2699998157,53014.08999999511,149564626.8099876
425.0,11.0,263.0,401.0,363423066.05001837,3552820.9199997247,44010.20999999834,245681.60999998645,31970.509999998616,116809018.25998262
69.0,120.0,361.0,550.0,503756632.4200776,3975079.269999625,63807.34999999324,1491334.9899998307,58324.79999999125,161443666.2399934
77.0,17.0,397.0,609.0,338149047.58003265,3925513.6599995405,58328.0299999937,318069.30000004853,28153.110000002114,108243424.71998522
141.0,31.0,731.0,197.0,267781377.8299977,2204252.4100000537,76274.64999999676,575759.3500000007,49122.57999999827,86155259.45998842
77.0,17.0,398.0,608.0,351233566.66003484,3873429.099999522,59948.919999992504,427167.8000000458,31411.460000002,112450115.7099848
231.0,436.0,18.0,415.0,1125259280.4200795,3535770.299999979,68161.33999999442,5734955.710000981,171638.1300000007,361467666.63001555
340.0,381.0,16.0,363.0,1026141391.6200665,3363756.359999939,61504.28999999666,4955682.200000389,153838.14000000266,329775343.0799972
254.0,370.0,20.0,456.0,986898139.1701034,3899636.0699998485,61364.219999996065,4598170.15000056,141767.59000000867,316966171.09000105
230.0,435.0,21.0,414.0,1046681266.780099,3574915.549999953,63737.35999999801,5099090.330000555,153433.81000000297,336196630.7599923
287.0,541.0,23.0,249.0,1241754833.6800723,3111821.0200001523,74964.80999999179,6711037.080001306,202571.22999999803,399083930.7899924
322.0,469.0,29.0,280.0,1140564863.0800698,3199035.360000159,68692.33999999732,5855475.080000912,178155.98000000027,366606696.64000493
408.0,459.0,22.0,211.0,1106286158.9400654,2935066.450000038,64123.68999999913,5613456.150000751,174078.2199999972,355728059.6899969
453.0,392.0,21.0,234.0,962491376.7000464,2957935.5599999884,54608.7399999992,4481920.310000025,145384.5500000015,309583180.61997855
368.0,319.0,20.0,393.0,907211267.8400879,3723484.8199998448,56133.11999999719,4000388.4099999424,127238.33000000354,291484263.4899836
451.0,391.0,24.0,234.0,1010079053.9300542,3079602.7900000764,59024.0999999985,4851118.090000336,154965.71000000168,324831514.6399957
365.0,39.0,305.0,391.0,391880322.50003815,3194608.4199997922,49028.159999997646,621425.7599999597,43433.319999997766,125990150.68998411
470.0,34.0,261.0,335.0,391440358.0600252,3113734.0399998045,44481.59999999905,536039.6799999684,42538.91999999712,125964517.5099822
231.0,429.0,192.0,248.0,998059888.530062,3003223.4000000167,73097.40999999279,5110820.570000436,160649.77000000307,320761353.63999176
311.0,33.0,423.0,333.0,365855350.7300312,3093997.249999843,56034.27999999444,594846.2399999343,43683.86999999538,117606821.82998239
284.0,30.0,237.0,549.0,404418529.45005155,4059515.4199995124,46338.42999999636,439771.8500000233,32337.00999999876,129731494.32998312
179.0,332.0,243.0,346.0,836728622.290069,3129189.7100000023,72763.56999999382,4031896.949999967,130530.25000001141,268782867.85998493
337.0,24.0,305.0,434.0,373674361.9900349,3366060.449999721,49151.05999999669,450944.58999999095,38640.19999999779,120102787.12998253
270.0,333.0,150.0,347.0,876484396.4000874,3364530.659999887,64430.529999996,4035312.1499998993,130638.72000000808,281647326.10998374
286.0,352.0,258.0,204.0,860948647.9400513,2723982.329999953,71795.76999999635,4217893.589999747,140267.1200000059,276807537.62998766
249.0,307.0,224.0,320.0,848023818.390072,3206149.439999955,67014.46999999556,3952793.2999998317,129347.0200000069,272498594.7599795
440.0,247.0,405.0,8.0,689963577.8600005,1847717.9199999068,68489.32999999925,3233122.2799997893,123005.07000000909,222254079.34999254
147.0,357.0,584.0,12.0,792984487.120003,1682387.9699998838,90531.34999999168,4424889.139999821,152656.41999999093,255107922.79000336
470.0,190.0,431.0,9.0,597583166.1299999,1793017.5099999513,65301.50999999887,2566003.640000158,105448.980000006,192607769.5399883
632.0,355.0,101.0,12.0,897195110.6500186,2110450.499999882,54786.34000000039,4234402.459999407,146546.6899999978,288991144.1799699
376.0,211.0,346.0,167.0,614710419.1200328,2476587.7599999607,62086.81999999836,2469520.9700001027,96635.05000000403,197844953.26998878
548.0,221.0,88.0,243.0,715265113.8800389,2842138.229999948,46043.469999998044,2707577.350000088,101704.62000000282,230263833.10997966
182.0,442.0,126.0,350.0,1085427548.360089,3534939.239999908,74920.40999999193,5594801.760000631,170083.5800000041,348652234.4899954
127.0,223.0,506.0,244.0,616462660.4200469,2525751.3899999517,79701.4599999931,2837739.519999948,105034.20000001161,198125078.34000802
313.0,546.0,216.0,25.0,1089547694.1500359,2087727.219999821,81107.6599999943,6039569.610000654,193248.64999998373,350487811.57997864
205.0,359.0,142.0,394.0,983981118.9600924,3431986.0499999356,71076.00999999326,4871817.420000438,151696.92000000464,316084244.30998313
412.0,170.0,86.0,432.0,667232545.4800769,3769734.3799996423,46669.17999999863,2227022.070000092,81443.4799999988,214396451.7499803
309.0,195.0,99.0,497.0,693320927.0700946,3790420.72999978,49711.99999999794,2449276.9600000535,84436.9299999982,222638915.45998004
447.0,90.0,94.0,469.0,543786364.5400819,3872398.4099996537,39926.92999999963,1242244.8399998806,54924.539999993256,174714440.6099821
298.0,122.0,368.0,312.0,520261824.99004877,2951832.0299998648,60798.45999999596,1723493.4600000975,73782.5799999992,167259549.89999422
587.0,241.0,123.0,149.0,717677798.820046,2648078.699999925,50509.69999999835,2860233.099999943,107736.85000000072,231082565.7199746
409.0,82.0,505.0,104.0,361900224.6600135,2162657.7000000435,59895.799999997704,854069.4099999085,59164.639999997504,116728334.41998197
280.0,177.0,533.0,110.0,526370094.0500235,2044335.9199999715,73032.45999999715,2213044.71000018,93529.92000000506,169486227.6799931
544.0,168.0,175.0,213.0,617579406.56003,2731589.789999995,46660.090000000346,2107559.2100003166,87305.87999999948,198882688.28997856
228.0,71.0,434.0,367.0,400801267.64004356,3170755.1399997873,61731.63999999549,936981.4499998494,51931.97999999336,128757422.55998395
306.0,94.0,581.0,119.0,377049308.7900072,2038652.650000007,67774.81999999707,1133111.4699999976,66098.30999999447,121514034.90998276
131.0,451.0,367.0,151.0,985856675.6000369,2389031.3499999736,88646.7999999917,5473149.160000136,174607.03999999943,316894958.37998533
398.0,327.0,266.0,109.0,792092510.1900117,2226667.949999966,67049.69999999937,3782779.6599996737,132739.2300000015,254929399.5899826
142.0,395.0,399.0,164.0,880560741.4800304,2353404.9499999955,86314.4499999912,4745620.329999932,155444.6499999973,283046787.3500012
150.0,515.0,262.0,173.0,1100728956.4900436,2615233.3300000085,85573.89999998923,6114635.62000063,189513.3699999922,353758732.79998064
108.0,371.0,303.0,318.0,894326310.4700457,2843647.6200000886,79569.6899999924,4609224.080000202,146999.98000000432,287313970.70999485
130.0,361.0,227.0,382.0,913167791.1700565,3324248.2999999896,74949.39999999336,4525234.200000103,141056.0799999982,293262024.92998457
374.0,307.0,156.0,263.0,853527146.2300802,3085025.079999977,61805.08999999771,3887628.7899998263,129831.09000000612,274435283.8499779
363.0,240.0,242.0,255.0,717333152.0900513,2955805.699999918,59283.84999999767,2982684.27999989,107476.0500000089,230721068.50998098
467.0,310.0,195.0,128.0,805225025.8200102,2491618.659999969,60173.669999999154,3655221.1799997943,129603.55000000188,259189038.92997247
395.0,262.0,165.0,278.0,805339101.2900503,3069553.0599999772,60320.65999999844,3549835.179999853,120900.78000000813,258947604.04998106
266.0,372.0,336.0,126.0,854515833.1400311,2270951.3899999484,77152.76999999465,4400551.749999713,146873.02999999715,274831007.3499854
386.0,319.0,287.0,108.0,793844309.2900329,2283588.909999996,69325.25999999659,3835845.0599997262,133589.49000000578,255444024.28997996
179.0,611.0,225.0,85.0,1321991818.9400182,2367920.0199999735,92448.69999998501,7725259.9800013695,233801.63999998334,424977446.73996055
155.0,217.0,654.0,74.0,531971359.42000914,1825932.9499999883,84831.66999999307,2564051.4799999543,103960.38000001718,171196588.96000773
116.0,162.0,146.0,676.0,642226741.9901044,4445550.0899997065,54901.37999999452,2088128.0899998157,68597.6699999901,205821228.55999234
76.0,260.0,320.0,444.0,711385241.9900804,3506628.269999838,72079.37999999296,3100350.760000112,103330.1500000107,228320203.11999363
142.0,117.0,352.0,489.0,474279463.5100652,3748295.589999597,62873.36999999507,1319713.4099998747,56671.99999999284,152122004.90999186
153.0,308.0,113.0,526.0,896909537.170118,3958310.019999709,64931.229999993666,4066273.4800002216,126273.41000001061,287924884.52998894
190.0,384.0,473.0,53.0,891293884.4700058,1842291.4599998563,88363.13999999227,4977768.050000152,164976.64999999566,286664987.8699917
123.0,248.0,305.0,424.0,712982086.4900789,3411369.469999955,71206.23999999344,3123999.830000073,105223.27000000815,228881640.14999673
273.0,300.0,291.0,236.0,765187878.8700508,2868572.8600000036,68057.08999999633,3515554.949999941,121206.96000001131,246013130.35998866
307.0,288.0,279.0,226.0,807573568.620017,2553480.620000056,69399.00999999775,3880251.2099997196,131321.0800000069,259696449.27998084
359.0,46.0,384.0,311.0,374797428.00001866,3106522.219999823,53853.14999999691,608757.029999971,45312.47999999733,120573718.12998663
334.0,368.0,109.0,289.0,947319388.7200716,3169329.809999994,63800.23999999788,4537683.020000111,144618.34000000393,304515264.75998086
281.0,310.0,300.0,209.0,837169163.9500414,2707747.2699998696,71738.36999999538,4085327.969999782,136012.06000000893,269158312.3399884
501.0,63.0,164.0,372.0,487527599.91005456,3429540.039999727,40944.71999999874,996190.5499998033,52644.73999999602,156840671.10998046
387.0,362.0,107.0,244.0,925547486.5000513,3025846.749999996,59479.56999999916,4351043.909999999,140946.5100000006,297607838.4099815
416.0,45.0,377.0,262.0,385839900.3500224,2913595.229999919,50492.6999999976,630861.3099999382,48207.489999996535,124260590.32998276
519.0,56.0,144.0,381.0,460971937.2400413,3330880.0699997935,38715.28999999917,809761.3099998474,47946.91999999664,148301872.71997747
545.0,59.0,152.0,344.0,470367220.26005733,3365056.4499997604,41217.93999999892,913735.2699998423,52177.05999999541,151380557.55998322
459.0,244.0,232.0,165.0,730174983.5700359,2512245.8399999826,58922.029999999126,3155527.929999944,116186.8700000045,235021055.11997917
325.0,295.0,281.0,199.0,788465447.5700308,2497187.34,69386.84999999685,3759290.6499997717,130014.68000000656,253617357.99999073
493.0,180.0,250.0,177.0,613214617.7100207,2569985.499999975,55107.7999999991,2320741.3200002327,93114.10000000444,197407852.96998665
374.0,199.0,393.0,134.0,582093076.0500255,2273941.959999965,65585.69999999795,2387406.3800002304,96784.03000000336,187405729.45998925
477.0,253.0,241.0,129.0,730761261.540026,2353190.8099999614,59134.21999999976,3193044.8899998455,116741.98000000382,235267189.33998242
409.0,149.0,431.0,111.0,529583679.2600235,2235520.020000014,63311.70999999698,1986642.1200003305,87809.57000000714,170595969.1399878
264.0,239.0,475.0,122.0,639564974.0500126,2169595.499999959,77486.8099999958,3023698.489999935,113944.61000001177,205777283.3099979
374.0,232.0,322.0,172.0,637533207.8700452,2603878.4099999536,60782.429999998145,2575061.4100000686,99635.42000000767,205177763.00998193
273.0,169.0,490.0,168.0,505438487.6600236,2211361.40999998,71417.24999999681,2014449.150000179,87046.0400000048,162666240.8999956
284.0,176.0,509.0,131.0,515582487.9200212,2237488.3799999827,69035.37999999728,2037204.9800002151,87880.14000000505,165965895.20999014
145.0,339.0,331.0,285.0,830140891.1200602,2824784.499999933,77035.2799999953,4132916.41999984,135143.28000001263,266748615.2299945
16.0,385.0,376.0,323.0,875836037.8700644,2978606.92999992,86841.80999998789,4607114.830000173,146229.12000000812,281239640.2599949
152.0,301.0,348.0,299.0,766467483.9600483,2957220.809999957,73443.67999999296,3617034.079999861,121963.08000001195,246238633.5099891
171.0,401.0,191.0,337.0,959324480.1900699,3295792.4200000097,73705.50999999179,4800970.950000521,149356.91000000632,308142508.699991
148.0,348.0,340.0,264.0,815918390.1600622,2776291.119999926,78623.78999999115,4082741.359999993,134642.65000001492,262183532.07000098
187.0,371.0,209.0,333.0,890036568.940073,3189676.429999918,71509.59999999574,4309725.320000085,136894.3700000122,285924852.2499919
20.0,484.0,230.0,366.0,1083485681.9500825,3456845.2800000887,84312.77999999012,5813631.400000371,174416.32999999696,347866574.4799902
17.0,355.0,410.0,318.0,844139314.8800833,3093343.8699999573,86291.64999998838,4370817.950000074,140439.9900000101,271039013.8999901
20.0,422.0,238.0,420.0,988747003.7600975,3735238.1399999885,81291.34999999139,5067951.890000329,153379.71000000296,317355324.96
21.0,439.0,247.0,393.0,1070133970.6601031,3616305.669999929,86312.61999998573,5736995.330000668,173391.23000000286,343578985.32998025
147.0,182.0,294.0,477.0,609891812.2500722,3726339.21999971,65495.3199999954,2254201.8800000143,81509.85000000268,195730721.8599944
87.0,193.0,313.0,507.0,620625319.8200939,3812087.859999656,66666.78999999391,2339679.2899999977,81876.92999999867,199067014.42999095
127.0,306.0,255.0,412.0,762341655.8000839,3487428.3699998497,69314.99999999367,3411387.460000073,112289.69000001076,244781631.0199921
132.0,163.0,378.0,427.0,579872090.5800779,3472650.619999648,67952.82999999245,2160355.029999969,80431.87000000452,186154314.6699931
237.0,291.0,473.0,99.0,747969201.7700288,2128731.509999902,80427.17999999257,3797230.8399996934,133076.57000001118,240607208.8299978
165.0,395.0,471.0,69.0,851696329.7300231,1993193.5599998902,87049.2499999929,4656452.469999813,155756.980000001,273907525.78999996
121.0,268.0,620.0,91.0,638818929.0100113,1879851.3799999477,87814.27999999381,3316755.869999862,121736.59000001839,205462992.81001562
114.0,491.0,409.0,86.0,1037776709.9000396,2144547.2999998904,94452.65999999033,5971578.310000272,188581.40999998926,333625996.54998803
68.0,292.0,347.0,393.0,736025840.5300994,3358427.449999805,75520.71999999443,3369499.1100001656,111238.17000001448,236264648.8299994
98.0,424.0,504.0,74.0,908558551.6800121,1988992.759999862,94345.72999999099,5174425.440000191,169086.7799999919,292107600.1099942
397.0,431.0,45.0,227.0,1041904232.3000432,3007986.8299999894,61144.079999998685,5110503.1800004635,160760.51999999816,335000292.1500034
352.0,458.0,48.0,242.0,1063853023.8900816,3138837.360000217,65222.45999999972,5324758.010000621,166495.57999999914,341994021.1399919
564.0,149.0,64.0,323.0,649731447.7900494,3295788.269999896,42442.40999999974,2122705.81000029,84228.11999999773,209089790.6299757
356.0,386.0,154.0,204.0,945211829.0800443,2741374.5100000286,65354.96000000058,4641330.140000066,150560.53999999445,303958755.8999796
369.0,400.0,42.0,289.0,1009636648.8000609,3102734.439999997,60770.75999999821,4890318.750000475,153820.83000000715,324581067.5699981
443.0,117.0,192.0,348.0,531777545.6800539,3328396.4899997283,47191.739999997684,1420802.6899999916,64678.12999999378,171050811.1199846
293.0,380.0,152.0,275.0,962856662.240035,3028649.020000064,69077.14999999652,4797472.980000283,152763.60999999775,309481656.3399807
460.0,145.0,63.0,432.0,605826111.9700909,3794253.169999661,41309.789999999244,1710417.6100000567,68686.39999999276,194742804.09997657
437.0,138.0,226.0,299.0,548509582.5000376,3075304.439999943,48420.189999997914,1628192.8500001354,71135.11999999727,176472290.46998465
397.0,125.0,206.0,372.0,564179226.7900578,3465778.039999772,50153.05999999701,1690549.5499999735,70569.67999999582,181371801.26998022
272.0,57.0,419.0,352.0,347529866.370022,3011844.4199998206,58762.46999999532,575814.8299999641,43703.819999997904,111707830.39998594
391.0,49.0,359.0,301.0,400913106.0700224,2937231.3299998194,52808.05999999741,798150.6699998877,51491.17999999654,129033251.64998083
235.0,198.0,363.0,304.0,640672662.8200552,2930785.7699998775,67836.40999999584,2661961.540000079,97539.91000000639,205914936.23000184
306.0,64.0,334.0,396.0,425890094.19004333,3153124.4899997865,55075.14999999631,978795.6099998803,52603.899999993606,136865145.82998553
253.0,53.0,389.0,405.0,388524784.7300285,3213068.3799998173,58842.689999996255,787612.0799999221,47294.94999999525,124802899.89998557
243.0,204.0,264.0,389.0,626536609.8500563,3223215.7899998846,61737.98999999601,2393304.460000071,88871.14000000345,201288293.6299959
403.0,50.0,262.0,385.0,436039697.8200404,3424990.7999997307,46251.72999999812,771075.4099998863,46859.1199999968,140202569.81998128
326.0,164.0,299.0,311.0,545888583.8000541,3178194.509999817,57502.529999995946,1792467.9700000808,73877.83999999643,175458750.40998977
376.0,189.0,245.0,290.0,644190699.4400616,3104064.519999882,55889.89999999744,2401461.4500001688,92123.6700000069,207189454.26998606
354.0,178.0,230.0,338.0,593812256.3100603,3277569.9899997874,53287.94999999583,1994480.7500001048,78486.60000000405,190865111.90999308
42.0,560.0,310.0,188.0,1186958468.980038,2630316.029999935,97611.93999998647,6928629.6800004495,211238.46999998347,381363927.669966
289.0,429.0,238.0,144.0,996887109.2500577,2419339.239999879,76019.5699999955,5265545.530000433,169844.68999999174,320596297.7299856
33.0,680.0,241.0,146.0,1368048108.6100206,2579517.71000013,100513.74999998177,8190103.700001133,243207.53999997492,439550252.74995524
53.0,703.0,108.0,236.0,1427065981.4001124,3192228.5600002203,94608.21999998174,8297791.700001405,241203.05999998827,458429370.6799758
37.0,491.0,273.0,299.0,1111149824.370066,3039799.17999999,89617.76999998573,6185513.540000682,187806.4999999962,356896350.0999835
34.0,716.0,71.0,279.0,1435658381.4300895,3332207.1600001077,92334.27999998059,8328711.310001465,242321.74999998405,461115047.19997674
305.0,451.0,69.0,275.0,1096226719.0300627,3218457.28000005,68554.72999999867,5626798.640000639,172231.13000000129,352291663.65998966
219.0,505.0,179.0,197.0,1144809181.5800366,2701032.7100000135,79846.27999999157,6255214.190000799,191357.70999999405,367967230.9899909
273.0,630.0,62.0,135.0,1279696811.540047,2826329.5000000927,78923.4199999922,7125474.79000145,217598.01999999952,411395632.2699707
248.0,573.0,56.0,223.0,1289286118.5400484,2932172.030000145,78549.05999999121,7118892.8200010145,213010.48999999548,414361412.7999897
100.0,517.0,71.0,412.0,1183386199.6301286,4058093.9299999946,78950.7599999881,6211004.810001561,183852.38000000166,379951422.3000244
591.0,263.0,36.0,210.0,809508172.7200385,2971924.929999986,47963.389999999315,3347180.5699997353,117925.14999999976,260527970.42995974
58.0,765.0,41.0,236.0,1553826957.8400671,3098085.470000026,95439.829999981,9186860.610000985,266126.0199999887,499170082.9499842
57.0,296.0,511.0,236.0,720089733.2300445,2593097.5399999707,84457.31999999277,3617526.1800000076,123491.14000001411,231325757.39000705
75.0,385.0,53.0,587.0,1026156047.9901407,4396734.260000015,69339.38999999133,4927810.61000074,145637.82000001002,329288020.2900054
36.0,471.0,315.0,278.0,1012839430.3100882,3006801.6799999634,88885.4799999839,5531555.240000439,171663.49999999403,325317196.5499969
380.0,169.0,293.0,258.0,598641752.7100525,3005515.809999913,58095.47999999656,2180664.890000158,86557.91000000523,192540500.47998735
380.0,438.0,24.0,258.0,1035444891.2600492,3045268.139999955,60146.5900000005,5063068.720000361,159599.53999999855,332931254.01999444
336.0,387.0,258.0,119.0,872463623.6000162,2318795.2299999483,72683.98999999474,4411098.959999867,148869.69999999707,280676288.2499812
306.0,352.0,235.0,207.0,870801558.4100488,2756330.649999984,68573.95999999679,4220418.589999783,139440.78000000125,279995457.99998385
231.0,336.0,224.0,309.0,892449409.7000723,3118527.45999992,70167.11999999442,4339180.930000068,139611.65000000922,286773972.46998835
100.0,387.0,257.0,356.0,963189597.3700776,3226867.5699998867,79273.02999999034,4949831.830000308,153085.7900000051,309338793.2399868
284.0,161.0,275.0,380.0,607053786.210071,3396952.2999997833,59799.25999999609,2165899.3200001265,81629.0100000012,194990812.039989
283.0,413.0,24.0,380.0,1034310516.2200706,3522240.569999886,62621.109999997636,5003421.610000575,154198.32999999894,332320528.41000384
213.0,309.0,206.0,372.0,839597914.7400552,3203753.599999982,67403.769999996,3915184.9599999655,126804.29000000856,269716297.2899874
323.0,184.0,27.0,566.0,704642891.7301011,4286586.5099996915,45733.35999999914,2341094.8200001665,80809.78999999743,226242475.46996662
113.0,436.0,26.0,525.0,1095319488.1501403,4343747.330000077,70718.38999999264,5429961.860000786,160114.56000000364,351574446.2099935
113.0,171.0,291.0,525.0,613739985.8500966,4051043.819999501,64613.219999992994,2200156.5899998737,77516.73999999634,196837854.79000193
175.0,264.0,39.0,622.0,810830169.5501369,4539779.829999838,55821.079999995636,3196924.7400000896,98593.91000000235,260095504.92997316
149.0,225.0,34.0,692.0,766138244.6301235,4576708.739999799,52380.399999995854,2815437.6200000523,86404.70999999892,245681913.48997608
759.0,63.0,275.0,3.0,425660441.7599999,1945569.11,41189.69000000035,916455.9799998533,65022.90000000066,137631772.41997433
615.0,90.0,391.0,4.0,435305393.8200029,1815568.2199999832,53115.75999999828,1252470.6500000672,73017.24000000133,140606678.569979
758.0,65.0,274.0,3.0,405285752.0300023,1929257.8099999565,40608.71999999901,773935.3099998826,60885.40999999954,131090810.76998228
531.0,44.0,523.0,2.0,303284916.86999816,1694210.7599999877,59509.38999999829,561831.1899999189,56138.839999998956,98106853.6199849
468.0,39.0,170.0,423.0,446756521.40005606,3457007.2799997223,38813.190000000104,698200.1799998988,44388.54999999682,143693402.69998246
370.0,32.0,364.0,334.0,358883645.2400156,3004816.839999899,52490.12999999602,499570.3599999849,42365.53999999782,115463195.74998166
247.0,36.0,426.0,391.0,336287014.3400315,3059872.2999997963,58393.34999999509,485158.3500000205,40007.46999999814,108030446.48998915
326.0,49.0,207.0,518.0,451263126.00004876,3909251.269999585,46613.509999997055,782758.4099998681,42483.17999999512,144858923.74998358
382.0,57.0,659.0,2.0,285281723.5499996,1582753.2399999788,70021.3199999991,673365.6299999454,59169.49999999847,92216932.51998572
246.0,37.0,426.0,391.0,342560935.07002085,3180911.529999822,57263.929999995395,458055.28000000777,38483.02999999798,110035523.69998553
158.0,287.0,401.0,254.0,709309587.1700568,2891058.579999913,75469.09999999293,3284335.5100000775,114487.87000001132,227925790.60999736
374.0,221.0,309.0,196.0,689856372.4700391,2673975.909999998,64743.289999998044,2974141.199999939,109793.83000000427,221923150.46998712
157.0,288.0,401.0,254.0,712141282.830046,2712737.809999948,77494.41999999431,3399053.5199999223,117931.88000001496,228842748.69999796
204.0,372.0,195.0,329.0,911082355.8300592,3220859.4799999665,69412.68999999593,4403250.819999934,140169.88000000655,292718633.22999066
180.0,327.0,458.0,135.0,806369053.9500189,2267506.359999944,83032.02999998895,4202388.959999667,143119.14000000685,259298196.60999396
243.0,443.0,232.0,182.0,1039434641.2400502,2650655.350000062,78691.9999999895,5559046.340000761,175355.08000000278,334149878.96999186
513.0,303.0,159.0,125.0,828732186.1000257,2492713.7300000014,59124.21999999852,3796259.6399998637,131586.56000000433,266732432.91997552
414.0,245.0,341.0,100.0,690951080.0600185,2173373.81999993,65006.289999998065,3100313.5499998275,116215.37000000657,222470116.9899799
454.0,269.0,140.0,237.0,808497837.9700567,2875112.4099999242,57250.729999999094,3560946.1599998865,122198.93000000218,260055353.5999748
513.0,304.0,159.0,124.0,808932754.8700359,2536718.4599999012,56371.629999999976,3579370.269999793,126537.18000000689,260413065.00997463
249.0,110.0,382.0,359.0,500110258.7800489,3177155.2199997446,60608.969999994166,1563255.2700000543,68135.74999999482,160700125.83999363
396.0,91.0,316.0,297.0,478702953.4200305,2990857.8399999496,53565.62999999822,1321311.229999955,63701.19999999457,153994838.06998688
179.0,388.0,275.0,258.0,916073221.4800613,2911868.9300000216,77101.89999999371,4672356.100000114,149435.61000000132,294360253.25999314
220.0,97.0,466.0,317.0,422603774.69002813,2758798.9399999124,65054.489999997306,1239775.0699999684,62040.84999999351,135840946.8099853
252.0,111.0,386.0,351.0,444936176.8300318,3042860.819999845,60452.28999999599,1212257.1799999317,61316.69999999377,143057189.24998498
165.0,357.0,348.0,230.0,850720368.5700544,2709954.989999965,78328.94999999106,4315316.649999893,141751.9700000022,273385626.8699884
360.0,83.0,396.0,261.0,430319240.7300193,2655222.349999942,58518.31999999646,1172329.009999937,62156.99999999433,138479346.68998858
301.0,340.0,240.0,219.0,911574097.1500543,2815433.250000014,71259.02999999636,4523551.050000012,147724.1399999997,293058052.5599878
276.0,312.0,305.0,207.0,751229761.7700391,2600423.78000001,71315.9499999953,3548747.7299998417,123654.540000008,241562155.71998063
278.0,314.0,306.0,202.0,826081700.8500581,2564538.0799999274,71852.08999999554,4047010.1499998616,136579.70000000874,265640471.10998505
535.0,395.0,97.0,73.0,975844346.7800001,2365463.129999896,61470.73000000142,4826731.910000032,160555.11999999825,314101610.2199885
280.0,574.0,140.0,106.0,1241794737.360052,2464972.9800000014,82596.90999999284,6981464.200000808,214575.35999998797,399275710.5499745
614.0,291.0,111.0,84.0,859054400.7500385,2298877.3299999987,54241.99999999982,3920319.219999728,137344.98000000036,276656733.39996886
473.0,349.0,213.0,65.0,919196956.2000151,2209154.299999881,68717.39999999928,4651940.849999948,156311.51999999437,295826878.47998863
540.0,400.0,97.0,63.0,1036143830.4900265,2292767.6500000195,64329.070000003434,5318881.040000787,174808.76999999484,333455296.5499822
539.0,256.0,243.0,62.0,694910291.2900113,2133265.9999999083,54678.86000000029,2916577.369999813,112738.63000000219,223914965.7899823
238.0,488.0,298.0,76.0,1074909084.2800317,2278377.75999993,82073.26999999066,5936298.410000047,189824.69999999538,345712069.6099687
350.0,462.0,175.0,113.0,1045197045.2500275,2447521.869999961,72846.95999999664,5500976.260000393,176293.63999998485,336181941.11997664
278.0,367.0,349.0,106.0,880485139.1800296,2304578.9699998973,78342.23999999382,4575361.039999931,151556.98000000263,283187297.2300083
282.0,373.0,354.0,91.0,852056493.370015,2129453.889999875,77547.50999999729,4409798.91999969,148410.80000000034,274101401.67999095
258.0,166.0,346.0,330.0,573964883.340065,3098243.869999878,62371.97999999644,2086439.010000063,81883.28000000346,184458920.52999848
41.0,209.0,435.0,415.0,595935395.7800765,3422857.959999748,75710.94999998984,2452037.5400000443,88221.98000001084,191206828.55999878
282.0,80.0,377.0,361.0,427390617.8100438,3130494.519999748,57796.079999995105,1041098.9699998066,55698.17999999333,137402874.61998302
282.0,182.0,276.0,360.0,627459247.6200609,3165884.129999828,59249.0499999959,2377183.090000134,87757.26000000599,201625087.37999424
314.0,202.0,420.0,164.0,616129453.2400302,2420743.589999949,68130.34999999819,2626883.4300001184,102896.41000000986,198277614.4599929
395.0,112.0,387.0,206.0,494753338.8500105,2427365.130000018,61020.70999999832,1673419.7400001746,77554.40000000046,159315453.80998975
61.0,312.0,474.0,253.0,742498108.0100491,2825007.78999995,84583.14999998981,3716325.5400000964,126004.54000001746,238497793.44000486
61.0,137.0,649.0,253.0,434542240.7000332,2442134.090000007,81989.81999999353,1742124.1499999985,77017.66000000035,139606872.21998706
52.0,117.0,404.0,527.0,516012251.46006715,3751971.029999654,67915.83999999415,1694801.989999911,65407.01999998871,165431456.66999283
73.0,163.0,564.0,300.0,496206814.82004005,2700567.6599999587,77299.91999999368,1976926.0400000275,80751.79000000509,159377696.23000216
107.0,538.0,239.0,216.0,1185860240.1800716,2793874.7900001314,89447.70999998438,6706175.830000919,203471.8799999964,381043461.78997654
277.0,446.0,198.0,179.0,1030646592.7000532,2686267.5200000624,77061.09999999285,5473196.530000578,174522.1599999908,331360973.96998495
122.0,455.0,275.0,248.0,1024978061.3100611,2854878.800000029,83578.12999999106,5536489.3200003095,171713.17999999493,329295509.4699724
122.0,617.0,113.0,248.0,1339933968.9800785,3266232.710000295,89246.44999998625,7631458.630001058,229036.46999999386,430501769.9199661
85.0,431.0,192.0,392.0,1010149317.0901009,3350320.7899998645,78099.93999999113,5211894.620000564,158125.54000000123,324376594.3299994
107.0,399.0,100.0,494.0,1025304791.8301321,4007187.5799998515,71437.14999999075,5046302.68000058,150544.6300000098,329128732.48000085
252.0,405.0,74.0,369.0,1040520410.3601024,3550484.4699999886,67192.51999999605,5121348.310000628,156813.04000000487,334291444.680009
252.0,299.0,180.0,369.0,847840076.3200674,3398580.900000019,64487.109999998334,3877042.579999913,126120.78000000514,272406253.5499821
352.0,417.0,104.0,227.0,1057653870.180071,2998251.360000098,68824.84999999701,5375774.16000032,169440.5699999989,340049951.3099733
279.0,330.0,82.0,409.0,916353976.0800738,3651017.0600000075,61758.62999999781,4176919.4399999855,131754.00000000687,294377112.00998497
192.0,4.0,757.0,147.0,189244707.18999663,1995741.300000018,76249.05999999556,105678.23999999558,39843.570000004416,61028773.33999066
124.0,4.0,814.0,158.0,169617821.8399986,1904361.9000000334,80886.0499999966,110590.86999999889,39120.80000000306,54647369.95999062
142.0,289.0,560.0,109.0,700477146.8500105,2067145.0399998925,87012.92999999376,3640153.449999819,129793.06000001532,225272126.15000337
192.0,4.0,758.0,146.0,202652866.57000068,2028771.4300000374,75238.35999999796,167816.66999999114,41152.520000000135,65343950.1699915
154.0,3.0,606.0,337.0,252723719.6799982,2912613.869999787,66392.50999999438,127970.41999999613,32899.84000000269,81168090.87998962
120.0,244.0,474.0,262.0,694383104.3900661,2795611.1899999515,81129.02999999026,3337662.179999994,116515.2800000179,223095341.58999747
98.0,3.0,643.0,356.0,230987555.73999307,2833574.229999841,73198.17999999321,130774.10999999155,33316.34000000404,74131549.4499881
75.0,255.0,495.0,275.0,659735251.2300555,2813873.2399999057,80513.69999999151,3103898.3200001013,109148.27000001658,211895914.83000842
90.0,304.0,592.0,114.0,721869926.8000249,2033776.129999896,91854.06999998915,3896853.08999985,136917.99000001198,232082373.3300067
75.0,255.0,495.0,275.0,663104530.430053,2667511.0199999535,82005.26999999202,3186511.1799999243,112378.18000001328,213029271.85000008
340.0,229.0,218.0,313.0,682726035.5100744,3184858.3899998437,58453.03999999882,2695316.2700001025,98046.72000000562,219491424.40998712
307.0,239.0,228.0,326.0,697822169.3500515,3153889.6099999705,60204.22999999593,2849364.8599999617,100016.85000000401,224261786.069988
427.0,4.0,275.0,394.0,344121363.6600183,3349410.599999751,44688.56999999754,168743.37999999404,32465.140000000447,110699960.71998324
339.0,228.0,220.0,313.0,740740979.8400568,2996158.679999936,60426.35999999746,3155654.6799999992,110865.3100000059,238151478.0599872
463.0,312.0,297.0,28.0,807379822.7300041,2000833.9699998782,67528.39999999989,3916835.6199995265,140034.2800000002,259991045.40997934
640.0,6.0,415.0,39.0,297681099.2700019,1957978.9899999925,47325.22999999803,192291.08999996405,45343.41999999961,96374310.03998718
424.0,329.0,317.0,30.0,804128288.4000033,2024024.7499998913,70903.2399999991,3977229.879999635,140896.7000000011,258860203.10998446
604.0,6.0,447.0,43.0,282447734.87999564,1917343.8900000118,48776.90999999758,140093.06999999593,43955.199999999575,91456640.98998907
390.0,4.0,291.0,415.0,349110412.3600307,3445701.599999678,45292.859999997556,173093.83999999048,31188.84000000052,112235505.09998444
602.0,6.0,450.0,42.0,283273978.6099969,1917942.3200000064,49681.06999999884,190012.51999998413,45503.34000000101,91709959.1199884
453.0,115.0,332.0,200.0,477549129.6200153,2469297.590000035,55680.06999999767,1449367.5100000477,71406.6299999968,153822871.43997794
425.0,121.0,346.0,208.0,472002032.68002886,2631980.5699998927,55310.48999999775,1396332.820000083,69237.4099999975,151995244.65998435
453.0,116.0,331.0,200.0,518840655.3500301,2637768.1499999706,54347.1099999983,1646081.6200001657,75310.70000000008,167049937.46998307
452.0,115.0,333.0,200.0,470187678.4700271,2702657.529999898,52606.759999998016,1278379.3100000033,66434.14999999697,151446511.47998378
482.0,123.0,353.0,142.0,473098216.720016,2287443.4899999746,56096.19999999819,1478770.4000000893,73883.65999999923,152457175.64998806
480.0,124.0,354.0,142.0,505972100.25000656,2289838.479999926,55105.17999999813,1670431.7800001763,78505.29000000007,163042460.85999
453.0,128.0,370.0,149.0,511534610.5900262,2394595.199999993,57062.729999996904,1719371.690000179,78817.38000000217,164773362.04998836
453.0,129.0,369.0,149.0,492995503.7500259,2372738.140000005,57657.66999999693,1621287.9500001704,77126.13000000123,158814617.51998335
424.0,121.0,347.0,208.0,495348411.610026,2536991.17,58540.65999999671,1616288.680000082,75483.93999999923,159485518.49998793
452.0,129.0,370.0,149.0,498445220.86002314,2399172.7399999634,58108.33999999819,1642918.6200001864,77856.38000000399,160580244.94998258
226.0,342.0,105.0,427.0,895202347.210069,3643673.579999935,62309.31999999623,4072706.780000033,127963.97000000367,287513346.65998405
189.0,357.0,109.0,445.0,949306679.1500851,3700571.969999942,66123.02999999477,4473890.4300002,137756.9600000114,304841932.02999526
226.0,343.0,105.0,426.0,868760649.5000898,3687241.0599997826,62856.49999999515,3902823.3800001373,123369.7500000105,279011380.95998514
226.0,342.0,106.0,426.0,928974301.7000893,3742134.7699998287,64111.37999999549,4315676.810000064,132771.05000001026,298300972.57998717
241.0,364.0,111.0,384.0,952997688.8100898,3651423.9999999097,66706.37999999568,4533730.680000195,142513.76000000854,306152509.7900023
240.0,364.0,113.0,383.0,946721011.4800843,3481554.9299998605,65336.92999999725,4494668.730000146,140561.5700000034,304116241.02999187
201.0,380.0,118.0,401.0,991470882.7701086,3722410.519999959,68974.07999999497,4825422.540000534,148415.93000000864,318436884.4400069
201.0,381.0,117.0,401.0,937657595.8500754,3586400.739999998,67364.4899999959,4469618.99000008,139288.380000004,301176104.7199751
188.0,357.0,111.0,444.0,950283875.2600986,3751305.5699999235,66981.31999999638,4508396.590000335,139394.74000000802,305168313.05999124
201.0,381.0,118.0,400.0,993484148.3201085,3550285.2299999283,69019.77999999613,4862483.520000405,149399.05000000322,319114035.4899933
214.0,217.0,203.0,466.0,695050630.9600831,3758059.599999857,59345.59999999868,2683212.500000119,92147.6200000033,223163215.9799835
165.0,229.0,215.0,491.0,719295983.1400887,3678434.3999997433,61846.17999999477,2906786.3600001126,96109.68000000973,230866995.85999122
189.0,319.0,180.0,412.0,845253111.7100971,3638702.1299999584,67131.80999999627,3841307.2600000137,123804.95000000721,271465457.4499798
189.0,192.0,308.0,411.0,635454207.2200644,3290594.9599999464,67465.77999999677,2550977.1400001394,92920.0500000075,204108902.35999066
269.0,273.0,256.0,302.0,744615853.0300689,3256686.4699999425,66079.5399999951,3233878.6299998774,111728.25000000518,239299303.68998685
202.0,341.0,330.0,227.0,861198178.3300607,2744128.6000000313,77394.61999999348,4344082.559999876,143568.65000000654,276814324.7399898
179.0,248.0,398.0,275.0,681399700.1200446,2749272.4099999354,73708.32999999501,3107333.2000000654,108737.83000001319,218945089.55000532
179.0,413.0,233.0,275.0,1006969045.7000542,2849244.2900001085,77128.0199999926,5301955.190000251,166146.05000000176,323591089.71998805
129.0,298.0,288.0,385.0,766058246.7201034,3400478.369999809,72761.319999994,3504424.340000326,116504.83000001912,246003975.93999738
156.0,359.0,346.0,239.0,849541995.1900563,2703378.5700000064,79779.6999999929,4353226.529999944,142598.52000000706,272977501.22000366
329.0,331.0,322.0,118.0,787044869.1400335,2334819.3099999516,70454.09999999807,3811565.0799997495,133374.7000000098,253252863.48999462
301.0,343.0,333.0,123.0,833983881.8500268,2308962.9399999296,74453.57999999424,4196379.369999629,142810.98000000935,268273753.25998476
441.0,67.0,433.0,159.0,377839088.76001245,2288169.3599999817,56991.36999999759,872483.3999999026,58416.30999999599,121830971.76998462
441.0,444.0,56.0,159.0,1062005471.450043,2750442.4799999925,63535.95000000076,5333985.780000572,169431.49999999843,341623458.58999646
272.0,274.0,267.0,287.0,703924551.8100505,2965925.3499998758,66680.7199999952,3041319.8799999747,108024.48000000941,226295229.49999154
472.0,71.0,60.0,497.0,490501031.710064,3950831.6199995643,34912.8500000016,778929.3599998545,43668.56999999622,157671583.94997665
317.0,361.0,45.0,377.0,918189854.3500776,3483169.5199998915,58578.699999997334,4168966.8499998464,133596.88000000527,295086701.9799842
317.0,54.0,351.0,378.0,401775471.5900365,3212115.9699998084,55427.71999999653,812562.8199998912,48215.53999999391,129112783.33998604
640.0,109.0,91.0,260.0,558020685.3800359,3014677.5399998967,37278.88999999998,1478611.0100001271,69258.2099999981,179753165.37997904
440.0,75.0,62.0,523.0,514109829.500072,3949759.5899995496,37970.59000000149,1009150.169999768,47991.56999999312,165153884.6399823
482.0,100.0,82.0,436.0,556588438.5200769,3777587.059999699,39305.430000000015,1340713.7499999392,59177.41999999358,178918214.2399756
435.0,108.0,88.0,469.0,551384184.4200712,3830298.089999715,39207.89000000007,1285949.7299999401,56408.54999999261,177212024.36998346
409.0,250.0,70.0,371.0,766778323.4200693,3486192.219999818,50553.30999999759,3013285.4300001147,102892.5100000045,246459113.02996984
315.0,66.0,434.0,285.0,382540831.42001235,2880052.689999877,57533.72999999741,784618.6799999323,49518.93999999761,123007062.03998674
448.0,93.0,77.0,482.0,531984682.5100682,3698829.1499997,39439.130000000536,1214914.959999904,54724.049999995186,170961158.49998012
271.0,165.0,373.0,291.0,577263759.0900578,2972309.7599999453,63825.679999996275,2170793.9700001474,86566.45999999835,185604604.1999871
264.0,65.0,433.0,338.0,394853792.8100326,3127880.479999775,61501.70999999499,890621.3599998669,51662.72999999485,126888301.95998041
343.0,249.0,70.0,438.0,787519647.630093,3927071.6499997247,52062.71999999722,3095188.2200001325,101768.13000000417,252947339.87997252
247.0,180.0,406.0,267.0,559247264.2600441,2774404.719999913,69828.84999999579,2210125.270000104,87801.43000000801,179765519.3100019
237.0,172.0,388.0,303.0,571057076.8000467,2889879.7299999185,65531.21999999719,2184053.980000069,85627.13000000332,183546332.07999673
96.0,486.0,468.0,50.0,976230379.97,1938408.6599998442,96214.40999998832,5655597.8900002735,182476.889999975,313876064.7499764
20.0,523.0,503.0,54.0,1058024697.630023,1883177.9199998488,102308.17999998905,6350150.980000508,198386.56999997495,340079950.8699804
81.0,578.0,398.0,43.0,1122269328.420013,1921975.939999816,99073.87999998489,6694103.8900006125,207641.70999998433,360770678.5299658
116.0,587.0,336.0,61.0,1224185036.1000159,2108096.91999977,97923.60999998235,7288695.320000901,223070.2999999841,393508498.45996225
89.0,452.0,436.0,123.0,993724551.7300152,2161838.039999868,93481.85999998823,5681386.830000482,181150.98999998288,319416613.3999752
89.0,631.0,258.0,122.0,1279155559.8400514,2561619.910000053,94910.05999997721,7499234.860001284,228539.6199999782,411100080.65997756
23.0,584.0,334.0,159.0,1205123199.4700518,2493038.2400000384,98551.80999998379,7086608.940000714,214341.94999998115,387207704.1299692
16.0,576.0,396.0,112.0,1141479063.5000632,2260945.9999999194,101692.68999998583,6803788.3400005475,210123.10999998113,366810005.8299699
20.0,728.0,298.0,54.0,1391982934.2100024,2054146.129999743,106478.17999998295,8581885.81000116,256778.84999996866,447361762.7699297
18.0,675.0,276.0,131.0,1434308044.3100762,2631644.439999946,106565.25999997821,8794487.170001086,268889.6799999843,460864178.8799317
63.0,110.0,307.0,620.0,534223713.99008363,4099905.659999537,60594.13999999431,1605172.8399998446,59782.96999999109,171191783.60999906
435.0,70.0,197.0,398.0,479348733.83004963,3361972.359999772,42063.8799999989,992378.3499997916,52882.18999999485,154181615.76998404
63.0,111.0,307.0,619.0,516095626.22009295,4221007.699999369,60762.91999999254,1437510.0999998038,54914.5299999897,165364141.07999605
87.0,150.0,15.0,848.0,687841657.5101632,5088722.699999706,48197.48999999572,2115427.2799997823,64264.36999998683,220328115.11998585
76.0,132.0,368.0,524.0,527022976.8300699,3585976.759999668,65116.549999993986,1751447.8699999154,66558.85999999156,168999495.61999613
112.0,197.0,20.0,771.0,746205275.6401625,5068815.869999918,52355.18999999463,2603845.6000002744,79898.00999999886,239169625.94997382
603.0,98.0,10.0,389.0,551755099.3600594,3638999.689999764,31651.540000003344,1172488.1199999235,57485.719999995024,177591993.98997027
486.0,80.0,221.0,313.0,470878362.8300387,3200410.509999788,44222.71999999738,1006672.719999801,55080.449999995726,151540997.6199792
525.0,86.0,9.0,480.0,547905456.4700584,3834469.489999756,32657.650000003723,1142953.4799998698,52491.23999999425,176128387.4899752
603.0,99.0,10.0,388.0,572485910.8300748,3646929.5699996753,33589.67000000351,1356899.4200000216,60635.81999999494,184167749.40996572
250.0,278.0,400.0,172.0,732549611.4400378,2551367.269999923,73834.30999999707,3497749.5699998485,122358.98000000758,235535149.26998094
216.0,289.0,416.0,179.0,692668317.9200393,2456644.829999912,75058.06999999675,3263799.079999953,117636.1900000142,222760701.49000227
249.0,279.0,400.0,172.0,716889319.8100283,2420895.609999975,74754.08999999601,3447483.6900000335,121756.20000001387,230526800.7100004
299.0,334.0,261.0,206.0,885556366.9000342,2579446.259999962,69518.5699999972,4387993.299999909,145247.9200000041,284771076.5599867
278.0,310.0,446.0,66.0,777845761.0500139,1996543.4399999038,78182.08999999531,3972099.6799996262,138770.1100000043,250297629.3699944
341.0,382.0,297.0,80.0,835752745.0000205,2197261.139999933,72928.71999999612,4209642.359999628,143120.70999999956,268877446.2899855
299.0,402.0,314.0,85.0,962550878.1400018,2216446.889999889,79431.44999999506,5147162.26000024,169807.18999999447,309627649.1599782
242.0,325.0,465.0,68.0,755873543.990008,2005406.929999904,80249.07999999536,3873666.409999703,137581.55000000919,243229092.8999958
261.0,350.0,273.0,216.0,898134177.8600398,2702883.350000008,73881.14999999719,4526025.409999953,147973.73000000024,288733445.4699794
299.0,402.0,314.0,85.0,929554599.9200131,2180991.4699999457,78629.37999999497,4929984.04000002,162320.1300000014,299012530.0199874
439.0,214.0,104.0,343.0,695014689.8700672,3271091.8899997734,49335.17999999768,2551660.890000156,92929.74000000404,223494375.44998133
177.0,299.0,145.0,479.0,822937508.6301068,3718699.0399998254,62867.32999999538,3595837.240000059,115186.35000001191,264231408.35997915
355.0,384.0,84.0,277.0,956280758.9900676,3122050.6900000437,63911.609999998785,4614675.750000162,147899.39000000295,307427088.8399817
425.0,207.0,135.0,333.0,703770739.100034,3077561.8499999754,52706.989999998834,2723985.3200000892,99197.2299999991,226334761.49997687
503.0,245.0,119.0,233.0,747427555.4900372,2984100.7599999337,51656.55999999893,3012265.0899999673,109425.62999999803,240480886.36997166
384.0,416.0,122.0,178.0,1014916781.070072,2872297.0099999513,68716.67999999515,5140384.890000798,164825.41000000708,326374386.83000004
204.0,345.0,224.0,327.0,877818382.2300906,3270386.289999848,71108.37999999452,4221333.049999965,136020.86000000924,282043384.12998515
153.0,575.0,126.0,246.0,1235975676.990079,2985251.6600001114,82226.11999998911,6857101.350000881,205466.97999999495,397161223.07999223
129.0,482.0,141.0,348.0,1036009403.5800809,3594810.239999976,76343.47999999442,5304384.860000462,160676.9199999999,332680432.4799993
148.0,554.0,162.0,236.0,1224233115.530056,2845070.819999956,84271.24999998989,6843013.630000985,205826.24999998749,393391300.03998834
178.0,474.0,365.0,83.0,984383859.6500095,2076739.2999998368,86079.13999999281,5487918.630000262,175798.75999999483,316540966.7299952
325.0,399.0,306.0,70.0,898646057.7200065,2205933.13999994,74641.33999999592,4648371.729999844,155076.15999999622,289105487.1599817
234.0,281.0,477.0,108.0,725651464.5400189,2182654.5499999113,80274.04999999503,3645123.8999998025,129506.89000001569,233419594.41000557
173.0,460.0,387.0,80.0,1002458898.2700087,2134786.109999807,89106.91999998719,5639978.090000512,181083.80999998964,322341018.51999056
133.0,352.0,271.0,344.0,870343535.8800517,3076035.0499999323,75796.69999999557,4318224.700000003,138371.59000001277,279549290.74000096
156.0,188.0,350.0,406.0,593845674.070071,3328121.039999784,67349.02999999498,2280580.5200000335,84668.46000000086,190689524.459993
247.0,303.0,255.0,295.0,822861869.2700601,3041274.08000002,68749.6099999959,3859450.809999819,127927.87000000731,264461642.18997598
298.0,165.0,281.0,356.0,591144685.8300611,3255512.7899999265,59681.79999999637,2123134.7600000254,82345.93999999757,189972898.3399882
393.0,218.0,405.0,84.0,622907570.3700129,2161409.6699999482,66719.78999999826,2696869.660000104,106199.73000000895,200585004.8599928
291.0,161.0,300.0,348.0,568363557.7900401,3003325.599999994,60034.44999999692,2020110.8000001651,81147.07000000161,182711713.77999365
319.0,195.0,563.0,23.0,560333165.7700055,1720137.399999898,76676.35999999676,2571458.130000064,106541.62000000698,180509331.93999094
386.0,178.0,515.0,21.0,571401955.4199922,1753519.829999965,72765.62999999813,2550129.4800000726,104868.46000001012,184099206.79999724
377.0,31.0,665.0,27.0,263226545.26000288,1650852.7000000072,66939.14999999886,461220.6099999603,52897.919999999445,85122339.45998819
436.0,267.0,365.0,32.0,657358948.2500118,1899741.8499999517,67316.45000000001,2980419.1799998824,115925.94000000379,211759976.899986
279.0,171.0,492.0,158.0,518442228.2400313,2278426.36999999,71227.3699999958,2096512.7500001886,88512.29000000747,166828825.7299954
443.0,36.0,371.0,250.0,370998834.79001683,2769076.71999993,50762.57999999711,590482.6099999439,47713.179999997024,119534672.85998149
436.0,202.0,276.0,186.0,654683427.7200252,2595187.7600000766,58556.35,2639174.1700000954,101590.3600000024,210725594.00998887
389.0,24.0,520.0,167.0,282394206.4600021,2136432.599999994,61621.27999999666,383018.22999997356,46230.25999999934,91105921.44998726
628.0,39.0,398.0,35.0,368196241.4700006,1960960.729999991,49577.099999998674,697159.8099999011,58440.17999999766,119025685.22998066
518.0,32.0,328.0,222.0,396469160.92001414,2683807.0799999167,47208.35999999791,704666.1699999049,51680.5499999979,127778129.65998207
407.0,331.0,137.0,225.0,884448059.0400493,2840374.5599998864,61566.319999998916,4157384.149999781,137864.3300000016,284442402.6999848
74.0,490.0,203.0,333.0,1090313775.0400982,3426863.1599999513,83960.05999998513,5835793.100000988,177424.57000000795,350180275.1100033
450.0,250.0,151.0,249.0,744798307.1000509,2977829.7100000326,53834.20999999743,3044579.799999947,108674.9300000044,239602431.639981
335.0,272.0,308.0,185.0,741572407.3800359,2603281.830000016,66977.94999999889,3392662.3699997873,120756.07000000862,238531893.57998806
374.0,304.0,126.0,296.0,849456430.9700639,3197717.4800000098,59629.489999997175,3814107.159999826,127227.71000001028,273099267.049971
337.0,187.0,310.0,266.0,577035521.3800402,2833402.829999983,62920.65999999748,2167016.6400002125,85950.25000000294,185565062.5199883
51.0,338.0,383.0,328.0,813969843.1500599,3005550.9899999104,83110.77999999207,4094512.3699999973,133337.9800000085,261374618.9199912
74.0,339.0,205.0,482.0,908592379.9601088,3767827.74999973,74639.69999999141,4402244.790000391,135532.44000001784,291652858.38000315
63.0,284.0,471.0,282.0,708501680.1800504,2768437.6200000346,82118.0099999947,3462348.269999941,118291.9400000115,227554471.04999596
56.0,256.0,424.0,364.0,676488840.6000735,3132091.949999911,77590.80999999122,3075801.790000105,105547.82000000971,217179834.02999672
489.0,25.0,392.0,194.0,346988496.9300113,2539018.799999942,51623.7999999968,495008.96999996254,47369.28999999851,111905619.49998488
321.0,31.0,501.0,247.0,328305669.2600134,2693258.8499999023,60361.87999999587,546369.5199999617,45482.28999999768,105640632.32998681
334.0,367.0,267.0,132.0,927335191.2700185,2362582.459999993,74675.40999999491,4808174.530000013,158499.96000000075,298275678.3499908
669.0,34.0,132.0,265.0,441433126.3300336,3050048.109999818,34340.940000000825,654222.1399998975,48685.83999999605,142304442.1499767
428.0,22.0,343.0,307.0,344368325.6000124,2912189.1999999005,49050.20999999821,354681.62999997946,40385.81999999905,110905677.15998672
365.0,401.0,72.0,262.0,1038944061.9000735,3112904.7200000393,64834.78999999917,5166789.670000273,161167.65999999852,333964278.3699852
382.0,37.0,147.0,534.0,439125451.04005885,3994983.4299994567,40472.629999999735,559060.7399999681,36065.73999999713,140996384.38998333
180.0,386.0,282.0,252.0,931291375.4500571,3033839.54999996,77417.80999999451,4737937.590000103,150419.3199999998,299224176.7099839
256.0,548.0,98.0,198.0,1223114956.3000479,2898653.1000001165,77618.42999999243,6672802.10000114,203651.65999999346,393163765.8099908
224.0,478.0,86.0,312.0,1146989148.9800687,3288279.060000043,74201.83999999239,6023159.3100008145,181895.22000000335,368543415.5299955
148.0,366.0,51.0,535.0,962788256.0900992,4168502.929999796,64090.0999999969,4431442.550000375,133194.71000000727,309052668.7100021
422.0,260.0,37.0,381.0,820405122.9200853,3730712.539999784,50949.41999999747,3325306.1800001,110484.37000000758,263659892.77996433
175.0,232.0,61.0,632.0,778749080.3901086,4418414.479999713,54609.959999995124,2992239.5500001903,94355.29000000593,249816887.28997472
110.0,270.0,324.0,396.0,739173370.5700686,3300468.7299998514,72297.65999999426,3336581.4400000665,111116.28000000761,237318283.03998974
284.0,699.0,98.0,19.0,1393431005.0100126,2102225.619999665,87398.11999999153,8151414.980001765,247437.17999998346,448118490.2499443
206.0,273.0,607.0,14.0,566594896.7600019,1597348.0299999535,84114.28999999646,2828234.3800000157,111810.67000001602,182424442.66000453
463.0,286.0,343.0,8.0,741181172.9999999,1877719.8899998942,68252.92999999867,3545502.749999675,131024.95000000612,238730401.39997756
767.0,254.0,66.0,13.0,793717659.9000002,2167244.7999999076,45894.65999999956,3336429.2799995122,124875.74999999553,255848029.21995372
370.0,123.0,273.0,334.0,530027503.600049,2986398.6499998197,54724.65999999696,1663210.1800001177,71616.8499999977,170462597.59998956
527.0,175.0,389.0,9.0,560495920.7400025,1833633.1899999194,60329.50999999874,2214934.6700003413,97054.78000000336,180745288.97999105
98.0,300.0,324.0,378.0,820833217.6800785,3192932.8299999475,74395.90999999482,3936339.830000055,126663.93000001306,263606134.84999558
235.0,259.0,280.0,326.0,729608442.3700426,2943701.2999999537,66856.59999999776,3240878.809999943,111840.22000000355,234478436.74998814
98.0,301.0,324.0,377.0,809061231.0800922,3269752.029999932,75751.89999999244,3870513.6500000767,124371.27000001767,259780553.74000412
102.0,310.0,297.0,391.0,792579002.4900753,3347360.3299999167,73945.289999993,3697130.2100001085,119924.31000001045,254479630.77999026
116.0,355.0,384.0,245.0,852099359.3600676,2689875.6799999764,81456.6999999929,4389709.9200001,143065.64000000688,273810693.34000385
121.0,370.0,354.0,255.0,849368940.3600655,2835420.3799998504,78797.53999999313,4298504.590000005,138894.4300000112,272894662.9999899
281.0,309.0,296.0,214.0,790549462.2900379,2691991.890000007,69813.079999996,3751203.7999999,127838.86000001014,254193334.47999066
271.0,300.0,323.0,206.0,764651322.0100402,2521110.670000041,71942.10999999345,3674777.889999829,127454.77000000705,245880462.419982
242.0,267.0,255.0,336.0,745255074.5500649,3112432.209999969,65283.429999997614,3258850.3299999754,111088.31000000621,239472340.29998353
281.0,310.0,296.0,213.0,812531699.6400629,2590830.610000005,70305.73999999539,3911596.3099999106,132821.7800000051,261304988.4499867
415.0,616.0,8.0,61.0,1366388566.6000304,2409647.900000036,76380.64999999174,7706451.500001553,234987.50999999678,439463365.42998374
508.0,532.0,7.0,53.0,1202764574.610011,2408383.2999999546,65868.7500000017,6372649.160001069,199887.03999999704,386996189.7299991
414.0,617.0,8.0,61.0,1330356678.9900088,2488901.419999951,75193.94999999458,7421783.050001818,227069.42000000374,427885473.8299984
269.0,400.0,391.0,40.0,885358631.6700271,1992749.1799998754,82366.03999999419,4757036.36999986,159694.39999999566,284835271.0699937
292.0,434.0,6.0,368.0,1059938019.6900988,3718897.4299998907,63808.10999999655,5155162.530000535,157352.60000000254,340532694.0499935
211.0,314.0,308.0,267.0,780282936.8800505,2925637.159999877,73164.71999999245,3693101.200000052,124908.43000001532,250759701.95998922
278.0,290.0,285.0,247.0,767843342.7700404,2785485.4499998717,69131.9299999968,3565706.659999988,122196.13000001066,246853149.57998753
373.0,391.0,5.0,331.0,966908090.9100751,3504655.5699999095,56786.039999998866,4440522.14000023,139650.1400000053,310770061.0799891
346.0,363.0,355.0,36.0,797306315.2500159,1987203.3799999075,73584.84999999696,4008355.8699996364,140938.05000000235,256637820.98998728
278.0,291.0,284.0,247.0,746983143.9200393,2767354.870000027,68247.57999999687,3406524.8999999906,117974.03000000672,240154233.38998598
364.0,90.0,306.0,340.0,484726731.1700418,3134750.729999806,53686.199999996985,1329298.5699999481,62683.23999999317,155867383.04998305
298.0,98.0,334.0,370.0,476424958.0400479,3323509.09999979,57671.49999999578,1291271.8999999405,60030.98999999321,153070931.76999256
307.0,246.0,259.0,288.0,735167597.3100665,3016599.869999906,65141.75999999603,3204543.1699999683,111975.28000000757,236337856.32998776
457.0,113.0,103.0,427.0,543614648.3400644,3713760.69999965,40942.31999999948,1307934.7599999388,58138.789999994246,174765747.4799797
403.0,100.0,340.0,257.0,473911743.9700298,2771515.319999982,52772.609999998196,1301366.7500000559,64548.89999999492,152521770.55999115
413.0,331.0,93.0,263.0,885293954.6700543,3021170.159999912,57764.83999999888,4029675.7199997148,132688.0900000011,284691295.9099706
444.0,146.0,133.0,377.0,581535107.9100642,3335451.889999809,45193.10999999846,1733447.7100001213,70718.63999999524,186987979.0799742
273.0,291.0,305.0,231.0,824895224.6300534,2826282.5200000084,71978.25999999678,3951566.3199997684,133532.88000001144,265221237.35998577
305.0,325.0,91.0,379.0,845273428.660075,3418338.269999988,58481.189999998394,3712574.4199999217,120674.24000000361,271616827.22997665
342.0,365.0,103.0,290.0,921515846.3400568,3130653.3999999827,62606.479999998104,4345571.17999991,140176.86000000327,296244464.7699894
257.0,458.0,166.0,219.0,1050781185.5500617,2957354.8799999934,74929.00999999366,5495995.860000586,172154.29999999594,337734384.1299995
131.0,526.0,191.0,252.0,1157659495.670074,3038603.8400000767,83820.49999998946,6346660.570000692,192942.12999999247,371956213.8399773
359.0,200.0,233.0,308.0,613258283.4000478,2970746.9399999483,56359.34999999788,2249453.26000016,86987.39000000239,197228836.40998027
205.0,365.0,355.0,175.0,824846493.5000397,2381130.4100000067,78654.67999999353,4213642.209999845,141808.5000000047,265217830.05999088
303.0,542.0,197.0,58.0,1221298518.50002,2208298.5799999214,83103.2499999897,6947013.460000856,215259.4699999903,392761308.99997735
316.0,176.0,548.0,60.0,522769630.56001174,1943115.7499999595,72831.80999999667,2213224.7800003095,95529.3900000069,168402589.2699912
118.0,472.0,460.0,50.0,942326709.4200133,1809594.1999997888,95487.34999998774,5457672.370000306,177799.72999998747,303015468.8199874
266.0,333.0,387.0,114.0,809040158.4900268,2223652.559999882,79121.70999999554,4144589.9399995618,141961.99000000278,260232986.51999095
136.0,170.0,532.0,262.0,514575796.290037,2588806.2999999546,76535.43999999462,2118444.490000107,86479.26000000897,165382700.0199952
167.0,209.0,652.0,72.0,558039761.7700108,1831246.2199999637,85179.35999999201,2724519.9600000614,108736.91000001607,179588691.10000318
312.0,110.0,153.0,525.0,562254519.2100908,3904451.2399994433,47398.97999999465,1513067.8499999794,60639.82999999068,180526305.58998573
80.0,142.0,198.0,680.0,593775835.5201026,4295870.9499995485,57704.15999999525,1888728.0999998334,64620.66999998865,190277974.4699919
249.0,311.0,122.0,418.0,871004799.440125,3869237.159999866,62484.73999999435,3871493.1900000614,123530.89000001071,279734240.82998127
332.0,117.0,93.0,558.0,578387572.7200823,4043986.6199995666,43119.48999999918,1513969.4899998957,59822.169999990816,185710322.0699835
253.0,89.0,124.0,634.0,539624753.550102,4380547.329999582,44781.29999999759,1243128.079999818,49635.68999999247,173064477.97998452
218.0,273.0,62.0,547.0,860328838.1701044,4130064.9399997266,58229.29999999596,3655710.100000184,114093.06000000924,276156636.2799763
65.0,116.0,93.0,826.0,595129758.7901353,5101349.319999823,48390.74999999433,1533217.2799997379,49308.01999998965,190495782.92998704
49.0,309.0,122.0,620.0,884102116.0001295,4336145.0199997155,68784.42999999224,3990244.3300002143,120441.30000001143,283614403.0199769
64.0,403.0,91.0,542.0,953681866.510124,4066562.1299998625,66962.87999999398,4470832.380000339,132769.8000000076,306021144.1299989
52.0,325.0,73.0,650.0,880743334.600157,4681291.239999936,62600.27999999288,3762079.7100004726,111019.72000001287,282419560.4599867
287.0,220.0,235.0,358.0,683991077.8500733,3314516.059999838,60703.10999999641,2721927.4600000624,97800.45000001037,219834282.739988
221.0,238.0,254.0,387.0,703022076.1800709,3455940.7099998496,62740.35999999542,2866640.6400000667,99140.83000000447,225810492.4099889
265.0,289.0,216.0,330.0,809907985.3000779,3336522.900000001,68073.65999999561,3686356.64999994,121883.01000001155,260207831.46998808
293.0,225.0,217.0,365.0,705764447.6900783,3241140.1999998507,59902.4499999955,2869375.9699999904,101140.2300000068,226802216.74999
387.0,297.0,316.0,100.0,779039013.8599977,2185535.9199998924,69685.3999999998,3770264.379999665,132779.9800000062,250711053.3899891
356.0,388.0,264.0,92.0,910190609.990023,2316196.299999966,73160.0499999972,4671768.529999922,154896.5199999963,292797478.53997296
316.0,340.0,329.0,115.0,831513878.7900144,2267866.3399999216,73405.5299999975,4177172.9899995564,143458.37000000154,267518586.89998922
272.0,417.0,312.0,99.0,1037167379.920038,2346076.5899999263,81737.14999999458,5666103.190000401,179673.35999999408,333514143.909979
207.0,316.0,215.0,362.0,847434428.2400709,3235535.0299998806,68635.25999999596,3986464.140000006,128577.84000001087,272204390.00998265
279.0,428.0,291.0,102.0,985466999.1300284,2317441.189999959,81203.29999999341,5329779.020000303,171498.26999999047,316912049.42997456
392.0,258.0,286.0,164.0,754623711.5300306,2653784.3299999624,64228.849999998216,3397456.399999876,120406.34000000743,242778920.28998467
503.0,217.0,242.0,138.0,667803199.1100277,2410788.919999988,55284.29999999863,2684689.6300000977,104365.87000000324,215073249.82997718
335.0,380.0,245.0,140.0,896215103.720049,2430424.290000055,72140.00999999113,4553509.400000225,152225.4299999933,288257172.04997265
408.0,268.0,253.0,171.0,695772951.2500341,2536298.5199999465,60345.549999998875,2947641.9399999403,109341.080000004,223894328.27998373
339.0,223.0,248.0,290.0,718924186.1600467,3040266.5799999833,62482.84999999752,3028081.0099999974,108149.50000000342,231149538.5099865
305.0,346.0,189.0,260.0,888437388.7300625,3065903.13999996,67002.07999999785,4249157.289999931,138844.7000000102,285568762.9799848
458.0,198.0,187.0,257.0,718555166.6000618,3058358.539999921,55459.08999999776,2878524.2400000077,104268.81000000375,231129019.99997944
395.0,294.0,190.0,221.0,783132715.0000409,2883785.299999945,61240.21999999677,3462160.2499999455,119716.98000000887,251855665.6499845
453.0,337.0,185.0,125.0,886032186.8900405,2414729.329999976,63631.259999999915,4284158.889999536,145465.95000000083,285128900.539976
405.0,302.0,166.0,227.0,846615947.9600639,2951092.9799998677,61017.629999998215,3865408.779999745,130249.08000000479,272310161.8099778
13.0,375.0,393.0,319.0,845590319.3000884,3021287.2099999567,84990.59999998983,4361005.560000141,139351.3500000118,271503395.9900027
122.0,338.0,353.0,287.0,821088358.5100561,3025914.689999959,78817.84999999168,4063278.840000001,132782.61000001716,263773477.78998932
19.0,64.0,561.0,456.0,354519456.28003144,3309021.9399996847,71154.55999999245,830296.5299998972,45633.769999995646,113596477.20998594
14.0,384.0,375.0,327.0,882724986.7800802,2997832.1099999207,86576.57999998877,4620214.530000176,146086.7200000054,283443420.3299909
12.0,344.0,359.0,385.0,825591251.3900794,3364103.6999999285,81746.02999999103,4091888.7100001187,130150.9200000158,265007293.51999924
17.0,58.0,477.0,548.0,390255007.2200585,3901542.5299995,66906.96999998968,809739.3799999306,40948.65999999881,124940471.9799859
114.0,318.0,311.0,357.0,828096241.1800772,3365591.979999799,75765.48999999004,3977189.6199999927,127735.17000001883,265914847.20999536
150.0,49.0,435.0,466.0,353071504.6800342,3562747.4199996805,60140.82999999518,517499.2100000391,36640.68999999938,113202826.79998703
172.0,56.0,466.0,406.0,374494624.95004076,3154662.8799998066,62855.18999999484,794369.8799999119,47479.18999999522,120233525.53998604
154.0,50.0,417.0,479.0,371860339.88003516,3589630.4799996335,60268.07999999411,633875.8400000104,40108.76999999896,119256702.19998592
25.0,493.0,468.0,114.0,1066713143.2400167,2126934.5099997814,99736.54999998743,6299445.350000334,197736.83999997753,342811583.85999453
189.0,418.0,396.0,97.0,967505529.5900257,2143678.5099999295,86435.27999999249,5357710.690000236,172679.90999999066,311092346.099985
29.0,396.0,542.0,133.0,839625277.8900455,2109223.3499999032,95667.35999999312,4737050.819999987,155961.01000000443,269831715.71001196
17.0,332.0,674.0,77.0,753489698.4900249,1909758.6999998896,97558.519999992,4260209.869999741,145520.53000000384,242197911.24002242
14.0,278.0,263.0,545.0,784399089.420111,4016517.099999722,70808.06999999356,3460698.220000263,108640.65000001503,251578245.38999587
12.0,161.0,472.0,455.0,544848939.8900635,3280269.0999999247,75463.66999999383,2141746.799999997,79448.91000000064,174766635.76999968
91.0,202.0,411.0,396.0,646515883.9700695,3124268.879999913,74008.46999999558,2811760.7800000384,98661.62000000662,207562114.9699989
123.0,188.0,257.0,532.0,627716753.510101,3833354.629999534,62393.28999999228,2293393.8700000406,80705.00000000048,201410087.84999332
146.0,223.0,656.0,75.0,573996265.1900058,1775843.2299999257,85958.13999999285,2884380.0499999668,111376.36000001192,184679297.0799971
97.0,148.0,435.0,420.0,526072947.3900606,3240459.629999864,70946.98999999248,1925073.1400000183,74802.91999999955,168839017.2699977
191.0,348.0,340.0,221.0,843495202.7600443,2662897.030000061,78900.23999999418,4300517.95999977,142320.83000000697,271101660.21999514
243.0,328.0,320.0,209.0,844266576.1100389,2654047.42999999,75961.08999999377,4227902.419999756,141187.75000000288,271423123.7399955
201.0,311.0,356.0,232.0,779930951.3800498,2674779.719999997,73778.9499999962,3765271.369999906,127616.59000000857,250723011.36998564
231.0,419.0,183.0,267.0,950189656.010087,3094733.299999973,69212.58999999576,4690013.640000413,147497.57000000376,305335646.319991
207.0,376.0,366.0,151.0,898934456.700031,2449782.350000054,79690.47999999255,4703839.790000122,154934.8099999946,289022029.37999153
270.0,419.0,214.0,197.0,967652719.8000599,2720083.969999995,72624.52999999732,4935036.430000202,159631.60999999856,311126731.9899924
316.0,427.0,186.0,171.0,981729287.7700468,2693163.689999982,71697.09999999807,5012614.7700002445,161706.8899999928,315677649.42999285
274.0,316.0,361.0,149.0,767998465.1900266,2324437.539999942,73491.07999999753,3751270.999999736,131207.31000001132,247041243.86999318
306.0,352.0,180.0,262.0,890720875.5300541,2997066.9700000915,66763.51999999718,4249358.159999877,139058.3000000029,286345740.31997734
335.0,386.0,197.0,182.0,941367521.1300472,2774220.380000102,69059.95999999571,4688315.330000251,153811.1999999989,302726788.8199918
565.0,147.0,129.0,259.0,622740350.1800452,2996669.749999907,44892.44999999952,2059121.7600003325,84069.74999999933,200458926.4799727
623.0,131.0,115.0,231.0,610156233.5200413,3050501.739999911,41406.30999999966,1887274.000000248,80017.94000000192,196477471.11997375
456.0,331.0,104.0,209.0,861361371.3200405,2849646.3599999724,57015.16999999882,3892156.0499997567,130832.2799999993,277094654.63997
426.0,111.0,367.0,196.0,477569257.2400184,2546860.1899999552,58108.389999997606,1487169.500000061,72262.69999999744,153786114.65998575
663.0,172.0,152.0,113.0,630983076.8700254,2486420.010000027,44917.07999999838,2217838.2600003686,92397.890000002,203357936.01997033
399.0,290.0,343.0,68.0,769698102.1900197,2136777.5699999025,69430.41999999921,3710569.5499997283,131727.4000000124,247753418.229991
538.0,113.0,375.0,74.0,471340013.960008,2077385.6299999473,55708.16999999844,1498047.7500001276,76940.57000000126,152028718.8899804
575.0,339.0,107.0,79.0,877685555.1200325,2423622.959999932,55492.520000000106,4038793.1199995517,140204.17999999644,282602460.79996985
414.0,244.0,288.0,154.0,715044651.7800132,2401716.0500000212,63022.16999999907,3158120.6999998363,116641.88000000443,230149204.05998328
454.0,267.0,316.0,63.0,710348763.5400172,2124663.7999999523,65685.21999999906,3248660.029999744,120636.88000000527,228735511.78997967
120.0,308.0,297.0,375.0,812904377.4600843,3196439.969999898,76002.64999999294,3914703.9300000407,127532.38000001699,261063824.92999756
186.0,287.0,277.0,350.0,780366198.0400648,3164551.779999946,69758.0999999966,3575216.4800000056,119728.73000001155,250720512.66999036
161.0,36.0,399.0,504.0,360719760.6300272,3713129.769999651,56319.04999999523,463327.04000002606,34631.25999999991,115658033.74998549
150.0,387.0,91.0,472.0,982742592.670127,4023382.499999903,67159.66999999416,4688755.870000494,141854.1800000074,315503672.8899929
131.0,338.0,326.0,305.0,860966044.240059,3074319.389999967,77414.7799999918,4268598.289999923,137365.92000001174,276564431.35998815
265.0,60.0,160.0,615.0,486718655.1700679,4191551.2599994894,45424.55999999771,950858.7399998447,42884.00999999465,156098442.57998633
256.0,395.0,93.0,356.0,993972974.440082,3491388.0100000403,66865.85999999754,4840628.160000355,150735.34999999858,319340037.15998405
274.0,37.0,408.0,381.0,343092763.0900267,3140148.0999998557,56585.13999999587,485140.18000000395,40904.709999998224,110277457.22998446
326.0,44.0,118.0,612.0,448853072.6300678,4137607.3199995533,40378.77000000059,598971.6799999835,35251.31999999732,144019842.14998612
381.0,52.0,138.0,529.0,465344158.73006177,3892123.239999701,40680.66999999953,766816.7199998549,42221.839999994496,149456679.12998646
194.0,37.0,391.0,478.0,377993197.27003694,3459096.0199996554,57793.29999999397,652765.2899999555,41485.71999999703,121285914.20998646
166.0,38.0,403.0,493.0,370408629.0300311,3601525.2799996017,60062.37999999364,613185.2800000015,39583.7399999983,118800019.28998567
167.0,184.0,337.0,412.0,612616527.2400757,3362025.779999731,66811.26999999327,2387243.9000000455,85826.540000006,196673683.48000196
219.0,42.0,298.0,541.0,415143680.9400424,3806425.129999622,51872.48999999631,689174.8999999448,40037.20999999681,133184705.3699805
341.0,65.0,688.0,6.0,282664177.3000003,1536744.4499999871,72396.39999999723,744041.5299999429,59953.6199999987,91325289.2799888
317.0,348.0,430.0,5.0,806756763.590014,1797197.9699998717,79381.24999999479,4235795.11999972,148527.3799999972,259675922.7199959
381.0,87.0,624.0,8.0,383602860.4199991,1672611.8799999515,69810.15999999816,1291770.9500000987,74427.92999999902,123797743.64998388
230.0,305.0,560.0,5.0,682695177.1600022,1651918.4099998593,85054.9999999957,3566739.1199996937,131500.70000000895,219757281.2900003
158.0,210.0,260.0,472.0,712120053.9500847,3569255.3999997806,64175.44999999466,2944174.890000068,97941.93000000739,228571214.71999568
276.0,366.0,452.0,6.0,849331041.8199977,1752838.8299998601,83516.45999999382,4611022.019999928,156906.949999995,273306225.0299973
438.0,281.0,147.0,234.0,835224555.1500733,2964348.8199999747,58642.87999999885,3707787.9299997436,126344.60999999967,268658594.15997046
417.0,290.0,152.0,241.0,864251780.6900502,3012369.779999987,60179.679999998225,3947126.8899997813,130272.0900000059,277920127.7899751
377.0,394.0,127.0,202.0,971107959.6300575,2833788.0499999924,64772.329999997775,4789054.560000294,153908.0399999972,312283608.01998675
495.0,318.0,22.0,265.0,889781135.5000502,3130631.349999933,51411.64999999833,3887115.059999778,130775.96000000098,286212295.30997384
433.0,277.0,146.0,244.0,786293432.8200624,3184749.5099999737,56471.21999999775,3325911.789999957,115968.52000000574,252875961.00997183
415.0,433.0,18.0,234.0,1100610600.970052,3133432.5100000664,64329.94999999842,5530096.4000008125,172161.28000000093,353872605.1700049
467.0,324.0,23.0,286.0,890699540.990054,3213278.190000034,52340.98999999855,3907307.599999735,128764.78999999879,286420021.52997994
354.0,400.0,129.0,217.0,993788407.0100553,2976574.12000003,66097.02999999773,4930154.240000284,156945.28000000038,319522671.5999913
399.0,451.0,19.0,231.0,1043647003.8100709,3165942.210000079,60878.269999999575,5095515.130000115,161674.13000000565,335593172.49997526
394.0,446.0,19.0,241.0,1056620336.9600627,3133827.890000017,62334.03999999931,5235240.800000658,164864.66999999902,339734144.9099873
316.0,159.0,269.0,356.0,610898713.6700627,3129754.8099998445,58650.689999997456,2236818.200000139,86404.77000000107,196412375.36998937
291.0,164.0,278.0,367.0,603302071.3500427,3168708.6499998565,58680.64999999665,2210651.770000087,83703.14000000211,193871011.99998993
272.0,289.0,232.0,307.0,768724284.4800396,3002706.799999978,66448.15999999586,3451413.3899999117,117305.47000000977,247073188.28998896
286.0,143.0,349.0,322.0,541584765.9900534,3084919.7199998847,60611.42999999621,1833160.2800001055,76200.25999999754,174109940.75999102
312.0,157.0,266.0,365.0,561410808.9100591,3276464.719999855,57649.2299999972,1878754.8500000758,76561.78999999992,180430264.4299946
247.0,262.0,302.0,289.0,718681377.3200508,3023357.169999956,66617.8699999962,3137859.2300000126,110052.12000000793,230995517.15999275
260.0,146.0,354.0,340.0,555983821.8500421,3143897.1099998625,59814.95999999583,1915992.9600001143,76160.30999999962,178644968.8399926
248.0,293.0,236.0,323.0,796179165.7200968,3308187.91999999,67224.9799999957,3606557.4099999545,120381.93000000728,255824473.2599839
229.0,271.0,312.0,288.0,720172492.4800586,2984974.179999958,67536.32999999559,3178836.440000016,110500.41000001036,231457500.26999456
226.0,269.0,309.0,296.0,746162730.2200694,2965998.5399999656,71962.87999999488,3425001.719999986,116619.46000000983,239782954.89999413
129.0,724.0,46.0,201.0,1515405455.5900807,3092367.3200002667,90872.069999982,8837099.800001934,258873.7899999912,486935233.26998156
73.0,766.0,48.0,213.0,1592259424.260078,3041667.090000125,97210.50999998076,9493464.780001786,274935.1100000146,511547393.12997544
264.0,333.0,93.0,410.0,853064093.2700919,3698688.1399999107,60736.589999997275,3748255.829999989,120864.63000000604,274024872.83997935
109.0,608.0,214.0,169.0,1309805783.2800746,2607506.0600000503,93701.139999984,7649798.530001095,230031.47999998127,420900743.25995106
127.0,708.0,44.0,221.0,1442658083.880056,3110083.3300001216,87984.08999998451,8316841.81000159,241555.65999999462,463498100.3599943
184.0,233.0,362.0,321.0,632505930.8000648,3064992.24999991,69080.16999999432,2619627.2100000274,95196.52000000652,203192793.01999548
60.0,625.0,220.0,195.0,1303450418.8300514,2755754.1300002057,96438.18999997858,7653964.980001276,228818.1599999899,418779611.1299718
152.0,357.0,99.0,492.0,933037468.2901247,4002527.5799996587,67124.96999999335,4339061.610000413,132995.08000001582,299529947.09999645
111.0,261.0,406.0,322.0,750410350.520075,3159964.789999949,78616.47999999042,3571287.420000024,119698.5100000184,240993637.06000644
107.0,252.0,393.0,348.0,676504824.5900502,3009909.2399999406,74567.10999999288,3039703.5600000103,105129.04000000842,217259081.89999637
167.0,110.0,490.0,333.0,458007130.53004307,2976068.8899998977,67696.25999999393,1471071.6699999613,66116.46999999257,147123441.43999362
390.0,84.0,373.0,253.0,435056728.40003407,2800899.7999998904,57554.599999996586,1137831.469999896,61628.899999993926,140038734.7299823
169.0,100.0,495.0,336.0,433235602.3700331,2881115.0599998864,66964.72999999598,1335799.0999999375,63267.79999999311,139180256.5699895
169.0,111.0,485.0,335.0,436233870.37002456,2801014.489999894,68514.41999999437,1397734.0399999695,64575.429999992455,140141418.92998847
224.0,147.0,655.0,74.0,460285392.72000223,1861252.119999979,76847.35999999769,1906373.360000241,87368.20000000733,148257892.09999084
229.0,136.0,659.0,76.0,395857363.0600125,1840424.009999955,77642.89999999711,1524021.170000136,77049.7300000024,127511609.07998477
486.0,104.0,457.0,53.0,425891502.8900056,1961596.389999983,60794.39999999954,1331287.2000000924,72878.20000000007,137389429.94998094
487.0,94.0,466.0,53.0,413116500.6100074,1923188.599999974,59627.30999999853,1237557.2800000906,70332.61999999984,133294350.40997921
395.0,77.0,371.0,257.0,437254541.19002485,2810577.969999938,55067.549999996605,1085556.2599998913,59728.7699999962,140740430.58998618
491.0,95.0,461.0,53.0,401733052.98000526,1908262.3199999528,59175.89999999915,1133567.3599999517,68644.39999999976,129664850.61998025
328.0,295.0,53.0,424.0,906470432.4301004,3990684.0299998675,59780.78999999615,4004740.920000001,128181.5600000097,291190114.73998636
86.0,388.0,69.0,557.0,1006670048.5501279,4176004.12999973,68061.43999999491,4816984.620000477,142366.23000000944,323049602.8000027
330.0,290.0,53.0,427.0,803146349.5700831,3739301.919999841,53081.379999996956,3250072.9900001055,106319.71000000593,258009712.3999711
330.0,296.0,48.0,426.0,838454043.4001039,3729883.059999858,54063.56999999734,3510893.8700000113,112813.14000000434,269355485.4999687
385.0,345.0,62.0,308.0,933122071.3000581,3160592.909999996,59747.079999999536,4365409.649999838,139980.4500000004,299965356.70997673
390.0,342.0,56.0,312.0,909866407.9400451,3304690.3200000376,55625.539999998604,4075602.989999765,131983.43999999855,292488782.1499763
107.0,483.0,78.0,432.0,1194451003.9201202,3739859.449999942,78693.06999998743,6359250.670001346,188347.62000000387,383570550.28002197
107.0,474.0,87.0,432.0,1147213894.6101258,3816274.9599999385,76136.509999991,5968820.180000999,176949.89000000161,368381638.64000934
87.0,385.0,63.0,565.0,987282043.4901483,4299389.999999764,67411.96999999294,4650778.1200006455,138099.54000001485,316821853.2199949
108.0,478.0,78.0,436.0,1131377403.060102,3789773.759999969,75147.74999998845,5851780.900001109,173409.38000000527,363270297.5900083
444.0,179.0,400.0,77.0,570156659.9900137,2061489.3099999698,63330.699999999735,2309194.0100001735,96711.4600000067,183682160.6799922
238.0,236.0,525.0,101.0,627074579.2200233,2042576.9899999269,79920.69999999531,3023469.269999877,114062.75000001493,201752837.6700021
368.0,336.0,332.0,64.0,824784716.2900261,2175398.569999924,72465.5499999976,4112932.539999678,142253.61000000042,265428375.89998546
446.0,180.0,396.0,78.0,591864262.6900167,2106263.839999947,60874.62999999982,2373923.2200002894,99200.14000000438,190701434.90998682
348.0,141.0,314.0,297.0,553817517.5200517,2986662.1699998765,59234.079999996444,1920150.29000006,78001.7000000024,178043713.53999317
301.0,274.0,268.0,257.0,770372042.8100435,2869965.300000006,65948.30999999706,3477002.9799998906,120033.29000000954,247688920.2699874
176.0,174.0,382.0,368.0,591729826.6000508,3104691.999999874,67585.53999999592,2299189.2500001476,87075.53000000467,190074845.55999157
146.0,326.0,322.0,306.0,824419382.7900548,2919830.399999963,76496.19999999314,4049325.4399999,133195.9000000173,264891164.689997
189.0,421.0,410.0,80.0,950257721.860028,2028197.2099998528,86894.20999999232,5298847.270000184,171591.4499999882,305567950.4099805
147.0,327.0,319.0,307.0,791591345.8400726,3038814.3699999265,75941.20999999311,3806456.1099999417,126231.98000001512,254299854.7799893
213.0,411.0,168.0,308.0,1001313343.4100796,3297575.6599999745,74177.9499999911,5075522.230000769,157923.7600000059,321703114.17000586
349.0,347.0,143.0,261.0,903176701.71005,3067601.8800000134,63821.55999999791,4246275.789999777,137677.18000000328,290332037.29998654
271.0,221.0,215.0,393.0,656980031.3100643,3376484.849999904,56619.50999999766,2464252.2600000855,89387.6000000032,211066086.12997937
214.0,412.0,164.0,310.0,1004574849.6700643,3073684.5900000283,73732.08999999259,5152737.540000404,159466.2999999956,322773173.9199823
249.0,481.0,197.0,173.0,1081847650.2400284,2677700.2899999875,79725.40999999126,5840591.41000063,181224.08999999287,347771430.7999898
336.0,273.0,258.0,233.0,766169857.9100547,2829581.6899999212,63169.389999997846,3407598.6199999475,118171.53000001027,246393911.4599859
400.0,399.0,158.0,143.0,1005584328.3500359,2460590.4199999673,69057.81999999996,5174680.720000087,167119.27000000235,323459618.35998523
503.0,211.0,206.0,180.0,673724550.8300366,2637032.7999999844,55135.249999998305,2659677.2500001388,102067.03000000589,216890055.34998676
429.0,180.0,170.0,321.0,631512915.7300482,3154771.97999996,51832.32999999921,2225399.84000017,86703.12999999986,203121825.36997744
506.0,213.0,200.0,181.0,663919638.4800195,2597658.949999885,54471.259999998314,2606530.680000027,100958.47000000461,213754017.62997875
267.0,210.0,191.0,432.0,684776036.3900791,3512361.859999822,56511.0099999965,2610913.6600000886,91646.94000000582,219970303.73998904
466.0,160.0,145.0,329.0,624297943.7800571,3423320.419999833,48416.90999999901,2051100.490000136,80573.36999999815,200767903.4799829
270.0,200.0,193.0,437.0,671338431.1100866,3776633.4599997075,56963.96999999612,2460790.1300000567,87018.52000000369,215613752.44998625
174.0,136.0,508.0,282.0,485941959.3200429,2757019.5299999197,72076.23999999356,1788077.7900000052,76141.46999999844,156153873.86999592
207.0,162.0,148.0,583.0,640537895.3801103,4231334.119999598,55148.22999999487,2136211.090000023,74883.9700000007,205501526.6699838
147.0,109.0,429.0,415.0,473088627.56004363,3149227.6399998385,68450.82999999441,1567982.7599999914,67167.53999999394,151877049.7599929
286.0,98.0,364.0,352.0,462501892.7000381,3102766.099999844,56286.2599999966,1241103.1899998975,60067.299999995,148671967.39998475
383.0,125.0,120.0,472.0,573754714.820075,3769373.479999756,46351.849999998034,1610534.6299999591,63937.259999990165,184275007.23998562
333.0,108.0,424.0,235.0,467402759.87003076,2754715.0999999424,62331.079999996444,1472967.040000081,69607.01999999644,150357010.86999193
287.0,93.0,366.0,354.0,450054221.0000409,3073347.47999987,57916.03999999821,1199578.9699999078,59097.399999994035,144660509.35999617
386.0,353.0,342.0,19.0,853690661.7100233,1974449.9499998456,74996.83999999658,4411290.359999699,152924.4999999999,274789034.49998933
162.0,463.0,449.0,26.0,980022430.8400061,1854713.3499998273,94178.83999998926,5638634.790000258,182675.00999998386,315175668.67998147
388.0,348.0,344.0,20.0,839848042.0900149,1892440.7699998675,73620.4699999975,4299276.699999579,148918.25999999658,270356123.1699828
434.0,396.0,248.0,22.0,956129903.199986,2016111.7599999018,69658.92999999906,4935089.689999991,163968.36999999423,307760074.3199739
330.0,302.0,292.0,176.0,775555718.9100289,2452497.510000003,67126.32999999753,3623844.7899997924,126007.63000000601,249494758.99997523
366.0,329.0,210.0,195.0,833665672.410044,2734557.619999913,63323.04999999798,3871231.879999775,131148.27000000348,268160896.3799717
150.0,430.0,269.0,251.0,970096369.6800634,2992050.9699999187,79448.46999999168,5053833.280000407,159798.9100000023,311689758.0799873
133.0,375.0,370.0,222.0,867972434.2400646,2711469.8699999987,80577.25999999222,4476202.150000052,147642.97000000734,278961696.1599896
191.0,537.0,342.0,30.0,1088238049.3700109,1904739.1799997792,92205.25999998853,6323014.940000355,200244.75999998412,349950791.93997
152.0,425.0,271.0,252.0,974169414.1900532,2903895.6800000137,79727.02999999157,5111083.850000445,159995.46999999706,312985775.0999943
343.0,7.0,286.0,464.0,356110596.25002193,3522026.2099996847,46436.51999999756,265226.42999999144,31467.190000001094,114381690.88998424
14.0,11.0,410.0,665.0,335358555.940034,4093926.689999433,62607.27999999188,336507.5600000529,27474.990000002545,107238021.92998745
225.0,383.0,188.0,304.0,932675240.8600684,3113304.540000022,71368.45999999577,4597744.180000143,145418.38000000143,299684261.44998085
304.0,7.0,378.0,411.0,314946862.1100043,3148108.899999839,53960.60999999704,224702.35999999696,32445.02000000226,101172030.34998786
502.0,11.0,420.0,167.0,302279292.16000855,2395815.3799999896,51241.84999999749,242214.32999995214,42008.83999999996,97581228.85998492
257.0,439.0,319.0,85.0,996749677.5700172,2265741.5799998688,82003.2999999916,5425692.730000455,175984.2499999939,320582179.95998484
19.0,15.0,841.0,225.0,187039023.32999688,2193337.7100000326,85019.55999999552,244880.87000000803,40387.26000000193,60089221.389988296
11.0,647.0,316.0,126.0,1298247274.5900352,2407318.1199999917,102455.54999998021,7834626.470001141,235174.13999996913,417152876.38994604
7.0,433.0,316.0,344.0,983453955.9900981,3432921.8600001517,85994.79999998512,5228657.180000671,161794.81000000547,315740172.8999915
10.0,567.0,413.0,110.0,1121370807.5000243,2132364.239999842,101112.33999998451,6671025.460000445,205543.7899999741,360352181.2599664
50.0,300.0,579.0,171.0,695445238.5100168,2272379.839999932,90692.36999999305,3654483.549999943,128125.66000001394,223476070.1400086
246.0,244.0,471.0,139.0,653098194.9900204,2214454.2599999798,75574.84999999758,3075541.4599998775,114048.56000001378,210106454.66000235
50.0,294.0,584.0,172.0,665263817.1900257,2227265.8799999696,89967.26999999497,3454039.6099999496,122346.0300000158,213805512.74000674
84.0,505.0,224.0,287.0,1063084791.970081,3226269.2100000526,83254.76999999012,5716385.6600006465,175302.26999999574,341442187.72998303
41.0,247.0,477.0,335.0,631159402.3000622,3006485.079999885,82908.16999999026,2910214.44000008,103835.31000001843,202656075.8700028
62.0,365.0,166.0,507.0,961903696.61012,3885820.1199998613,73170.27999999214,4678823.970000382,141790.5500000093,308724473.61999315
291.0,289.0,128.0,392.0,807971253.4100782,3543697.519999869,59126.60999999543,3456273.820000117,114158.69000000572,259570340.0399827
211.0,203.0,403.0,283.0,581258550.7300544,2796109.849999923,69454.54999999629,2366743.4700000337,92083.7500000068,186846902.90000144
370.0,358.0,163.0,209.0,889509785.7000557,2796446.229999974,63385.04999999896,4212813.099999709,139790.89000000185,286086039.10997444
293.0,284.0,129.0,394.0,851352316.9700663,3404992.7199999373,60232.549999997296,3784985.7899999507,122227.0100000068,273518042.7299775
136.0,51.0,97.0,816.0,489345111.75010896,5093965.379999727,43975.76999999789,751594.3399999165,30174.339999997635,156573412.42998716
407.0,37.0,70.0,586.0,472778011.7500716,4171330.3199994653,35997.12000000177,674272.2299998936,37905.28999999484,151795721.87998107
79.0,489.0,57.0,475.0,1175905957.9201572,4038332.539999831,77507.02999999019,6139737.720000966,178489.56000000454,377489556.29001725
103.0,39.0,340.0,618.0,385552780.1600475,4084730.3099994184,55540.04999999491,539809.4500000463,32458.45000000149,123450242.09998764
273.0,103.0,195.0,529.0,528668517.6500674,3893070.1399996313,49687.86999999781,1372740.1899998835,56985.89999999222,169685932.27998418
89.0,547.0,292.0,172.0,1097305064.630043,2355934.72999999,91654.59999999042,6283253.590000451,194035.65999998225,352649368.98997355
469.0,42.0,371.0,218.0,379702327.4500125,2618540.38999998,50233.88999999842,682909.2699999313,50978.099999996964,122363299.809983
353.0,522.0,61.0,164.0,1176002732.9500384,2800665.0300000166,70794.20999999721,6245120.720000544,192576.16000000178,378153388.1199918
234.0,345.0,185.0,336.0,855077733.2200614,3167407.8100000103,67164.57999999606,4021006.8299999353,130721.79000000964,274749309.2599845
294.0,436.0,233.0,137.0,1032533952.5300303,2579888.3000000166,77828.10999999387,5496308.640000086,175009.53999999547,331996820.9799627
349.0,308.0,331.0,112.0,768509509.5300275,2261776.3899999396,69116.61999999813,3662853.809999815,129531.54000000832,247320345.28998464
469.0,259.0,278.0,94.0,732620110.9700229,2333712.3499999894,60564.34999999842,3235109.189999912,119450.01000000453,235891863.11998162
420.0,148.0,397.0,135.0,543703870.6400207,2291381.019999988,61473.50999999883,2039875.5800003272,88386.87000000414,175116353.81998727
302.0,267.0,434.0,97.0,713959942.0200108,2214070.2299999353,74932.40999999631,3443508.6199998073,124549.2000000107,229735179.0399938
275.0,242.0,260.0,323.0,683421057.2000763,3165965.4199999063,61308.76999999665,2772453.870000127,99078.28000000704,219653901.4799894
277.0,98.0,398.0,327.0,475655883.7500407,3043848.3099998427,60168.84999999534,1397774.6099999922,65189.349999991726,152925752.37998846
345.0,191.0,310.0,254.0,612454699.0200512,2826252.16999995,60425.289999997105,2361411.750000218,92149.01000000381,197008460.12998673
432.0,95.0,255.0,318.0,465423661.5900291,3016266.4699998833,48491.18999999691,1100633.889999911,58438.55999999507,149781793.75998536
474.0,105.0,426.0,95.0,458280690.5100049,2090023.589999974,59266.96999999931,1480177.4300001918,76315.98000000017,147770589.08998787
385.0,85.0,346.0,284.0,461738944.5900329,2749810.6999999527,57045.21999999795,1310750.8199999821,65364.69999999397,148594902.27998996
390.0,133.0,150.0,427.0,580796218.0600766,3800960.8999997596,47783.879999997385,1673192.8199999868,67829.09999999485,186614906.65998232
350.0,140.0,159.0,451.0,607539421.4700795,3770623.7599997562,49000.33999999828,1879998.7400001024,72775.35999999673,195183615.519983
364.0,197.0,140.0,399.0,674803289.6600913,3508126.5799997514,50649.91999999668,2445600.980000126,87716.66000000668,216846081.3999734
425.0,144.0,66.0,465.0,614050615.1200831,3896057.6099997563,43888.14999999952,1768878.3600000443,69037.98999999372,197290902.65996933
386.0,131.0,148.0,435.0,545032006.1800634,3750723.7899997365,46302.03999999867,1433191.0399999924,61937.889999993786,175126241.30997851
390.0,211.0,60.0,439.0,751294834.5200765,3813961.6499998607,49658.53999999918,2825029.3900000006,96247.0100000024,241376249.37997094
378.0,151.0,69.0,502.0,637744729.5100769,3777800.5799997263,43634.30999999905,1982564.5400001183,73529.42999999598,204881820.22997922
322.0,205.0,146.0,427.0,721036406.4300679,3643611.329999818,54986.449999997,2751678.1100000627,95303.58000000501,231671229.31997988
354.0,225.0,64.0,457.0,777255897.3600857,3877084.8599997386,52024.049999996045,3009978.22000014,100241.150000002,249682947.08996683
350.0,222.0,64.0,464.0,751908721.140092,4031119.8999997885,51847.17999999854,2837565.180000077,96327.45000000266,241514991.06997007
165.0,358.0,375.0,202.0,757783129.1100445,2527699.43999998,78309.42999999202,3744363.579999945,128416.50000001556,243594836.72999734
112.0,378.0,397.0,213.0,895475967.3600415,2560300.0899999873,85332.28999999154,4791369.970000192,154311.30999999904,287753649.05999565
154.0,407.0,350.0,189.0,932646032.8700336,2531312.580000032,84207.97999999062,5012128.460000311,160158.15000000517,299743733.8099888
180.0,389.0,311.0,220.0,914383857.4800447,2698958.390000057,79150.06999999385,4730196.590000092,153716.03000000425,293902974.44999653
163.0,354.0,371.0,212.0,871435503.7100242,2462524.699999982,80469.70999999346,4552497.319999977,149123.44999999838,280119463.5500005
165.0,436.0,285.0,214.0,976341436.0700561,2647345.2899999004,80558.51999999495,5192239.08000023,164109.65999999852,313797492.1199909
121.0,408.0,326.0,245.0,939986749.5200617,2930155.7500000913,82948.81999999037,4953431.420000157,157985.29000000173,302026421.1999825
103.0,424.0,365.0,208.0,973219508.4600486,2639763.469999923,87120.50999999013,5303680.890000239,168288.00000000003,312736808.9299976
113.0,466.0,305.0,216.0,1026088782.0000578,2629623.240000101,84539.92999999013,5609509.990000437,174808.45999999536,329742183.0399811
112.0,460.0,302.0,226.0,1013898145.4400457,2701500.7600000356,86300.8199999864,5529427.430000515,172415.77999999947,325811888.40997905
278.0,238.0,401.0,183.0,652914475.7300115,2503609.150000039,68734.8699999975,2871823.4999999856,106460.780000007,209984278.03999582
78.0,295.0,499.0,228.0,770075051.1800435,2518798.8099999377,86953.44999999418,4006143.029999882,135911.9700000102,247460374.73000786
256.0,308.0,368.0,168.0,749861781.6000309,2400340.4899999565,75072.30999999546,3653344.2399999658,127028.64000000896,241156166.42998728
435.0,371.0,8.0,286.0,983482753.0900944,3303791.310000013,56591.07999999914,4594251.820000171,147555.02999999982,316236446.15998673
219.0,187.0,315.0,379.0,628129439.9400567,3216692.039999855,64046.279999997154,2446882.0100000263,89527.73000000257,201780884.76999587
278.0,336.0,5.0,481.0,906557519.8801169,4149029.5499997004,55703.449999996934,3881649.2400000785,120884.1400000024,291130025.709989
87.0,332.0,7.0,674.0,928939099.1001669,4840947.689999941,61133.68999999231,4031549.8600004404,118549.96000001323,297926701.90999275
54.0,288.0,344.0,414.0,744752878.9900721,3389114.99999997,74058.33999999241,3387702.419999991,110941.49000001131,239034080.95999813
117.0,630.0,9.0,344.0,1405066914.9600887,3500156.2100002705,84350.99999998783,7904928.770001734,230796.66999999742,451351499.8499898
78.0,417.0,6.0,599.0,1049910986.5901431,4583134.180000009,67614.14999999446,5004026.340000787,146173.4200000059,336864395.67001355
371.0,343.0,78.0,308.0,902549484.9200469,3102393.7399999606,58444.979999997886,4130635.869999649,134409.6900000004,290171617.2299775
262.0,395.0,89.0,354.0,1023622031.9200764,3442576.580000048,68328.36999999719,5083852.450000316,157686.50000000102,328869359.1399746
516.0,48.0,108.0,428.0,477075408.68005306,3737190.339999674,35793.98000000226,774855.5299999007,44239.56999999587,153375186.2299765
336.0,312.0,173.0,279.0,846891237.8000739,3127046.6300000055,62626.77999999706,3854816.879999909,127277.02000000342,272215021.29998255
442.0,409.0,93.0,156.0,971484177.8700255,2686769.760000041,60971.77000000007,4724945.4000001075,153349.48999999682,312515610.0499791
561.0,53.0,288.0,198.0,400245974.17001873,2580816.020000014,46130.27999999773,735685.7699998801,52522.519999996584,129049619.69997932
281.0,423.0,234.0,162.0,965970933.790036,2485697.450000025,75306.85999999575,5051683.000000122,162607.76999999324,310612327.6599953
532.0,81.0,181.0,306.0,469074667.44002205,2907670.5999999405,43689.16999999951,1063885.829999853,58518.50999999491,151049641.69998452
330.0,50.0,275.0,445.0,420637135.2400391,3478375.8499997593,49540.229999996554,758899.0799998834,44101.91999999621,135108331.59998506
430.0,65.0,358.0,247.0,409537714.15002745,2812173.149999852,52104.78999999676,864304.3999998752,54249.94999999524,131883681.83998361
420.0,96.0,543.0,41.0,381415986.01999885,1805379.709999985,66474.35999999956,1179964.8699999729,71302.89000000065,123092981.57998326
459.0,90.0,512.0,39.0,381759460.99000436,1813794.3499999982,64454.829999998314,1143362.9699999783,69230.38999999882,123205850.87998073
386.0,178.0,498.0,38.0,512704393.9800075,1851128.979999921,68655.40999999826,2106764.8400003095,92327.44000000965,165216199.36999083
656.0,150.0,229.0,65.0,536548918.0800023,2185345.709999936,46669.77999999999,1694980.4000003994,81763.70000000056,173092688.97997445
414.0,95.0,535.0,56.0,401704492.0800026,1909488.3800000008,66501.99999999948,1292905.8299999994,72892.8599999989,129574818.58998573
565.0,261.0,197.0,77.0,760309482.4100281,2324605.6100000106,54741.5200000004,3282569.3699997524,121656.88000000204,244900333.10996276
681.0,134.0,205.0,80.0,576501543.6000167,2352780.319999924,46999.66999999855,1923439.120000504,87016.5500000011,185896351.95997506
418.0,167.0,466.0,49.0,519850742.24000967,1859066.7599999278,66409.95999999935,2099532.6500003226,92857.94000000399,167550008.86998656
616.0,246.0,185.0,53.0,743077003.5900135,2165953.229999982,53587.72000000064,3183785.7399998014,120207.38000000433,239422583.43997976
606.0,241.0,182.0,71.0,675231224.5600134,2289091.160000007,51964.22000000076,2700808.6600000025,106900.49000000235,217586735.25998136
137.0,379.0,259.0,325.0,903743141.9400707,3054355.2100000037,76329.70999999314,4541063.540000228,143391.6500000082,290314988.29999024
192.0,357.0,245.0,306.0,912534719.840059,3140393.6100000334,75247.27999999344,4573281.3799999785,146217.9800000022,293170655.689979
126.0,438.0,238.0,298.0,1000165464.1600745,3092948.9499999797,78543.22999999221,5215428.320000212,160346.43999999788,321280259.74997306
119.0,328.0,372.0,281.0,804885917.3300691,2899912.279999903,79813.76999999289,4008201.379999928,132034.41000001435,258573807.95000416
135.0,374.0,256.0,335.0,962346082.4900849,3446060.0399998603,77068.4799999903,4847090.090000419,150966.41000000524,309082967.7700013
109.0,379.0,342.0,270.0,872436277.1000571,2982006.30999995,79350.07999999159,4421576.58000007,141324.68000000902,280247968.13999194
166.0,308.0,349.0,277.0,752009657.6400571,2963498.949999918,74187.51999999465,3545570.150000012,119174.0900000121,241589454.4099958
175.0,410.0,223.0,292.0,960952819.2400877,3064022.4600000572,77099.98999999255,4936058.27000034,155443.29000000237,308749177.409984
156.0,366.0,329.0,249.0,900150136.9400721,2822274.5700000534,80408.53999999142,4650759.540000332,149596.16000000446,289251865.6799968
154.0,362.0,326.0,258.0,913112997.7700509,2897218.3600000823,81295.68999999171,4746856.390000127,151647.08000000578,293388037.53998876
90.0,179.0,449.0,382.0,553820527.720054,3244896.69999982,72847.62999999383,2151651.4499999685,81702.92999999986,177771952.25999835
346.0,134.0,335.0,285.0,483996220.66003996,2854683.789999911,60895.87999999585,1504324.9300000172,69791.73999999811,155683387.899993
72.0,363.0,360.0,305.0,839556886.360078,3053186.7199999318,81115.87999999091,4231750.400000028,136530.4600000142,269631808.50999594
144.0,287.0,57.0,612.0,837598414.5701075,4413746.679999696,57660.749999993735,3441438.3100003544,105556.03000000876,268734413.27997977
88.0,177.0,444.0,391.0,531824820.79005545,3092667.7499999464,71657.34999999443,2020854.6099999559,78081.49000000097,170713076.31000394
101.0,513.0,40.0,446.0,1216027467.080106,3727538.120000113,77043.54999999164,6469862.570000996,189527.9599999985,390473091.50998896
475.0,183.0,37.0,405.0,711958053.5900759,3557844.9699999276,44138.94999999978,2498458.77000021,90536.2100000007,228901972.33996204
289.0,284.0,280.0,247.0,777038014.5000505,2878532.049999915,68773.3299999953,3586823.829999897,122707.53000001039,249813102.3799807
382.0,374.0,29.0,315.0,982110975.6500971,3490170.030000014,59244.86999999746,4601959.720000279,144909.78000000498,315654515.9900016
378.0,370.0,29.0,323.0,969472904.6500807,3437118.040000121,58884.8599999997,4513758.769999979,143549.36000000444,311604884.7599841
341.0,430.0,198.0,131.0,1042292447.510031,2518700.950000046,75949.48999999308,5525682.180000954,177745.0099999898,335220068.7699894
240.0,487.0,225.0,148.0,1086271545.3800366,2569628.669999996,80036.61999999269,5896625.040000692,184767.99999999814,349238712.64999187
429.0,256.0,250.0,165.0,739774402.2800413,2558152.1199999657,61665.589999998134,3262879.239999896,117357.9500000054,238054275.6799862
315.0,398.0,266.0,121.0,950313620.6600276,2481405.7300000116,75467.73999999471,4931234.020000189,160880.87999999837,305616928.13998973
336.0,425.0,196.0,143.0,1041728081.8600414,2432480.6399999917,75582.14999999494,5559798.630000244,176728.71999999287,334990851.5399792
384.0,230.0,323.0,163.0,663836879.9100188,2520486.669999997,64358.19999999767,2830626.819999938,106545.45000000218,213610730.99998152
217.0,441.0,294.0,148.0,997561764.1700261,2441525.319999967,81818.25999999195,5404267.920000339,172188.51999999964,320722135.05998266
308.0,295.0,288.0,209.0,808673942.9200457,2703561.329999945,68468.48999999707,3821402.249999809,130799.43000001032,260038904.96998817
280.0,268.0,379.0,173.0,748017788.0600289,2525763.9799999907,71298.02999999691,3536492.499999843,123831.6300000076,240560557.37999767
276.0,264.0,372.0,188.0,696998074.0000339,2516597.209999908,71482.05999999479,3213521.7799998648,115761.87000000337,224149659.4799816
466.0,54.0,324.0,256.0,393960208.71002686,2901306.979999915,48255.39999999663,653953.2999999231,47989.619999996685,126869980.73997982
132.0,82.0,495.0,391.0,408004672.37004185,3243065.329999776,67901.8399999934,1101684.709999893,55220.219999994966,130957867.03998847
456.0,76.0,317.0,251.0,439920959.2300182,2781882.1599999806,50272.35999999747,1023496.8599998732,58392.32999999543,141663100.19998053
547.0,63.0,189.0,301.0,472568888.8800318,3067531.4699998815,39958.20999999997,951806.4799998146,55157.209999997125,152200771.33998019
594.0,68.0,413.0,25.0,392574188.67999816,1867180.7699999858,51755.41999999897,942766.3599998921,64687.85999999862,126849629.49997786
708.0,118.0,245.0,29.0,524100233.0800125,2120417.019999966,45573.67999999894,1597293.6000003114,80145.86000000112,169141911.64997938
298.0,183.0,553.0,66.0,538746448.0600095,1921656.749999952,75605.45999999615,2372512.7900002035,99766.06000000669,173499346.40999743
188.0,169.0,702.0,41.0,445049810.2900072,1640959.5399999588,85319.2399999963,2030397.1100001798,91720.3900000091,143328520.97998586
164.0,147.0,305.0,484.0,556381032.2500483,3253459.199999944,62290.36999999631,1954638.4200000626,74490.43999999604,178627836.40999097
277.0,248.0,514.0,61.0,616230232.5300157,1950456.32999994,76602.79999999955,2920608.8700000355,111861.87000001248,198356443.24000338
396.0,560.0,134.0,10.0,1185193346.9200013,2092052.4599997941,74189.72999999372,6513539.600000966,205452.19999999178,381349395.57998073
516.0,465.0,111.0,8.0,1068439908.8800113,2087273.0299997865,66809.65000000127,5614214.640000322,182482.60999999303,343899810.3599775
380.0,581.0,129.0,10.0,1262450827.2399817,2049682.6099997447,79784.10999999467,7161185.530000841,220569.49999998885,406093004.98998165
253.0,357.0,484.0,6.0,822250598.0099983,1703408.839999877,86578.7499999962,4500095.879999765,153950.09000000433,264579095.2100077
274.0,388.0,93.0,345.0,961025284.7600749,3542489.7199998647,65134.39999999659,4596188.200000257,145336.7800000072,308792564.7499829
193.0,295.0,370.0,242.0,757714871.860068,2878872.010000002,73281.14999999666,3559086.409999947,121821.09000001258,243507070.8999882
281.0,253.0,342.0,224.0,672841324.5400522,2736452.479999991,69106.5699999967,2964094.440000092,108432.1700000119,216364774.09999612
368.0,358.0,80.0,294.0,964246621.8600941,3342187.0599999726,62792.07999999721,4583295.570000279,145851.76000000376,309934580.5099807
343.0,334.0,418.0,5.0,790390426.1400017,1769825.3999998746,77415.16999999639,4103908.5299995416,145123.660000001,254440543.49999306
276.0,268.0,336.0,220.0,674203486.9500418,2564877.7599999113,71260.25999999394,3043746.7300000484,110920.69000000847,216802032.13999122
355.0,270.0,316.0,159.0,724600024.080031,2552893.3699999605,64895.61999999826,3237902.9299998283,116753.93000000299,233110602.7099861
508.0,215.0,251.0,126.0,695245181.5200142,2465933.800000013,58028.03000000026,2926198.3499998953,109910.53000000566,223817291.57997918
224.0,576.0,200.0,100.0,1197381118.9900289,2366794.1899999217,84057.7999999916,6762329.950000765,207367.96999998612,384962911.4599693
299.0,228.0,439.0,134.0,661247729.75002,2307789.2699999735,70479.70999999663,2988797.7300000223,111751.45000000703,212792006.52999076
345.0,263.0,307.0,185.0,714204885.8000275,2649129.619999973,67203.10999999853,3195670.6099999165,114973.06000000527,229715922.64998597
197.0,507.0,290.0,106.0,1129949176.4800186,2298142.759999948,87446.31999998922,6412758.330000727,198311.01999999164,363270948.3799892
434.0,183.0,354.0,129.0,578045349.4600112,2300160.5199999916,61928.71999999903,2270069.6400001873,95106.43000000087,186182804.21999252
342.0,487.0,169.0,102.0,1119381082.2100341,2399615.109999955,76453.45999999648,6086737.970000788,191029.9799999953,360009923.9999736
316.0,449.0,257.0,78.0,1047136748.2700154,2273238.819999928,79955.29999999213,5698840.700000467,183362.2999999872,336800833.56997544
311.0,443.0,253.0,93.0,990266715.2400068,2308120.1499998993,76515.14999999557,5243672.580000449,169989.749999998,318530768.95998365
301.0,273.0,288.0,238.0,790972753.2500497,2825027.6200000467,69402.06999999908,3701806.9299997487,127263.49000000974,254328269.3999884
24.0,368.0,388.0,320.0,872064102.4800727,3112271.5099999923,85356.86999998704,4518180.850000216,143328.53000001342,280017982.3500039
355.0,124.0,340.0,281.0,486596875.4700342,2805299.749999966,58148.55999999667,1492786.5600000324,69185.42999999553,156532732.1099868
284.0,258.0,334.0,224.0,728932988.8800291,2591782.119999966,70138.0999999957,3376961.16999993,119699.10000001133,234412754.08000138
298.0,271.0,285.0,246.0,740390399.8400381,2864428.9800000065,66569.56999999894,3310827.8399998792,115239.11000000543,238037589.44999257
328.0,114.0,387.0,271.0,476339286.530026,2745972.7400000156,59397.73999999829,1475773.9500000465,69919.829999997,153276665.85998574
22.0,337.0,436.0,305.0,794809383.8500636,2947548.1699999473,86291.18999998865,4063835.499999971,133203.8000000163,255235288.78000516
30.0,175.0,481.0,414.0,529259761.99006075,3235100.1499998346,74424.73999999191,2049651.30999996,77893.12999999813,169789382.62000483
28.0,161.0,545.0,366.0,545566819.0800529,3012176.3999998663,79029.39999999302,2272153.870000017,85431.4500000082,175092511.61000678
27.0,159.0,537.0,377.0,511838710.16003513,2899737.1199999386,78390.6699999938,2066268.4599999753,80645.7500000005,164264212.0399981
423.0,367.0,16.0,294.0,963790674.7800545,3271840.7499999213,56440.659999998934,4469516.210000072,145180.4299999994,309906300.63999367
276.0,447.0,19.0,358.0,1084772256.260076,3580820.310000007,66176.9399999981,5395709.960000612,165236.60000000152,348540655.299998
615.0,34.0,23.0,428.0,474933690.4800457,3737101.4799997625,29053.48000000319,599293.2799999107,41510.30999999572,152840288.25998193
377.0,327.0,134.0,262.0,871091827.8800485,2966777.839999967,59471.779999996616,3976525.399999753,132057.5400000021,280136065.99997103
309.0,269.0,12.0,510.0,818988556.2100929,4085966.9399996707,50286.77999999485,3230506.6700002425,103040.40000000525,262988667.7499734
360.0,20.0,127.0,593.0,413305650.1700465,4016911.079999523,37374.75000000083,337235.0100000083,29369.36999999818,132667109.6199825
174.0,280.0,114.0,532.0,812805946.5701083,4027731.7199996347,60181.159999993855,3401906.540000282,107915.66000000817,260895604.9099747
260.0,26.0,18.0,796.0,475091145.0700957,4988348.229999663,34318.32000000425,472455.15000004676,23972.629999999946,152134258.25998423
360.0,37.0,237.0,466.0,385519102.0600423,3607903.8999996707,45019.239999996746,399851.74999998807,34838.48999999924,123859543.53997971
228.0,23.0,150.0,699.0,422215708.6800662,4574231.979999613,42242.86999999775,373295.40000002703,26173.469999999466,135270124.9099826
24.0,442.0,235.0,399.0,979884692.1100943,3326787.3000000045,82429.24999998714,5103876.320000501,154966.9600000062,314581821.2199995
275.0,339.0,180.0,306.0,880828770.6000457,3067661.5299999625,66372.8699999968,4173119.3499998264,135850.61000000627,283109417.21998525
30.0,293.0,288.0,489.0,767392569.5200992,3719351.3199997596,74121.32999999079,3462274.120000122,111323.4300000134,246217012.25998926
23.0,412.0,293.0,372.0,929087328.8600742,3246944.5699999356,82615.62999999111,4820793.010000232,149581.35000000388,298280714.9399971
30.0,548.0,291.0,231.0,1198449196.9700496,2794983.9000000674,93788.2599999853,6886622.88000092,206913.5599999914,384997875.9999823
35.0,345.0,452.0,268.0,795547277.6700535,2833768.3199999034,85063.84999999097,4068474.9900000147,133776.90000002444,255516920.54001927
304.0,374.0,265.0,157.0,865327664.0000374,2530369.379999999,70361.51999999688,4280151.129999896,142746.87999999954,278340950.4799791
388.0,258.0,253.0,201.0,767609668.9700474,2573164.3699999647,64590.529999997205,3505183.6599999387,123698.96000000618,246949174.2299822
302.0,200.0,263.0,335.0,653070563.7200621,3247347.4799999874,58785.58999999759,2502315.3000000822,92144.15000000244,209911541.97998783
360.0,239.0,314.0,187.0,700526519.9500513,2628266.2999999635,64875.77999999888,3069689.8400000273,111428.47000000479,225337670.9099906
25.0,140.0,552.0,383.0,478379815.67003655,3007567.300000002,78412.61999999138,1814915.0599999335,73606.33999999668,153492393.3399939
41.0,138.0,544.0,377.0,487344400.7800402,3001149.579999951,78228.76999999199,1876209.0199999984,76261.60000000076,156421446.23999816
20.0,333.0,441.0,306.0,778645294.8800808,3059777.2899999265,85393.72999998854,3944788.470000055,130335.3100000233,250016133.23000845
42.0,239.0,166.0,653.0,750539163.190131,4398425.549999635,62313.4799999937,2983210.110000106,92422.54000000328,240622125.68998972
30.0,169.0,664.0,237.0,480374579.4300269,2381473.349999982,86629.8799999928,2145519.5000000293,87577.32000000641,154320684.7799959
37.0,622.0,145.0,296.0,1337755980.580042,3230820.6000001477,92569.32999998216,7682234.1200011335,225138.4099999896,429661405.4699746
95.0,324.0,225.0,456.0,863417121.6400791,3579426.369999939,72113.01999999383,4086985.3300001062,128638.92000001372,277168886.32999444
38.0,379.0,503.0,180.0,812970060.320049,2412007.059999974,90935.10999999045,4401736.659999855,144743.63000000545,261204260.56001365
49.0,488.0,114.0,449.0,1185508939.0201142,3752517.7199999914,81950.33999998693,6350606.860001015,186333.0699999995,380613434.6599923
60.0,609.0,142.0,289.0,1330880299.0500681,3245926.8000001786,89313.05999998395,7584168.580001176,223160.36999999604,427496002.8599644
350.0,465.0,227.0,58.0,1034242342.1600096,2144439.4099998786,77724.569999993,5597713.960000292,180520.76999998954,332718467.9499738
361.0,459.0,223.0,57.0,1039181390.920011,2196521.1799998134,74864.48999999544,5565040.04000043,178327.6599999983,334310582.01997614
531.0,138.0,344.0,87.0,527979700.50000733,2200133.719999952,56094.0899999997,1838771.8100002834,84815.89000000214,170199864.7099836
297.0,395.0,359.0,49.0,927672213.6500238,2010149.4399998568,81529.13999999431,5013163.700000017,165765.87000000043,298447110.1399894
246.0,327.0,159.0,368.0,875124213.8100657,3362531.3099999824,63986.54999999628,4044476.8599999105,129444.18000000768,281169434.13997555
278.0,72.0,335.0,415.0,414366581.3800381,3463614.6599997147,55397.50999999562,836352.1799999009,46916.35999999549,133073556.34998326
227.0,288.0,261.0,324.0,776034488.0000746,3338955.419999828,67839.99999999546,3473824.6000001053,117049.57000001341,249298225.80999133
334.0,83.0,207.0,476.0,479618298.70004237,3748598.5499997037,46901.68999999798,1015679.8099998473,49845.319999994805,154033283.1899879
430.0,106.0,496.0,68.0,425290734.22000307,2075705.230000007,64288.98999999808,1360549.5300000827,72823.78999999873,137110394.9499832
288.0,71.0,331.0,410.0,444026425.7900506,3443919.029999716,56583.85999999542,1045841.6599998259,52833.039999994246,142622122.8399838
322.0,190.0,245.0,343.0,627299104.9300543,3151369.9599998784,58975.23999999749,2335450.420000173,89100.2100000037,201675675.98998904
329.0,189.0,242.0,340.0,640353667.210076,3349465.789999928,59063.41999999561,2387063.6400001533,90134.78000001104,205849265.67998946
331.0,164.0,252.0,353.0,583358729.3200516,3419366.1399997664,56460.57999999516,1947575.6300001137,77069.8800000006,187490271.87998545
348.0,206.0,176.0,370.0,668759157.3900665,3339940.5299998675,54308.39999999785,2503994.6800001035,90529.69999999985,214925852.249981
360.0,213.0,274.0,253.0,644752856.5900527,2922379.429999936,59797.30999999735,2530551.2500001555,96456.20000000243,207387960.9799878
407.0,201.0,206.0,286.0,631536298.420037,3157194.119999932,51966.33999999683,2206408.4800002924,86028.8400000013,203136683.77998245
401.0,229.0,197.0,273.0,743427743.180049,3095852.7699999306,59217.12999999602,3128190.989999973,110826.00000000575,239069539.03998452
380.0,182.0,279.0,259.0,636678882.8000531,2982492.769999951,60095.90999999685,2465663.3300001626,93572.95000000292,204758591.91998214
366.0,176.0,180.0,378.0,632503680.3300632,3353653.669999886,53294.05999999645,2226027.1500000954,84436.42999999998,203316296.55998152
415.0,199.0,204.0,282.0,681333519.1800603,3095096.9099999317,54034.91999999714,2618508.000000067,97529.62000000318,219186709.15997612
187.0,628.0,64.0,221.0,1359170112.4300656,2989941.8400001363,84627.15999998696,7697951.7500012815,227379.7499999924,436752750.8999714
201.0,619.0,63.0,217.0,1315464982.6200554,2946498.030000096,80720.35999999016,7346247.090001328,218196.54999999382,422750020.2899922
196.0,606.0,67.0,231.0,1348871694.64006,3171224.420000163,84573.87999998577,7585429.370001646,226040.44999999696,433457559.55999386
127.0,426.0,397.0,150.0,897987900.300017,2308801.7999999123,86790.60999999188,4882905.500000142,158399.5299999989,288658217.36999303
225.0,756.0,77.0,42.0,1504746577.9500363,2347572.8599999603,90615.19999998414,8917427.13000142,264137.729999999,483766491.27996945
149.0,459.0,464.0,28.0,987516609.6700118,1845399.8099998175,94159.87999999092,5731807.810000215,185167.16999998412,317557530.7399841
154.0,476.0,443.0,27.0,1027669984.7100159,1824870.7599998144,93479.04999998774,5973350.860000173,192338.58999998425,330495660.6499603
254.0,722.0,80.0,44.0,1397107028.7800357,2239667.6599998595,85170.43999998948,8118982.140001449,245138.07999998785,449275469.89996696
141.0,401.0,405.0,153.0,913348135.0900408,2439025.8999999133,87598.3399999919,4956270.280000233,160954.45999999525,293582744.2499973
160.0,454.0,459.0,27.0,976524371.6600122,1854635.189999794,92507.89999998941,5592028.900000199,181526.44999999175,314054770.6199859
268.0,222.0,308.0,302.0,659331784.580058,3002303.6799997943,63929.94999999595,2715437.340000103,98748.34000001119,211925481.3399943
281.0,218.0,304.0,297.0,660958513.9100367,2917510.0600000564,63119.48999999691,2701754.740000027,99012.5800000059,212473319.56998673
244.0,303.0,279.0,274.0,802410834.5200554,2943049.6699999566,69354.77999999745,3755658.709999911,125872.86000001154,257892248.90999064
305.0,251.0,202.0,342.0,749938311.3100836,3279332.949999874,60460.459999998224,3178443.660000056,110068.9000000057,241031486.63998228
238.0,197.0,273.0,392.0,605942519.9500694,3435255.029999805,61257.81999999503,2216033.0000001206,82268.11000000442,194604761.58999076
242.0,301.0,160.0,397.0,818577114.1400955,3689244.0499997884,60544.48999999506,3537453.490000063,115294.77000000865,262909179.1299756
279.0,216.0,174.0,431.0,642284825.2100751,3577383.309999809,55391.57999999574,2291828.0600001398,83129.89999999902,206292419.9999812
229.0,269.0,247.0,355.0,747378187.5600654,3197079.7899998263,66109.0999999949,3283361.1100000795,111509.8000000102,240141319.70998803
285.0,335.0,178.0,302.0,863469602.7400633,3167063.0000000116,64542.89999999681,3982292.1799999117,128983.27000000594,277498254.6299919
253.0,297.0,158.0,392.0,812865250.610076,3401837.8599998583,61248.99999999634,3562155.650000077,116553.17000000819,261137064.43998563
272.0,251.0,290.0,287.0,684959271.4100423,3045784.9999999744,63922.069999997286,2854105.4699999895,102608.37000000835,220193546.74998954
278.0,249.0,288.0,285.0,746416996.4800452,2875878.7399999616,68745.19999999745,3389176.0499999765,117376.85000001172,239935994.82998854
350.0,6.0,374.0,370.0,331682624.3500221,3308059.589999811,49381.99999999796,189951.9299999895,32564.670000001828,106635664.4899881
288.0,265.0,244.0,303.0,716383011.9900534,3095941.6600000383,63461.149999996116,3039525.1199999363,106873.92000000515,230256628.76997992
346.0,318.0,368.0,68.0,802951742.7200239,2142185.4599999087,75281.38999999626,4038930.9299995503,140527.67000001084,258373967.54999325
534.0,9.0,453.0,104.0,299156635.7200019,2171208.1000000383,50789.23999999739,260553.95999995145,44735.330000000366,96677900.07998386
378.0,338.0,312.0,72.0,817229934.9200158,2087033.6299999005,72764.98999999763,4098815.3199996543,141107.6700000034,262992924.7299946
490.0,8.0,509.0,93.0,266383208.25999543,2059093.9900000133,54928.169999997495,142034.26999999923,41973.64000000067,86128348.66999301
384.0,6.0,316.0,394.0,328568748.78001016,3161116.4699997446,47607.089999996715,176296.28999998738,32481.970000001413,105677348.98998459
542.0,8.0,447.0,103.0,300187879.26000047,2149700.270000035,49499.93999999757,236454.34999997175,44260.8200000012,97041312.07998578
612.0,84.0,207.0,197.0,504942752.2900316,2717444.8799999147,42861.66999999966,1301950.5400000326,67174.48999999733,162741514.0799838
623.0,82.0,202.0,193.0,470453037.35003644,2742886.679999926,41458.32999999849,1045064.7699998611,60517.669999995785,151650685.73998362
534.0,213.0,180.0,173.0,695042271.930017,2499810.589999965,53670.839999998294,2817891.6399999834,106477.45000000164,223797331.60998443
735.0,101.0,27.0,237.0,562942550.0200316,3044812.8699999303,32595.890000001516,1379852.3999999647,68195.10999999719,181441798.37997037
519.0,71.0,175.0,335.0,474676521.9100484,3261727.879999847,42088.55999999931,964110.1499998225,54108.47999999528,152790030.2599845
528.0,211.0,19.0,342.0,728161309.0500758,3403714.999999814,43628.74999999995,2640938.9600001737,96400.54999999901,234243713.55997
614.0,81.0,22.0,383.0,539637670.7900554,3601813.459999772,33038.10000000352,1133815.399999806,56009.089999993856,173656158.49997422
472.0,181.0,153.0,294.0,630189799.920051,3117220.6699998714,49196.47999999716,2199474.0300001944,86731.28000000128,202748573.3999744
636.0,244.0,23.0,197.0,751643302.8900443,2916777.2300000684,42496.78000000042,2846592.409999911,105383.71999999926,242004098.18996105
539.0,207.0,19.0,335.0,730820585.2800633,3380232.0599998757,42137.23000000001,2608596.460000194,94816.93999999878,235100100.8999595
82.0,297.0,363.0,358.0,803645295.3000768,3001933.5199999646,78394.5599999933,3954034.1900000465,127769.56000001637,258075032.16999653
94.0,293.0,359.0,354.0,735600773.3900659,3230532.369999903,75105.30999999236,3391550.1300000986,112663.69000001026,236188796.81999862
76.0,356.0,336.0,332.0,903249342.980059,3034414.8499999368,80970.17999999186,4665660.310000228,147443.0200000046,290095517.39999104
90.0,326.0,290.0,394.0,848453015.0800567,3236541.0699998843,76379.63999999163,4150517.680000113,133091.2600000139,272438200.9799933
75.0,270.0,331.0,424.0,728575946.470093,3352532.9599998654,74179.789999992,3303793.360000101,109169.44000001109,233852822.72999933
76.0,353.0,242.0,429.0,879033260.7000896,3442182.969999893,75912.31999998895,4299507.350000139,135140.9100000173,282226810.9099995
93.0,291.0,258.0,458.0,801722942.0900875,3767547.4499998163,69471.47999999423,3571171.2000001357,113030.06000001106,257280083.13999003
80.0,323.0,305.0,392.0,849541654.6600841,3433781.5799998073,77435.13999999025,4146307.080000223,132074.40000002092,272763738.1199982
95.0,384.0,263.0,358.0,953061700.700087,3371910.789999869,78370.04999998982,4842870.670000443,148818.36000000534,306039282.66999537
86.0,350.0,240.0,424.0,901519148.5200969,3502023.529999982,75585.66999999355,4426328.860000182,137525.76000001183,289419081.6799988
147.0,262.0,105.0,586.0,809597967.1301197,4339829.629999657,59889.87999999498,3317718.240000275,103371.61000000525,259751641.98997438
280.0,226.0,90.0,504.0,737057186.5001006,3923887.2099996507,52304.6999999965,2782817.5600001076,93732.61000000227,236696283.18997958
111.0,467.0,79.0,443.0,1099490647.8001075,3769823.1899998505,74740.66999999063,5625742.70000083,166557.92000000554,353032745.020004
133.0,238.0,198.0,531.0,744076909.2401094,3906944.839999739,63518.33999999511,3072306.5500001484,98640.04000000798,238765954.17999086
162.0,290.0,116.0,532.0,820332664.620105,4004811.0499996818,60641.7199999946,3457846.470000142,108961.3200000109,263301153.17998073
110.0,464.0,164.0,362.0,1032552361.330074,3527013.630000042,77146.35999999092,5311808.280000676,160529.1200000003,331568502.7499977
278.0,224.0,187.0,411.0,741762527.9800959,3439317.919999796,60457.90999999558,3072823.110000101,104155.48000000973,238294261.90998283
234.0,445.0,75.0,346.0,1064876162.1000973,3614401.2499999693,70636.93999999326,5370851.290000636,164863.3800000054,342136582.5899907
205.0,389.0,138.0,368.0,1002568364.2300742,3354337.5499998517,71804.22999999518,5020423.010000307,154200.1300000003,322060025.29998726
218.0,414.0,146.0,322.0,1022554603.2300667,3275668.750000109,72295.26999999261,5187698.790000641,160969.22000000454,328535766.3399921
297.0,369.0,270.0,164.0,937757251.0900433,2661907.210000038,74672.22999999399,4797794.720000214,156678.17000000027,301542254.21998906
1.0,505.0,370.0,224.0,1112509125.480046,2538587.079999996,96821.97999998345,6449317.570000561,196099.12999998836,357399613.11997426
356.0,222.0,325.0,197.0,668235186.590033,2597520.1499999743,63529.23999999802,2839995.2299999753,105594.87000001172,214969378.58999288
278.0,347.0,321.0,154.0,845324196.4400347,2420187.5999999787,74952.80999999454,4269340.729999788,142831.1300000098,271836133.7099903
315.0,393.0,287.0,105.0,921581472.0500381,2404422.580000022,74396.67999999603,4742484.52999996,155998.85999999833,296432379.19998455
354.0,220.0,408.0,118.0,619181629.7500156,2196772.159999946,67151.06999999848,2676736.330000077,104667.59000001069,199338101.1199929
1.0,501.0,464.0,134.0,1044531841.0300424,2247689.9199999473,98554.80999998575,6102840.380000355,189134.8799999903,335624424.0499919
1.0,367.0,536.0,196.0,796909792.0200484,2282314.9699999793,93797.15999999181,4396898.489999858,145264.81000000364,256034572.7500093
1.0,294.0,544.0,261.0,693824474.1100566,2747735.319999856,88110.81999999206,3519215.4500000686,121687.34000002667,222807315.4900147
1.0,325.0,601.0,173.0,743177861.1000317,2303215.5399999265,93624.88999999025,4041378.5999999093,136937.52000001265,238779851.65000966
490.0,77.0,206.0,327.0,482458644.8200468,3154832.09999987,44407.73999999747,1114768.9099998847,57404.54999999461,155236283.96998057
188.0,115.0,308.0,489.0,494857562.4800684,3634847.279999642,58084.48999999523,1399261.1899998924,58535.64999999272,158793056.29998994
479.0,99.0,202.0,320.0,520141765.1700377,3203119.929999894,45938.149999999296,1371203.9600000535,64686.539999995075,167367390.34997696
575.0,90.0,51.0,384.0,530456763.1600636,3615020.0299997013,35040.51000000242,1126409.0699998266,55092.28999999421,170649808.3099788
528.0,83.0,223.0,266.0,483010878.450038,2972483.829999924,48130.50999999771,1229136.4599999888,62770.84999999498,155496385.09998253
611.0,127.0,54.0,308.0,604584334.8800454,3278973.0699998466,37675.6100000014,1716272.3800001664,74467.06999999507,194653893.21997115
281.0,172.0,97.0,550.0,687056120.0400976,4230489.199999608,50958.24999999657,2343911.740000039,80705.34999999827,220541549.9399828
204.0,164.0,334.0,398.0,613829374.9800733,3332158.1599998223,64043.419999996084,2342077.1300001093,86062.5400000049,197108409.08999884
232.0,187.0,80.0,601.0,694456501.8201008,4249274.269999658,49135.22999999669,2354766.8599999957,78876.75999999583,222844630.33998048
268.0,215.0,93.0,524.0,720026346.7001084,4128136.509999578,52053.79999999595,2587785.5200000084,85970.99999999735,231119132.22998273
239.0,328.0,457.0,76.0,784129460.6200241,2034605.8199998809,82572.20999999285,4100554.589999726,143178.89000001035,252240532.68999568
335.0,291.0,406.0,68.0,686608888.0400047,1966336.8299999451,73218.35999999811,3288903.24999983,122742.8400000105,221037954.70999756
234.0,345.0,447.0,74.0,795873936.1000085,1894714.5099998792,81762.57999999716,4204293.019999615,145501.76000000184,256067440.7500028
280.0,385.0,346.0,89.0,903359026.6300354,2188486.7299999334,79390.76999999369,4785354.750000123,159200.72000000253,290569296.54998535
172.0,237.0,331.0,360.0,713599504.270084,3487494.609999751,70120.2899999927,3071403.610000167,105710.31000001679,229176595.3899929
190.0,280.0,234.0,396.0,805202608.8900923,3576905.2299997928,68152.16999999419,3613283.360000052,116966.45000001165,258580078.63998199
277.0,241.0,216.0,366.0,696009125.1100924,3321972.4899998237,59844.98999999604,2788695.330000128,97382.27000000622,223619786.8399862
246.0,230.0,299.0,325.0,688026277.1500771,3235251.9099999187,65941.02999999572,2869997.8100000154,101547.54000000865,221058924.50998998
377.0,352.0,295.0,76.0,908568693.4100174,2155289.6799998484,76198.11999999675,4755320.839999843,159387.95999999586,292323041.9499898
272.0,255.0,213.0,360.0,779398126.8900617,3308002.1699999757,64406.85999999639,3423776.619999888,115364.52000000696,250438662.5499811
410.0,33.0,626.0,31.0,264690760.92000583,1712387.2499999779,65079.23999999866,432719.2599999501,51961.58999999847,85588590.51998772
657.0,21.0,402.0,20.0,320318722.49000114,1900773.65000002,49206.25999999831,384886.9399999145,51015.990000000165,103669050.93998097
221.0,523.0,339.0,17.0,1138472842.4900165,1952317.26999973,92821.13999998863,6634214.600000592,208755.18999997425,366116456.03995633
625.0,50.0,378.0,47.0,360381633.09999907,1980391.2700000214,50786.28999999924,689932.4999999106,57396.96999999878,116469741.70998204
301.0,24.0,460.0,315.0,335551290.63001615,2840593.139999869,58016.09999999532,501073.67000000906,42050.68999999816,107881594.84998581
220.0,518.0,133.0,229.0,1126893839.5700712,2933126.350000016,77052.1299999918,6029757.810000765,183260.52999999237,362157925.0299843
650.0,21.0,157.0,272.0,401903161.0200237,3130844.0099998284,33795.790000002286,359690.9699999542,39372.26999999791,129511227.54998061
370.0,349.0,226.0,155.0,867444480.0700368,2533295.4000000525,67534.98999999856,4222907.149999658,141470.65000000488,279013843.2799815
496.0,469.0,120.0,15.0,1054841142.5299988,2077407.589999816,66618.00000000073,5509381.410000075,179570.5999999915,339525755.08997685
422.0,399.0,102.0,177.0,964631577.3100269,2770533.569999976,62788.78999999955,4704661.450000099,153472.5299999957,310269368.7999854
482.0,299.0,21.0,298.0,869831181.3100739,3266103.5600000154,51311.70999999922,3754107.879999912,124190.57000000187,279691235.34997725
282.0,396.0,27.0,395.0,1024707906.1000798,3652491.1999999713,62672.33999999806,4922876.810000326,150221.57000000673,329184315.08999807
537.0,207.0,23.0,333.0,706551933.0400785,3464042.379999839,43087.479999999,2454856.5400001607,90659.69000000114,227276688.55996993
358.0,222.0,299.0,221.0,715398794.4400407,2617920.5199998985,66214.96999999802,3183532.399999809,115139.90000000887,230124673.64999956
410.0,255.0,17.0,418.0,825237195.08008,3767387.1099998546,49765.889999998166,3308191.300000058,109919.9399999999,265207263.66996273
339.0,131.0,284.0,346.0,545057534.7800435,3149959.7799998573,57550.189999997616,1782996.9600000775,74630.84999999889,175227753.60998702
167.0,234.0,315.0,384.0,701155324.7400672,3103165.999999864,71322.56999999551,3093390.910000091,105861.95000000787,225200654.40000537
258.0,224.0,25.0,593.0,748937388.800131,4367721.669999679,49313.449999997945,2690264.5600001784,87097.57999999987,240353864.00997934
213.0,185.0,404.0,298.0,582221657.5100493,2908101.960000008,70030.71999999575,2336990.7100000535,89794.28000000337,187110145.2999954
181.0,158.0,343.0,418.0,564480453.3200601,3368626.2999998047,64408.4799999949,2019332.8099999547,77549.20999999603,181242096.56999084
340.0,158.0,445.0,157.0,510109364.7900276,2273843.0100000068,67552.68999999612,1941575.5600001705,85071.98000000362,164210915.85999894
94.0,209.0,590.0,207.0,574899205.8300302,2314774.589999985,82574.7099999929,2689349.599999952,102481.09000001199,184787839.8600054
379.0,49.0,497.0,175.0,353150374.9700077,2412548.5999999745,59678.35999999793,748903.9099999004,53884.45999999626,113784869.0799846
409.0,189.0,314.0,188.0,650704071.6700385,2601495.179999977,60467.80999999798,2638208.7000000617,100750.77000000549,209412249.66999322
290.0,134.0,379.0,297.0,515099554.34003955,2926605.179999921,61641.36999999665,1730049.4000000348,74257.8399999976,165609978.9099886
376.0,48.0,290.0,386.0,423299200.4200494,3434449.5699996916,47237.18999999748,714713.4299998619,45327.319999997126,136085280.6799837
93.0,207.0,343.0,457.0,637605696.7700646,3593113.449999782,69196.76999999557,2538477.8200000543,88179.57000000453,204602236.92999583
86.0,53.0,539.0,422.0,325608260.5400249,3176350.349999793,68403.92999999333,595928.8599999913,40859.4499999971,104399386.78999157
147.0,90.0,540.0,323.0,402486400.3800279,2769458.169999909,71855.53999999393,1243635.4399999303,61496.5999999935,129291221.46998675
108.0,66.0,397.0,529.0,397683595.3400401,3737029.7299996745,60324.179999994645,795957.6399999376,41933.23999999664,127453463.90998714
57.0,441.0,162.0,440.0,1013064542.070099,3564632.620000045,76397.24999999111,5149358.060000569,155342.99000000188,325217104.95998573
279.0,347.0,128.0,346.0,897782414.7700855,3363856.409999881,64361.98999999626,4182261.6000000113,132880.33000001102,288452002.44998235
63.0,365.0,181.0,491.0,925150109.1401031,3853870.269999929,72888.45999999014,4445893.980000216,135818.00000001068,296921371.7299859
42.0,327.0,404.0,327.0,801415883.3100921,3134637.029999851,81952.25999999086,3984034.1600001333,130089.00000001807,257343845.8000011
86.0,668.0,246.0,100.0,1344690970.230068,2422521.9899998466,97373.99999997963,7998823.250001213,239242.09999998254,432147521.2299649
63.0,361.0,603.0,73.0,790234658.019999,1904770.339999866,95289.25999999432,4437994.629999878,151196.99000000165,254078255.83000743
277.0,345.0,426.0,52.0,796954195.1800154,1968902.109999894,80286.97999999422,4138634.2199995187,143910.91000000574,256455271.90999347
429.0,395.0,196.0,80.0,958546390.3000164,2323980.7499999874,68081.69999999847,4873206.350000086,161032.25999999832,308442829.9199787
234.0,216.0,360.0,290.0,637459900.8100511,2928541.089999961,70264.71999999476,2702153.4400000894,99808.7600000075,204900340.68999252
302.0,278.0,464.0,56.0,667106054.3400168,1940917.1899998884,77104.59999999624,3256862.4899998684,121133.44000000984,214715406.3400012
61.0,272.0,552.0,215.0,630378964.9000299,2426996.730000066,85995.48999999296,3099568.2899999525,112486.76000001506,202569102.11001092
248.0,223.0,453.0,176.0,606437561.980032,2455154.2199999793,74580.1199999955,2693073.11999992,103136.31000000935,195051980.07999653
58.0,303.0,532.0,207.0,723217106.8500376,2428053.559999997,88952.22999999061,3751211.399999984,128993.33000002318,232389580.8800093
58.0,261.0,574.0,207.0,626472020.0400443,2352677.279999969,86033.76999999366,3084596.5300000072,111901.61000001662,201310772.77000558
48.0,213.0,435.0,404.0,623929249.4300746,3255812.089999814,77038.00999999433,2713988.8200000664,95709.35000000866,200266919.37000465
45.0,233.0,442.0,380.0,635755021.3500687,3179761.0899999198,76292.70999999299,2775419.090000059,97195.78000000748,204048711.20000398
198.0,177.0,390.0,335.0,544994534.7300524,3066852.0399998496,67214.98999999589,2013335.470000062,80076.37000000066,175107375.0399843
198.0,206.0,361.0,335.0,635968999.6900601,3132719.0399998543,68477.56999999587,2622390.6300000525,94843.59000000711,204315697.51999104
233.0,242.0,460.0,165.0,629911868.5600375,2377185.139999984,74042.69999999502,2848562.4700000435,107224.45000000724,202635003.52998915
193.0,200.0,380.0,327.0,596306023.5700746,3074928.309999896,66951.94999999437,2357383.210000038,88550.41000000217,191564915.0999986
278.0,395.0,63.0,364.0,967415810.6900831,3467503.5100000147,62456.129999997516,4561607.280000243,143055.54000000047,310831362.7399867
367.0,352.0,57.0,324.0,899100252.7700677,3284628.3999999114,56573.63999999795,4052055.9999998375,131328.65000000314,289008102.5299755
272.0,410.0,62.0,356.0,971451189.2400997,3611046.089999916,63232.409999997064,4597207.420000285,143513.09000000363,312086598.0699861
272.0,386.0,86.0,356.0,978236691.7300951,3448441.42999996,64482.719999995694,4711188.560000765,147078.17000001037,314321733.0899909
393.0,559.0,90.0,58.0,1253679868.7700024,2205431.7299998114,75977.8499999951,6982415.98000168,217162.01999998512,403274826.2999555
370.0,558.0,117.0,55.0,1190268524.840004,2311848.76999993,75042.98999999446,6525515.540000873,202852.7599999987,382860067.6999865
484.0,464.0,103.0,49.0,1011890962.4099978,2244847.6899999343,63728.30000000055,5139143.120000188,168193.56999999724,325675134.6499782
484.0,492.0,75.0,49.0,1145339540.6800127,2320807.8199999677,68947.11999999765,6079219.5700011635,192554.74000000127,368524179.7999948
353.0,359.0,76.0,312.0,941383362.2500616,3220468.610000034,60654.45999999888,4425480.129999903,141693.6500000008,302573142.5299629
472.0,480.0,101.0,47.0,1130562340.3700266,2244070.3999997987,70902.82999999994,6066139.95000083,193866.16999998962,363766509.7999743
400.0,29.0,429.0,242.0,318902417.81001323,2650338.739999996,56037.42999999666,405729.7199999819,43048.03999999854,102724178.70998566
322.0,32.0,477.0,269.0,325993266.5400111,2690705.1199999293,60814.89999999712,519496.65999999666,44710.39999999765,104889854.27998419
322.0,239.0,345.0,194.0,685318993.6800588,2655231.7899999972,67427.14999999631,3005285.0399999158,109925.08000000677,220429833.05998352
391.0,29.0,444.0,236.0,345497005.3300199,2648003.609999896,56425.919999996084,562548.929999954,47977.15999999753,111295792.05998366
431.0,31.0,462.0,176.0,350829737.6000115,2392003.730000001,56491.21999999823,645588.8499999366,51958.059999997815,113127976.49998464
335.0,248.0,380.0,137.0,740386981.1600262,2352429.469999926,69374.04999999746,3462340.809999886,123741.09000000809,238224033.949991
341.0,34.0,533.0,192.0,294246076.3300047,2354273.0600000303,63394.319999996755,436930.1699999693,46800.78999999711,94850495.73998702
271.0,277.0,400.0,152.0,724265767.0100366,2274715.569999966,74797.19999999569,3508590.939999849,125439.62000001114,232978167.39000088
249.0,255.0,389.0,207.0,696205563.4700305,2493923.849999976,73737.67999999544,3268804.2799998573,116493.00000001193,223859409.26999784
265.0,271.0,415.0,149.0,707660996.1200262,2310067.269999982,75150.59999999561,3385977.959999853,122179.02000000986,227639358.08999473
156.0,273.0,185.0,486.0,784806365.5500907,3652943.299999823,63458.769999996235,3370110.930000068,109247.6200000094,251950835.10999274
51.0,303.0,206.0,540.0,830635128.2201221,4022399.3799995263,70597.87999999244,3761781.0100003765,116973.31000001867,266499060.42999238
195.0,66.0,232.0,607.0,471274695.6600697,4199989.719999547,50541.529999996594,956283.3299998599,43441.739999995516,151085092.0099929
152.0,267.0,206.0,475.0,764365804.2000908,4020962.8299996005,66494.23999999392,3230528.7700003297,104899.5900000121,245311771.02998805
168.0,294.0,199.0,439.0,852087622.5000728,3591471.709999908,67297.2899999958,3907309.8600000134,123558.06000000826,273606361.8199888
208.0,70.0,280.0,542.0,470523100.8300536,3973873.919999575,51806.089999996446,1010780.5899998721,47199.96999999535,150948880.91998786
54.0,321.0,247.0,478.0,806436837.4700894,3680523.589999882,73238.56999998963,3708648.1100001675,117339.36000001097,258807858.76998755
73.0,84.0,295.0,648.0,506783368.43008065,4254233.789999566,59172.979999994364,1357952.0099998566,52697.74999999081,162355337.47999352
64.0,73.0,291.0,672.0,463179997.3200795,4285430.229999479,57373.269999992604,1035080.8199997579,43231.27999999368,148292416.2599901
71.0,81.0,323.0,625.0,453855613.6200791,4078978.1399995266,57544.85999999328,1008692.3399997944,43978.029999991995,145350286.78999147
325.0,135.0,4.0,636.0,626584122.9701141,4548477.109999726,40287.07999999941,1667553.12999995,60202.07999999054,201045971.47997904
189.0,159.0,4.0,748.0,678709080.2901267,4809886.7799997805,44603.28999999865,2058114.6299999238,67293.13999998936,217624523.6799793
271.0,295.0,3.0,531.0,909751780.1601052,4179143.8899998777,55812.059999998106,3919059.72999993,122292.13000000373,292143456.5099677
212.0,88.0,385.0,415.0,435013337.1200509,3248861.4999997984,62202.24999999469,1161491.429999875,55975.77999999354,139677475.05998465
447.0,186.0,5.0,462.0,736407807.4300729,3796435.9099997766,43796.88999999919,2626518.7700000717,90222.2099999964,236620991.08997136
223.0,242.0,404.0,231.0,626981695.8800334,2528136.779999963,72288.90999999655,2765503.9999999846,102742.28000000626,201589956.00999248
145.0,121.0,531.0,303.0,446377980.1600339,2730094.6699999496,71352.07999999552,1533163.1699999832,69709.58999999604,143406636.00999144
207.0,455.0,5.0,433.0,1138204190.8300996,3932676.429999886,69121.38999999374,5732392.530000914,170121.94000000303,365545655.0200115
102.0,223.0,373.0,402.0,638696279.790076,3417347.629999807,73260.86999999368,2674340.410000077,94258.51000000618,205022508.84000093
123.0,270.0,450.0,257.0,706205127.3800364,2545149.999999915,79378.72999999413,3434108.179999944,119142.4200000148,226951465.7800029
415.0,301.0,222.0,162.0,834941514.7900449,2587617.999999963,64061.29999999811,3922550.3799997033,134701.2200000096,268635520.53998077
347.0,330.0,244.0,179.0,801814578.3600428,2646672.2300000554,66524.83999999869,3771236.2299997075,128547.36000000635,257837730.5199783
371.0,386.0,198.0,145.0,981670481.7700534,2519797.399999907,69433.69999999895,5009503.520000144,162974.43999999564,315756464.93997926
451.0,327.0,146.0,176.0,856353502.9700233,2613116.4000000143,57371.48000000024,3947542.6199996406,134871.54999999682,275562850.45996726
336.0,243.0,180.0,341.0,733619223.6900568,3268399.0200000466,56668.46999999766,2960683.350000071,102918.08000000217,235786123.71997657
325.0,339.0,105.0,331.0,914497958.1300867,3318137.289999963,61399.89999999714,4235559.689999906,135971.12000000608,293928823.35998094
297.0,282.0,126.0,395.0,827719032.8300571,3459459.259999909,60120.45999999793,3620333.2599999234,118817.71000000108,265949461.88997203
250.0,342.0,175.0,333.0,872273488.140046,3041705.820000042,66768.29999999717,4143065.9799998626,134997.13000000443,280312189.94998735
333.0,455.0,141.0,171.0,1038583279.9000446,2766622.570000156,70406.53999999649,5365243.710000511,170244.73999999618,333951925.04999226
267.0,364.0,113.0,356.0,911609893.6900965,3392389.189999832,64457.95999999659,4253799.310000055,135737.60000000772,292921822.95998245
381.0,239.0,140.0,340.0,718736614.1800665,3362673.440000024,52843.11999999984,2782360.6899998616,98849.97999999812,231021346.78998074
468.0,210.0,123.0,299.0,685420053.7900517,3205770.9399999455,49711.679999997956,2504416.6900001066,93486.94999999963,220477353.3899781
332.0,350.0,122.0,296.0,938058275.2500683,3107235.7599999816,64171.07999999842,4490964.360000016,145179.1700000043,301542550.8499919
331.0,208.0,265.0,296.0,653268292.2700697,3015412.899999977,60663.31999999599,2615190.300000112,96473.00000000799,210022837.8899893
365.0,228.0,134.0,373.0,711681215.1800845,3668850.3499997808,53971.879999997494,2680057.3900000257,95468.22000000223,228723449.41997972
284.0,299.0,227.0,290.0,794485256.060053,2987137.340000016,65770.2799999983,3624677.1099998737,121912.46000000762,255383149.78998548
400.0,179.0,229.0,292.0,631887685.4900484,2987797.5799999167,54869.97999999626,2320301.6100001126,89185.48000000267,203226577.39998046
400.0,302.0,105.0,293.0,851552586.9100549,3260227.2599998945,57067.149999997986,3750781.959999933,125030.61000000776,273774191.0199725
371.0,280.0,212.0,237.0,757608478.7100662,2923209.359999951,60841.31999999789,3291466.4699998614,116209.14000000691,243673815.61997762
359.0,272.0,206.0,263.0,810734268.6100559,2873405.6600000346,60583.95999999788,3637266.739999694,124832.78000000112,260753834.59997258
107.0,513.0,414.0,66.0,1049608727.1500298,2080400.749999823,96752.83999998537,6114137.380000416,192984.07999998739,337417490.799994
227.0,451.0,364.0,58.0,975859291.0000166,2030758.48999983,85973.89999999254,5418469.460000218,177355.02999999217,313881230.08998233
164.0,197.0,637.0,102.0,526187319.4300124,1961547.719999976,83280.389999996,2461413.1600000886,100288.4200000129,169292316.17000386
164.0,788.0,47.0,101.0,1646072939.080034,2641960.2299999963,99597.8999999789,10001481.660001718,297167.9200000421,529059453.0799486
102.0,491.0,397.0,110.0,1082386193.940032,2311225.8199999044,95877.5399999855,6278241.790000657,196916.60999998523,347875078.8999883
309.0,370.0,88.0,333.0,979412681.8400888,3474181.869999886,64171.749999996675,4697741.900000234,147887.83000000392,314718298.18999094
309.0,616.0,37.0,138.0,1355693971.9500403,2723557.370000038,80022.24999999294,7616660.630001599,228660.89000000083,435833301.9999877
310.0,154.0,498.0,138.0,469422384.40001154,2218899.7999999947,67871.08999999674,1710037.9200001603,79520.83000000003,151152152.32998434
588.0,292.0,70.0,150.0,788758981.4600343,2624981.0499999416,47634.03999999936,3276118.35999984,118201.29999999987,253973514.3299592
533.0,265.0,63.0,239.0,818793366.0400414,2924951.4100000346,50138.39999999849,3457757.8699999056,119024.62000000179,263425230.849971
165.0,153.0,397.0,385.0,567749107.4800582,3224951.229999856,67341.39999999259,2123122.020000026,80842.77000000076,182329938.07999513
563.0,88.0,228.0,221.0,458411500.5700169,2687025.80999995,44372.65999999867,1041702.089999822,59758.27999999749,147731414.53998137
181.0,63.0,435.0,421.0,370584874.63003236,3238822.779999732,63080.959999993654,745854.1299999041,45560.14999999616,118943844.17998528
101.0,94.0,668.0,237.0,359336373.13001275,2273977.290000002,79369.66999999435,1236795.4599999522,65832.52999999274,115531883.6699851
150.0,139.0,360.0,451.0,536514900.06006783,3443199.9299997487,63581.91999999396,1822842.7599999402,70823.56999999558,172205272.54999402
100.0,35.0,662.0,303.0,293555901.560008,2756504.249999907,73899.56999999251,580387.2499999724,45173.05999999702,94238576.80998811
397.0,62.0,440.0,201.0,373652315.05001366,2586681.690000015,56834.84999999571,763206.6399999126,53200.06999999594,120365076.88998239
558.0,33.0,226.0,283.0,408877272.91002315,3066453.009999933,40824.3999999994,558899.4499999385,45095.099999996964,131708198.74998151
429.0,25.0,477.0,169.0,317534776.95000213,2444930.190000013,54962.019999998556,406201.4099999768,45482.8999999982,102399468.86998454
411.0,24.0,456.0,209.0,316377491.2600094,2557468.829999908,54651.839999996824,367632.9999999678,43428.739999998514,101977207.8299867
241.0,238.0,312.0,309.0,655285455.1200604,2931626.329999987,67003.25999999503,2771938.2800000347,101126.5000000094,210602134.03999168
123.0,271.0,355.0,351.0,714402001.650061,3147146.9799999753,71975.66999999536,3207240.8399999766,109243.69000000627,229436389.5099955
248.0,214.0,321.0,317.0,633040017.5300565,3104639.0099999662,65852.71999999628,2567957.7400000202,94341.68000000448,203393779.28999013
286.0,281.0,167.0,366.0,790567879.7600842,3449419.4099999378,60937.679999997104,3399364.80999995,113183.06000000375,254020159.24997857
234.0,230.0,303.0,333.0,692558130.160057,3072265.2899999525,65283.049999997136,2943095.4700000556,104142.96000001018,222566582.34998685
284.0,246.0,166.0,404.0,731937603.7600809,3592555.689999831,56186.76999999606,2894335.810000057,99415.76000000435,235142119.39998108
143.0,315.0,187.0,455.0,851810701.5201008,3676579.8000000496,67468.59999999429,3911413.3199999453,123591.57000000961,273465730.8899745
122.0,236.0,354.0,388.0,690368724.5400461,3093680.819999858,71939.19999999451,3057295.7100000763,104322.62000000726,221677174.24999434
155.0,300.0,202.0,443.0,799567451.9300995,3700684.1499997894,66979.28999999336,3523403.8900001394,114418.2200000096,256713434.92997947
148.0,287.0,193.0,472.0,805696249.900084,3760380.3699998884,64459.04999999627,3526031.21999994,112733.72000000493,258645786.76997924
703.0,297.0,54.0,46.0,855441182.430006,2292204.4299999634,48698.06999999946,3779074.609999594,134437.78999999524,275590966.37996215
67.0,773.0,140.0,120.0,1550407849.9400635,2764521.6700000777,102120.14999997034,9425375.000001246,283025.65000000293,498207274.5199266
538.0,486.0,41.0,35.0,1122664385.270005,2319053.7499998757,63621.61000000254,5848602.88000033,190443.29999999638,361346485.79997224
503.0,212.0,352.0,33.0,639318573.6300076,2001310.629999916,64168.35999999984,2765253.240000012,110533.75000000758,205982742.50998774
493.0,208.0,37.0,362.0,706929659.4400736,3527625.7399998484,43753.309999999685,2485855.060000107,90192.91000000067,227302172.19997007
330.0,297.0,231.0,242.0,792602205.6500468,2798427.329999954,65937.25999999915,3645811.3799998215,124917.50000000666,254862064.94997796
21.0,245.0,407.0,427.0,686833383.2900918,3472325.609999785,76503.19999999115,3050222.90000015,102124.71000001319,220381362.34999838
23.0,567.0,48.0,462.0,1295165857.390107,3911149.7599999844,83325.34999998457,7087299.030001022,205004.49999999767,415793221.31999403
24.0,582.0,452.0,42.0,1194197732.2200193,1865132.8599997794,106053.05999998754,7295388.980000462,223317.82999996506,383851627.63994545
17.0,418.0,325.0,340.0,921732461.4900861,3194873.450000014,84905.539999991,4810775.850000248,149934.28000000713,295941847.37000483
177.0,403.0,262.0,258.0,915003581.4800744,2978811.020000039,78564.6499999922,4659653.750000277,148028.1900000033,293990272.6500014
231.0,379.0,247.0,243.0,902069938.3600616,2959938.609999923,73246.88999999523,4481319.1600000905,144509.31999999835,289921007.71998274
233.0,181.0,346.0,340.0,586747887.1700628,3130495.3799998066,65252.4699999955,2228669.6100001144,85347.7400000038,188538275.53998974
218.0,497.0,67.0,318.0,1146819160.850077,3297488.210000148,72359.10999999441,5987683.290000798,180746.59999999913,368471538.3299875
213.0,487.0,317.0,83.0,1018789158.8700207,2197063.3899998963,83389.60999999283,5628043.730000226,179735.42999998908,327627518.2599683
445.0,345.0,138.0,172.0,896738955.7600573,2841113.719999974,59774.979999998686,4174823.4799997145,139888.1500000045,288487071.73998404
351.0,574.0,78.0,97.0,1254796541.8400276,2428771.2699999255,76002.8999999958,6940890.190001354,214357.88999999594,403552479.17998713
379.0,211.0,405.0,105.0,545675320.7400233,2140620.489999985,66520.2399999974,2207969.8000001637,92661.03000000502,175723170.88999343
389.0,217.0,86.0,408.0,720725814.6200846,3828597.2599997623,49836.95999999789,2612716.510000025,90985.61999999893,231556565.02997375
535.0,298.0,119.0,148.0,820184064.0300351,2660138.0799999237,53470.14999999931,3584043.6999997343,126254.96000000133,264011281.829966
119.0,230.0,436.0,315.0,661012656.060048,2923054.0599998585,75582.18999999421,2974582.000000134,104457.17000001298,212331375.1900045
260.0,197.0,373.0,270.0,646115390.4800482,2771447.3499999363,66733.05999999719,2707136.33000011,99641.0800000071,207725841.62999102
138.0,91.0,505.0,366.0,387220361.72002983,3049130.7799997963,67887.69999999511,1020508.2599998728,53412.85999999358,124311151.35998768
130.0,251.0,375.0,344.0,687531598.2700752,3201511.35999983,71378.52999999345,3024034.9100000486,103733.00000000911,220761804.2599942
127.0,247.0,467.0,259.0,655509571.400065,2874897.649999835,78108.39999999336,3006615.850000194,107186.11000001733,210592751.25000563
167.0,111.0,483.0,339.0,454973282.7500415,2985239.069999848,66135.90999999542,1444177.2299999949,64828.549999991745,146143018.51998612
299.0,226.0,338.0,237.0,664919572.7200569,2817321.6699998598,65851.97999999611,2798482.44000015,102740.88000000986,213806055.26999494
315.0,82.0,452.0,251.0,418696938.0100187,2571223.2499999534,64161.95999999656,1217542.2999999754,64706.159999994954,134747872.46998432
321.0,83.0,363.0,333.0,441441276.9900492,2994445.7099998854,57051.33999999541,1141426.2599998752,58907.4799999929,141958062.99998707
345.0,90.0,390.0,275.0,433828349.00002944,2777926.809999916,59273.79999999739,1161661.6799998695,61166.349999993625,139592672.53998512
350.0,461.0,205.0,84.0,1083819340.0800173,2294294.199999938,78320.58999999367,5901765.390000494,186296.80999999208,348579474.2299819
97.0,616.0,274.0,113.0,1216181168.1700442,2321823.6599998847,92808.95999998896,7092631.090001028,214958.25999997984,390897491.7199597
406.0,359.0,237.0,98.0,905444602.6900301,2232842.2699999134,68098.84999999915,4545977.3299997505,153047.4800000024,291377846.34998715
382.0,503.0,123.0,92.0,1119984994.1400034,2465917.1499999156,73456.40999999591,6011781.710000751,189516.49999998693,360230567.4199791
375.0,494.0,220.0,11.0,1100972822.3900075,2024315.409999778,77786.9999999945,6065899.320001248,196400.2999999876,354250074.4899636
492.0,436.0,158.0,14.0,1040849563.5399965,2039651.3499998152,70120.57000000062,5494826.310000377,180680.29999999717,335011945.4499855
122.0,773.0,188.0,17.0,1515271769.160049,2172586.889999712,103897.52999994392,9368917.960002033,289424.2600000378,487122525.8798876
134.0,571.0,376.0,19.0,1216153322.589989,1914327.7299997632,99418.14999998586,7302685.060000866,226375.03999997574,391003086.8999484
138.0,589.0,213.0,160.0,1229986829.1500678,2718120.55000007,89000.0199999833,7006691.28000115,212806.01999999667,395293383.54998016
158.0,675.0,244.0,23.0,1358764329.3800068,2072196.969999737,95869.34999998439,8128795.240000908,244962.80999998868,436831436.7399544
235.0,114.0,320.0,431.0,484807415.49005353,3404114.5199997206,62046.189999995135,1437756.7299999157,63370.25999999165,155695379.2399906
197.0,119.0,334.0,450.0,520386676.31006265,3522568.089999737,58293.16999999604,1583209.9299999983,64705.29999998984,167051838.42999437
183.0,332.0,249.0,336.0,852291097.4500833,3274110.2099999073,72905.99999999288,4088973.050000065,132145.2100000158,273792077.269992
208.0,101.0,408.0,383.0,444367420.5000354,3093839.9899997762,62471.77999999389,1261279.6699999005,60262.969999992936,142746704.66998917
325.0,158.0,443.0,174.0,540411617.7600322,2461648.0199999902,65242.21999999764,2048842.750000264,87181.96000000685,173947398.749993
207.0,376.0,406.0,111.0,855676954.1900275,2302930.7299999185,83237.80999999234,4513869.699999958,151552.70000000304,275164788.12999326
233.0,142.0,569.0,156.0,450491367.8100062,2132402.8499999847,72217.27999999649,1692875.0600001437,79189.54000000234,145019411.59999424
195.0,442.0,332.0,131.0,960431018.130046,2473573.2699999837,84282.59999999133,5204745.830000337,167723.04999999286,308754842.9799879
138.0,311.0,336.0,315.0,780176775.6500764,3012289.219999966,77437.82999999428,3769997.0699999854,125655.88000001197,250644767.94998497
173.0,390.0,421.0,116.0,894280592.0300347,2267080.1699998677,86032.8099999916,4843802.699999888,159730.06999999782,287522857.5099929
5.0,596.0,154.0,345.0,1312922669.9801009,3403992.2099999776,91302.76999998625,7451984.300001352,217007.9799999863,421609552.7399917
438.0,360.0,93.0,209.0,971618654.0600603,2862912.0800000527,63029.47999999866,4740259.440000159,153465.15999999933,312468584.37998503
7.0,440.0,201.0,452.0,1013592989.8701062,3833458.109999859,79507.58999998745,5156888.16000069,154361.3000000056,325297286.2099944
5.0,489.0,323.0,283.0,1049555245.620069,2942244.8699999168,89967.89999998787,5822674.620000437,177769.57999998867,337069381.2599957
5.0,478.0,123.0,494.0,1077539924.130129,4192343.359999776,78481.66999998802,5509027.930000729,161806.99000001117,345781460.43000686
5.0,273.0,320.0,502.0,746285425.7300686,3736663.6499997694,76715.24999999107,3379439.730000209,108702.9200000136,239411099.41999647
342.0,281.0,186.0,291.0,784384661.7400483,2999915.1400000458,61310.77000000001,3463963.0999998627,118288.65000000385,252179149.52997667
435.0,202.0,92.0,371.0,682006933.2100605,3308623.349999879,48192.54999999822,2458202.490000081,90107.65000000075,219283342.35997435
443.0,205.0,241.0,211.0,678739603.3500344,2662824.019999951,56620.559999998295,2745692.5699999793,102597.31000000304,218411775.359981
385.0,178.0,209.0,328.0,612797673.5600544,3094950.469999899,54068.19999999763,2192590.220000111,84688.30000000123,197044213.06998906
4.0,208.0,293.0,595.0,665320998.2101104,4065560.0599996573,69109.92999999314,2646248.2100001913,86936.51000000462,213290949.169995
382.0,136.0,192.0,390.0,566034604.1500458,3435652.7599998317,50316.9199999989,1701988.4600001173,70728.93999999508,181963180.87998015
3.0,372.0,239.0,486.0,965219324.9701105,3815123.0299998852,78251.5699999891,4825172.880000385,144085.3200000081,309745318.53999454
3.0,159.0,482.0,456.0,519548688.1200656,3485211.7299997355,76905.50999999128,1963146.1099998727,74969.25999999748,166619060.87999725
4.0,210.0,296.0,590.0,673837426.4801008,3954503.4499996183,69351.54999999153,2720023.7500000424,88516.54000000226,216036649.18000656
2.0,299.0,414.0,385.0,719253779.4700686,3095127.999999798,81363.87999999047,3445650.840000236,114462.45000001417,230851140.3500096
320.0,114.0,345.0,321.0,487487100.5000436,2974670.759999912,58103.09999999584,1465217.0300000028,67941.4799999949,156765015.77998492
335.0,261.0,168.0,336.0,768984639.460083,3423668.689999877,58410.7399999976,3213557.469999995,110309.70000000737,247165640.60998142
284.0,221.0,306.0,289.0,675119411.3500458,2898416.3499999787,64960.80999999802,2849020.8600000315,103980.19000000825,217057252.18999076
285.0,222.0,307.0,286.0,674535123.6900432,2948906.6199999647,66827.26999999808,2865624.060000001,103915.50000000703,216826641.79998934
240.0,356.0,404.0,100.0,838379671.26003,2132186.6799999,81318.56999999177,4422542.339999781,149803.439999999,269650044.949995
108.0,410.0,466.0,116.0,908903089.130017,2123754.9899998726,91643.87999999522,5102591.290000087,165638.05999999252,292170555.7699927
345.0,30.0,580.0,145.0,294543191.84000766,2222568.270000005,64503.3499999967,495220.27999996574,48855.34999999765,94969561.98998776
323.0,479.0,162.0,136.0,1068854393.3500301,2575970.7999999495,72442.4799999945,5627793.700000619,176425.95999999874,343704427.9599943
241.0,357.0,406.0,96.0,814199175.9500266,2222185.3099999507,78492.76999999519,4195404.27999961,142303.44000000483,261880304.6899976
554.0,48.0,278.0,220.0,408934285.4200191,2704152.389999928,45269.80999999876,734649.4099998929,52455.93999999761,131835161.03997996
156.0,588.0,199.0,157.0,1256961728.1100152,2623801.8700001882,89811.82999998254,7227779.450001447,219614.51999998756,403967493.8699628
169.0,37.0,724.0,170.0,257752559.6899957,2021030.7300000223,76993.18999999683,565224.8999999841,50362.98999999724,82989830.15998718
308.0,68.0,394.0,330.0,401333064.3500283,3015731.549999882,57784.839999995485,872778.149999865,51911.56999999587,129044291.16998228
314.0,69.0,400.0,317.0,407526293.8900306,2950130.369999823,57403.399999995505,933007.819999857,53680.65999999639,131049791.29998454
358.0,237.0,48.0,457.0,737198759.7600614,3633422.089999775,48306.47999999839,2734845.2700000512,94264.64000000016,236879326.58997896
245.0,273.0,55.0,527.0,835208496.670124,4094442.6999996915,54967.4899999971,3440209.330000147,108227.00000000524,268117996.21997187
393.0,153.0,53.0,501.0,663492721.0100985,3963936.039999638,45383.46999999886,2124268.74000013,77518.15999999976,213145922.07998008
305.0,202.0,204.0,389.0,673687083.9100662,3515365.239999733,57041.939999997034,2532110.54999998,90637.90000000311,216424768.35998428
460.0,304.0,61.0,275.0,840230743.0400529,3142635.169999974,51486.13999999878,3566526.589999866,120244.57000000105,270244116.99996805
415.0,162.0,276.0,247.0,629653856.9000227,2862919.4800000107,58011.70999999796,2396188.7600000664,92960.24000000424,202550692.75998572
259.0,289.0,291.0,261.0,760251569.060036,2799892.6599999107,68306.92999999701,3489033.1699999445,119745.7900000106,244379207.82998985
381.0,250.0,86.0,383.0,766952737.2800745,3567641.479999832,51123.439999997885,2993665.5700000636,102596.52000000516,246503608.74997234
223.0,147.0,251.0,479.0,522833623.7800609,3643371.779999755,56304.62999999528,1515283.7999999942,62167.879999992016,167832370.14999557
291.0,191.0,326.0,292.0,625363458.1300411,2972900.129999903,64428.11999999734,2496642.6800000407,94614.28000000554,201043084.21999076
121.0,475.0,285.0,219.0,1047131189.0700488,2696905.310000056,85586.91999999274,5759846.330000519,178653.609999993,336467033.169981
347.0,365.0,219.0,169.0,914101482.7100261,2497527.150000015,70696.0699999966,4616500.569999931,152206.34000000078,294016274.12998444
133.0,413.0,313.0,241.0,916170113.5900648,2950047.8499999507,81388.71999999108,4732387.500000115,149849.6200000067,294345800.32000154
163.0,639.0,2.0,296.0,1411599506.1900847,3354944.1200001016,83427.12999998408,7947339.890001679,231577.25999999457,453474172.5199914
100.0,392.0,235.0,373.0,943772554.870098,3414023.459999937,78017.84999999146,4759041.170000232,147458.15000001085,303096903.9099908
140.0,436.0,2.0,522.0,1047319071.0401398,4275631.20999974,65024.059999994875,5000098.440000901,147444.09000001106,336162559.77001387
360.0,379.0,1.0,360.0,966659925.9300889,3702217.019999967,57165.60999999863,4419797.119999989,139411.91000000227,310644999.9999776
317.0,265.0,201.0,317.0,774557317.0000733,3137576.5199999735,63420.23999999801,3395512.5099999723,116235.83000000335,248961643.57998222
473.0,396.0,1.0,230.0,955740502.1000556,2977180.3499999605,53152.66999999975,4422726.509999889,144507.78999999832,307436303.21998185
387.0,324.0,1.0,388.0,937393897.92009,3660209.139999881,55083.96999999824,4187558.4799999655,133673.11000000237,301238306.8299899
202.0,199.0,519.0,180.0,509068090.0500169,2271255.559999984,75236.91999999604,2122633.150000172,88899.2200000078,163758068.66999465
361.0,164.0,427.0,148.0,557919945.0900232,2341953.2399999807,64500.01999999766,2179731.0400002226,91128.87000000435,179611763.20999295
177.0,312.0,454.0,157.0,767866582.4700365,2322567.869999966,81491.63999999364,3931844.509999823,134465.80000000942,246885685.47999775
243.0,239.0,402.0,216.0,672419838.060039,2529586.509999938,72361.48999999507,3052255.6299998667,111421.37000000932,216235548.76999035
204.0,200.0,522.0,174.0,573254560.7400192,2254266.7799999486,77530.58999999521,2601192.7400000514,101548.76000000992,184394276.6499983
209.0,367.0,345.0,179.0,913410926.7300303,2564727.2099999655,81137.23999999449,4784839.00000005,156074.28999999946,293640234.7700012
421.0,191.0,321.0,167.0,581560581.7700255,2546599.479999956,57742.41999999701,2142173.0200003004,89505.31000000464,187269749.98998445
324.0,264.0,384.0,128.0,716755571.200034,2398250.899999971,73428.31999999368,3389440.9699997753,123494.99000001451,230595188.5199901
369.0,299.0,281.0,151.0,798437218.8600384,2613482.7999999863,66446.4699999986,3723173.949999798,129596.41000001132,256870074.87998354
370.0,301.0,283.0,146.0,818272534.6700145,2515238.5700000403,66852.4299999987,3915056.109999708,134574.9400000044,263240028.60998157
316.0,313.0,171.0,300.0,843883982.880066,3282912.8399999165,64455.48999999591,3833854.4899996705,126428.49000001056,271218063.34998184
142.0,383.0,208.0,367.0,947250238.7600851,3304661.7700000033,73044.32999999177,4721850.610000386,147193.0900000049,304247627.45999163
410.0,79.0,221.0,390.0,487382176.3400555,3458542.5599997914,45934.24999999747,1101584.5899998583,54600.33999999486,156702411.61998087
356.0,354.0,52.0,338.0,926753199.3700546,3411022.7200000123,58294.95999999673,4216772.139999943,134092.59000000203,297846726.14997524
317.0,315.0,171.0,297.0,891595347.2300893,3262556.119999907,65904.35999999674,4208421.129999955,136426.88000000932,286542274.07999414
484.0,93.0,70.0,453.0,560842809.6200672,3759819.8099996885,39444.19000000024,1375765.1899999513,59987.209999994506,180299859.95997795
165.0,447.0,66.0,422.0,1048956531.4301041,3835741.6499998644,70981.67999999158,5222936.430000558,157583.62000000628,336844559.81000024
198.0,104.0,292.0,506.0,489706892.4300705,3666369.2299996857,58339.499999995045,1333897.1699999277,57231.07999999299,157158117.08998623
244.0,127.0,97.0,632.0,599703975.5201087,4535145.749999803,46628.43999999652,1634894.319999864,58902.109999990986,192316769.5599836
246.0,129.0,97.0,628.0,618141426.3301259,4461365.769999569,48082.56999999545,1786376.5199998508,63183.52999998865,198268381.11998364
442.0,87.0,510.0,61.0,368492196.3500067,1926547.3700000043,62378.62999999894,1010263.9199999159,65086.04999999651,118920091.62998414
80.0,135.0,790.0,95.0,401503402.280012,1749074.2499999907,90333.18999999431,1844008.5200001025,84398.84000000809,129174731.58998577
372.0,248.0,429.0,51.0,599812128.4500165,1854341.7699999353,72065.40999999821,2709304.2000000323,107933.99000000548,193192349.96998712
403.0,79.0,562.0,56.0,390929209.63001287,1865503.5900000106,67133.10999999783,1247432.1599999848,71074.7400000013,126100596.18998663
337.0,66.0,389.0,308.0,390714246.8800282,2875320.9099998632,57934.889999997235,861760.7599999316,53146.03999999685,125688516.06998698
277.0,184.0,386.0,253.0,593988636.6100492,2678553.9199999836,66717.7999999973,2402549.0400001938,93553.83000000566,191019365.01999155
49.0,83.0,585.0,383.0,380816039.20003575,3179053.439999755,74585.57999999136,1060200.7199998472,54583.0299999928,122157303.02998547
45.0,257.0,445.0,353.0,652894277.2500651,3098783.179999923,79610.93999999105,2980560.0300000175,104249.68000001412,209608404.55000234
55.0,316.0,663.0,66.0,681112450.2800012,1735137.7499999017,95423.6799999917,3781887.80999983,134664.14000001844,219032822.11001208
41.0,237.0,497.0,325.0,659688316.9100574,2831252.549999875,82313.89999999033,3130783.1200001324,109121.19000001464,211853251.44999936
91.0,438.0,159.0,412.0,1035037737.6600996,3557419.079999965,75893.3899999907,5279632.280000638,158782.6900000023,332339118.2800033
314.0,342.0,123.0,321.0,900390171.7800559,3287253.449999839,62596.01999999753,4180520.2399997967,134500.90000000835,289392070.85998446
77.0,543.0,133.0,347.0,1232314875.9400706,3368036.3100001314,84522.4299999844,6790079.480001168,200382.1099999938,395774672.5100016
83.0,399.0,242.0,376.0,985530938.5400774,3266201.029999895,77575.58999999169,5057865.810000313,154278.38000000577,316463936.4499864
136.0,651.0,235.0,78.0,1301592774.80002,2234507.379999865,93751.58999998734,7679668.490001007,232074.77999997893,418398498.709957
95.0,673.0,277.0,55.0,1394167976.6500187,2114954.669999715,101914.25999997868,8479584.430000896,253598.1899999751,448128004.5799474
382.0,416.0,252.0,50.0,923305266.000006,2208290.199999951,70809.33999999681,4737118.3599998765,158181.81999999363,297100760.08997214
352.0,564.0,138.0,46.0,1187450195.7100143,2201173.9999998077,78119.16999999345,6607411.330000942,206124.18999998915,381957304.1199807
257.0,411.0,169.0,263.0,969790147.9800553,3159196.589999878,70636.41999999556,4804374.750000437,152448.58000000595,311689502.5100009
324.0,520.0,214.0,42.0,1093886666.5100183,2065798.879999756,79954.26999999532,6063831.810000531,194315.12999998723,351885971.139981
103.0,232.0,353.0,412.0,666848983.5300794,3415026.3099998245,71079.82999999315,2819133.360000121,96951.17000000749,214053274.8699948
74.0,239.0,363.0,424.0,664189595.1300786,3463554.989999774,72201.92999999375,2833115.340000113,98381.80000001361,213179552.079999
85.0,379.0,293.0,343.0,896894382.5000576,3146168.7299999967,78432.75999999215,4527179.110000062,141581.3700000046,288037851.3699981
101.0,229.0,363.0,407.0,685343465.950079,3393037.7099998887,70979.10999999217,2926488.470000146,99594.57000001124,220001207.07999992
136.0,309.0,469.0,186.0,750853925.5200475,2517704.5899999216,80548.22999999413,3753523.199999888,128921.34000001864,241350883.66000688
106.0,471.0,379.0,144.0,1005940621.1400318,2287447.3099999097,91156.44999998812,5701117.800000407,181169.22999999198,323343527.5499954
98.0,315.0,498.0,189.0,681709678.080031,2329424.55999995,84871.48999999321,3432550.4699999704,120553.72000001174,219086611.40000254
78.0,491.0,380.0,151.0,1076477286.790046,2388316.3299999763,93214.98999998726,6163632.350000615,191069.21999998027,345948432.4799701
61.0,383.0,309.0,347.0,893170617.9700958,3344051.1399999214,80459.27999999149,4501862.950000183,141804.28000001123,286791557.10999995
77.0,484.0,390.0,149.0,1034394503.0500337,2355969.2099999636,93331.21999998731,5900495.210000474,183675.20999998815,332406294.18998617
369.0,498.0,87.0,146.0,1160616020.1100285,2648929.0200000005,71810.60999999657,6199906.240000861,190498.98999999982,373202520.4499972
348.0,513.0,89.0,150.0,1142326344.7400367,2561857.599999948,72763.38999999735,6123683.700000783,189981.59999999593,367327327.1399943
512.0,264.0,121.0,203.0,761169214.1300462,2766160.03999998,52294.16999999851,3159868.149999971,112463.16000000057,244941571.99997514
364.0,492.0,100.0,144.0,1114027764.6000154,2597073.3899999675,69419.2899999966,5874212.250000684,182648.29999999722,358242057.0099856
298.0,403.0,70.0,329.0,1065095892.0600997,3585252.5799999908,67376.47999999613,5293157.460000635,162627.11000000418,342251819.7499974
380.0,196.0,105.0,419.0,690249782.7700902,3567631.0999997556,50774.179999997876,2504454.3400001116,90054.10999999961,221830069.63997692
277.0,408.0,83.0,332.0,1027419035.2301039,3617133.199999909,67958.76999999392,5063202.890000749,157655.57000000612,330120194.4999949
365.0,204.0,94.0,437.0,713772741.1700864,3720274.559999725,49819.07999999775,2576909.5900001223,89790.90000000208,229337093.0799736
480.0,269.0,144.0,207.0,754319545.3200376,2846005.1899999655,52332.31999999856,3105226.259999943,111064.8000000006,242742481.66997442
359.0,202.0,108.0,431.0,743812776.020076,3685199.1299997806,51446.36999999913,2853973.070000065,97380.83999999911,238994504.06997195
404.0,80.0,391.0,225.0,437265112.6900255,2680861.8199999756,55204.329999997375,1143076.2999999328,62089.889999994004,140789158.32998145
388.0,82.0,400.0,230.0,420924673.5000328,2617963.529999895,58353.85999999596,1101085.2099998845,61159.219999996436,135521454.6799834
417.0,47.0,404.0,232.0,373543883.03002584,2611570.3699999596,55061.98999999652,737941.9299999234,53550.72999999491,120374963.34998122
400.0,79.0,399.0,222.0,420192829.2700243,2625004.159999948,53474.67999999581,1008921.6099998448,58978.1299999951,135332226.42998487
406.0,80.0,393.0,221.0,432842616.4000139,2521234.8499999936,56762.48999999742,1165462.1399999417,63764.65999999634,139418869.36998537
414.0,47.0,414.0,225.0,360841365.6300207,2526339.5700000045,57160.36999999807,721444.4799999293,51802.25999999757,116233448.67998278
386.0,81.0,410.0,223.0,428465232.92002183,2653955.649999972,57346.489999997786,1137400.789999947,62187.18999999348,137940993.21998644
403.0,49.0,415.0,233.0,360607845.12001586,2651082.3199999095,54498.169999996724,635727.5299999325,48694.999999997475,116149545.33998625
396.0,48.0,421.0,235.0,362749016.4600142,2602556.6399999536,56896.409999996395,704279.9499998973,51534.289999995766,116847837.29998347
398.0,48.0,423.0,231.0,339384639.68000823,2591811.4599999688,56523.34999999621,541331.4199999672,47701.35999999624,109338702.65998451
311.0,482.0,290.0,17.0,1056870487.3500099,1943047.3899998113,81208.9399999944,5882870.080000388,189355.36999998734,340012518.94996583
281.0,500.0,301.0,18.0,1017471057.7500161,1961237.0399998138,81605.30999999332,5637418.830000391,181581.72999999157,327323678.4499778
327.0,449.0,306.0,18.0,1019260956.030006,1949607.1899998065,79534.37999999513,5565593.760000381,182071.82999998494,327960840.9799758
305.0,474.0,304.0,17.0,1059409507.3400002,1915862.7299998016,85553.02999999185,5974901.920000678,192187.6299999898,340793051.86997133
313.0,486.0,292.0,9.0,1032229444.9899813,1892217.5099998245,81561.6699999942,5716624.500000384,184709.8599999887,332112594.5399766
324.0,444.0,323.0,9.0,989107421.3600091,1890797.9399998246,80827.10999999652,5424121.280000054,178626.9299999888,318272937.1499774
278.0,495.0,318.0,9.0,1067677594.9199934,1866166.989999793,86224.18999998532,6074725.160000839,195421.29999998896,343446690.0599652
299.0,471.0,320.0,10.0,1072458355.4000024,1932356.5799997495,84634.94999999211,6042446.790000595,194382.33999998262,345001350.7599767
291.0,458.0,333.0,18.0,987882598.4699979,1874377.9999998333,81550.9499999931,5456846.130000377,176762.7799999914,317815804.8199976
294.0,461.0,335.0,10.0,998638241.9099932,1878240.7199998016,82456.93999999236,5539990.450000435,181452.13999998718,321300009.75996727
616.0,120.0,74.0,290.0,573022283.660048,3116205.6699999324,37101.130000000725,1536843.4100000774,70006.57999999665,184534773.18997556
563.0,133.0,82.0,322.0,587660178.9600325,3220124.7399998787,37833.480000000825,1634292.670000077,70968.0699999962,189158185.14997515
235.0,726.0,28.0,111.0,1487072346.43002,2648908.930000085,86861.98999998393,8646020.260001458,254322.5999999939,478025227.53997815
260.0,50.0,668.0,122.0,268821611.7999992,1993909.8000000266,71140.6499999961,524202.39999997825,51214.28999999811,86693225.59998803
331.0,64.0,40.0,665.0,513492212.3300776,4412659.569999586,36056.44000000191,880252.7299998512,38955.589999994365,164706237.4099826
127.0,392.0,326.0,255.0,919550189.5900698,2866868.1500000386,79486.81999999132,4764038.330000207,151463.01000000307,295430859.3099886
162.0,38.0,505.0,395.0,356820929.1400424,3230442.479999751,65458.22999999423,718548.0799999228,45430.839999996504,114528438.48998462
149.0,563.0,22.0,366.0,1241539318.0101066,3581574.7699999637,76215.06999999301,6630749.470001081,194940.09000000043,398781230.8400038
130.0,489.0,406.0,75.0,1021523551.1100225,2044155.2599997805,92889.14999999126,5877675.290000045,187491.12999998135,328434359.369982
106.0,401.0,333.0,260.0,912844948.9900694,2839371.0800000224,81299.019999991,4781705.380000249,151925.8599999997,293273661.66997975
350.0,241.0,231.0,278.0,726291606.8300469,2892397.129999894,60107.909999999174,3099965.460000088,110648.12000000344,233558663.14998546
333.0,246.0,236.0,285.0,704948302.2700484,2943198.519999922,61959.14999999863,2970941.7700000303,105818.79000001009,226643556.95998347
362.0,213.0,238.0,287.0,718359940.5300304,2846475.9699999965,60185.96999999796,3017336.9499999825,108455.47000000314,231057284.7199812
384.0,263.0,148.0,305.0,838964514.8600558,3153826.989999995,59376.499999997024,3735320.9499997976,124798.02000000527,269725839.1499711
437.0,301.0,288.0,74.0,765235729.160017,2064550.6199999435,64000.939999998984,3575274.6999998065,127873.80000000271,246392671.7699821
513.0,302.0,198.0,87.0,786667576.0900246,2361745.3599999878,57388.12999999964,3518302.4999998445,126373.1400000044,253307585.7299757
471.0,348.0,196.0,85.0,900158103.5800166,2312195.2999999784,65340.900000000365,4443713.529999625,150001.16999999635,289683148.3899788
436.0,276.0,309.0,79.0,757484077.6900332,2231974.7799999267,68681.2399999984,3572164.169999614,129177.34000001023,243829018.8399873
379.0,240.0,157.0,324.0,720037729.5100559,3093851.6399999256,54352.12999999821,2866577.7200000486,102467.99000000446,231541692.24998286
494.0,312.0,205.0,89.0,811672251.410021,2331486.939999941,61340.50999999995,3782973.779999575,133413.74000000439,261295934.77997202
398.0,219.0,202.0,281.0,672892354.0400447,3052936.8699998735,56528.71999999621,2623888.040000169,97350.62000000467,216405280.71998706
372.0,227.0,210.0,291.0,679081449.3400637,3129756.959999897,57878.25999999666,2682114.450000127,98745.85000000622,218356213.9899814
420.0,171.0,213.0,296.0,586922216.6100372,3037767.9299998567,51616.789999998065,1961540.2100001203,79875.92999999951,188810856.57998687
339.0,186.0,337.0,238.0,606083131.7900337,2824143.9199999743,62724.08999999672,2357472.480000143,91820.51000000688,194935454.1099917
402.0,220.0,204.0,274.0,681706866.8000458,2977072.6099999608,56125.92999999702,2679066.91000009,99229.29000000528,219287729.61998454
356.0,145.0,355.0,244.0,529624437.47003704,2842585.1699999264,58263.43999999727,1751603.0600001125,76417.4899999993,170387873.8099879
317.0,193.0,350.0,240.0,601750931.1400394,2662941.909999913,64461.64999999744,2405884.6000001268,94136.36000000256,193562468.7499923
396.0,180.0,223.0,301.0,655869055.0900564,3043120.0399999437,53377.45999999708,2432400.400000133,92658.35000000417,210981273.20997676
329.0,149.0,364.0,258.0,521751500.0600308,2748971.1099999594,59596.689999997994,1776508.4200001361,76660.76000000225,167849122.3399968
331.0,150.0,367.0,252.0,541718713.0400361,2757463.6599999005,62799.62999999665,1947381.6500001545,81433.08000000108,174236771.8599874
29.0,348.0,338.0,385.0,828166468.8400815,3361878.0199999292,80639.24999999054,4083260.120000048,130116.49000001328,265848782.25999498
5.0,356.0,345.0,394.0,854450053.9800781,3375178.279999834,82476.57999999137,4299406.390000207,135387.59000001987,274267688.9200085
30.0,323.0,349.0,398.0,839766345.0500779,3286663.1499998895,80906.34999999145,4167784.120000023,132234.09000001778,269573152.6699969
40.0,484.0,39.0,537.0,1175576377.0501146,4088385.099999873,75848.91999998866,6079650.080000886,174708.99000000447,377323969.84001386
29.0,350.0,339.0,382.0,812173139.0700681,3321427.739999944,81766.34999998755,4015023.780000022,128690.33000001554,260716895.37999177
42.0,459.0,41.0,558.0,1107400918.2401397,4381609.939999973,73511.0199999895,5556975.740001081,161567.79000000728,355364468.5600202
7.0,503.0,40.0,550.0,1174163952.4201303,4246540.119999923,76780.79999998992,6079858.290000875,174285.10999999868,376779634.750017
5.0,333.0,358.0,404.0,846177207.000112,3512417.9899998894,83456.67999998991,4217984.02000022,133536.3300000192,271597619.59
7.0,471.0,42.0,580.0,1092320557.0401435,4535699.299999813,73054.36999998838,5417960.350000954,155593.27000001108,350431423.4000153
7.0,475.0,42.0,576.0,1124333522.030143,4360536.809999874,74566.13999998868,5687130.450001239,162801.0400000047,360752638.59001887
172.0,490.0,231.0,207.0,1119975473.9600656,2796049.190000006,83513.00999998937,6174725.760000542,188771.81999999896,359924301.86997753
714.0,204.0,96.0,86.0,709341360.7500147,2416166.0499999467,43768.70999999952,2708248.4599998686,106440.489999998,228612978.46997136
136.0,620.0,181.0,163.0,1359876171.0400414,2888414.1000001454,93006.20999998014,7926881.130001445,238700.71999999072,437013851.2099493
139.0,395.0,400.0,166.0,925975644.3700361,2524358.0700001293,84171.35999998968,4962076.440000257,158853.6599999964,297612426.9899821
117.0,331.0,156.0,496.0,917659482.2901251,3930786.7699998734,69668.34999999308,4317084.280000201,131989.32000000795,294535511.2299971
87.0,395.0,250.0,368.0,927377226.6800865,3259990.490000001,75691.08999999195,4661256.9800001625,144440.9800000001,297782850.9199923
549.0,157.0,159.0,235.0,619847404.1200553,2993356.0599999684,46057.549999998475,2067972.5700002916,84458.9000000008,199516676.41997588
544.0,250.0,73.0,233.0,773109626.030051,3073337.5300000585,49602.99000000078,3113405.0799999433,110373.12999999768,248721828.1999643
588.0,270.0,171.0,71.0,768420294.700023,2246545.239999988,54373.04999999994,3353525.5399997695,123348.84000000225,247519752.89996824
505.0,232.0,147.0,216.0,722670030.5400312,2691640.5499999984,51954.169999999554,2917404.9299999783,107573.98000000312,232614398.01997796
250.0,327.0,264.0,259.0,838057842.3100414,2800138.909999941,70536.72999999617,4032096.739999791,133804.57000000862,269412192.1199869
210.0,342.0,277.0,271.0,861107039.7000687,2968409.400000002,73304.43999999293,4214204.509999964,137067.8000000076,276726878.3199937
235.0,374.0,248.0,243.0,930900011.5800701,2908772.0199999926,73968.57999999382,4695721.350000115,150469.9799999994,299170626.0999834
237.0,309.0,310.0,244.0,809872748.8500509,2744613.380000007,72194.6399999963,3923674.579999694,132859.22000001097,260350096.77998754
225.0,293.0,237.0,345.0,826206525.0200834,3199553.5199999716,68902.31999999555,3839188.6599999913,125594.0400000083,265440447.37997892
203.0,321.0,265.0,311.0,868785329.8900498,3125723.129999915,72289.23999999414,4207346.199999875,136913.27000000715,279161663.3099831
178.0,290.0,291.0,341.0,762438221.6300538,3131464.359999817,69619.58999999556,3482332.0800000355,116382.75000001224,244925340.12999818
177.0,351.0,233.0,339.0,896659216.9400953,3244307.9099999852,72567.63999999438,4390646.810000111,139805.3500000101,288057286.84998584
186.0,369.0,305.0,240.0,889695495.960049,2788865.680000004,78332.49999999264,4550745.840000125,148359.16000000486,285944169.6799859
168.0,334.0,275.0,323.0,826087284.9400624,3083307.4399998686,73777.1099999945,3975660.169999912,129211.7600000099,265383567.8699886
573.0,20.0,258.0,249.0,367791430.9100169,2785787.8699998697,41870.819999999396,379290.6199999597,43432.5799999979,118642614.23998065
250.0,33.0,416.0,401.0,333774699.4800165,3129810.1399997696,58402.23999999518,431981.6000000097,38804.15000000012,107223900.10998507
406.0,335.0,183.0,176.0,861018449.3600317,2697678.9700000435,63797.31999999896,4062346.3799997466,137149.88000000556,276968984.75997794
729.0,26.0,29.0,316.0,449873097.7500389,3250060.799999831,26008.56000000214,474370.7599999336,41503.94999999614,144988091.8799782
484.0,17.0,218.0,381.0,370908319.9300176,3217771.789999794,39992.55999999855,261202.89999997662,35225.529999999344,119398312.12998384
414.0,342.0,17.0,327.0,909333048.4900745,3317254.259999857,54265.06999999761,4054027.84999991,131721.08000000476,292343681.55997556
262.0,35.0,39.0,764.0,493818074.3000941,4747563.129999623,36455.34000000223,681445.6799998952,31413.13999999614,158235924.23998642
127.0,389.0,212.0,372.0,935108162.4300816,3355175.4699999616,76351.9099999943,4680963.430000261,145992.44000000536,300304566.64999366
190.0,578.0,28.0,304.0,1316103557.5001166,3601661.470000266,80692.75999998434,7209104.4300017245,214762.0800000068,422796837.3599985
154.0,472.0,23.0,451.0,1156593153.870122,4083988.7900000303,73250.9299999917,5910536.950000914,175146.61000000525,371390295.4199796
146.0,222.0,369.0,363.0,641893694.1500708,3194436.519999866,70621.27999999403,2688575.7200000663,95703.3700000092,206142725.95999348
267.0,194.0,322.0,317.0,626801441.1300575,2969938.4599999203,64050.929999996086,2502861.0500000278,92622.94000000063,201460116.99999094
167.0,96.0,422.0,415.0,461068222.57004195,3288977.2799997753,64004.94999999538,1338614.3999998958,60271.689999991286,148029177.40999082
168.0,256.0,257.0,419.0,765219278.3401057,3602587.7099998696,68180.03999999349,3347055.5500001037,109907.87000000686,245677561.99998996
199.0,302.0,503.0,96.0,758203848.9900193,2162747.4599999473,82932.84999999497,3901175.3499998176,136426.53000001132,243863052.73999405
306.0,176.0,469.0,149.0,530574813.3800225,2301437.449999978,69068.02999999805,2105308.300000332,88963.75000000834,170771510.3999921
409.0,297.0,299.0,95.0,755824631.1900266,2215499.379999993,68268.57999999814,3571034.9899997404,127730.04000001033,243270076.11998814
405.0,111.0,490.0,94.0,439006127.5500162,2077267.7199999797,64786.63999999799,1470934.6600001983,75119.16000000213,141486050.14998206
344.0,94.0,252.0,410.0,486855130.8700577,3324125.6299998113,53029.45999999555,1265405.1799998926,60218.13999999301,156494707.35998923
491.0,135.0,360.0,114.0,496955463.54000914,2212907.1000000094,56995.019999998636,1661077.1400001112,79778.32000000225,160180615.22998905
245.0,80.0,262.0,513.0,467919077.4200661,3841852.6299996,50994.99999999519,1014394.659999794,47501.20999999255,150149446.86998707
294.0,76.0,247.0,483.0,474210675.1600577,3750518.5899996776,50975.449999996505,1074039.3599997961,51006.5699999937,152250012.57998952
227.0,156.0,242.0,475.0,595320436.0900902,3724884.639999702,58091.359999995206,2008940.7299999872,75528.34999999858,191120048.99998832
293.0,96.0,98.0,613.0,538921976.4700933,4233919.68999943,43467.69999999742,1235601.359999835,49873.729999991694,172872821.36998874
310.0,102.0,332.0,356.0,445861245.9100426,3185557.049999787,55342.29999999675,1084854.659999873,55338.20999999531,143297128.32998973
347.0,238.0,117.0,398.0,746167829.2100564,3383343.989999966,54485.349999998776,2995828.910000002,102957.51000000114,239778872.79997942
454.0,117.0,120.0,409.0,601609079.3000742,3491748.9199997094,43676.39999999842,1794418.1400001387,72577.00999999774,193440655.43997645
336.0,181.0,281.0,302.0,647045787.6200444,2953827.9899999294,58901.769999998316,2514492.5199999902,93816.03000000126,208039382.15998742
319.0,172.0,84.0,525.0,637262276.3601007,4074137.9999995567,46676.7599999966,1959415.0900000809,70808.76999999647,204606287.30997506
407.0,219.0,107.0,367.0,720545973.4800587,3346739.7799999546,50986.30999999889,2746211.0700000855,97549.50999999927,231662407.5699753
503.0,339.0,3.0,255.0,906451406.7600672,3249151.089999853,51235.46999999946,3980632.8099998105,131295.72999999928,291523624.1299821
91.0,572.0,6.0,431.0,1258958631.8001194,3910955.5600000476,76841.12999998931,6705481.240001197,193662.92999999848,404211030.74001706
466.0,395.0,3.0,236.0,1015114817.2400655,3157865.150000051,57422.750000000975,4829984.060000327,153260.48000000083,326430285.7899883
385.0,259.0,261.0,195.0,736293335.8700298,2574393.0199999344,64259.2699999994,3292248.989999925,117700.0600000052,236898218.7099829
638.0,429.0,4.0,29.0,1024474711.5100068,2222786.5699998876,54371.59000000207,5017831.260000295,167124.83999999688,329890258.4499898
428.0,363.0,290.0,19.0,824519970.5100113,1939767.5799998879,69632.48999999874,4107649.5699993307,144476.34000000206,265467107.84998396
78.0,493.0,496.0,33.0,1024994412.5600002,1860908.039999782,99314.13999998823,6071483.190000344,194689.84999998714,329536300.40998375
117.0,926.0,8.0,49.0,1845145179.4100285,2373462.809999655,106941.58999995916,11515337.290002055,335766.9000000978,593026595.9699649
55.0,436.0,348.0,261.0,962453668.3400594,2775141.6700001066,88473.96999998872,5254792.73000035,165317.50999999727,309172430.24998933
70.0,556.0,444.0,30.0,1080749936.1400201,1866311.3699998031,99737.4099999874,6446289.850000349,202521.24999997797,347445897.95997685
303.0,169.0,317.0,311.0,547257146.3600385,3053301.0099998894,57724.069999996216,1818721.970000118,75577.4099999984,175958652.27998286
173.0,197.0,368.0,362.0,619343647.8000544,3134990.399999845,69298.22999999569,2528308.680000103,92878.69000000684,198918747.13999724
284.0,226.0,298.0,292.0,696229418.5100639,3187973.159999941,65494.539999995686,2936233.9599998933,104349.93000000699,223754663.07998693
349.0,196.0,197.0,358.0,684708177.1600754,3390012.1999999206,53692.92999999738,2586698.920000128,92571.63000000438,220036828.009978
365.0,205.0,382.0,148.0,595415083.9600264,2396902.2499999735,65247.94999999827,2435219.4800000545,97647.88000000686,191665869.38999242
398.0,316.0,225.0,161.0,796135639.2600251,2558442.1700000176,61943.8199999984,3649028.929999725,127556.32000000397,256184674.91997278
266.0,305.0,308.0,221.0,776346036.6400529,2767962.4999999325,70161.08999999377,3630433.5999999074,124821.17000001126,249623638.41998997
197.0,320.0,420.0,163.0,765076765.720043,2446518.829999926,80374.769999994,3844386.4999998887,131838.5000000152,245976653.11999822
187.0,304.0,216.0,393.0,839988594.190066,3288294.1199999526,70225.70999999555,3942039.500000091,126258.85000000945,269788125.70998734
239.0,387.0,276.0,198.0,946275939.2400627,2792943.000000026,78526.9899999932,4916198.510000346,158488.04000000822,304196215.8499935
151.0,611.0,174.0,164.0,1286179247.3200388,2655677.209999969,90069.59999998775,7440072.670001019,225777.08999998143,413359123.7999808
416.0,441.0,125.0,118.0,1061670323.3700215,2495274.179999895,69298.00999999851,5519268.52000038,177658.94999999893,341542509.51999867
308.0,103.0,354.0,335.0,473375558.7900477,3100106.6699998905,58250.129999995734,1344281.659999946,62833.24999999476,152164502.08998588
108.0,437.0,438.0,117.0,965067703.3700345,2222037.679999913,92959.38999998786,5462558.460000298,174965.06999998554,310204620.9099846
113.0,457.0,129.0,401.0,1076190398.920086,3602400.699999917,75221.83999999255,5558409.35000088,165105.06000000105,345566140.19000304
123.0,41.0,500.0,436.0,333853495.08002216,3243298.1499997675,64415.50999999313,547094.5800000064,39933.83999999798,107095704.54998732
271.0,288.0,289.0,252.0,774941055.1500667,2979567.2699999763,68586.79999999737,3551654.849999858,121317.48000000618,249084891.20998478
474.0,42.0,143.0,441.0,434484758.71005297,3639986.5999996806,38651.23999999982,556685.2399999626,40531.96999999695,139733317.83997947
451.0,40.0,480.0,129.0,332708808.5700083,2231489.7600000356,58902.38999999705,612162.1999999514,53006.519999997705,107349906.03998554
357.0,31.0,380.0,332.0,344492629.1200169,2850639.2099998547,52155.59999999603,424002.6499999716,40936.02999999802,110865383.98998344
118.0,68.0,599.0,315.0,350189401.0900212,2796591.7499998454,72273.52999999483,915833.599999917,53316.6899999952,112472177.42998628
261.0,58.0,512.0,269.0,361618519.7900124,2671933.429999986,63648.50999999803,817750.8299998937,53098.12999999558,116330829.61998148
114.0,98.0,582.0,306.0,384919622.420011,2615779.2799999746,74598.7799999952,1224897.459999958,62011.97999999298,123653646.12998895
195.0,113.0,269.0,523.0,522360604.4000531,3598788.03999968,57522.41999999574,1572652.4999999579,64428.56999999161,167685887.43999287
105.0,61.0,537.0,397.0,342114667.33002335,3002169.4299998507,68792.92999999571,741069.5399999233,46773.73999999598,109804168.80998836
157.0,135.0,216.0,592.0,562973553.3600937,4000963.7599995793,54766.879999994904,1678422.569999894,61611.11999999044,180527890.55999482
343.0,76.0,182.0,499.0,501458414.6400695,3884284.3199996105,47367.44999999748,1132809.6299998641,52492.59999999261,161025221.73998824
232.0,76.0,455.0,337.0,402867754.6400276,2984949.849999832,63137.359999994864,1011937.9599998638,55357.23999999435,129467900.7399862
380.0,126.0,202.0,392.0,533651009.81004214,3338083.689999834,48475.88999999739,1494180.750000035,65680.09999999429,171592550.76998237
332.0,110.0,176.0,482.0,510677929.6800666,3598782.2799997334,45564.04999999737,1233883.8999999093,55025.29999999398,164049449.6799871
291.0,260.0,140.0,409.0,773384262.0800663,3619132.2999998466,57050.2299999962,3179206.2600001064,106310.54000000533,248467085.61996707
366.0,236.0,127.0,371.0,743750732.1300747,3430232.169999751,53572.219999996676,2926422.44000012,101172.43000000482,239043756.5199718
285.0,275.0,138.0,402.0,751551960.7700887,3594023.9999997285,56987.22999999525,3027642.3900001575,103092.19000000933,241458479.01997837
250.0,225.0,273.0,352.0,674481060.9300599,3200660.139999808,63669.87999999648,2724593.0300000682,97222.35000000507,216728949.28999588
433.0,388.0,209.0,70.0,937253284.2700218,2279236.089999905,69465.50999999869,4776544.459999912,159535.66000000233,301601800.0299707
342.0,330.0,373.0,55.0,807066847.6600183,1963516.6899998882,76504.38999999671,4146205.9899995388,144431.59999999887,259732758.2299924
431.0,279.0,340.0,50.0,744235694.7100109,2056410.3099999155,67424.06999999881,3495498.5699997847,127718.33000000927,239657063.8899877
509.0,354.0,178.0,59.0,889356580.9500207,2166696.509999936,63046.64999999997,4334536.579999515,148706.79999999373,286321468.0699751
314.0,219.0,248.0,319.0,673256667.0700723,3265375.869999836,59407.33999999603,2641986.5200000387,95693.54000000404,216400613.2199849
423.0,295.0,333.0,49.0,773106296.2300243,2036436.35999988,67767.53999999937,3732820.41999966,132877.1400000022,248901541.6799875
500.0,188.0,313.0,99.0,633084749.650022,2239919.8300000215,56644.149999998655,2510481.810000168,101398.00000000573,203970824.4799825
417.0,214.0,356.0,113.0,622442241.3400098,2307657.3099999805,62922.94999999882,2556375.190000076,102022.64000000311,200451075.78998092
393.0,383.0,246.0,78.0,945535587.940029,2319561.8299999037,70445.10999999831,4833242.059999932,160815.0800000003,304233189.3199854
526.0,198.0,272.0,104.0,645897049.1500304,2365702.380000012,57242.579999997986,2586292.990000024,102566.71000000373,208040155.3199805
460.0,173.0,287.0,180.0,617417263.8500319,2507495.549999947,57885.92999999729,2401293.480000203,95418.34000000541,198767449.04998904
382.0,372.0,197.0,149.0,910704153.8700569,2680802.2499999814,68322.1699999972,4474673.889999902,148293.5700000042,292907163.41998005
399.0,205.0,282.0,214.0,621706489.340035,2685987.340000005,59105.13999999751,2417920.9000000586,94560.38000000078,200058294.74998462
296.0,394.0,252.0,158.0,953235637.7200419,2508409.350000013,74992.14999999486,4945598.910000277,159600.5899999983,306515252.89998764
332.0,443.0,235.0,90.0,1027205916.6200174,2228401.9699999467,77433.93999999398,5531418.490000424,177119.52999998885,330419105.8299782
308.0,410.0,218.0,164.0,897567697.2100397,2601681.68999994,70792.72999999742,4471277.099999789,148683.25000000114,288660853.0999789
226.0,462.0,38.0,374.0,1150777524.510117,3785678.890000112,73061.64999999347,5937352.980000765,179020.4599999996,369657472.88999295
104.0,527.0,43.0,426.0,1179129535.7201097,3778747.2799999905,74290.00999999171,6152749.500001004,180615.8799999971,378606924.5200087
292.0,275.0,49.0,484.0,869692845.1300902,3881488.239999871,56472.21999999794,3736085.7599999965,118611.38999999985,279318661.47997683
155.0,319.0,368.0,258.0,789224250.490049,2845671.3199999123,77104.81999999098,3857655.2399999034,129742.37000002037,253617972.44999185
208.0,425.0,35.0,432.0,1004403343.930122,4036568.199999822,65153.92999999564,4765085.430000804,145371.3000000093,322534707.43000156
172.0,162.0,407.0,359.0,569071694.4200631,3120310.8099998403,68831.16999999568,2196532.5500000617,83564.16000000504,182757548.90000305
65.0,327.0,376.0,332.0,855637067.4100664,3071773.9500000277,83414.60999999252,4375872.680000031,139650.330000009,274783961.80999845
124.0,288.0,52.0,636.0,878812581.0801337,4366145.259999768,59633.31999999659,3772751.25000033,114067.09000000819,281937667.5299829
83.0,193.0,485.0,339.0,597278976.9000618,2986029.2899998697,76498.40999999277,2567275.870000094,93807.06000001027,191790485.80000582
77.0,179.0,449.0,395.0,575065048.3600533,3100239.7899998864,74066.56999999464,2344309.5600000243,86731.89000000311,184607584.62999952
179.0,293.0,279.0,349.0,815221323.0800678,3406966.559999919,70101.32999999535,3755621.490000009,123585.91000001141,261868356.83999318
30.0,341.0,324.0,405.0,856130332.2801019,3470210.759999958,79367.65999999153,4210825.550000219,132964.05000001888,274797450.70999736
242.0,11.0,376.0,471.0,347561909.77003115,3688552.7499995846,51273.089999996366,263770.5200000088,30060.020000000433,111508785.7399846
190.0,311.0,230.0,369.0,883268785.2600719,3277570.3699999657,70718.25999999352,4252145.01999992,133967.82000000612,283719875.8499887
188.0,306.0,291.0,315.0,806581670.9100477,2859250.4499999373,72374.11999999543,3895429.979999843,129368.51000001215,259211283.75998577
279.0,13.0,338.0,470.0,351984606.8100317,3585083.6999997078,50099.03999999586,295737.65000000276,31522.73000000149,112971703.25998728
34.0,385.0,285.0,396.0,910974910.7100791,3311008.3099999405,81062.26999999049,4633054.670000226,144364.26000001348,292462200.0300071
47.0,14.0,499.0,540.0,321095924.1500239,3891771.539999534,64063.15999999191,307461.94000004214,29189.89000000158,102746674.10998744
48.0,15.0,398.0,639.0,351342389.8000416,4043345.0799995116,58583.06999999187,376391.0100000578,28339.150000001842,112419374.00998762
52.0,16.0,432.0,600.0,324410037.42002344,3916786.0499995197,62026.85999999224,272780.2500000227,27233.010000001505,103801506.21998796
314.0,387.0,377.0,22.0,870725415.8599994,1894115.459999862,79986.75999999387,4641366.039999781,158020.92999999554,280193169.8899946
238.0,424.0,414.0,24.0,967969502.2400137,1853735.8799998425,89340.42999999314,5466200.330000206,179358.4299999873,311366087.58998436
376.0,245.0,452.0,27.0,655173151.7800039,1855921.9199999082,71388.27999999654,3069366.859999739,118830.83000000971,211021524.06999168
325.0,401.0,351.0,23.0,897937037.0200099,1918307.3499998734,80037.93999999316,4822310.499999934,162236.7999999955,288940926.89998275
235.0,289.0,282.0,294.0,746375517.810067,3107130.3499999247,68209.43999999417,3351608.910000021,114882.92000000949,239832052.2499835
277.0,180.0,298.0,345.0,579366864.2400562,3089173.699999869,60233.45999999557,2080492.7600001253,81403.3100000042,186218685.72999358
179.0,319.0,279.0,323.0,779505503.8800695,3263571.6899999212,71134.2799999946,3603229.460000043,119957.06000001574,250389207.0399882
200.0,189.0,349.0,362.0,564377799.6100698,3362672.6599998036,64590.969999996734,2011413.5599999952,78177.86000000169,181247969.1499941
305.0,288.0,476.0,31.0,714293153.0800068,1767807.8699998958,79677.24999999597,3639176.539999729,132131.36000001014,229927929.94999662
207.0,196.0,323.0,374.0,631788740.9800686,3207583.3499998474,66257.4399999957,2513062.250000083,91247.26000000784,202935754.82
336.0,137.0,122.0,505.0,578365885.8200754,3991782.9099995657,47064.43999999595,1612240.809999945,63611.04999999116,185721086.18997794
434.0,119.0,106.0,441.0,557663364.3500792,3748810.5299996254,43571.299999998206,1453520.9399999522,62163.02999999315,179235117.4999787
257.0,365.0,93.0,385.0,903260193.3600953,3808089.8999998583,61450.73999999676,4062153.5999999656,128984.35000000703,290142399.5199857
356.0,145.0,64.0,535.0,627301962.7800603,4063224.189999745,42144.84999999921,1791544.7300000638,66738.45999999189,201441771.98997444
351.0,143.0,127.0,479.0,576341961.400063,3700346.1999997674,47569.5799999986,1682435.6699999876,66872.04999999325,185151164.86997917
277.0,395.0,50.0,378.0,975408344.5800786,3564533.039999927,62208.519999997436,4598655.190000177,142850.30000000153,313376795.66998816
474.0,130.0,58.0,438.0,602236829.4100689,3660223.609999779,39646.27000000029,1666642.3600000187,68470.20999999456,193649242.57997462
351.0,338.0,86.0,325.0,932798624.5200775,3396178.1699999673,59459.87999999854,4290232.419999861,138143.67000000505,299847514.64998436
355.0,341.0,43.0,361.0,942462629.910082,3525918.6299998863,58758.66999999734,4330774.530000104,137256.8700000056,302886897.5399888
365.0,352.0,45.0,338.0,964870746.0400592,3271433.0599998985,58533.12999999821,4514063.260000143,142251.88000000134,310119031.76999235
23.0,450.0,435.0,192.0,1005688960.900035,2502687.3799999733,94632.39999998697,5726376.380000392,179073.459999987,323110462.19998574
160.0,393.0,380.0,167.0,879575556.7600477,2441761.7299999744,83951.4199999933,4677680.34000005,153226.22999999986,282756870.1199943
31.0,222.0,588.0,259.0,585188963.7300426,2521283.9599999543,86132.47999999493,2786713.1200001086,102893.61000001489,187961663.97001025
24.0,477.0,396.0,203.0,980225249.1800636,2645398.8699999233,92482.12999999122,5473993.030000457,171928.39999998992,314912335.57000893
24.0,470.0,455.0,151.0,978545500.7400523,2329312.2699999805,96639.42999998372,5600771.680000345,177502.5399999955,314424938.7199881
35.0,257.0,582.0,226.0,639995452.4600375,2351051.2199999117,87382.10999999169,3230261.1199999596,114893.81000001983,205611719.12000886
175.0,430.0,357.0,138.0,968649713.9200262,2289307.0699998876,84621.14999999254,5304701.860000223,170066.779999994,311422086.78998274
217.0,195.0,516.0,172.0,547284999.5200267,2255263.4099999573,74402.97999999682,2342573.5200001714,94725.10000000642,176076368.1099936
220.0,198.0,451.0,231.0,554131969.0400397,2519305.869999944,72081.78999999573,2281416.7700001746,91066.04000000874,178181522.95999402
232.0,209.0,475.0,184.0,554278372.7600313,2348776.050000044,72252.84999999711,2325200.3200001395,92774.2200000042,178290958.72999102
34.0,314.0,604.0,148.0,675646484.3500327,2154020.6699999003,92297.48999998855,3590817.029999757,126831.870000018,217137357.68000787
291.0,239.0,458.0,112.0,653725305.1700373,2158999.559999946,75321.16999999637,3076622.409999942,115684.9700000121,210372749.41000095
36.0,275.0,634.0,155.0,636435165.4500324,2041187.2399999783,90811.25999999398,3330743.699999986,119090.5300000197,204546102.47001195
70.0,655.0,67.0,308.0,1383723386.8500893,3420495.8700002185,89404.75999998196,7881560.59000152,229469.13999999248,444434084.73997307
36.0,335.0,644.0,85.0,688984416.4100286,1926160.6299999193,95964.30999999374,3801092.2199998493,134560.12000001705,221494029.72002074
91.0,708.0,87.0,214.0,1422850694.6800957,3202105.720000126,93036.7099999826,8264913.510001847,243165.2199999925,457119428.25998574
521.0,427.0,44.0,108.0,1038828051.6300254,2475559.629999954,59232.50000000011,5181171.610000243,167236.81999999576,334294073.6799863
317.0,217.0,500.0,66.0,574726892.8500171,2025345.1999999136,72803.30999999642,2549832.560000027,102916.50000001055,185033073.44999966
510.0,350.0,43.0,197.0,950065427.1300586,2908113.339999978,56197.7499999984,4439425.829999976,144319.55000000185,305599359.2599892
557.0,381.0,47.0,115.0,947275886.7000327,2524178.9799999623,54839.12000000006,4487094.119999679,148937.13999999664,304887364.1399741
226.0,402.0,175.0,297.0,1024458821.5500572,3101405.9300000533,73716.03999999323,5276862.820000498,162750.67000000493,329158799.37998635
44.0,485.0,212.0,359.0,1170319129.2301135,3460430.0300001334,86508.31999998531,6421136.380000956,191437.74999999642,375826072.4999945
232.0,381.0,181.0,306.0,929230610.7300653,3131984.789999935,70357.89999999401,4554496.610000159,143617.63000000367,298546144.69999784
216.0,385.0,215.0,284.0,933757406.0100574,2931238.1100000925,72006.21999999651,4687007.21,148874.63000000114,300067732.4399839
235.0,418.0,182.0,265.0,981403902.3600668,2922214.0399999507,72545.60999999469,5012751.290000182,158476.98000000007,315417348.8899902
231.0,378.0,230.0,261.0,890665344.7300911,3101634.7499999963,71026.77999999323,4330668.7000001455,139962.33000000942,286219009.76999706
44.0,482.0,269.0,305.0,1060804654.1200942,3165917.3400000706,87331.4899999872,5776960.550000537,176028.20999999536,340686783.1199905
48.0,486.0,231.0,335.0,1088535079.570079,3284655.710000127,85565.37999998592,5906894.740000744,178712.42000000057,349565791.7899796
43.0,438.0,266.0,353.0,1044580849.0801098,3447935.6900001336,84925.29999998427,5579596.920000696,170037.65000000925,335417884.6599949
45.0,459.0,280.0,316.0,1034512919.4000891,3262038.409999961,86477.6399999902,5582156.970000715,170586.50000000122,332232521.5699869
402.0,117.0,341.0,240.0,476849138.79002386,2681331.989999935,54886.889999998486,1393726.9600000805,67908.19999999981,153499909.8799885
216.0,148.0,432.0,304.0,507112253.98004264,2944460.419999849,66987.769999995,1784850.3200000282,75082.71000000244,162972214.90999338
338.0,275.0,286.0,201.0,759637864.5700487,2632217.229999948,66905.36999999684,3495313.899999833,123408.2900000082,244349830.85998207
486.0,142.0,182.0,290.0,610685966.3800584,3063619.5799999796,49760.60999999813,2071355.7200003013,83671.26999999893,196494163.29997936
341.0,99.0,289.0,371.0,478229464.2000587,3344908.5399997546,53173.23999999613,1222296.1199999026,58179.919999993544,153693401.83998424
336.0,274.0,125.0,365.0,841762532.8800796,3552975.019999885,58630.49999999577,3660427.570000033,120747.74000000423,270501291.5899679
214.0,147.0,189.0,550.0,593856718.8100747,3914900.4199996428,54031.569999995845,1870575.5600000334,68489.19999999166,190563800.64998892
146.0,283.0,294.0,377.0,739490475.020072,3243923.519999909,71753.43999999498,3332999.840000073,111392.0700000119,237459274.1299934
211.0,406.0,186.0,297.0,995975892.3000907,3206414.0699998806,74602.39999999279,5069331.490000632,158700.37000000407,320005106.850005
172.0,332.0,153.0,443.0,902801271.0001019,3682111.669999884,68744.07999999437,4240831.220000187,132755.68000001297,289889566.69998485
151.0,368.0,90.0,491.0,930963923.9901197,4129369.1199997826,65028.70999999321,4256699.05000036,131165.2000000176,298870590.88999265
338.0,296.0,72.0,394.0,888996331.3400925,3493993.729999901,58554.719999998626,3976781.9499999783,128265.20000000308,285665122.79998016
206.0,105.0,122.0,667.0,566305465.5001037,4474536.329999533,46983.389999995685,1428606.3499998571,53118.579999990856,181573335.14998713
118.0,287.0,313.0,382.0,736267028.6200786,3402834.799999975,73389.82999999425,3318915.329999976,111327.20000001007,236415106.05999824
209.0,509.0,124.0,258.0,1210075176.1500356,3012118.9000001242,81440.08999998939,6645645.510001049,200032.15999999642,388840318.189994
204.0,104.0,541.0,251.0,422465055.23002106,2726445.929999884,69661.79999999618,1328380.7099999452,65816.20999999264,135834856.46998438
336.0,294.0,321.0,149.0,767501511.5600231,2410791.0299999416,68845.71999999792,3635087.3699997365,128648.70000000732,246941885.15998432
598.0,109.0,128.0,265.0,566294208.5400292,2958545.7799999337,41746.80999999907,1617141.6500002036,73290.10999999702,182376522.36997482
333.0,61.0,318.0,388.0,412730481.8200381,2972356.72999987,50819.76999999632,834938.5399998804,50525.88999999593,132767613.45998392
426.0,78.0,407.0,189.0,429135110.60002655,2491973.9500000007,57146.05999999729,1175728.0199999523,64164.289999995206,138220604.75998563
278.0,70.0,198.0,554.0,497201405.4100651,3941413.719999597,46409.64999999691,1101876.4799998638,49294.53999999531,159570978.4099875
476.0,53.0,150.0,421.0,474913632.0000587,3489115.529999661,41374.88999999887,900259.0799998222,50124.36999999548,152751745.96997797
252.0,164.0,180.0,504.0,611432689.4000874,3660313.179999733,53994.40999999691,2039113.8600000117,75934.46999999479,196355165.97998992
259.0,66.0,258.0,517.0,462512513.9100618,3746600.8699996043,50705.31999999573,984046.0399998326,48106.91999999411,148477431.8799878
256.0,65.0,182.0,597.0,479760241.43007153,4162358.859999595,44613.219999998946,871610.0999998586,41854.81999999493,153898586.22998297
221.0,144.0,220.0,515.0,570616296.3600793,3928544.869999613,54475.3799999953,1741696.8399999328,66353.18999999142,183139521.3599882
425.0,48.0,187.0,440.0,431284543.7700487,3618288.129999692,41556.81999999855,600871.6699999301,41004.53999999658,138651527.96998355
417.0,121.0,131.0,431.0,563472279.4900782,3590225.7299997895,44837.149999998415,1545393.9400000782,64642.33999999398,181106609.77998146
421.0,122.0,185.0,372.0,540885534.7300609,3377113.829999795,46815.47999999644,1487370.7300000102,64843.60999999232,173889356.339985
398.0,115.0,175.0,412.0,560725711.9900608,3549111.4299997212,48238.73999999655,1607364.7300000817,68051.13999999384,180269267.57998332
379.0,249.0,328.0,144.0,706833381.9200425,2473686.6400000798,66316.30999999924,3163310.5899999794,115013.3100000084,227423337.41999522
229.0,300.0,397.0,174.0,755750630.3200314,2397870.5199999656,74381.29999999526,3682075.049999827,127156.69000001154,243029042.7299927
356.0,299.0,309.0,136.0,742747663.5600177,2455487.949999968,67755.2699999973,3431653.5599997737,122798.93000000861,238980447.13998646
362.0,238.0,362.0,138.0,645104372.2700307,2265718.3099999884,68234.64999999797,2859251.5500000133,108894.52000001149,207640967.22999796
359.0,236.0,312.0,193.0,648104573.0700338,2576549.3200000054,62413.11999999756,2681116.3200000315,101616.25000000464,208533515.6399886
326.0,274.0,325.0,175.0,754989775.8500416,2663826.3199999877,68770.44999999563,3482348.7299998812,121628.79000000717,242807130.6099715
205.0,268.0,408.0,219.0,700806279.7400508,2592575.1800000104,72949.79999999588,3251903.559999914,115019.77000001195,225321553.62000525
200.0,337.0,348.0,215.0,801047245.0700496,2686313.5999999926,77123.34999999449,3971572.509999799,133544.76000000938,257483581.5399852
202.0,340.0,404.0,154.0,827045979.6000497,2358726.5899999836,79610.8299999953,4243868.039999837,142754.81000000666,265942674.35000145
192.0,321.0,382.0,205.0,757361114.5100439,2504015.449999909,76508.9899999972,3709713.3100000205,126573.60000001316,243474106.0900005
440.0,233.0,35.0,392.0,728226199.1200457,3456001.6599998856,44294.330000000686,2633593.9300000877,94618.9999999976,234172441.10997277
191.0,321.0,48.0,540.0,924049209.1701097,4000965.9199998695,59832.429999997556,4125909.8900000555,126847.25000000036,296659196.0199944
400.0,312.0,32.0,356.0,941746866.120089,3495657.790000023,57525.3199999978,4302725.849999953,138152.54000000388,302698833.9499774
411.0,217.0,106.0,366.0,746616348.9700547,3299749.610000105,53004.8699999988,2985236.099999886,104981.54000000216,240069790.26996616
557.0,295.0,44.0,204.0,866446861.8300385,2871782.7799999136,50483.19999999924,3772969.34999979,128084.81999999794,278805897.3899656
458.0,357.0,118.0,167.0,927613420.5700463,2782714.760000027,60899.769999998796,4408793.019999822,145284.69000000373,298421813.53997886
237.0,397.0,193.0,273.0,942650606.9100716,3171115.199999917,72596.36999999384,4701919.560000101,149080.02000000395,302917941.48999923
225.0,557.0,57.0,261.0,1242537440.670102,3284086.0499999174,77115.2199999908,6730885.500001068,201680.6200000027,399266244.9200029
155.0,382.0,127.0,436.0,942486937.6601142,3848411.899999842,68312.80999999441,4453971.230000291,136177.42000001195,302572576.8300049
202.0,499.0,165.0,234.0,1140585735.54008,3056703.320000032,79723.86999999192,6165289.970000779,191052.37999999968,366556338.0499766
115.0,558.0,360.0,67.0,1130039747.3000138,2054918.9199997957,95567.61999998591,6642581.88000052,206652.11999998012,363275595.8599746
352.0,424.0,273.0,51.0,940600998.9000188,2141575.6399998832,75155.59999999536,4935037.520000225,163116.87999999538,302631649.12998617
226.0,36.0,707.0,131.0,230840511.619994,1932562.4600000046,73370.55999999624,346964.9999999842,46118.11999999983,74446938.02999057
107.0,521.0,410.0,62.0,1069438307.72002,1960883.4199997883,96343.54999998854,6280972.5200004475,197034.40999998312,343805627.9299709
83.0,404.0,261.0,352.0,939553993.7900884,3264681.589999968,79948.90999999427,4826251.690000336,150928.310000001,301740475.24999285
120.0,19.0,456.0,505.0,333665693.0100243,3518282.649999653,60806.54999999461,405085.28000002354,32934.140000002844,106921221.35998596
262.0,315.0,248.0,275.0,799582147.5600562,3076522.25999999,67349.82999999767,3675211.0299999565,123310.24000000818,256992907.2699834
385.0,15.0,298.0,402.0,351203456.2000196,3347564.019999747,47696.39999999721,290120.3899999961,33818.47000000143,112869637.92998317
517.0,21.0,488.0,74.0,283332904.6299974,1885306.9099999883,54605.669999998674,297174.1699999376,47533.68999999996,91660353.27998777
363.0,14.0,343.0,380.0,356075799.29001683,3302445.22999977,48614.91999999834,360322.00999999663,36708.51000000056,114480399.67998515
322.0,230.0,157.0,391.0,728123639.9400761,3486040.5499998005,56038.83999999766,2865056.060000107,100089.08000000709,233996498.72997895
48.0,311.0,212.0,529.0,838556305.6901121,4056241.479999743,71795.02999999249,3819313.8100001635,118337.8700000114,269032986.1599854
306.0,276.0,148.0,370.0,780932631.5700961,3461508.00999982,60073.13999999631,3319193.8000001092,111681.77000000578,250920772.5199762
222.0,158.0,451.0,269.0,544320879.6800447,2787806.2199999243,68632.63999999526,2069737.920000172,84434.88000000847,175016253.6099951
180.0,129.0,87.0,704.0,588485395.0301212,4756850.519999736,47382.14999999683,1532221.8999998881,54143.94999998897,188596294.91998345
140.0,126.0,286.0,548.0,533403459.91007626,3801909.0999997417,59758.43999999516,1646048.4999999641,63555.27999999021,171089525.4499901
18.0,116.0,331.0,635.0,530441420.62007487,4159071.899999532,61685.14999999459,1576219.8799998516,56745.01999999014,169871292.37999606
22.0,184.0,99.0,795.0,706545909.0801415,5053739.359999879,57561.15999999238,2454096.4500000197,74957.09999999541,226313754.43998706
28.0,233.0,526.0,313.0,635964571.3100728,2909807.5699998867,81204.55999999079,2949756.810000188,104207.0500000189,204193687.54000697
17.0,143.0,322.0,618.0,591014664.5700989,4127609.7299995003,66853.94999999122,2080047.9399998295,71751.77999999527,189394414.4200004
289.0,262.0,241.0,308.0,729314785.0800523,2996455.0699999034,64409.21999999775,3170147.989999995,109999.40000000854,234438140.4899845
222.0,284.0,260.0,334.0,752743865.4600574,3030348.259999897,66447.76999999626,3377808.720000119,113496.94000001013,241858761.54999298
284.0,275.0,237.0,304.0,766799603.9400564,2954860.829999958,64891.849999997445,3434602.1899999254,117043.63000000776,246471016.47998688
255.0,231.0,341.0,273.0,694621357.2800643,2831195.7899999265,68376.85999999529,3064549.710000017,108626.95000000746,223284306.5099895
330.0,300.0,276.0,194.0,739130396.1100403,2704279.259999987,63132.459999997016,3258935.819999904,116083.13000000852,237766709.1799851
283.0,274.0,377.0,166.0,691267846.640026,2457316.4699999965,72657.679999996,3204801.24999989,116470.44000000646,222333108.3999911
221.0,282.0,415.0,182.0,696717485.620032,2472935.739999997,76650.61999999419,3321514.449999851,119202.26000001241,224034167.06999284
253.0,343.0,296.0,208.0,825733510.6700408,2655046.400000009,72305.45999999515,4026287.149999836,134943.89000000758,265456691.7599857
192.0,261.0,359.0,288.0,749315493.0400686,2930438.0099998415,74255.86999999252,3519123.320000035,120340.0200000184,240785800.0599937
217.0,296.0,408.0,179.0,724601190.4300225,2417638.8199999714,75223.33999999604,3490701.9900000095,123244.10000001478,233017132.18000314
599.0,255.0,222.0,24.0,739421781.8100119,2071990.8399999144,55483.84999999943,3217636.93999971,121240.8900000008,238259402.59997505
533.0,289.0,251.0,27.0,759084929.4700149,2029457.2299998815,61145.73000000062,3503971.0899994997,128701.4500000046,244498105.66998333
461.0,450.0,170.0,19.0,1068321960.0700016,2059329.1399997943,73007.3899999973,5747565.340000671,187131.76999999234,343794847.9999783
645.0,274.0,155.0,26.0,757375029.6700056,2117609.179999941,50786.68999999935,3232527.169999809,121699.94999999902,244084084.15996793
555.0,236.0,205.0,104.0,701136364.6400322,2408983.5600000573,53683.82999999827,2864855.3499998483,108734.08000000342,225812904.68997642
458.0,447.0,110.0,85.0,1063150799.2200333,2385385.929999976,67374.26000000096,5526292.280000547,176988.63999999248,342049694.98998386
528.0,286.0,161.0,125.0,770990969.3400223,2487420.789999965,55258.9499999985,3344954.059999918,121316.57000000362,248251140.2099784
372.0,463.0,176.0,89.0,1048464740.570009,2269963.679999978,72778.289999996,5573409.000000534,178401.2499999911,337286702.55998284
423.0,526.0,129.0,22.0,1218936864.9100132,2263244.949999879,79155.14999998586,6797338.550002508,216209.7599999857,392133292.3899878
395.0,491.0,120.0,94.0,1121154474.2200272,2415289.3499999177,73150.98999999788,5998904.500000414,188926.9699999956,360633888.9699834
191.0,360.0,338.0,211.0,836750885.8900496,2646037.7699998883,78357.03999999311,4222611.359999911,140114.61000000965,268978075.48998904
117.0,389.0,366.0,228.0,848187331.680076,2739859.729999916,81391.09999999216,4376058.279999907,143283.82000000932,272560374.5900035
228.0,217.0,403.0,252.0,568772556.2200402,2846440.959999929,68143.47999999613,2225642.490000102,86799.4500000066,182826767.89999858
200.0,377.0,302.0,221.0,844727410.7900431,2687123.1100000106,77094.64999999406,4266433.1999998735,140081.920000008,271508631.20999664
182.0,342.0,322.0,254.0,850948792.1300457,2832386.980000002,76097.61999999329,4249522.40999986,139508.460000005,273485683.21998566
226.0,216.0,341.0,317.0,611364405.9800445,2930866.1799999517,67180.14999999655,2490147.5699999933,92438.82000000405,196444337.09999895
116.0,387.0,310.0,287.0,984099691.5700625,2997838.730000098,82766.55999998921,5215029.110000596,164078.07999999923,316151830.2300005
133.0,223.0,416.0,328.0,659690338.7600648,2999365.169999962,73880.4399999925,2938380.940000012,102632.31000001015,211879805.2799965
150.0,254.0,402.0,294.0,672908908.2900541,2775624.819999938,75591.07999999299,3085041.720000082,108197.79000001091,216178049.54999852
140.0,237.0,375.0,348.0,658754719.7400564,3078813.299999922,72426.31999999474,2878014.3000001353,99876.98000000921,211535754.2900018
194.0,157.0,395.0,354.0,521864037.2700498,2936958.599999865,64504.50999999603,1838331.840000007,75810.67999999879,167706244.55998978
210.0,155.0,387.0,348.0,529125086.35005325,3110070.429999891,65524.73999999542,1857025.220000001,75177.7899999995,169972860.26999298
215.0,54.0,438.0,393.0,347568879.440028,3284173.759999855,60966.00999999536,553366.9500000047,41138.12999999776,111593353.9799847
279.0,226.0,86.0,509.0,726478347.4001054,4065182.009999678,51752.119999995986,2663666.5200001225,89127.26999999896,233228781.74997532
274.0,223.0,558.0,45.0,563968062.210012,1787569.6099999342,77759.48999999634,2602193.910000048,105222.56000000892,181603676.31000194
639.0,159.0,197.0,105.0,594866196.8500183,2356464.890000017,47081.65999999842,2033237.2700004443,89704.23000000058,191793568.96997648
508.0,375.0,142.0,75.0,974482143.5900148,2337036.009999961,64766.020000000586,4897449.490000255,161152.69999999853,313602603.4899889
341.0,77.0,631.0,51.0,343569251.94000155,1698574.140000001,71318.31999999813,1087857.1399999645,67033.79999999683,110839503.56998564
348.0,79.0,97.0,576.0,527908684.75004846,4031964.169999655,40162.340000000244,1138390.1799998428,49523.619999992865,169478292.8499806
665.0,150.0,186.0,99.0,571774235.5300161,2389100.419999976,45054.83999999923,1844274.5800004024,84390.19000000402,184366321.03997585
460.0,424.0,128.0,88.0,1023338478.3200313,2365888.699999962,66554.09000000068,5255693.500000265,170921.48999999257,329272355.8499802
472.0,416.0,126.0,86.0,1022059431.4000276,2419946.6599999187,65747.72000000023,5205369.560000716,169921.94999999515,328893056.519987
511.0,349.0,143.0,97.0,903819750.9900264,2606317.2200000864,61126.77999999936,4315626.149999732,145381.0100000015,290849733.3299753
390.0,359.0,276.0,75.0,902470423.1600224,2268099.5899999067,70917.1699999981,4590174.719999849,154181.73999999996,290379814.629992
386.0,356.0,108.0,250.0,914073426.5500674,2953255.299999911,62973.13999999803,4343696.969999888,141450.28000000698,293903948.5799898
362.0,248.0,256.0,234.0,700532077.2100409,2750169.9199999105,62299.40999999701,2987671.8899999503,108584.29000000552,225330889.44999176
346.0,305.0,235.0,214.0,783156032.0600433,2701007.7200000337,62925.86999999936,3544262.7399998377,122976.470000004,251903483.26998466
432.0,283.0,116.0,269.0,797029836.3700557,2982857.2899998697,53881.02999999661,3374537.250000015,117486.63000000657,256395880.0199683
437.0,286.0,297.0,80.0,769684927.7900219,2200075.039999893,65283.05000000017,3586285.229999637,129772.68000000776,247813509.29998562
372.0,244.0,253.0,231.0,714593074.9400392,2638196.279999999,62838.86999999729,3107284.009999984,111958.22000000652,229878947.1999847
263.0,20.0,425.0,392.0,329808752.1800186,3095090.3899997612,57727.789999994384,420487.4000000092,39019.71000000009,105987605.59998366
275.0,19.0,419.0,387.0,325324710.2700093,3260702.289999695,57418.44999999537,332251.6600000145,36133.32000000066,104505663.93998685
201.0,275.0,324.0,300.0,726071704.1100851,3246721.6899997573,72040.59999999356,3268743.240000091,114734.06000002113,233279769.00999254
349.0,26.0,206.0,519.0,402328141.88004637,3823742.469999597,42273.249999998334,403892.6900000102,32848.87999999923,129163393.31998481
275.0,20.0,443.0,362.0,322973589.8900104,3131189.5399997253,58142.679999995264,369677.8500000009,38244.08999999974,103798015.279983
257.0,352.0,152.0,339.0,881604200.7100905,3383550.7699999567,65200.4799999977,4093672.4199999818,131003.78000000931,283283380.0699798
383.0,27.0,213.0,477.0,395160239.10003185,3656820.9999996675,44416.53999999873,423003.3100000053,35741.24999999832,126955856.92998505
218.0,281.0,331.0,270.0,730758697.7100501,2727864.530000012,73267.62999999463,3403043.71000007,118229.48000000913,234884027.66998875
259.0,334.0,144.0,363.0,844250473.3100649,3244511.969999905,62292.21999999709,3808087.6899999683,123809.43000000608,271286106.23998034
269.0,347.0,150.0,334.0,904366214.7800721,3206336.2499998715,65867.76999999626,4296367.749999931,137025.93000000762,290586168.95999616
80.0,383.0,345.0,292.0,956757585.8200653,2969493.7199999485,84982.27999999069,5079877.780000354,159231.66000000306,307336280.94998837
104.0,374.0,337.0,285.0,892458083.3400704,3026917.909999897,80794.1699999899,4559641.600000179,144804.53000001083,286645905.03000003
92.0,276.0,397.0,335.0,681119163.170048,2907168.859999912,77107.2399999928,3145116.0000000205,108951.98000001152,218751587.4300052
65.0,310.0,489.0,236.0,781944887.890064,2578383.210000009,87538.9399999912,4090938.8199999044,137081.05000001666,251218356.3800022
86.0,411.0,370.0,233.0,953061344.5200382,2710135.9700000584,88981.26999998956,5199256.670000207,165046.20999999388,306212458.62998664
77.0,231.0,583.0,209.0,590132569.8000315,2406246.339999971,84010.10999999172,2797169.020000047,104746.30000001958,189659874.51000336
89.0,321.0,508.0,182.0,753557020.3100353,2292465.759999915,88366.56999999254,3970467.8499997626,135278.77000001038,242200783.36999843
129.0,290.0,418.0,263.0,758225443.6100323,2714135.429999896,80186.95999999413,3747595.1100000064,126956.84000001203,243631953.19000158
94.0,212.0,536.0,258.0,595460733.3000371,2633766.9099999135,80523.29999999388,2704867.940000085,100637.03000000933,191328086.30999848
100.0,225.0,570.0,205.0,565232750.5700274,2354760.8100000205,82183.55999999351,2627282.9899999583,100598.76000001346,181668332.59000793
73.0,13.0,513.0,501.0,287693265.09000105,3250533.499999798,66470.9799999949,285700.57000002114,31906.140000003525,92180572.88998814
469.0,8.0,315.0,308.0,330376127.0500058,2975493.4499998665,46996.319999997366,202209.68999998187,36428.66000000079,106420764.04998402
49.0,368.0,346.0,337.0,856079412.4700693,3119283.4899998917,82547.58999998997,4374208.730000107,139389.16000001345,274893385.0899993
77.0,14.0,480.0,529.0,315800672.07001656,3588922.519999626,62628.1799999931,322999.2100000268,30658.540000002384,101133354.06998552
63.0,11.0,440.0,586.0,315784570.00002104,3879093.1999995187,60880.84999999364,209533.8000000038,26210.120000001873,101077244.7599862
45.0,342.0,285.0,428.0,838793247.9300883,3370263.7399998824,77729.2199999912,4085949.1800001464,128798.03000001857,269250423.5699966
439.0,7.0,262.0,392.0,344106040.22002006,3239688.109999782,42865.999999997955,159135.68999999226,32035.030000000716,110719668.34998235
335.0,240.0,225.0,300.0,730453740.4200437,2921224.8599999542,62675.729999998504,3151965.239999979,109929.70000000596,234825172.6899951
371.0,265.0,221.0,243.0,797202719.9100603,2872344.8299999875,63825.759999996575,3619644.619999851,124009.03000000742,256374399.1999803
343.0,245.0,205.0,307.0,740168980.830072,3159283.3399999905,63109.90999999712,3157259.739999911,110198.92000000412,237924374.86998528
511.0,451.0,75.0,63.0,1074808306.5700278,2358071.79999996,62745.210000000254,5496828.340000678,176581.9599999966,345884522.00999296
391.0,544.0,90.0,75.0,1206667351.1700194,2306737.619999831,73793.53999999679,6604366.460000818,206462.71999999223,388156660.2399724
745.0,156.0,108.0,91.0,650410155.8500034,2369368.7799999574,41606.919999999714,2279494.840000413,96566.3699999997,209732263.92996508
540.0,477.0,17.0,66.0,1140958600.7900033,2433025.739999905,62470.37000000173,5911523.400000501,188606.62000000206,367157076.75997376
439.0,387.0,64.0,210.0,1046191101.6200292,2804230.2699999874,64422.22999999937,5274262.650000414,167054.18999999677,336438431.5699847
640.0,134.0,20.0,306.0,624937120.1800383,3316927.629999928,35465.30000000202,1796847.4700001972,74981.53999999881,201155495.1599696
345.0,479.0,17.0,259.0,1129509309.5500557,3104731.9700001334,65809.69999999939,5763792.530000695,176858.6499999956,363109086.32998556
476.0,157.0,109.0,358.0,662317326.0500597,3191564.1199999647,45625.85999999921,2293933.990000209,86233.55999999985,213018350.76997727
699.0,231.0,35.0,135.0,739456488.0300338,2657034.550000021,41286.300000000316,2789799.290000059,106819.77999999809,238223627.77996093
516.0,170.0,26.0,388.0,662662677.0400493,3427833.6099998816,39723.910000000615,2119403.610000159,81100.68999999877,213126423.58997658
333.0,106.0,333.0,328.0,475561264.7700423,2987507.469999821,56799.94999999612,1360568.8699999724,63675.09999999235,152902677.3999861
65.0,143.0,450.0,442.0,513893309.3200577,3427140.4899997488,72201.71999999441,1840036.599999944,72271.46999999444,164856995.26999912
320.0,143.0,321.0,316.0,535890158.2800548,3012515.389999832,60338.58999999636,1809616.0100001062,75426.59000000109,172281587.4499875
341.0,108.0,315.0,336.0,496230506.72004384,3025959.34999997,55221.1099999978,1444252.960000013,65877.32999999516,159552498.15998858
467.0,149.0,468.0,16.0,487920997.08000827,1763590.2799999455,62777.629999999124,1797972.260000324,86534.33000000489,157400321.77999118
458.0,204.0,422.0,16.0,615562752.8200072,1827453.999999969,67440.32999999929,2695938.1200000844,108727.69000000833,198362804.32998884
112.0,246.0,716.0,26.0,571334310.2800095,1589075.6599999163,90752.90999999501,2983807.1499999403,116585.35000001798,183876581.660006
97.0,302.0,678.0,23.0,709488975.9700024,1617030.3099998808,93476.98999999222,3945465.2899997747,140076.25000001257,228244316.95001218
63.0,197.0,406.0,434.0,623977715.4500698,3335434.8499998366,71300.35999999229,2573568.1600000183,89935.59000000413,200237875.0999962
102.0,318.0,656.0,24.0,722012691.9300063,1643503.8699999098,96199.6699999939,4066017.569999609,143469.3400000045,232232625.63001597
209.0,480.0,210.0,201.0,1041577440.6600649,2818485.6899999264,79354.61999999288,5551002.640000552,175276.11999999205,334787761.2799773
334.0,412.0,181.0,173.0,924013426.6100489,2676597.380000042,66934.93999999868,4562077.189999856,149495.83999999647,297167520.12998146
197.0,515.0,198.0,190.0,1135894065.8200762,2637621.420000119,83154.87999998895,6272917.69000073,192354.2699999893,365098162.7399791
217.0,499.0,175.0,209.0,1153995835.1400385,2634971.339999952,80422.66999999275,6344178.500000668,194563.0499999865,370932164.50998217
187.0,429.0,188.0,296.0,1000212767.1300677,3117060.1900000363,73013.90999999494,5086055.570000221,158789.44999999713,321400318.83998716
183.0,479.0,148.0,290.0,1102005668.2300973,3378152.6499999873,78662.21999998901,5822013.380000853,177576.80000000313,354034989.1700016
313.0,386.0,135.0,266.0,982830096.190073,3198999.080000061,68700.68999999529,4853460.580000243,155118.0200000035,315896695.98998284
290.0,407.0,156.0,247.0,1012026664.5100602,3129108.299999985,72141.79999999594,5128536.490000312,164281.0199999978,325327033.12998897
327.0,461.0,142.0,170.0,1024413905.6800306,2776157.869999952,70687.949999997,5259161.410000427,166908.69999999966,329382569.79998684
298.0,419.0,129.0,254.0,1065959069.0300465,2958391.949999997,71285.44999999646,5514358.550000628,172393.10999999207,342646130.66998416
335.0,285.0,154.0,326.0,814027954.9900706,3304775.119999969,59312.109999996166,3544227.220000026,119195.35000000717,261662003.2099779
458.0,239.0,129.0,274.0,749620523.6100533,3118340.339999907,52878.16999999774,3030242.7200000114,106628.84000000577,241083281.10997504
271.0,441.0,124.0,264.0,1002245320.1600428,2900619.390000032,69766.21999999613,5083573.320000377,159729.2999999961,322171595.8799844
230.0,196.0,449.0,225.0,584723775.6000271,2585088.909999954,71740.07999999532,2462918.0100000985,96429.65000001156,188049732.33999974
416.0,354.0,191.0,139.0,896225796.9400355,2560582.8799999948,63743.55999999753,4333244.97999987,144671.4200000069,288358236.16998434
224.0,365.0,436.0,75.0,842289100.5900087,2064703.979999859,83610.45999999235,4494285.439999743,152247.20000000118,270921824.07999116
376.0,196.0,451.0,77.0,528860394.94001424,2014044.2899999786,67024.8899999992,2115475.220000261,92008.17000000381,170378032.54999042
442.0,443.0,124.0,91.0,1022455165.9000434,2355132.089999961,66508.30999999912,5234798.080000359,171119.04999999757,329007167.119987
290.0,290.0,347.0,173.0,752702546.3000329,2421577.3000000757,73848.53999999526,3636534.849999893,127445.69000001131,242084553.37999865
323.0,324.0,387.0,66.0,804282069.25001,1971868.7199998824,77444.11999999514,4130752.3899995433,144374.69000000623,258833283.27000055
301.0,279.0,223.0,297.0,771829732.6900535,3072104.8799999235,63782.18999999624,3388783.8399999477,115319.67000000666,248111054.609981
96.0,351.0,280.0,373.0,881185481.0701026,3444443.919999922,77156.13999998914,4338561.050000104,137305.37000001225,282959667.7899964
368.0,95.0,273.0,364.0,479200452.18005586,3333713.389999704,52554.5199999948,1213953.7199998642,59942.28999999366,154090733.6699873
331.0,307.0,136.0,326.0,835105789.6300656,3333356.1100000218,60740.50999999738,3696903.629999878,122257.41000000839,268387658.6599791
328.0,305.0,243.0,224.0,804621202.0100682,2858884.5299998955,67185.67999999558,3748666.869999781,127308.76000001155,258719694.66998416
468.0,121.0,192.0,319.0,552267856.760042,3221394.749999914,47063.72999999833,1591697.9400001299,69628.61999999605,177664842.21998382
124.0,449.0,198.0,329.0,1025102794.9200442,3065188.7299999264,78790.77999999236,5385766.490000593,165298.1599999946,329292077.9000036
145.0,147.0,421.0,387.0,513777547.2800435,3229789.5499998904,66845.41999999507,1781527.5799999875,72104.2399999946,164963820.81998986
147.0,149.0,236.0,568.0,612008039.1001068,4309816.999999526,58239.93999999375,1996473.6999998584,70047.82999999449,196246760.7399867
175.0,177.0,281.0,467.0,619813934.8600818,3667205.61999979,62480.17999999422,2289634.290000065,83949.47999999947,198982548.50999367
518.0,102.0,336.0,144.0,469060374.6400174,2320838.93999998,54322.65999999778,1394141.489999991,72262.37999999925,151224499.87998804
422.0,119.0,392.0,167.0,481938701.090025,2456797.669999986,59542.97999999798,1556725.1800000975,74917.03999999937,155218669.40998754
418.0,294.0,272.0,116.0,801698824.780043,2381497.86999996,66445.05999999748,3800315.6299996446,133885.4000000089,258017990.46999198
462.0,91.0,419.0,128.0,436996948.3400151,2289499.520000038,57355.07999999849,1248032.4800000328,68594.53999999695,140865420.39998454
352.0,70.0,229.0,449.0,452668567.1900575,3543418.1499997326,48808.13999999518,924053.0799998282,48880.51999999518,145430236.2299876
283.0,199.0,257.0,361.0,652748195.8600483,3253609.659999925,60326.159999997595,2514362.2800000734,92242.59000000433,209778751.8199829
250.0,70.0,325.0,455.0,438586412.2800402,3381060.029999795,54600.65999999573,1006370.1899998673,50928.97999999487,140844026.8499864
231.0,232.0,215.0,422.0,688146552.7700851,3468459.4899998,60524.71999999519,2730526.590000118,95057.38000000724,221023121.1899869
297.0,299.0,386.0,118.0,761145200.1100326,2384345.6799999736,76943.3599999945,3749445.709999812,131533.92000001433,244812967.23998964
215.0,215.0,279.0,391.0,639563486.9500598,3263283.539999847,62927.69999999435,2507163.630000125,91039.91000000613,205452318.9199891
91.0,281.0,422.0,306.0,688034454.0200585,2941582.5699999616,79784.87999999063,3228808.0800000336,111867.0500000126,220978371.36999926
332.0,214.0,321.0,233.0,652710454.8900425,2773329.989999976,62461.53999999649,2671256.450000036,99605.10000000546,209934395.01998717
80.0,383.0,369.0,268.0,869796018.890078,2933751.119999975,83268.47999999217,4505026.4000001885,144864.36000001887,279396906.7099984
136.0,417.0,93.0,454.0,1086050480.3601084,3841655.820000033,73477.26999999283,5519105.770000916,165737.530000004,348722833.70999724
103.0,318.0,478.0,201.0,718931335.5100327,2519929.3499999796,83090.65999999363,3594149.389999871,124487.45000001592,231031121.60000336
131.0,626.0,90.0,253.0,1362965439.420076,2938046.9400000516,86395.11999998904,7773590.560001171,227373.82999998966,437922423.0299846
502.0,323.0,72.0,203.0,887982340.5300323,2856733.880000134,54924.689999999995,4005468.0099997283,134418.77999999962,285685154.9999814
326.0,327.0,315.0,132.0,794262258.0600224,2330406.8000000026,73241.71999999462,3889691.2499996927,135580.67000001098,255529527.9099924
387.0,387.0,56.0,270.0,961023539.8100544,3191459.060000064,59791.239999998,4542011.490000092,144782.66999999672,308925079.58998466
431.0,432.0,62.0,175.0,1066251060.2900254,2741424.9300000886,63410.09000000154,5399224.810000779,171702.38999999888,342955378.14999545
91.0,205.0,249.0,555.0,674571152.4101075,4165856.7599995877,64626.41999999347,2570760.7500000107,85217.20000000397,216334773.84999427
177.0,188.0,228.0,507.0,667779826.1100931,3832525.1299997205,61525.86999999591,2515139.930000051,87036.31000000435,214326363.19998977
72.0,398.0,195.0,435.0,990076788.3901001,3583386.2700000107,76866.82999998999,5013130.990000631,152573.77000000502,317869418.1499902
69.0,156.0,455.0,420.0,546515436.030062,3302621.5299998038,71944.09999999161,2080335.0299999344,78458.57999999839,175377086.23999348
147.0,331.0,403.0,219.0,811255432.600053,2673814.5200000512,79218.5399999931,4069505.2099998416,135024.0000000132,260726684.70999935
75.0,419.0,494.0,112.0,928504092.3500159,2136867.459999847,93890.64999999151,5259128.590000163,170055.63999998948,298441198.0999954
187.0,199.0,582.0,132.0,476841865.3500218,2123424.649999971,79702.61999999665,2031496.450000153,87850.64000000746,153419276.4199944
195.0,515.0,253.0,137.0,1080786641.3600507,2561994.4500000775,82636.10999998952,5933397.580000739,185672.6699999915,347432771.8199918
114.0,301.0,356.0,329.0,770935579.0700809,3132652.5799998627,76885.62999999254,3650245.3400001056,121402.23000001813,247594902.1400057
148.0,389.0,459.0,104.0,856961520.3700262,2086307.0499998708,87995.84999999148,4674430.8399999635,154844.02999999464,275531856.92000324
258.0,330.0,359.0,153.0,823723922.0300249,2339837.4899999467,75038.6899999952,4154564.939999773,141028.95000000534,264923705.35998622
305.0,312.0,338.0,145.0,731641592.8500257,2371342.1699999645,70491.92999999573,3448022.759999855,122585.79000000878,235385955.51999372
318.0,152.0,441.0,189.0,542950533.6400346,2425683.579999991,64699.73999999701,2094253.10000025,87372.89000000534,174721467.6599925
307.0,393.0,217.0,183.0,964399186.2100357,2684026.389999986,73169.22999999383,4942014.160000277,158760.27000000066,310080493.63998973
230.0,295.0,320.0,255.0,782475283.5100596,2959001.699999944,71548.14999999512,3671979.1399999796,123825.60000001117,251462330.80999157
334.0,160.0,236.0,370.0,569239217.8200715,3485731.7599997562,55029.60999999634,1822295.3800000122,72942.49999999936,182908285.67998773
316.0,324.0,179.0,281.0,859509586.8500757,3222323.029999956,64099.079999996764,3954060.9099999447,130168.9600000108,276269581.9699788
325.0,125.0,362.0,288.0,495965588.7300298,2800757.549999896,61119.999999996464,1610479.4300001215,72946.50999999895,159539698.12998813
454.0,174.0,256.0,216.0,598568945.1300308,2672389.619999933,55586.22999999746,2176979.750000242,88616.59000000228,192667974.70998293
388.0,149.0,219.0,344.0,595052008.5200542,3172098.749999873,53326.68999999735,2027487.0800001859,80208.63999999886,191323875.30998993
562.0,48.0,92.0,398.0,456445085.1900407,3562594.1499997056,34874.8600000019,635824.3999999089,43762.8899999964,146913062.38997874
433.0,60.0,115.0,492.0,507366686.8900643,3748602.2899997043,39448.39000000046,1026220.6299997746,50515.47999999308,163074522.4799811
567.0,38.0,93.0,402.0,453609596.27005684,3647243.7099996246,34580.27000000274,602828.6099999081,41463.86999999627,145923988.45998192
426.0,37.0,336.0,301.0,370925742.21001935,3059644.3699998152,48693.459999996776,491288.2099999747,42882.469999997775,119404698.99998185
472.0,41.0,78.0,509.0,451219798.13005906,3776842.2799996533,34044.740000003025,552059.2199999631,37619.09999999616,145037736.699981
375.0,25.0,296.0,404.0,361404173.6600313,3297171.569999793,48096.34999999636,378475.58999999025,37322.699999998724,116205246.7099817
266.0,37.0,337.0,460.0,376516300.3400328,3447303.649999663,52425.46999999534,530126.7800000017,39435.0299999984,120923242.8999816
354.0,38.0,94.0,614.0,482022198.9700854,4386321.47999951,38198.78000000073,701783.2599998746,37001.80999999548,154667769.7799789
313.0,34.0,397.0,356.0,353964791.1600332,3038404.97999982,56628.699999996075,556591.0399999873,43374.32999999776,113804780.5099857
268.0,29.0,339.0,464.0,384403000.9800427,3656763.939999641,52107.41999999509,521557.7600000173,37691.239999998375,123397755.3699853
248.0,362.0,406.0,84.0,851290823.240015,2122308.729999854,80548.12999999514,4480437.609999816,151726.94999999867,273849222.22999406
45.0,448.0,503.0,104.0,916158121.6400118,2008150.7899998864,96660.79999998905,5275026.070000162,170685.01999999362,294479531.5799991
251.0,354.0,410.0,85.0,868102007.4400136,2044661.5399998657,80098.78999999656,4601376.919999961,153374.32999999283,279232753.58999217
331.0,484.0,173.0,112.0,1094786960.2200193,2373627.77999994,74585.93999999698,5895991.320000454,185953.50999999567,352110207.329996
209.0,304.0,341.0,246.0,783835720.8200575,2853490.3499999642,72693.17999999477,3735906.659999978,125995.45000001324,251910843.0499921
268.0,378.0,139.0,315.0,964018382.3300794,3376534.660000045,68204.7599999961,4709846.250000332,149235.65000000226,309766536.36998016
49.0,486.0,173.0,392.0,1123138960.560098,3508084.0000000987,81727.10999998853,5996163.960000829,178094.5299999995,360627476.1800045
37.0,356.0,411.0,296.0,823147918.1600766,3040990.5699999616,85108.99999998815,4214712.429999925,137206.9200000191,264330468.25000188
66.0,643.0,237.0,154.0,1358821629.6600308,2512061.9399999003,97723.43999998165,8071379.510001157,240301.07999997944,436625010.0399635
49.0,477.0,176.0,398.0,1115819614.0701041,3559815.5000000903,82440.47999998982,5939003.800000707,177052.43999999613,358269060.67998916
237.0,177.0,678.0,8.0,433149456.5599983,1571595.669999921,79866.19999999467,1876302.59000022,87844.17000000692,139593849.86999193
172.0,191.0,729.0,8.0,470556173.3000032,1512086.7299999373,86991.75999999463,2256782.0300001535,99144.39000001136,151565221.78000107
150.0,517.0,428.0,5.0,1072102784.8900027,1767972.5199997968,95924.98999998941,6310877.94000046,200976.3699999894,344778611.1099722
280.0,209.0,602.0,9.0,522211523.11000735,1632963.0999999521,79759.26999999843,2426474.090000124,102061.4200000084,168226536.55999365
143.0,107.0,407.0,443.0,442640633.9500479,3384982.049999807,64603.93999999477,1218893.4499998812,56835.8799999927,142037366.96998718
113.0,392.0,243.0,352.0,946931108.3700876,3198577.8399998774,78293.82999999126,4846238.010000406,150583.36000000415,304112234.8899806
111.0,123.0,354.0,512.0,510603156.05004907,3451496.6599997315,64312.039999996356,1664378.6499999186,65865.13999999156,163818502.57999787
74.0,376.0,311.0,339.0,891780765.0500828,3182542.450000014,80379.19999999017,4550854.080000206,143975.2600000063,286410261.78998816
118.0,602.0,374.0,6.0,1212425009.9500003,1823752.69999974,101045.02999998395,7337902.210000773,227016.38999997368,389811295.87994546
79.0,405.0,252.0,364.0,927522464.0700692,3236710.319999932,79599.5199999891,4732788.4700002195,147088.71000000727,297848504.47999054
376.0,343.0,133.0,248.0,901346473.8100625,3001055.690000011,63065.32999999766,4240542.919999803,138859.49000000238,289816037.76998997
347.0,357.0,138.0,258.0,952320294.0000459,2975771.950000009,63005.49999999935,4590605.889999999,147054.60000000076,306165377.7099879
427.0,240.0,151.0,282.0,733626195.7900512,2962357.339999969,53488.23999999771,2965557.1600001217,106533.20000000064,236013140.7199811
411.0,375.0,43.0,271.0,921729093.1500596,3225644.5099999197,57173.89999999804,4214258.399999799,136286.24000000203,296345020.7099764
406.0,370.0,144.0,180.0,915150236.17003,2748101.670000062,62305.049999999945,4377156.679999882,143619.4499999986,294338986.679981
521.0,294.0,55.0,230.0,841634981.8500509,2964671.2999999695,51451.27999999932,3632491.339999782,125068.39999999899,270804582.56996644
416.0,428.0,49.0,207.0,1057375844.9900545,2855022.469999981,63884.219999999696,5298342.150000397,168001.18999999642,340054438.53998905
434.0,276.0,173.0,217.0,791599771.6800603,2955399.869999941,58087.75999999745,3447344.2599999113,120509.2200000073,254649177.9799702
440.0,280.0,52.0,328.0,820119013.9700875,3440002.8999998127,50401.399999996866,3356838.1899999864,113547.65000000391,263696523.52996793
488.0,311.0,58.0,243.0,839157938.770064,3213583.36000001,52394.0499999997,3598149.7599998307,122820.12999999941,269907908.66996
326.0,284.0,328.0,162.0,753658085.5200362,2432346.009999955,68774.55999999685,3531797.819999841,124773.72000000563,242457845.01998323
474.0,230.0,265.0,131.0,674292241.1500105,2419586.0599999316,57350.08999999822,2769568.179999941,105944.64000000361,217113776.09998843
385.0,137.0,387.0,191.0,509877092.8700263,2522395.329999962,60174.83999999721,1748190.9700001695,78077.74999999806,164140017.11998594
278.0,241.0,443.0,138.0,628246304.2300168,2185797.56999997,74061.39999999717,2871673.379999921,110564.48000000513,202185065.37999326
361.0,314.0,362.0,63.0,777784947.93002,2054053.669999938,72520.54999999763,3834103.1599996225,135292.85000000856,250348128.87999222
352.0,125.0,562.0,61.0,432349291.70001346,1836602.3899999638,70362.24999999815,1617731.9100001964,80823.18000000618,139374472.81998792
445.0,216.0,396.0,43.0,606170486.8900052,1940789.6899999445,66654.74999999725,2627529.740000123,105844.02000000516,195289962.00999084
593.0,117.0,332.0,58.0,473425796.34001386,2026937.8099999656,52765.18999999918,1438863.9900001783,76991.75000000252,152797398.6199853
465.0,92.0,414.0,129.0,427728979.1400129,2159994.4000000353,57555.099999998376,1229686.1100000266,68646.3299999976,137906092.85997912
503.0,100.0,448.0,49.0,435026072.2000099,1986310.9799999723,59427.849999998165,1338734.070000134,73345.28999999979,140356514.58998182
13.0,597.0,14.0,476.0,1278305043.4201329,4448155.830000002,82480.75999998367,6861105.340001441,197413.14000000403,410298286.56001115
220.0,484.0,11.0,385.0,1080359441.760103,3669160.7499999315,64909.58999999826,5325342.350000702,159263.61000000418,347008120.76000834
15.0,507.0,17.0,561.0,1204030339.0002122,4712108.770000225,78503.57999998248,6215199.240001355,179890.60000001037,386367073.62003195
11.0,508.0,176.0,405.0,1095854438.9901028,3723311.280000066,83383.89999998813,5813560.2600007085,173774.34000000163,351786113.86998993
14.0,660.0,16.0,410.0,1470190698.6501105,3796788.760000313,90252.97999997914,8394874.820001861,239803.44000000277,472084480.62998724
14.0,463.0,224.0,399.0,1087246735.6200874,3336493.329999991,83449.61999998566,5843191.950000634,174566.9800000007,349069262.2499948
206.0,454.0,158.0,282.0,1029091956.7200639,3203307.230000047,72570.64999999297,5242073.680000461,161845.190000003,330670722.78998184
275.0,435.0,14.0,376.0,1101389056.7800965,3659848.9900000435,66919.92999999737,5513556.140000971,166945.56000000096,353827515.4400136
216.0,341.0,165.0,378.0,880800725.840056,3333036.4700000943,64534.889999998144,4087396.6699999766,129618.95000000313,282949642.5199868
233.0,369.0,179.0,319.0,913958574.590083,3247226.559999961,68554.91999999667,4417010.380000216,141045.1400000051,293652053.7999866
24.0,296.0,462.0,318.0,681664483.6600574,2897252.9399999995,83319.78999999289,3285647.53999997,113168.06000001708,218863247.44000533
66.0,285.0,444.0,305.0,707294449.2000673,2969753.709999982,81144.23999999087,3403536.889999984,116745.00000001855,227157844.7399998
16.0,557.0,312.0,215.0,1180811785.2000444,2748950.6500000902,95170.24999998642,6822714.350000748,206558.5299999834,379334285.22997546
27.0,329.0,391.0,353.0,815407881.5100774,3128455.5799999945,82982.29999999156,4105557.200000088,132309.67000001683,261787729.08999968
22.0,267.0,415.0,396.0,699145054.4400679,3231278.5099998727,79459.71999999243,3242846.7900000326,108799.83000001498,224403994.9600027
16.0,552.0,237.0,295.0,1211157099.97009,3003830.7300000642,91860.36999998825,6892196.290000791,204069.46999998874,388996708.51997465
65.0,282.0,335.0,418.0,775933541.6100898,3435821.2699998454,75686.47999999097,3617322.590000256,116707.88000001656,249069138.02999526
42.0,505.0,283.0,270.0,1022125562.1101025,3141347.139999898,86551.0499999893,5520529.930000591,169274.52999999755,328271032.9499968
48.0,580.0,248.0,224.0,1209699211.8300626,2915709.170000039,90849.47999998777,6873361.350000761,205625.2799999908,388608239.43998134
45.0,538.0,230.0,287.0,1167804977.6000729,2994901.2000000486,89475.8299999844,6549507.590000755,195108.96999999104,375083433.45998657
252.0,407.0,22.0,419.0,1063651684.9501331,3811080.9699999164,65188.60999999721,5186731.200000578,157311.91000000312,341660770.49999946
272.0,398.0,21.0,409.0,1045973111.6900939,3761199.7499998705,63419.06999999553,5040335.850000674,153220.80000000517,336009622.86001104
302.0,271.0,26.0,501.0,835600440.4801183,4103534.5599996676,52883.749999997286,3379047.530000124,107771.54000000206,268339057.65997252
183.0,295.0,318.0,304.0,760120948.0500739,2963180.3199999453,71623.89999999585,3537217.3599999086,119108.69000001371,244220366.00999287
402.0,647.0,35.0,16.0,1387522757.319998,2158741.459999743,79193.8299999919,7960444.250001851,243245.00999999748,446297735.0999921
300.0,268.0,520.0,12.0,678492285.2299976,1770491.3799999086,80192.53999999438,3411072.5199998957,126985.98000000847,218440826.6399956
270.0,395.0,426.0,9.0,855463827.5399958,1743780.9099998586,83710.87999999269,4669714.859999882,158043.88999998843,275277059.5599862
570.0,465.0,45.0,20.0,1080563600.0400043,2146190.169999836,61097.96000000288,5557922.99000071,180689.16999999344,347839653.16998386
225.0,183.0,354.0,338.0,598549363.9800524,3190338.419999896,65711.86999999656,2313155.570000035,87672.85000000634,192293671.76999566
321.0,262.0,506.0,11.0,639264868.6200025,1731813.2099998987,76725.48999999692,3112265.139999807,120116.06000001235,205882956.0399987
475.0,62.0,486.0,77.0,353900217.6600073,2076936.6899999995,54934.41999999755,707331.0199999074,57133.309999996454,114290778.42998031
493.0,60.0,472.0,75.0,361534876.4700039,1988460.5999999885,57102.66999999791,806773.5199998992,59729.079999997615,116728870.76998158
445.0,128.0,455.0,72.0,460068297.0900123,2052734.3699999645,61619.44999999914,1533915.7000002165,77400.27000000146,148335330.64998543
731.0,94.0,157.0,118.0,509421141.9800163,2445909.15999998,38127.390000000116,1296170.180000052,69244.56000000048,164346295.77997816
440.0,57.0,450.0,153.0,372219255.51000726,2299736.87000002,56617.04999999808,827724.839999911,57135.659999996504,120021050.67998508
595.0,171.0,127.0,207.0,620796820.2900316,2865063.12999994,43109.5899999998,2018258.7900002785,84656.89999999925,199944511.96997458
668.0,81.0,134.0,217.0,486008052.1400178,2809070.679999958,35152.97000000048,990095.6199998013,59750.16999999734,156740641.9999774
431.0,116.0,413.0,140.0,485391382.5000254,2388150.2899999255,59350.05999999747,1597531.7200001702,76451.38000000353,156360577.71999034
678.0,183.0,136.0,103.0,662933224.5600219,2393600.1799999755,46044.85999999883,2456607.8500001007,99777.19999999995,213666646.99997038
613.0,165.0,123.0,199.0,627112365.23003,2767531.8800000297,43493.13999999993,2092813.5500004187,87297.86999999927,202016015.52997497
170.0,367.0,181.0,382.0,879287782.9600972,3602859.3299997435,68808.28999999403,4121418.500000229,129875.4400000149,282365745.67999154
196.0,356.0,176.0,372.0,877095821.1800784,3471167.1500000437,67731.93999999514,4111319.999999881,130981.5500000088,281718643.93998617
159.0,414.0,169.0,358.0,960456251.260089,3363078.419999958,72691.1699999938,4795701.740000367,148281.16000000483,308496639.0999845
141.0,304.0,338.0,317.0,797390548.9000645,3015904.0299999597,76101.48999999228,3847109.7199999983,127401.92000001612,256169841.57999986
157.0,340.0,167.0,436.0,904488384.4800974,3830412.6399999615,68393.56999999478,4250461.320000113,133193.9800000124,290413264.8699759
126.0,326.0,301.0,347.0,815280079.4100822,3331334.67999989,74411.19999999381,3846013.350000097,125791.31000001592,261857489.84999713
154.0,279.0,309.0,358.0,753088505.5900835,3259364.1599999247,71061.31999999467,3418848.7900000145,113558.47000000911,241849892.24999303
172.0,375.0,153.0,400.0,958611910.8500916,3555668.5899999226,71069.40999999375,4680129.910000286,144650.44000000568,307869797.939995
155.0,339.0,313.0,293.0,840546932.7200475,2879535.4299999345,76845.68999999369,4165074.539999899,136605.61000000933,270084757.2399905
146.0,319.0,295.0,340.0,851576516.7800673,3087456.4500000644,75010.95999999491,4177073.570000032,134474.70000001375,273548088.9799985
341.0,191.0,144.0,424.0,630828684.2000815,3538811.219999821,50700.539999996916,2115625.620000086,79576.11000000189,202691370.18998098
371.0,183.0,139.0,407.0,682438059.5600506,3511110.479999815,52460.57999999641,2500473.070000124,89396.80000000092,219305276.1399845
231.0,485.0,98.0,286.0,1127004658.950066,3152721.5700000585,75124.11999999307,5949198.980000662,180668.25999999713,362132763.9199944
379.0,212.0,39.0,470.0,751186892.9600861,3824224.1499998276,47791.159999998425,2776746.329999971,94554.03000000077,241331159.24996972
371.0,208.0,157.0,364.0,707596297.5900611,3456236.2299998575,55320.299999996554,2718798.99000016,96048.7300000023,227421322.37997475
263.0,553.0,27.0,257.0,1306334366.690071,3069828.370000163,78016.12999999188,7184402.200001362,216995.589999998,419885173.42998624
448.0,222.0,41.0,389.0,736190383.6300911,3781553.4299998796,46487.67999999973,2655423.9100000137,92972.36999999937,236620334.95996797
268.0,499.0,100.0,233.0,1119517470.8600583,3006480.470000121,73308.59999999344,5904295.440000654,181794.6099999964,359822142.9599863
272.0,505.0,25.0,298.0,1184586129.900061,3368703.1000000252,72720.49999998891,6226172.970001328,189227.3400000001,380667791.2500077
288.0,536.0,26.0,250.0,1226769665.7600567,3050953.8900000593,72461.60999999625,6562639.720000777,198824.9899999946,394320111.8499909
432.0,347.0,321.0,0.0,791121510.5599924,1854217.5299998873,70112.89000000105,3910787.4199994532,140377.0400000055,254771137.7599945
447.0,339.0,314.0,0.0,814513958.6800063,1844736.7299998966,69253.17999999797,4075507.5999992853,143330.19000000204,262279491.92998
516.0,199.0,384.0,1.0,593936220.4200097,1814500.6399999417,62860.310000000616,2490768.1200001696,104640.73000000745,191480007.61999154
458.0,367.0,275.0,0.0,901744025.0200167,1914397.559999826,70850.96999999814,4636367.569999981,158479.38999999536,290312893.7599872
311.0,250.0,231.0,308.0,725620636.3100661,2976930.3999999543,61981.02999999633,3089843.730000039,109362.58000001074,233309145.4699876
369.0,143.0,222.0,366.0,575123707.2200481,3290707.009999898,53450.28999999714,1874028.9500000358,75297.70999999822,184860840.83998662
337.0,256.0,191.0,316.0,707990705.520061,3143805.089999925,57329.57999999575,2841265.7400000705,100581.06000000231,227593232.70998073
366.0,134.0,257.0,343.0,548501099.6100565,3197961.6899998314,53123.40999999505,1695822.7300000864,71791.64999999708,176353025.80998453
569.0,207.0,323.0,1.0,663546372.2100067,1874678.9399999483,60854.219999999936,2875847.199999869,113865.56000000656,213870245.33998403
384.0,140.0,217.0,359.0,552625793.9800549,3384489.9499997674,50907.44999999711,1639804.7000000228,68989.27999999312,177659119.949991
312.0,228.0,201.0,359.0,700233638.1000763,3435958.199999817,57761.279999995655,2751940.670000134,96786.50000000536,224980984.20998544
330.0,222.0,197.0,351.0,705136255.6000614,3171030.839999888,57420.479999998366,2828102.9000000465,99956.25000000304,226646146.5699832
374.0,56.0,241.0,429.0,445881265.33004767,3512970.359999754,46795.819999997664,841031.989999884,47266.75999999473,143293601.41998354
331.0,241.0,148.0,380.0,748335012.8900646,3354001.1099998467,57544.52999999622,3072405.0700000017,104720.03000000626,240482323.91998792
327.0,238.0,211.0,324.0,752635102.6600441,3054357.0699998476,60797.5099999972,3242491.239999935,111289.64000000707,241918228.02998957
426.0,64.0,190.0,420.0,503468959.7900567,3731322.719999737,46130.38999999672,1143392.2599998724,54662.47999999278,161794293.0099869
366.0,247.0,152.0,335.0,767950911.3700733,3271357.520000012,58322.329999996604,3214323.9399999212,110001.66000000665,246837604.19997782
415.0,58.0,247.0,380.0,459156743.8800377,3412371.2599997493,46297.74999999861,946769.0799998398,51028.349999994934,147625346.25997975
420.0,59.0,174.0,447.0,472855723.4100514,3517354.4899997595,41387.20999999978,908511.419999826,50147.20999999547,152065084.56998342
446.0,62.0,184.0,408.0,450951077.7800429,3378528.839999767,42303.74999999823,796751.6299998851,47764.609999996756,145056356.0899818
73.0,467.0,440.0,120.0,993303199.4400592,2274510.11999993,93061.40999998972,5649567.570000387,179252.86999998605,319250618.3399931
96.0,456.0,431.0,117.0,980348732.7300363,2248850.3899998786,93486.40999998893,5562823.340000251,177963.02999999386,315126385.7099834
88.0,342.0,527.0,143.0,784234649.5700282,2193200.759999936,89069.95999999282,4221687.819999821,142430.40000000902,252082480.79001045
78.0,494.0,401.0,127.0,1080008726.0600398,2238461.5999998706,95892.01999998772,6264231.470000638,195642.37999998126,347110720.97997904
77.0,489.0,461.0,73.0,1040746739.0700164,1970572.5099998002,99321.73999998314,6163928.1000003405,196018.97999997655,334554752.74997485
100.0,390.0,515.0,95.0,822881472.5500169,1985375.8199998725,92249.92999998992,4577736.259999846,154529.49000000226,264586186.55001003
107.0,506.0,411.0,76.0,1101467116.360029,2097087.3799998008,96491.54999999035,6446446.3600003375,200839.40999998228,354069901.919967
121.0,352.0,541.0,86.0,759542885.3400183,1978808.9499999,89236.27999998958,4113177.479999695,141386.70000000345,244231175.56999844
123.0,356.0,472.0,149.0,815221476.9800205,2344875.4699999774,86868.83999999007,4344602.519999774,145923.15000000014,262050399.4199968
130.0,378.0,500.0,92.0,846606396.5600017,1967186.569999901,92341.02999999179,4732930.549999886,157941.11999999965,272212428.440001
297.0,52.0,664.0,87.0,286912745.9499953,1838587.3899999794,70536.24999999792,658562.8099999573,55878.39999999711,92584266.55998513
517.0,38.0,482.0,63.0,308853550.7500027,1950648.7900000256,56815.229999998235,472931.789999948,51851.82999999851,99823930.40998772
167.0,511.0,373.0,49.0,1068928516.9100175,1999921.1999998146,92611.43999999076,6177946.660000522,196220.27999998318,343718038.33999234
563.0,99.0,272.0,166.0,470455665.41002166,2472251.72999999,48321.20999999863,1257830.3600000788,67321.25999999628,151653955.20998174
199.0,35.0,445.0,421.0,338071832.09002453,3234173.9299997813,58366.72999999527,440343.50000001764,37354.85999999957,108515449.83998545
165.0,505.0,80.0,350.0,1138656945.600081,3436756.599999989,74350.97999998963,5953506.680000722,177387.2299999998,365753053.26998866
510.0,37.0,103.0,450.0,431973071.4500541,3735195.219999623,36098.93000000194,483191.22999998595,37926.29999999705,138916884.28998137
269.0,343.0,251.0,237.0,855471574.8900486,2889974.180000026,71101.11999999618,4161770.4699996384,138636.92000000668,275011651.3599814
423.0,540.0,85.0,52.0,1146007046.1100295,2288633.559999881,70456.75000000047,6147123.46000068,194518.66999999512,368708708.8099797
327.0,418.0,66.0,289.0,1036306605.7200595,3142827.1700000055,63845.389999997074,5118169.800000519,159854.25000000137,333100188.1999822
281.0,212.0,386.0,221.0,599870706.7900379,2576639.959999927,66396.36999999681,2481398.0500001125,95888.87000000775,192934334.45999524
10.0,281.0,514.0,295.0,718791320.750063,2873766.9899998954,86991.34999998887,3605184.2400001944,121988.69000002438,230806199.53000897
325.0,73.0,446.0,256.0,392172926.76002103,2678105.829999949,58104.859999996945,913534.249999884,56283.149999997295,126243536.24998456
325.0,244.0,275.0,256.0,669673708.1300497,2710515.449999975,60192.56999999799,2761885.8600000804,102581.23000000283,215412414.10998663
246.0,185.0,339.0,330.0,636590993.0300574,3014044.1099998956,66037.38999999664,2592442.569999988,96292.24000000666,204614285.54998943
323.0,73.0,272.0,432.0,462621821.96003675,3361356.5799997915,49941.0599999961,1066039.119999843,53241.51999999544,148657977.77999356
10.0,279.0,314.0,497.0,736696850.9200842,3639311.259999849,73051.88999999163,3293327.980000184,105200.9000000116,236316966.4499924
10.0,83.0,510.0,497.0,405206972.95004004,3583700.4399996595,70642.95999999084,1069116.7099998365,50095.339999994554,129816403.61998923
15.0,132.0,493.0,460.0,462373240.07005924,3246524.5799997826,75315.65999999299,1611490.529999907,66515.06999998895,148295675.73999292
12.0,102.0,381.0,605.0,472319186.8600738,3989336.4399995664,63501.66999999407,1270925.0899998138,50413.30999999407,151248785.76999602
590.0,176.0,143.0,191.0,639578143.350031,2757510.949999954,46800.02999999844,2241986.9400002854,90952.28999999874,205959728.71997622
268.0,287.0,233.0,312.0,777459020.9800612,3170357.319999853,64995.21999999736,3439254.7299999483,116563.44000000751,249867152.5599881
552.0,235.0,134.0,179.0,739858381.8700278,2667251.310000076,50160.33999999883,3010170.269999818,109919.60999999965,238163449.01997456
553.0,165.0,203.0,179.0,604946647.4900218,2597812.439999956,48818.96999999935,2102838.7100003697,87082.02000000146,194828018.2899799
484.0,144.0,117.0,355.0,608410637.2600671,3350330.249999833,45389.98999999762,1904649.6100001538,76831.00000000035,195694816.08998135
436.0,185.0,160.0,319.0,633764710.9200484,3163242.0699999183,50424.55999999689,2213240.690000216,85560.57000000015,203833394.9699861
182.0,196.0,241.0,481.0,644287015.4400975,3822224.079999774,60592.47999999613,2367083.129999946,83738.67000000036,206804395.81999326
182.0,279.0,158.0,481.0,841135911.2601134,3955199.269999665,66266.66999999451,3751311.290000177,119354.8800000113,270045589.4299869
219.0,336.0,289.0,256.0,799074330.5400596,2852832.039999885,71816.23999999733,3798849.959999833,127165.3500000101,256822016.64999795
169.0,260.0,224.0,447.0,760573510.2100871,3598106.719999856,67498.23999999417,3309134.370000131,109927.53000001056,244215025.37998676
183.0,310.0,288.0,319.0,848302251.3900863,3287019.5099998624,72567.14999999349,4059436.830000052,130381.350000014,272479296.5899884
273.0,279.0,260.0,288.0,744511925.7800397,3071174.310000058,66041.05999999796,3288445.9799998463,113992.36000000847,239292347.94998452
175.0,343.0,276.0,306.0,828056249.2200942,3421733.579999839,71537.86999998995,3891643.3000000943,127497.78000002103,265980096.39998996
175.0,297.0,322.0,306.0,783314744.490073,3085072.11999997,71778.21999999663,3668530.1499999445,121843.03000001142,251653858.1999918
233.0,395.0,368.0,104.0,938809215.1900352,2258253.3499999475,83010.20999999352,5085538.0800001845,165052.46999999235,301878751.51998514
210.0,411.0,385.0,94.0,950077040.0500077,2122648.4499997883,85242.8099999907,5214692.960000179,171187.87999998787,305553366.2599769
323.0,331.0,359.0,87.0,773692001.5800104,2209873.9799999013,73801.7799999962,3821062.179999551,134522.72000000128,248963964.6499824
323.0,382.0,308.0,87.0,859086893.2999992,2195816.3199999,72948.48999999774,4358581.179999673,147892.86999999743,276403637.05998296
253.0,299.0,281.0,267.0,776990837.8400534,2869740.6400000234,68321.25999999554,3593561.9999999893,122097.29000000928,249749824.3499864
308.0,366.0,343.0,83.0,850431744.8500056,2199073.1899999143,76201.11999999477,4359846.08999976,148091.3099999976,273592554.22998166
147.0,178.0,370.0,405.0,598228112.5500811,3375871.379999811,67094.05999999394,2298690.670000062,83960.63000000238,192047359.27999616
317.0,146.0,304.0,333.0,583040740.9000506,3089198.8099999903,57462.8499999965,2050428.2700001537,81038.33000000093,187437060.60998648
140.0,221.0,353.0,386.0,658326795.650079,3360980.4899997753,70955.85999999363,2751503.3800001205,97123.36000001385,211418892.86999545
173.0,209.0,243.0,475.0,689853977.0500966,3712671.7799997968,63671.22999999624,2755758.950000029,94262.93000000685,221449950.61998972
171.0,207.0,430.0,292.0,588504148.1000473,2753349.600000008,71919.59999999446,2469685.310000011,93284.82000000788,189120076.09999585
193.0,304.0,272.0,331.0,828144541.830044,3083018.939999916,71235.0399999963,3930060.1899998966,128490.93000001229,266085544.68998566
415.0,192.0,222.0,271.0,652465547.4900479,2993160.0299999365,53946.95999999712,2438774.2600000813,92804.05000000501,209895079.6199772
342.0,206.0,329.0,223.0,635834841.4700387,2719448.329999983,61885.61999999813,2561129.7100001974,98609.94000000575,204569491.80998325
345.0,207.0,185.0,363.0,684983772.3500623,3423879.8999999175,56880.08999999734,2622869.320000084,94692.71000000305,220131535.65998247
394.0,237.0,212.0,257.0,733535097.1300588,2827694.93000012,60167.3499999984,3138743.789999972,112224.72000000316,235957447.93998083
363.0,394.0,154.0,189.0,949441155.9500438,2912540.0400000303,67557.84999999784,4675639.15999998,152720.86000000095,305311290.85998416
206.0,478.0,187.0,229.0,1083765336.7600582,2903652.8600000613,78926.58999999116,5821892.950000614,181291.83999999813,348303738.6099862
553.0,24.0,235.0,288.0,389291232.4600213,2935092.789999966,38835.73000000023,433453.8499999602,42079.88999999822,125461158.59998219
291.0,317.0,340.0,152.0,838012673.6100162,2405202.1599999773,74845.08999999346,4206882.209999738,142221.69000000213,269522647.01999426
421.0,457.0,180.0,42.0,1084772120.8200202,2175877.119999855,74474.87999999765,5855731.330000343,189408.11999998707,349031717.7199677
477.0,20.0,556.0,47.0,260508351.29000005,1809074.2399999707,60376.20999999783,287173.7699999717,47286.46000000119,84265655.01999055
183.0,424.0,455.0,38.0,927240894.4400102,1839484.159999868,91122.89999999169,5264212.710000135,172903.1299999849,298222694.8299794
497.0,46.0,452.0,105.0,346789743.32000583,2157300.7200000696,56639.02999999784,685646.3599999208,54837.299999996765,111929595.45998152
234.0,22.0,583.0,261.0,276117430.50999945,2475690.539999955,66709.70999999612,379857.9699999996,41366.909999998956,88810301.02998887
290.0,27.0,722.0,61.0,241774302.73999998,1714542.9400000083,71987.91999999697,416370.73999996943,50344.37999999767,78106161.84999041
317.0,88.0,326.0,369.0,457199253.2700444,3156393.0199998743,55696.799999996634,1185018.5599998976,58880.689999994094,146987903.3399871
99.0,112.0,417.0,472.0,470458219.48005027,3519358.979999754,66930.61999999496,1422864.889999922,60070.789999991975,150889279.48999193
299.0,145.0,308.0,348.0,536822553.4500556,3219273.9099997547,59110.50999999597,1755377.650000049,73661.58999999965,172533866.51999265
389.0,107.0,151.0,453.0,541503218.7600662,3744639.7899997155,44895.10999999745,1366771.7899999605,59698.22999999257,174007680.1299797
383.0,106.0,395.0,216.0,459162834.87003505,2667823.059999891,58807.69999999619,1331435.0000000002,67908.22999999621,147828588.01998553
452.0,219.0,175.0,254.0,703068952.0900403,2992993.4099999666,52353.43999999822,2726930.850000142,101308.29999999926,226202226.5599718
182.0,206.0,290.0,422.0,634065332.3300719,3375352.789999796,66883.25999999527,2537459.399999998,89849.13000000692,203576586.07999116
115.0,230.0,488.0,267.0,642551620.7400408,2674873.2199999415,78101.81999999144,2982215.600000017,107205.70000001008,206437064.66999358
117.0,234.0,187.0,562.0,751748278.3201003,4115637.9499997105,63359.74999999375,3067434.6500001126,98160.48000000398,241182500.19998923
159.0,317.0,255.0,369.0,850159559.9200883,3346054.589999982,72903.84999999174,4058102.0999999507,130956.78000001195,273042139.5099881
95.0,694.0,114.0,197.0,1441872457.4100797,3108270.8900004206,95318.45999996451,8479051.250001865,252274.23999998614,463241346.8399755
442.0,455.0,74.0,129.0,1093620762.3200178,2562207.2900000163,66622.26999999967,5672421.100000402,178883.70999999603,351773988.6499958
85.0,737.0,101.0,177.0,1514505008.0500507,2811094.800000156,96740.86999997831,9024420.330001738,264878.51999998395,486642542.15996045
60.0,436.0,480.0,124.0,989101658.4400139,2115791.359999836,97220.16999999071,5731527.070000211,181742.01999998174,317904882.4499854
59.0,430.0,70.0,541.0,1044296045.0501285,4170108.419999917,71307.20999999365,5129190.93000078,151504.9300000036,335138059.5099937
41.0,354.0,329.0,376.0,876628229.9000931,3462673.4899999197,81791.24999998801,4409073.970000279,138987.70000001485,281427322.79000014
247.0,254.0,280.0,319.0,713862887.300053,3019750.2999999323,66746.23999999641,3107334.9699999522,109626.13000000452,229457960.14998388
299.0,365.0,50.0,386.0,979295303.330086,3591548.5999999265,62209.70999999836,4618360.510000276,143550.45000000353,314644557.65998507
302.0,368.0,342.0,88.0,886511431.3000215,2144929.1899998775,75903.10999999664,4628342.679999972,154977.95999999612,285200093.9799861
237.0,289.0,268.0,306.0,793296586.8300546,2957027.669999967,70021.97999999662,3700182.9099999266,124170.25000000952,254967157.74998623
67.0,73.0,527.0,433.0,362161440.31003785,3154848.3599998048,70029.57999999398,858662.8899998983,47528.629999996294,116139646.43998499
179.0,65.0,470.0,386.0,406798129.4200286,3105580.9899999057,62673.76999999631,1014901.289999856,53773.35999999502,130664119.85998386
72.0,3.0,563.0,462.0,252756541.28999373,3207351.3199997516,68376.14999999343,123405.06999999072,28637.080000003094,80974897.83998916
70.0,75.0,507.0,448.0,388960623.88003343,3300740.9599998114,69481.83999999356,999087.8599998974,50445.89999999416,124723526.4699877
86.0,92.0,667.0,255.0,359269319.38001883,2399264.7300000247,78032.06999999416,1181661.3799999184,62513.29999999027,115438634.40998612
97.0,4.0,708.0,291.0,220168083.36999553,2681815.2599998843,73709.21999999593,126955.41999999211,33771.77000000464,70669433.23998804
228.0,83.0,559.0,230.0,387450198.99001884,2477084.2800000147,69528.3999999965,1150440.6299998998,62869.85999999534,124658308.92998578
237.0,3.0,622.0,238.0,235371826.2599953,2503949.8299999386,68123.65999999663,119236.97999999634,36208.52000000155,75757044.69999109
196.0,2.0,479.0,423.0,283029963.43999195,3174410.6899998602,60470.16999999566,129446.54999999277,30540.47000000314,90859539.96998547
246.0,3.0,603.0,248.0,240022979.63999552,2465307.0300000226,65856.23999999514,129225.61999999777,37215.49000000322,77300836.39998911
344.0,350.0,250.0,156.0,880469776.7700433,2585107.589999944,69104.40999999768,4336253.999999783,144307.80000000374,283177812.0899781
426.0,312.0,223.0,139.0,826189595.9800456,2562689.8000000347,64740.83999999987,3905401.219999697,134630.07000000362,265802736.42997396
368.0,298.0,267.0,167.0,780218338.6400307,2470034.279999955,66441.20999999926,3652082.299999764,127120.5300000064,251015659.11998528
356.0,362.0,221.0,161.0,903461977.9800141,2490804.240000026,69075.17999999809,4508228.779999764,149683.3799999947,290592740.3499715
266.0,270.0,194.0,370.0,736634203.5700529,3283458.649999967,61176.40999999794,3098472.2899999516,105927.2600000038,236682487.6999834
288.0,234.0,178.0,400.0,711946339.5000654,3480353.9699998004,57863.459999997656,2802288.620000074,97987.98000000481,228760779.11998385
346.0,253.0,155.0,346.0,764590643.6400511,3269202.7199999485,58338.25999999643,3206162.7099999865,109798.90000000446,245758357.9099786
354.0,207.0,185.0,354.0,683216719.7600678,3239283.0299998536,55844.949999996934,2638000.020000067,95130.26000000746,219628313.68998703
466.0,273.0,208.0,153.0,754173585.9600412,2698046.3200000087,59790.169999998405,3278842.4499998097,117399.91000000789,242692221.74997962
363.0,212.0,162.0,363.0,716128577.0500656,3296949.8099998864,55825.55999999723,2828821.0300001637,98239.0100000025,230136826.15997827
386.0,169.0,310.0,235.0,562786679.0400372,2909862.0799998827,59466.2099999977,1973147.2200001436,81459.36000000172,181039148.07998854
302.0,188.0,347.0,263.0,584809717.6300472,2783117.229999954,62775.16999999676,2253028.9400002244,88380.28000000614,188057623.67999178
335.0,290.0,270.0,205.0,745141968.2300277,2606075.970000043,66404.86999999777,3377006.599999781,118779.90000000472,239670196.18999168
396.0,173.0,289.0,242.0,570660275.4600317,2674658.1299999272,57542.87999999774,2065079.5400002731,84765.6500000011,183640237.41998816
373.0,163.0,301.0,263.0,614676713.2100466,2822309.219999933,60194.169999998405,2362614.330000168,91940.25000000474,197712492.61998633
333.0,289.0,243.0,235.0,789064750.1600382,2644555.2499999446,65807.0999999984,3664511.149999742,126984.17000000711,253788504.61998594
300.0,187.0,312.0,301.0,589133805.4100482,3015914.3799998877,61110.08999999667,2179627.320000145,84948.87000000259,189381417.28998986
251.0,309.0,288.0,252.0,801249390.2900838,3025720.9699999243,71654.50999999623,3774588.9899999546,127626.740000012,257532561.1099844
266.0,327.0,276.0,231.0,873414369.660053,2702008.629999993,73525.68999999548,4343641.159999782,143824.6700000074,280805314.1099873
258.0,317.0,267.0,258.0,797916930.2000583,3003204.4299999303,69433.34999999685,3733750.6199999894,125000.27000000888,256429384.37998587
275.0,652.0,149.0,24.0,1356034642.669975,2091174.1099997088,89326.51999999216,7964645.190000975,241309.8699999875,436049830.4999584
100.0,790.0,181.0,29.0,1584782630.7300293,2087530.2999996261,104423.4599999767,9795638.630001053,289736.00000002683,509396614.1899182
475.0,326.0,258.0,41.0,803709276.8600079,2069163.5099998794,66351.23000000091,3877411.1199996946,138011.60999999833,258778272.82997647
288.0,682.0,105.0,25.0,1377860231.160017,2111748.829999767,86306.74999999137,8063037.940001349,245866.55999998597,443114405.90997016
261.0,618.0,141.0,80.0,1343532619.4200635,2444823.0899999235,86994.62999999143,7753272.2600016175,237032.93999998647,431985055.0599564
467.0,320.0,170.0,143.0,856098309.5700414,2525942.260000007,59733.409999999014,3985589.609999735,136085.43999999858,275494657.5499685
99.0,780.0,120.0,101.0,1569822114.3200324,2512838.369999998,102095.10999998105,9562806.980001612,283430.59000000777,504490968.8799403
181.0,410.0,325.0,184.0,943381744.2000556,2553098.409999977,80828.04999999607,4985407.720000187,159532.85999999652,303235434.0000005
231.0,524.0,279.0,66.0,1101566383.6299877,2125144.1299998085,87000.25999998434,6251556.600000967,195941.07999998762,354213118.64997053
200.0,454.0,242.0,204.0,1029228772.7200326,2721924.82000003,81216.6799999916,5551427.100000493,175001.97999999882,330808875.5499853
441.0,228.0,291.0,140.0,681533854.9400316,2457437.5499999695,61052.97999999911,2868282.34,108923.78000000592,219411747.3499754
267.0,288.0,368.0,177.0,751812868.5800401,2462619.600000001,72821.11999999543,3604869.0699997824,125941.21000001056,241774007.42999014
492.0,128.0,324.0,156.0,518454497.63002235,2472555.609999996,54990.509999997375,1691324.570000144,77862.77999999991,167008622.78998184
384.0,199.0,395.0,122.0,611578312.3800323,2267307.8599999486,67323.02999999985,2618260.7300001066,102822.18000000663,196871181.86998773
300.0,155.0,198.0,447.0,588227882.7100703,3527397.489999713,53414.32999999639,1927854.70000006,74165.9699999929,188925464.28998572
291.0,76.0,300.0,433.0,467113731.7000358,3489416.0599997835,53304.519999997705,1122688.8099999214,53939.93999999483,150020426.82999182
150.0,162.0,322.0,466.0,539197804.4700688,3496546.6199997948,64081.61999999455,1815297.1499999177,70644.95999999663,173055740.36998925
182.0,100.0,251.0,567.0,509730567.2400849,3990744.9899996533,55337.76999999413,1340164.1499998271,55933.869999990704,163504501.7099901
252.0,138.0,543.0,167.0,444239503.7600215,2283330.099999992,73295.0499999962,1635810.5800001072,77424.9900000031,142977901.86999166
162.0,88.0,347.0,503.0,458091167.9500523,3618747.9199996954,57639.669999995385,1131370.6399998618,52055.399999994275,146968851.57998887
339.0,257.0,281.0,223.0,731506635.7800518,2663231.5699999835,64473.46999999923,3242750.899999824,115993.30000000831,235293145.47999373
272.0,280.0,305.0,243.0,802205397.8600734,2907098.8299999423,70052.63999999467,3775448.9100000076,127275.32000001187,257868106.73998645
353.0,223.0,292.0,232.0,649075725.7200397,2828427.9699999653,60595.32999999731,2602355.450000076,98212.43000000705,208778391.00998956
453.0,344.0,5.0,298.0,935905876.3300695,3257999.7299999855,53125.37999999837,4210913.629999925,135560.3700000024,300924962.4499843
389.0,295.0,323.0,93.0,712504606.5900105,2195600.4999999925,66127.93999999964,3240419.5099997493,119542.11000000837,229382296.4199868
585.0,369.0,6.0,140.0,978560024.1500295,2709141.1000000304,53581.59000000065,4620165.549999974,152329.59000000125,314906910.87998986
465.0,477.0,7.0,151.0,1177446502.110033,2743173.300000079,66311.80000000066,6169967.680000767,192553.0299999924,378710377.6799832
333.0,285.0,374.0,108.0,736592063.1100224,2223824.0799999256,69505.48999999961,3487119.729999789,125328.82000000833,237044348.6099799
399.0,340.0,6.0,355.0,927799923.5300688,3460066.629999891,54174.57999999797,4136134.8199999197,132028.52000000497,298222774.4199792
502.0,428.0,7.0,163.0,1051353063.0700401,2844602.280000054,58868.20000000085,5170153.420000468,167916.08999999816,338256666.0499976
664.0,6.0,68.0,362.0,406027487.8000259,3249513.489999778,27319.590000002252,238287.1499999642,35080.89999999697,130839551.10997918
735.0,5.0,57.0,303.0,405486416.0900205,3207994.789999912,26101.460000001858,183261.64999996108,35841.05999999826,130790296.72997537
389.0,459.0,40.0,212.0,1088634302.4700353,2865165.5300000277,63289.550000000185,5512475.610000645,172394.5599999968,350076481.23999536
428.0,4.0,435.0,233.0,294359686.6700032,2598893.97999992,53033.06999999699,165564.93999998918,37895.489999999954,94900389.5399889
622.0,6.0,64.0,408.0,419618561.3900296,3629549.5599997533,29048.140000002433,262000.51999997502,33405.10999999746,135080900.7699792
286.0,336.0,291.0,187.0,851764103.7200269,2484229.3600000245,74812.96999999341,4277387.989999939,142765.72000000358,273894183.6399841
484.0,3.0,373.0,240.0,317189472.8100129,2887302.809999854,46436.17999999814,136389.03999999512,35882.17999999967,102246702.56998749
446.0,398.0,35.0,221.0,1010681636.5300399,2878606.150000107,60242.98000000078,4956275.260000348,159551.57999999667,325057424.24998266
358.0,319.0,276.0,147.0,790540809.6300265,2647872.509999947,66590.0499999965,3666832.7499998547,127915.9600000079,254324099.5599796
348.0,311.0,268.0,173.0,781951441.8700416,2547709.8199999603,68698.53999999727,3692706.469999929,128133.0200000094,251525208.8099896
121.0,249.0,284.0,446.0,728788312.3600907,3641422.7099998365,67480.67999999286,3105286.0299999947,102511.2800000084,233909579.97998962
216.0,225.0,256.0,403.0,674432975.4000578,3358520.509999851,62806.00999999603,2706672.3800000865,95039.9600000081,216613956.52998778
129.0,198.0,301.0,472.0,600872271.15007,3638944.2799998084,64593.609999995744,2232467.2599999774,80133.69999999879,192806106.8799844
142.0,290.0,149.0,519.0,818478611.4301112,4110384.6699996423,63705.44999999436,3514134.240000366,109802.32000001139,262624574.4299872
117.0,240.0,274.0,469.0,756010932.880106,3731780.2699997397,69739.78999999374,3287490.1800002195,108294.55000001457,242692299.87999895
145.0,222.0,153.0,580.0,708788705.4100974,4298782.149999667,59560.859999994835,2671175.820000076,87653.33000000019,227357854.7699878
239.0,248.0,128.0,485.0,765185893.0001075,3978317.7599996002,59818.1899999955,3107976.2100001094,102589.6800000094,245665639.00998065
220.0,172.0,261.0,447.0,620698414.7900589,3609071.6099997754,58885.63999999638,2228418.72999998,81377.4300000015,199307294.5799881
264.0,205.0,141.0,490.0,681314720.1500765,3864538.299999793,54192.979999997835,2461757.720000074,85226.09000000074,218740375.289982
253.0,197.0,136.0,514.0,683159955.6900984,3802052.4499996267,54323.8699999944,2501414.770000137,86967.34000000391,219384249.62998283
149.0,358.0,12.0,581.0,990747394.9101418,4414804.759999905,62758.309999995276,4533894.840000522,134456.0700000074,317972188.8700016
445.0,247.0,8.0,400.0,779556668.4200742,3668278.7999998354,46452.3199999985,2986144.4000000684,101763.46000000297,250585101.69996238
164.0,283.0,13.0,640.0,845534231.9801441,4721164.71999977,55760.37999999498,3374648.8800002676,103584.83000000534,271265284.869973
106.0,254.0,328.0,412.0,712130321.7300849,3424904.1599997696,71562.17999999209,3134442.4100001818,104694.65000001223,228609276.6099975
154.0,370.0,12.0,564.0,984071917.9701409,4613620.449999982,63617.669999995815,4469504.95000047,133188.3000000094,315778559.6100011
116.0,199.0,360.0,425.0,620757324.73009,3482242.1799998963,70132.89999999329,2486116.7100000433,89006.64000000588,199237664.9199956
353.0,196.0,253.0,298.0,649283913.6400554,2992593.4099999145,60800.35999999522,2572845.9400001517,96174.82000000801,208763764.4399868
486.0,193.0,9.0,412.0,716368333.150069,3609897.349999815,41828.43000000013,2473311.0400002273,87891.59999999825,230266385.54997754
365.0,145.0,262.0,328.0,556149902.460059,3143271.309999814,54149.069999995925,1805667.4900001064,74755.69999999789,178818310.40998265
372.0,148.0,266.0,314.0,567640335.5800534,3151314.2299997476,55629.81999999533,1896548.7200001169,78209.00000000001,182522939.26998562
319.0,439.0,240.0,102.0,1022741497.2400134,2269689.5499999323,75131.40999999565,5441882.830000385,173709.23999999437,328949694.09997255
167.0,525.0,286.0,122.0,1125791973.8000264,2379877.8399999277,86245.1799999922,6327774.930000482,195602.37999998181,361893733.2199826
337.0,402.0,253.0,108.0,922411204.5200274,2377483.0399999525,71713.49999999614,4708177.310000044,156028.70000000432,296729675.5299855
392.0,540.0,42.0,126.0,1182083727.0400145,2609424.7000000062,69246.23000000115,6283590.6900008265,194916.13999999742,380190515.1499678
324.0,448.0,244.0,84.0,998415610.5000197,2229516.8199998694,78574.86999999419,5357363.680000135,172562.8799999908,321121114.60998565
430.0,513.0,46.0,111.0,1177896046.0500221,2567023.4700000123,69600.87999999739,6249898.300000961,194618.07999999632,378888264.1599885
221.0,695.0,54.0,130.0,1434430937.5900662,2632598.780000016,86199.21999998597,8314287.260001849,247828.81999999235,461095589.43997425
182.0,497.0,313.0,108.0,1057366880.9300082,2191140.3399998643,87684.64999999435,5953891.32000034,186825.04999999618,339960467.4599843
234.0,638.0,57.0,171.0,1353363933.4900384,2684520.770000103,83780.55999998689,7716514.6400013715,232567.76999999242,435059570.0299759
241.0,658.0,59.0,142.0,1404625506.2900476,2621058.9100000067,84408.53999999167,8065525.910001396,239436.45999999813,451509840.39997846
435.0,91.0,123.0,451.0,515767867.0600563,3625350.9799996815,40993.72000000046,1146138.4299998572,54077.78999999422,165809810.1099796
37.0,145.0,197.0,721.0,613440663.2501316,4723986.879999726,57186.9199999927,1917393.7799997248,62907.13999998711,196452480.67999208
376.0,228.0,106.0,390.0,731607425.6100922,3635083.9799997318,52734.359999996406,2797594.0100002075,96462.95000000617,235082186.27997804
352.0,73.0,310.0,365.0,446787305.640041,3281824.539999827,52489.83999999661,1017771.8599998689,53866.759999993934,143618743.5399873
565.0,117.0,160.0,258.0,534537879.5000393,2865311.2299999674,45761.09999999815,1528956.9400001164,71501.05999999969,172144324.98998252
373.0,227.0,329.0,171.0,651465248.3200325,2479102.07999993,64032.48999999802,2750190.7200000496,103409.01000000666,209624242.42999527
37.0,143.0,606.0,314.0,473743861.44003713,2836434.799999906,82547.97999999176,1925703.8299999759,79566.4100000032,152094875.9799955
42.0,477.0,222.0,359.0,1061025561.6400883,3520227.099999958,84200.50999998706,5654775.76000073,172160.47000000134,340689771.02999735
23.0,259.0,376.0,442.0,761760048.9300948,3533070.9799998165,78435.37999999037,3567461.940000171,116166.68000001891,244476004.1
29.0,334.0,485.0,252.0,762469944.8400397,2500144.8899999075,88870.04999999338,3992145.469999937,133798.70000001776,244935171.5400177
202.0,323.0,356.0,219.0,789798806.96004,2671718.410000036,76688.40999999346,3900882.879999784,131689.1000000172,253854967.10999122
244.0,308.0,339.0,209.0,821480271.9700435,2587282.160000028,73862.43999999553,4049752.5799998166,136101.76000000842,264126890.42999196
275.0,43.0,484.0,298.0,357340060.3800228,2812050.2999999356,61390.089999995755,719280.0499999321,48897.279999996616,114919481.39998335
249.0,397.0,185.0,269.0,961344017.0900784,3099707.880000086,71064.12999999468,4798425.09000022,152346.99000000025,308956102.659986
170.0,271.0,298.0,361.0,718233674.6400849,3220004.6799999066,70726.65999999436,3197610.0500000864,109458.84000001344,230699784.7699982
273.0,42.0,203.0,582.0,436487761.38006526,4071349.569999421,43455.96999999697,605133.5299999383,35614.67999999644,140028638.07998374
242.0,306.0,143.0,409.0,855426460.4300766,3599175.0599997845,63157.059999997604,3833918.270000029,122943.00000000764,274755554.7299836
262.0,32.0,364.0,442.0,365998515.63002855,3323425.919999745,54387.68999999431,532798.2699999907,39782.43999999858,117552603.51998425
429.0,53.0,252.0,366.0,409047474.6200328,3391733.539999761,46739.57999999614,622650.9399999355,43598.989999996906,131545927.3199835
324.0,40.0,190.0,546.0,425848409.7500489,3820607.1299996497,44804.31999999796,614696.6599999617,38084.659999995936,136701977.3299864
250.0,56.0,516.0,278.0,355754318.59001696,2793871.3099999605,64887.94999999638,769974.6999999462,51111.62999999707,114417522.57998818
430.0,44.0,407.0,219.0,351631832.0000197,2535459.3199999244,51961.349999997714,535051.5799999598,47516.07999999638,113352891.31998217
196.0,280.0,405.0,219.0,698391589.8500472,2552963.549999958,77113.13999999508,3320522.260000001,116681.41000001432,224497374.5300061
204.0,45.0,624.0,227.0,316539750.30000675,2482066.2899999516,71221.56999999497,723984.569999947,51665.42999999496,101812831.82998714
258.0,58.0,533.0,251.0,336333550.03001255,2555229.759999965,64276.15999999529,697183.6899999551,50435.84999999722,108237679.1599864
170.0,243.0,521.0,166.0,581698339.5100372,2365749.6100000152,78746.42999999336,2636903.1699999534,102498.91000001157,187063358.65999871
372.0,38.0,523.0,167.0,305803564.94,2244913.9799999436,61239.97999999653,483393.3399999649,48779.239999998295,98634344.13998549
361.0,236.0,342.0,161.0,675249011.7800173,2358840.2999999668,66391.03999999877,2985846.929999919,111874.77000000856,217313069.84998828
308.0,202.0,433.0,157.0,600014357.110038,2362566.339999944,69758.19999999658,2576689.000000063,100421.70000000938,193061319.22999153
314.0,205.0,441.0,140.0,597909444.7000248,2208924.179999986,70950.70999999701,2627571.2600000827,103309.41000000852,192429751.17999274
377.0,265.0,65.0,393.0,856508247.8100705,3674634.7099998067,56372.87999999719,3672516.810000036,119283.26000000436,275192884.6399712
111.0,362.0,89.0,538.0,943990428.3201257,4057063.029999843,65625.78999999503,4382863.370000363,132404.03000001103,302978309.01999754
325.0,379.0,56.0,340.0,983324394.210068,3318604.5799999237,60993.74999999663,4676299.940000497,146661.55000000857,316030088.7299972
333.0,234.0,185.0,348.0,737246636.1600518,3219390.2499999627,58050.74999999766,3047804.2799999793,105753.36000000396,236972879.21997762
384.0,270.0,66.0,380.0,823640135.5800786,3530197.8999998197,53447.769999997,3429208.0600000964,113611.05000000432,264703268.9699705
297.0,345.0,164.0,294.0,855967701.0000645,3249653.729999877,63731.19999999709,3936031.8199999444,129561.77000000846,275115941.7299725
97.0,314.0,247.0,442.0,815304000.9400854,3520913.849999811,72080.48999999177,3797463.610000176,120970.31000001194,261712108.15999126
93.0,504.0,75.0,428.0,1127874201.7301028,3821190.4999997797,75139.67999998837,5803868.490000927,171117.42000000316,362144812.94001347
80.0,430.0,205.0,385.0,1017874210.7100885,3266348.759999946,79606.82999999031,5320694.460000481,162162.74999999913,326857738.57999736
81.0,438.0,208.0,373.0,1023878193.0300719,3200181.380000057,81384.7099999897,5408865.080000527,165640.10999999594,328840834.3399932
330.0,189.0,525.0,56.0,538334574.4800172,1874490.3599999703,71771.76999999835,2323302.400000249,98416.61000000505,173421489.45998847
271.0,203.0,566.0,60.0,560724968.9100161,1853108.9999999558,79390.08999999758,2613015.0700000226,105711.53000000653,180536502.3600011
275.0,340.0,438.0,47.0,777580577.7500244,1950000.3799998881,79877.59999999464,4038166.0799996834,142056.03000000215,250215495.57999176
368.0,210.0,460.0,62.0,602922800.800019,1976118.6799999247,70578.83999999841,2666019.790000067,106516.7300000062,194174441.8599976
265.0,151.0,422.0,262.0,530589052.97004724,2765889.7599998293,64245.379999995486,1915220.7500001169,79571.74000000447,170611300.2299923
246.0,304.0,307.0,243.0,788422663.3800522,2806102.9099999904,71096.84999999592,3724399.6299999636,126333.83000001195,253427021.5999963
234.0,176.0,385.0,305.0,533900594.7100542,2823780.260000001,66069.3599999962,1967429.7000001078,80325.15999999906,171611792.16999197
183.0,298.0,382.0,237.0,763272666.1400316,2691211.8899998837,74902.47999999474,3665382.369999983,124476.34000001024,245333417.2199919
245.0,399.0,402.0,54.0,869709896.110021,1971217.6599998835,84723.87999999327,4723733.940000002,158042.5199999888,279763255.04998773
197.0,322.0,325.0,256.0,806723196.0600598,2942682.4999999106,73708.70999999382,3879728.0499999872,129083.66000001294,259236305.2199944
35.0,484.0,230.0,351.0,1133954964.1700516,3058650.700000101,85755.44999998936,6250066.640000467,187031.2999999837,364185497.31997526
373.0,330.0,157.0,240.0,861793808.7000391,2892839.1400000444,63592.19999999838,4016303.2899998315,134732.8800000045,277132428.11998373
53.0,171.0,347.0,529.0,566053804.7200816,3821712.379999581,66499.5199999926,2002792.9699999331,71816.61999999544,181503941.13999677
39.0,539.0,131.0,391.0,1194071729.8501184,3591851.969999999,83286.66999998727,6480593.390000885,190496.29999999935,383396065.9099878
50.0,682.0,325.0,43.0,1336629394.360033,2000076.6799996975,104561.81999998003,8180852.2700009905,247254.07999997394,429616020.6999481
131.0,422.0,434.0,113.0,908957615.5700306,2167777.4099999075,89941.98999998956,5059710.670000099,165075.67999999324,292217732.2499926
510.0,452.0,109.0,29.0,1025839634.1300075,2148375.2399998964,64068.61000000083,5247204.24000035,172380.28999999663,330201545.67998224
653.0,136.0,275.0,36.0,517984776.37001497,1988027.3699999647,52237.65999999828,1737358.780000376,84313.38000000162,167140189.39997834
533.0,111.0,114.0,342.0,535085402.74004936,3143364.28999978,39272.239999999954,1335240.7500000207,63551.2099999954,172254838.99998096
744.0,155.0,159.0,42.0,575791843.1800104,2118011.189999975,42272.759999999296,1884446.390000497,87845.70999999678,185794411.56997228
36.0,96.0,206.0,762.0,521670837.64009595,4738694.239999599,55742.99999999386,1277125.8099998485,46129.16999999304,166962172.23999292
142.0,86.0,185.0,687.0,500642426.3300833,4374076.859999519,47993.84999999656,1061181.699999831,42989.18999999544,160415182.4699898
37.0,70.0,211.0,782.0,452786997.17008555,4719970.429999644,51931.68999999205,745259.4599998776,31863.899999997986,144814422.42999095
28.0,74.0,413.0,585.0,421543063.4200628,4007105.9499994447,62487.339999993106,931437.0699998551,43400.8799999935,134987433.90998745
85.0,224.0,480.0,311.0,634798605.3200577,2881369.3299999135,79921.92999999062,2908116.6600001217,104312.99000001047,203874755.4000049
51.0,97.0,763.0,189.0,340312466.14001316,2141433.8700000206,84842.76999999635,1248802.650000006,66437.5299999961,109390364.26998848
187.0,114.0,640.0,159.0,378228846.74000704,2178538.8200000166,77354.51999999644,1319838.8200000064,69514.84999999472,121713952.41998704
306.0,134.0,401.0,259.0,484856779.59003526,2699475.3799998583,60447.23999999707,1539693.2200001539,71518.68000000002,155990218.87998667
113.0,49.0,388.0,550.0,386637205.14005107,3828014.5699995845,59634.22999999381,664145.2299999376,38855.51999999797,123924923.12998523
193.0,84.0,660.0,163.0,350972073.67001474,2107014.970000038,78382.05999999768,1187457.549999941,66525.96999999671,112967469.46998683
257.0,291.0,353.0,199.0,786853342.140059,2604542.069999975,73954.84999999512,3810446.319999895,130947.43000001558,253018066.92999032
306.0,274.0,332.0,188.0,708198829.5300443,2561124.1199999633,68932.33999999579,3217292.889999939,116490.12000001082,227809064.54998183
260.0,279.0,359.0,202.0,737179635.7000406,2508819.029999951,72772.51999999615,3487078.4799998426,122003.01000001021,237044222.99999323
345.0,391.0,96.0,268.0,992950170.3600475,3044817.9699999173,65060.399999999245,4893253.4700003,155439.14999999825,319207294.12999135
233.0,264.0,320.0,283.0,719754255.2700604,2997802.550000016,70678.77999999552,3238011.7899999423,111205.29000000727,231259397.1499925
308.0,331.0,86.0,375.0,924857461.8800733,3567559.0100000133,61694.9199999983,4259711.989999932,134739.00000000195,297126456.69999176
358.0,320.0,79.0,343.0,860653982.1000558,3180114.969999978,56320.929999999295,3809593.0899999267,125324.11000000249,276670876.0999805
283.0,239.0,307.0,271.0,686421609.850041,2954975.5900000245,66104.06999999759,2913687.7399999313,104824.53000000952,220663350.18999302
411.0,347.0,90.0,252.0,889752109.2800806,3182419.1800000463,59029.55999999646,4061201.689999764,135152.44000000748,286132900.10996836
364.0,307.0,80.0,349.0,864064677.9700948,3402203.2299998323,57479.479999997406,3796694.9099999536,124389.53000000407,277744863.98997843
375.0,173.0,235.0,317.0,612266274.4500507,3109108.629999858,56030.269999996664,2203022.060000151,84589.17000000145,196853267.4299862
417.0,163.0,221.0,299.0,591041954.7600543,3160088.6599998423,51562.28999999678,1945105.000000125,79642.00999999717,190129553.2099827
312.0,327.0,196.0,265.0,843942133.5000627,3050833.949999948,64878.409999998265,3909839.709999779,130101.1700000077,271289340.36997384
319.0,147.0,363.0,271.0,541994668.3600469,2946215.179999904,62082.58999999758,1897499.7400001453,80380.1900000004,174315374.36998695
340.0,157.0,213.0,390.0,604184894.310049,3350245.309999866,51970.86999999797,2013076.200000143,77301.02999999915,194165152.25998268
254.0,267.0,288.0,291.0,733096653.6000617,3056168.3599998476,67205.41999999547,3241333.4600000144,112215.20000001145,235638842.3199884
332.0,129.0,318.0,321.0,527317720.66004246,3063659.0499998936,58061.439999996765,1698751.3200000692,73071.27999999767,169532842.679989
325.0,288.0,172.0,315.0,789893752.7800864,3424586.8999999864,61799.43999999603,3414431.5599999838,115847.26000001124,253869395.41997102
309.0,274.0,296.0,221.0,756775534.710048,2702871.8399999333,66844.60999999916,3474197.2699999805,120756.98000000918,243342539.74998873
288.0,256.0,277.0,279.0,704443281.9500443,2918257.5099999295,63972.10999999824,3020991.709999922,107070.83000000425,226463688.90998894
139.0,409.0,471.0,81.0,841711658.2000192,1947865.019999912,89089.84999999317,4656330.72999997,156160.93999999747,270680708.20999384
196.0,384.0,443.0,77.0,874726542.6600318,2063633.0799998587,86580.03999999288,4770498.609999903,159345.9700000026,281323841.6199917
180.0,203.0,611.0,106.0,516888839.0500093,1884110.2599999376,83327.00999999595,2417624.99000006,99272.46000001578,166335197.40000564
186.0,549.0,255.0,110.0,1095552347.2800274,2286744.0299999835,85387.52999999213,6137301.690000385,191236.85999998936,352215580.8299818
126.0,371.0,427.0,176.0,837594046.8700305,2406618.180000042,86231.45999998733,4452160.979999965,148377.62000000253,269215500.3999999
225.0,254.0,307.0,314.0,691321410.8400494,3033746.6499999696,67855.93999999655,2980967.0899999784,104824.36000000469,222149355.44999066
229.0,450.0,208.0,213.0,1047632309.0700605,2847202.890000089,79001.36999998963,5583546.860000718,175154.24999999529,336725874.999977
222.0,168.0,503.0,207.0,539806114.1300458,2511300.459999935,74087.3499999943,2241627.730000167,90432.86000000981,173561680.5499938
359.0,272.0,328.0,141.0,745027673.8800263,2335901.009999927,69209.20999999685,3508806.0599997607,124845.53000000546,239719629.36998367
306.0,231.0,278.0,285.0,659709872.9900268,2961839.109999873,63139.359999996705,2690332.4700000165,97891.40000000384,212076771.28998658
291.0,342.0,434.0,33.0,799261411.8300138,1878373.2199998943,79366.30999999783,4186012.079999605,144606.24000000162,257204525.20999494
235.0,365.0,464.0,36.0,811089141.1700083,1911647.4599998451,85250.15999999257,4363115.6799996765,150956.88999999838,260959852.67999175
355.0,176.0,528.0,41.0,492483509.80000114,1893812.5099999618,71249.53999999833,1982737.8100002958,89922.49000000773,158702871.27999067
266.0,312.0,492.0,30.0,721630150.6199964,1772555.3399999016,83155.74999999593,3752130.979999675,135968.27000000887,232265593.77000147
198.0,233.0,296.0,373.0,712425890.0800784,3313498.3199998974,67482.77999999508,3048330.7300000503,104963.35000001064,228817247.67998612
210.0,105.0,390.0,395.0,492980417.360052,3172397.749999818,62740.95999999603,1568723.6600000008,67721.519999995,158345437.1399953
146.0,228.0,361.0,365.0,627497734.4400674,3231541.8399998485,70055.92999999471,2574766.3199999626,92027.11000000498,201482625.83000135
180.0,118.0,355.0,447.0,516164692.78006166,3322650.149999854,62360.679999994776,1672904.879999964,69019.15999999513,165756700.6899942
257.0,170.0,634.0,39.0,461286419.06000787,1662078.2799999805,79886.88999999838,2006306.42000027,91699.87000001204,148637676.60999474
166.0,110.0,409.0,415.0,487891124.17006063,3476951.2099997923,64104.17999999657,1482996.3699999356,63682.03999999181,156624115.81999084
392.0,422.0,53.0,233.0,1120428898.78006,3010247.220000071,66638.32999999901,5746995.100000728,180003.00000000416,360284252.1299933
362.0,440.0,55.0,243.0,1081189010.9200506,3045242.550000042,65850.01999999833,5455775.010000799,170489.58999999994,347610264.460003
440.0,339.0,59.0,262.0,909488331.3300859,3162140.570000005,56403.909999999,4128125.4199998695,136702.1500000019,292501468.91997635
370.0,399.0,111.0,220.0,1004712591.0000691,2955889.000000057,67168.0799999982,5019996.670000221,159559.6800000023,323039411.83997923
435.0,470.0,59.0,136.0,1114770488.4900384,2601954.3000001567,66698.6999999984,5805296.6700010905,183493.5299999984,358565267.70997566
461.0,356.0,139.0,144.0,922482033.7400252,2657754.9300000533,63278.17000000021,4485893.850000017,149101.57999999766,296801175.4099833
379.0,460.0,128.0,133.0,1055192578.6300247,2545789.4599999827,68897.29000000034,5457171.870000414,173630.1299999942,339404174.15998524
464.0,403.0,70.0,163.0,1071837919.2800349,2791918.130000028,64959.38999999824,5429725.430000697,173646.6799999998,344758032.40998256
382.0,332.0,129.0,257.0,893614297.8600568,3044150.719999991,60711.059999997626,4136079.17999983,134724.74000000829,287297313.99998283
430.0,373.0,146.0,151.0,923084556.0300623,2702543.7800000175,64776.45999999878,4486165.860000018,148951.84000000142,296942124.5899806
353.0,128.0,462.0,157.0,446739790.4700204,2377660.0999999805,64358.02999999753,1462513.5200000175,72862.56999999833,143853472.6499869
314.0,134.0,486.0,166.0,470050527.9900174,2341200.099999985,67308.53999999695,1667447.3500001119,76945.49999999822,151299780.67998937
263.0,377.0,343.0,117.0,870534058.5800211,2306107.3799999,76457.01999999493,4486522.239999955,150574.75999999995,279990742.699997
424.0,153.0,334.0,189.0,516196708.8000224,2537456.3199999216,57442.01999999723,1729631.3200001088,78662.06000000249,166227231.8799865
404.0,146.0,528.0,22.0,478444414.629999,1724765.7399999308,70434.42999999854,1916243.7800003847,89096.49000000634,154245810.17998904
336.0,481.0,265.0,18.0,1066499097.9200157,1985358.6599997897,80341.5699999931,5875034.630000496,188915.2299999881,343133510.2499712
454.0,194.0,423.0,29.0,606295749.7799976,1857514.91999993,65629.68999999964,2620631.4800001183,107274.61000000619,195386078.91999087
256.0,433.0,395.0,16.0,967502203.7799959,1803346.7099998395,87498.56999999333,5461103.940000066,179332.57999998325,311239767.4399698
265.0,449.0,247.0,139.0,1058843537.620022,2384449.3699998963,78865.82999999389,5746553.270000602,182389.76999999498,340476413.15997654
298.0,505.0,278.0,19.0,1117125193.01999,1955937.6099997696,83079.28999999324,6296468.670000776,198823.7899999845,359346173.869971
89.0,392.0,198.0,421.0,958024940.4900852,3531338.5199998855,76224.89999998992,4808507.570000407,148310.77000001236,307591661.49000156
36.0,412.0,208.0,444.0,1020995078.8801186,3679698.3400000213,80849.62999998766,5272223.770000634,159691.3400000021,327773985.2899827
103.0,280.0,229.0,488.0,799786318.7801144,3779859.449999669,70262.29999999316,3590613.430000262,114385.46000001719,256675062.0400002
107.0,470.0,17.0,506.0,1195338290.7401497,4020673.96999982,74213.65999999066,6208755.640001347,181815.12000000558,383789765.4000172
102.0,448.0,226.0,324.0,1053904613.920073,3288384.160000154,82012.15999998567,5590113.160000621,170225.74000000322,338486577.17998177
156.0,424.0,24.0,496.0,1072759439.7401057,3956526.6499998793,66812.64999999468,5263045.820000817,157262.6000000034,344476201.5800111
53.0,595.0,21.0,431.0,1321521640.2201414,3872128.1200000737,82198.93999998631,7222721.500001553,208194.18,424305736.4200088
50.0,352.0,287.0,411.0,856909407.020079,3453140.9399999278,79051.00999999273,4214841.440000135,133383.2200000124,275094298.9699971
53.0,374.0,22.0,651.0,1028883026.870136,4471278.069999916,66385.56999999353,4859256.130000601,140715.05000000476,330088046.6300076
66.0,464.0,27.0,543.0,1103863744.2401354,4086101.439999781,69737.74999999313,5500846.980000706,159864.7800000056,354285626.8500053
130.0,171.0,456.0,343.0,552143896.2400466,2917564.680000014,72202.40999999506,2196076.36000009,85214.22000000507,177356585.4300024
294.0,142.0,379.0,285.0,522092596.5400396,2752688.0299999355,63262.129999996825,1844852.9600001106,77744.52000000069,167876162.1599927
132.0,155.0,464.0,349.0,547947745.8700546,3050995.1499998765,71565.95999999506,2155861.4599999767,83364.09000000748,175966661.37000024
128.0,169.0,465.0,338.0,495159089.5400538,3042086.3599998625,69318.49999999268,1724461.0999999898,71865.96999999865,159012601.83999127
116.0,152.0,407.0,425.0,570715749.0800534,3192796.369999893,70168.67999999506,2226207.1500000097,83041.48000000065,183213582.67999616
116.0,136.0,422.0,426.0,507119292.44005823,3252541.199999837,69695.5799999942,1798422.1700000034,72169.3499999961,162779113.39999133
264.0,128.0,352.0,356.0,512059881.1300439,3130068.0699999076,60070.66999999497,1649739.8700000015,69375.72999999425,164511321.95999232
270.0,116.0,349.0,365.0,484815242.62004626,3253787.2599997874,58450.14999999673,1398957.4999999315,63972.45999999185,155788582.67999104
294.0,127.0,393.0,286.0,509209660.03003645,2808330.169999894,63201.45999999617,1751095.3700000986,75341.07999999907,163743625.49999306
267.0,115.0,357.0,361.0,472981162.3600399,3140830.749999784,60918.12999999569,1398263.2699999362,64559.72999999311,151996822.53999254
411.0,452.0,175.0,62.0,985195203.160001,2190036.2999998988,69198.5899999996,5104846.760000017,167840.47999999503,317028143.59996766
104.0,653.0,253.0,90.0,1338414251.3100479,2273084.4899998824,96283.69999998828,7972901.480000927,239157.3799999766,430182694.8299802
418.0,441.0,178.0,63.0,1069313381.5500075,2329383.299999939,71159.39999999861,5644429.70000027,182644.24999999482,344049274.55995166
405.0,446.0,188.0,61.0,1057691753.6600097,2177381.239999836,73019.02999999795,5629094.720000513,180569.61999999286,340297795.5399811
366.0,403.0,156.0,175.0,960374646.3200393,2685378.940000114,67407.0299999981,4806231.760000044,155791.01999999944,308859863.8599854
368.0,387.0,170.0,175.0,911032453.3000236,2613224.87000003,65240.5799999989,4439100.539999816,147528.78999999922,293046263.1499746
87.0,546.0,230.0,237.0,1187559541.150101,3001146.7800001795,88437.28999998441,6678824.730000856,201062.19999999352,381517200.9499832
90.0,544.0,220.0,246.0,1193085204.070048,3000348.9400001313,88928.65999998318,6720444.240001122,204910.50999998956,383325347.449984
104.0,629.0,277.0,90.0,1265948142.860002,2260485.7199998857,95138.95999998902,7474482.500000775,226789.38999997755,406907427.7599561
89.0,534.0,235.0,242.0,1141703624.620053,2910818.5300000985,87437.65999998766,6362368.460000602,192129.36999999598,366774103.70998603
439.0,24.0,252.0,385.0,381050315.3400325,3192686.5199998044,42178.039999998786,401394.30999998184,38404.049999997194,122613186.51998357
224.0,32.0,333.0,511.0,367058295.60003406,3569203.179999671,53376.0599999958,465592.09000002727,36082.88999999846,117783717.78998646
369.0,196.0,211.0,324.0,658502749.6100509,3273094.3199999067,54187.039999996516,2423995.9200000605,90582.54000000314,211706516.4799826
434.0,24.0,261.0,381.0,379881613.56002796,3262091.5899997787,42340.82999999815,379582.3899999701,37252.61999999717,122216457.89998183
637.0,35.0,364.0,64.0,354908462.65999883,2113008.830000027,46170.539999997316,531616.5399999187,51590.30999999903,114684031.89998357
493.0,261.0,296.0,50.0,689127449.0999892,2087352.739999913,61281.359999998676,3030222.5100000445,115809.74000000437,221991135.9599825
371.0,53.0,579.0,97.0,342902454.0200015,2004054.48999999,64976.94999999845,860198.0099999089,60045.149999995214,110609613.31998323
267.0,367.0,396.0,70.0,808077083.7600183,2045269.8699999114,79565.9599999953,4204415.499999661,144318.1100000033,259982927.02998814
177.0,244.0,276.0,403.0,703156896.5500923,3482712.579999755,67074.53999999394,2935184.150000124,101014.84000000973,225801125.11998937
262.0,361.0,409.0,68.0,827078964.0100217,2071226.0199998668,81570.91999999498,4343808.349999779,147969.02000000002,266081379.88999775
364.0,418.0,46.0,272.0,1052490764.4500554,3151183.6899999874,64340.33999999917,5242507.160000716,163919.66000000376,338331573.5300049
521.0,329.0,36.0,214.0,861749612.2900401,3019897.709999946,51203.59999999917,3743283.0399997444,126952.8999999992,277245135.2899734
573.0,25.0,73.0,429.0,450509396.73005205,3721627.08999961,31087.340000003187,482330.789999973,38473.00999999649,144958814.32998243
357.0,410.0,66.0,267.0,1055464721.9400697,3150291.2200000384,65089.23999999849,5269485.94000049,165753.9600000051,339324904.19999605
312.0,359.0,40.0,389.0,904609307.3900975,3804000.6299997424,57299.679999996486,3983649.550000023,126945.20000000884,290621363.70997155
445.0,19.0,82.0,554.0,434269172.0400614,4056260.079999467,34133.21000000394,395208.830000002,31431.43999999786,139462967.5699812
456.0,287.0,46.0,311.0,839535739.2200669,3192667.7499999143,50177.809999999365,3517293.1799997445,118806.03000000223,270024644.8999586
620.0,14.0,43.0,423.0,436936867.15004486,3639368.899999697,28304.970000003126,361255.8199999727,36126.81999999678,140674462.27997968
717.0,17.0,72.0,294.0,420345463.5800343,3202483.2499997574,28213.360000002976,344713.25999994687,40177.079999996924,135544262.01997516
609.0,14.0,62.0,415.0,423296979.7500442,3589388.099999645,28600.730000002895,280068.7699999609,33686.94999999761,136261689.449979
269.0,135.0,330.0,366.0,540736185.4700397,3248357.6299998816,57533.60999999704,1739216.5100000745,72107.21999999932,173760969.39999098
447.0,106.0,259.0,288.0,496195917.3600376,3029868.859999917,49494.68999999788,1347176.8399999272,64574.02999999401,159668747.4199858
234.0,260.0,287.0,319.0,692139047.9600549,3016260.849999878,65205.45999999753,2937556.2200001185,103280.44000000886,222409445.86999488
226.0,113.0,453.0,308.0,501215028.8500498,3030274.9499999066,65543.39999999474,1680790.9100000302,72545.91999999784,161080252.04999098
328.0,164.0,402.0,206.0,563414034.5000296,2697288.6399999666,66213.74999999866,2196176.360000141,88721.9400000029,181210260.23999548
232.0,257.0,465.0,146.0,695191471.5700483,2248081.699999943,78603.19999999316,3409583.0299998987,122021.4900000135,223584501.2899974
443.0,105.0,420.0,132.0,411986664.82001525,2278295.780000035,59951.17999999789,1151167.9399999133,65941.14999999604,132792106.70997952
458.0,241.0,265.0,136.0,700182210.8900194,2411599.9699999266,59895.17999999967,3009088.2499999627,113027.83000000483,225412787.92998907
353.0,185.0,335.0,227.0,594759490.9100509,2745244.949999922,60934.619999997645,2258617.6900002337,89589.21000000401,191336939.5699897
397.0,209.0,376.0,118.0,628316731.9600351,2275267.9199999417,64274.28999999822,2659097.7600000408,103505.69000000689,202282435.00999618
272.0,216.0,298.0,314.0,646885077.9300538,3125092.639999824,61716.99999999651,2543923.510000055,93914.46000000814,207934281.13999212
97.0,262.0,361.0,380.0,697808193.0100887,3181749.1999998735,74787.17999999165,3155183.5900001414,106752.16000001166,224049690.94000992
257.0,268.0,280.0,295.0,707024106.7900531,2922257.780000004,66063.53999999695,3065278.05999998,108957.34000000719,227282600.17998797
345.0,273.0,86.0,396.0,829745026.6300646,3534462.4099999256,56854.20999999733,3555435.289999897,116063.76000000541,266603259.30997515
295.0,234.0,322.0,249.0,661993001.3700423,2823524.809999962,66121.509999998,2805626.5199999036,102315.22000000408,212829359.74999425
350.0,366.0,88.0,296.0,935889252.9600651,3139858.489999996,61426.9299999986,4407518.749999789,143183.7600000053,300886571.85998106
149.0,399.0,126.0,426.0,962880637.7601042,3758588.9799998,69864.34999999322,4636406.390000577,141850.9200000117,309149047.2099973
99.0,351.0,367.0,283.0,838386305.8700676,2858517.669999991,79792.96999999348,4235939.279999971,137538.9700000111,269310987.400004
118.0,420.0,100.0,462.0,1042935127.3501347,4033017.349999916,72029.79999999209,5185746.410000866,155524.51000000892,334813169.29999554
133.0,472.0,113.0,382.0,1110914353.6200848,3489233.989999939,76639.68999999113,5818765.300000823,173393.30000000013,356751539.1799887
458.0,323.0,141.0,178.0,859593831.8800282,2769785.1799999853,59058.219999999295,3926765.319999667,133482.24999999945,276565658.3299742
4.0,553.0,240.0,303.0,1157803716.72008,3109066.3699999475,92178.28999998524,6513961.820000883,194642.17999999333,371835797.47999376
398.0,424.0,123.0,155.0,1015779735.3800371,2640539.819999999,66619.34999999944,5140090.910000413,165445.61999999426,326731961.90998846
299.0,211.0,474.0,116.0,620655325.5100131,2158464.449999932,74380.69999999597,2849087.559999982,109115.04000001354,199725485.39999723
304.0,215.0,93.0,488.0,759401475.5200946,3771089.189999873,54846.649999996924,3024659.97000003,99922.82999999952,243887379.69997695
209.0,223.0,332.0,336.0,619187378.4200501,2918973.4499999373,66909.38999999767,2528126.400000034,93306.6700000064,198979207.07999596
1.0,199.0,448.0,452.0,591474441.1200626,3411270.9999997355,75538.35999999261,2437556.8000000315,85762.22000000699,189716108.5900064
2.0,393.0,113.0,592.0,982003461.8501761,4300562.859999845,72131.82999999053,4727774.2800006,139383.14000001608,315003260.6400095
2.0,384.0,574.0,140.0,819906859.5300359,2174940.7699999535,95925.2599999909,4601780.530000128,151424.79000000327,263461241.9200112
1.0,275.0,410.0,414.0,697619958.8000829,3238913.399999822,79671.9099999914,3241054.050000153,108113.30000001455,223869106.43000808
48.0,416.0,307.0,329.0,949072310.1500564,3141673.5699999635,84018.2899999909,4995991.3600002825,155920.72000000405,304762625.4399944
194.0,358.0,265.0,283.0,919026504.0100728,3026899.3100000005,75945.0999999922,4643213.970000279,148726.9500000023,295321196.6699854
70.0,96.0,451.0,483.0,411207835.3900406,3471553.8099997165,67276.91999999201,1082677.769999871,51686.119999995535,131846455.42998692
53.0,457.0,228.0,362.0,1028723573.6900704,3324257.670000008,80763.01999999124,5404532.02000052,164146.18000000017,330326420.76998645
53.0,466.0,344.0,237.0,1064973651.580054,2695406.849999995,92072.72999998543,6013176.780000588,184984.01999999315,342154851.3299863
98.0,135.0,429.0,438.0,492464748.5600491,3232235.479999849,67789.52999999352,1663775.439999889,67636.31999999093,158019525.7699964
234.0,431.0,215.0,220.0,993643649.2200464,2756642.7899999125,76281.17999999392,5179987.750000314,164502.13999999737,319404809.1599926
306.0,88.0,418.0,288.0,436929086.4700305,3020947.85999989,60563.54999999647,1164139.699999847,60717.64999999283,140502963.63998812
299.0,87.0,276.0,438.0,477737971.9600638,3597228.2099996065,52751.979999996634,1147928.1999998752,53890.46999999494,153423045.29998657
349.0,101.0,322.0,328.0,476096816.2600452,3022711.3599998867,56175.45999999691,1353436.3499999566,64882.49999999392,153120348.21998703
81.0,429.0,302.0,288.0,943113216.0000592,3064260.7799999276,83216.2899999885,4944044.700000293,155463.61000000456,302932032.8399906
366.0,309.0,218.0,207.0,846078078.6800308,2762448.070000038,65773.96999999783,3999219.6099997796,134068.60000000804,272089038.01998186
54.0,658.0,199.0,189.0,1353519743.6400495,2836250.400000413,97707.78999997338,8008752.990001529,240889.65999997436,434869240.8399457
90.0,474.0,218.0,318.0,1134088960.9201062,3304761.2600000086,84312.5299999892,6187054.960000846,186695.2300000004,364234362.5299871
49.0,258.0,182.0,611.0,729704713.4000863,4231047.349999795,63147.229999993935,2900215.0800000406,92149.57000000411,233987208.88998735
39.0,479.0,95.0,487.0,1137771322.280124,4041020.289999909,77700.7199999903,5921494.770000868,173114.28000000335,365210196.3100005
260.0,219.0,101.0,520.0,779187936.4600983,3968769.9199997387,55972.439999997594,3109814.860000085,101183.25000000198,250164849.42997977
198.0,389.0,118.0,395.0,987602378.6300868,3598086.269999912,69405.69999999464,4846637.880000456,149497.1900000062,317202208.08999234
281.0,552.0,108.0,159.0,1186423504.060031,2713299.340000066,76930.8399999939,6469538.490000975,196839.26999999257,381406562.93999386
206.0,404.0,79.0,411.0,1039424445.4700825,3648432.4199999925,68822.09999999426,5136387.230000446,155900.42999999836,333855557.8899923
210.0,327.0,284.0,279.0,868050097.5100739,2994868.589999949,72946.27999999218,4264408.559999942,137813.73000000848,278938669.05998534
313.0,289.0,251.0,247.0,759721993.020048,2908686.0500000515,64786.869999997834,3407417.789999836,117346.36000000614,244253765.15998647
248.0,184.0,337.0,331.0,590468722.9400672,3043491.109999881,64661.45999999677,2253128.2200001017,86445.67000000148,189751108.95999077
216.0,338.0,257.0,289.0,814867899.0500594,3053547.699999899,69912.52999999568,3835408.370000025,127195.5100000108,261860569.019994
235.0,366.0,318.0,181.0,845863441.8700455,2636056.3099999926,76598.21999999501,4249992.74999983,141850.44000000414,271925181.7199935
297.0,221.0,353.0,229.0,618937777.4200413,2640347.5600000424,66928.09999999657,2567598.510000121,97690.7400000062,199066711.29999197
357.0,330.0,251.0,162.0,826061784.8200268,2513582.0599999186,67393.99999999933,3949084.469999788,134371.14000000327,265711738.7599846
408.0,179.0,327.0,186.0,561506447.0200306,2539543.0100000366,57862.29999999632,2017535.9000003394,85519.15000000411,180764313.41998506
375.0,165.0,264.0,296.0,605166570.480047,2961032.3099999446,58784.769999997356,2243756.5700001954,88045.17000000576,194618253.07998812
424.0,186.0,297.0,193.0,638407463.3900472,2653419.9899999276,59609.35999999663,2531566.9400001345,98707.25000000487,205460093.91998318
890.0,159.0,33.0,18.0,621715490.5200166,2187293.6999999643,30807.740000001508,1927878.9900003779,89555.06999999845,200726093.91996992
867.0,177.0,36.0,20.0,663654132.3999968,2193157.999999923,34786.430000000495,2272063.3400003375,98589.58999999694,214164147.72996187
866.0,185.0,32.0,17.0,660963168.0999968,2171487.0699999654,33855.500000000065,2214400.120000569,96119.47999999643,213317753.88995597
638.0,114.0,335.0,13.0,450480363.89999485,1908005.179999964,50071.68999999885,1270806.9099999852,73248.86999999997,145496062.7699845
759.0,136.0,28.0,177.0,589056161.4600295,2728028.6299999985,31997.29000000127,1620501.4900003653,75763.87999999798,189928332.449971
558.0,120.0,292.0,130.0,507612993.9000187,2360376.3599999705,51334.529999997634,1583648.790000223,76563.13999999876,163604435.18998492
531.0,109.0,318.0,142.0,460579742.71001905,2323168.220000023,51203.34999999726,1273529.76000014,69989.2799999999,148550606.29998788
708.0,173.0,30.0,189.0,649968351.1800404,2928059.0499999956,36855.56000000113,2066915.790000486,85269.58000000022,209379432.49997023
589.0,144.0,353.0,14.0,509646407.150003,1901992.6299999503,54709.7799999985,1753024.6500003268,84695.64000000106,164450333.46998784
521.0,128.0,312.0,139.0,494525922.3800149,2312103.6099999356,53887.78999999829,1558869.1500002125,76288.8800000034,159409914.70999017
177.0,353.0,289.0,281.0,888827530.5800664,2868224.520000027,76968.30999999537,4496672.779999999,144522.30000000136,285602507.98998624
127.0,372.0,304.0,297.0,915909492.6600618,3098482.089999898,79351.64999999327,4680984.560000218,149556.0700000014,294246682.87999433
175.0,363.0,285.0,277.0,870057964.5800526,2904013.4800000843,73991.06999999472,4311304.999999913,140114.45000000313,279616277.7499816
148.0,294.0,423.0,235.0,773615835.1500322,2514830.8900000234,80417.18999999405,3897851.4299998973,131784.19000001167,248639402.610002
163.0,324.0,266.0,347.0,821923420.800068,3160054.7099999636,72337.70999999472,3914414.5699999924,127163.84000000956,263991060.57999405
136.0,283.0,391.0,290.0,747456449.8800545,2803159.9800000563,78861.68999999108,3627768.709999917,123759.52000001448,240186704.40999767
98.0,286.0,411.0,305.0,720736798.2200454,2772152.8599999254,80950.6799999894,3507629.840000033,119941.00000001518,231535963.0500017
115.0,351.0,275.0,359.0,856564934.2100642,3090112.710000006,74608.9599999948,4197916.309999969,134047.56000001484,275117653.3099895
104.0,317.0,437.0,242.0,807707535.7000586,2662989.7999999654,84352.12999999285,4171802.399999973,138696.9800000038,259541204.33999786
97.0,295.0,406.0,302.0,746896863.7700702,2956383.7699999977,78386.60999999374,3584800.439999848,120513.40000001098,239905803.30999726
245.0,12.0,493.0,350.0,290103306.2700027,2934305.4299998656,60571.79999999647,252253.67999999804,35876.26000000128,93249067.42998576
64.0,15.0,598.0,423.0,269862876.80999225,3081626.229999745,71042.93999999232,304860.08000002656,35094.660000002215,86509516.769988
177.0,315.0,356.0,252.0,789338472.9300541,2751317.2800000305,76890.19999999262,3883806.399999852,130290.72000000972,253665458.56999293
348.0,18.0,238.0,496.0,388615743.3000456,3781728.2899995884,46033.27999999702,396043.49000000703,33934.36999999909,124791514.2999817
343.0,17.0,689.0,51.0,232165000.2100024,1693439.4000000183,70244.94999999712,319329.4699999683,48776.85999999815,75070145.77999221
304.0,542.0,208.0,46.0,1163593703.9100173,2114095.5799997817,83272.14999999267,6561640.880000494,204854.29999998593,374243379.82997274
215.0,50.0,685.0,150.0,286340429.24000305,2168056.670000025,75361.86999999694,678202.5399999754,53871.16999999931,92225581.14998783
57.0,471.0,532.0,40.0,969526316.2100103,1848206.6899998314,99692.04999998893,5710757.88000028,182856.2799999865,311699747.9299935
58.0,477.0,183.0,382.0,1062069266.3601065,3597644.3199998755,82242.72999998933,5587900.850000574,168933.60000000361,341015259.12998956
83.0,693.0,266.0,58.0,1386872956.7700505,2083202.8699996662,101398.6399999772,8446172.280001216,254019.3399999776,445791137.899932
517.0,285.0,221.0,77.0,783324390.9500087,2248108.22999996,59670.739999999445,3569096.5699996618,128218.03000000397,252242353.57998133
394.0,345.0,268.0,93.0,879569493.3900272,2302141.899999984,69106.23999999595,4372366.229999928,148652.77000000046,283028783.49998116
581.0,184.0,248.0,87.0,626256861.6799915,2229008.229999952,52878.09999999906,2429427.390000178,98925.19000000144,201804611.62998638
432.0,237.0,367.0,64.0,603227906.3700068,1953163.369999956,65919.21999999836,2612977.3399999854,104525.50000000883,194316095.54999763
428.0,235.0,182.0,255.0,696789538.810043,3024897.659999952,55883.76999999754,2785517.0000000414,102276.25000000543,224131196.82998735
398.0,126.0,338.0,238.0,481351432.5600319,2659254.7199999895,58128.87999999768,1498456.1700000812,71414.0299999962,154935933.68999055
263.0,231.0,356.0,250.0,670395025.9900496,2795482.0999999978,70832.96999999475,2974504.5800000243,107105.17000000943,215506772.92999038
351.0,177.0,238.0,334.0,620447753.640055,3193089.5699999384,56159.589999997705,2237751.7700001,85828.63000000278,199467558.6699885
355.0,180.0,481.0,84.0,542887464.400018,2085376.529999985,68342.88999999735,2235050.780000217,95053.32000000689,174843237.9999907
289.0,146.0,391.0,274.0,511747591.29004633,2801093.1499998886,62876.74999999595,1761806.4800001427,76151.01000000014,164573170.4999897
306.0,119.0,286.0,389.0,532351622.1700559,3319018.7899997504,55511.09999999569,1624087.1600000227,68967.20999999662,171091588.66998824
349.0,113.0,270.0,368.0,511858493.95005095,3298376.269999786,52034.16999999582,1418831.819999958,64632.85999999228,164584444.60998315
335.0,25.0,313.0,427.0,369529997.32002896,3484842.9199996297,51765.54999999414,456451.6100000054,37620.1999999984,118695284.86998586
401.0,156.0,33.0,510.0,650221407.9600912,4023414.289999678,42336.90999999939,1971517.6600000854,72158.95999999267,208864807.88997728
315.0,122.0,295.0,368.0,523296277.14005727,3317348.3099996992,55786.15999999549,1586365.5800000422,68004.90999999402,168171014.4699883
473.0,35.0,39.0,553.0,476606995.190061,4156853.2799994834,32070.010000004797,589241.5599999459,36539.23999999598,153103988.39997828
467.0,150.0,32.0,451.0,615352085.820065,3803339.8099996983,38794.80000000008,1711463.2100000537,67642.51999999482,197773981.4899719
393.0,24.0,304.0,379.0,386517107.0200299,3367303.439999759,47694.28999999597,490941.1499999887,40077.90999999763,124286806.97998336
504.0,31.0,34.0,531.0,444257198.7100551,3987056.329999516,29932.070000003932,396773.0499999872,32990.46999999772,142803591.04997876
525.0,32.0,36.0,507.0,456041121.020058,3991346.4999995204,31424.400000004094,496725.29999998875,35782.549999996445,146583642.07997924
145.0,559.0,112.0,284.0,1261666050.0300741,3389441.2200001813,83739.15999998615,6987180.6100012325,209573.07999999225,405319149.0099829
229.0,510.0,102.0,259.0,1161654301.5600743,3235459.030000045,75358.44999999089,6148899.460000814,186195.74,373287308.02998644
170.0,467.0,131.0,332.0,1096744165.0500908,3259738.5999999144,75495.45999999251,5735971.650000739,173251.1000000003,352318509.469998
115.0,442.0,319.0,224.0,985545517.9800582,2860375.3400000236,84967.69999999113,5296321.4600005215,167547.26999999263,316680628.16998214
152.0,588.0,118.0,242.0,1310838094.110101,3171409.120000109,87885.05999998983,7420494.010001037,223311.88999999536,421194836.2499751
135.0,373.0,377.0,215.0,857221115.7000656,2621404.509999919,82334.43999999274,4459423.529999975,145497.68000000413,275468797.35999507
191.0,426.0,308.0,175.0,944176678.0700266,2617590.7000001417,81334.34999998605,5016879.240000242,163355.0499999932,303519352.9099766
278.0,443.0,124.0,255.0,1058121294.5700815,3167035.79000008,71572.45999999429,5419115.440000603,168019.6199999989,340058475.73999095
206.0,329.0,332.0,233.0,797592945.580045,2607556.3099999707,74237.44999999394,3893287.2999997055,131489.56000000983,256412933.98999098
215.0,342.0,346.0,197.0,813827515.6400318,2603585.9699999345,78665.1899999944,4095127.8199999263,137365.36000000781,261602064.67999455
119.0,182.0,622.0,177.0,472031077.4600184,2161965.729999973,81463.22999999645,2022528.5600001295,86749.34000000484,151783475.5799959
490.0,113.0,387.0,110.0,456906381.45000553,2142650.8500000155,57070.30999999885,1414524.0500000773,73206.8099999992,147324072.27998495
84.0,452.0,439.0,125.0,998146649.6900333,2169798.689999898,93679.40999999014,5714787.880000263,181384.5099999896,320837774.0599879
164.0,250.0,442.0,244.0,636267476.6200484,2673528.349999961,76600.38999999358,2895874.3799999505,105009.33000001105,204494831.95000064
141.0,216.0,738.0,5.0,550518485.6000031,1490270.1399999075,90533.79999999481,2888440.2199999485,114088.94000001748,177206467.4600041
121.0,650.0,325.0,4.0,1291584616.5100057,1851577.8599997428,100022.07999998616,7840038.120000829,240131.4299999799,415253049.32994956
669.0,155.0,272.0,4.0,548187520.7200035,1914154.07999993,48912.35999999841,1876322.5900005233,88289.46000000136,176922119.0599799
422.0,343.0,333.0,2.0,837622815.7899988,1887997.469999864,71583.79999999829,4233713.769999455,149079.61000000124,269697709.5199867
450.0,366.0,183.0,101.0,945818200.5400363,2481644.539999914,65967.2599999995,4698742.800000176,155255.98999999682,304304703.3299835
494.0,402.0,201.0,3.0,950698474.070002,2000491.6799998453,66565.76000000181,4841407.229999837,163028.57999999638,306082727.64997864
309.0,344.0,106.0,341.0,910729312.5800874,3366383.789999882,61143.099999997896,4193987.0099999127,134330.89000000624,292698140.8499817
221.0,383.0,117.0,379.0,978027231.5700939,3438976.5799999316,70332.65999999414,4814518.520000409,149774.2800000055,314182124.7099966
390.0,146.0,133.0,431.0,584270339.2100866,3689688.0299996627,45890.089999997246,1677363.5000000393,67104.67999999522,187729496.23997802
240.0,267.0,328.0,265.0,779429206.6500547,2855843.2399999527,70548.22999999866,3643056.759999946,123392.0700000077,250523097.71998563
339.0,377.0,116.0,268.0,932012751.5600626,3084546.159999999,63625.83999999712,4468905.870000092,143550.91000000623,299593055.0599867
311.0,117.0,425.0,247.0,473517769.31003255,2581259.2099999245,62968.719999996916,1557419.0500000864,72843.27000000169,152394786.28998917
180.0,313.0,384.0,223.0,740382723.8100526,2655171.850000022,75048.86999999396,3531336.489999825,122839.4200000149,238016422.06999737
328.0,192.0,175.0,405.0,683902651.6400685,3480682.5399997453,55361.709999995925,2577473.65000014,91872.53000000335,219738368.42998564
203.0,118.0,431.0,348.0,439428298.3800313,3108090.6499998756,64529.22999999682,1273586.3899999412,60533.95999999246,141149740.119987
222.0,130.0,473.0,275.0,450865229.2600247,2802727.849999995,68109.97999999605,1472725.1299999943,68809.92999999411,144946591.93998668
353.0,183.0,384.0,180.0,566816420.9600348,2416770.199999923,64615.489999997655,2227866.460000177,91641.84000000333,182439603.5599848
86.0,248.0,521.0,245.0,650606940.1800381,2590522.5499999574,83709.8099999938,3151195.4400000037,112674.32000001219,209057122.07000616
349.0,192.0,380.0,179.0,571114822.1500322,2518802.620000026,64781.4699999967,2235909.030000182,91266.2300000072,183798259.38999188
508.0,263.0,69.0,260.0,818092171.9700474,3059556.8300000373,50395.1699999993,3431863.739999898,118229.85000000201,263162726.35996932
318.0,165.0,347.0,270.0,539410627.170037,2798950.969999972,62000.069999997126,1914143.2300001453,79678.28000000042,173463339.95999205
433.0,239.0,59.0,369.0,770145140.2300682,3467910.059999874,50064.08999999795,3038708.6300000446,103541.45999999976,247554928.22997433
117.0,339.0,88.0,556.0,939369757.0201257,4133463.7299997164,65716.44999999568,4322086.970000272,130096.85000001296,301475557.70999134
74.0,227.0,449.0,350.0,591613352.4800708,3062498.1399997957,76125.30999999141,2511914.470000166,91916.89000001247,189941840.14000422
143.0,440.0,108.0,409.0,1067305349.2601174,3698686.009999929,73844.37999999168,5429656.230000703,163382.84000000157,342732705.10000104
115.0,353.0,87.0,545.0,914864139.4701343,4142900.919999747,64121.30999999443,4156053.8200002513,125404.5800000114,293563314.4799963
154.0,381.0,186.0,379.0,960180213.6600839,3340943.6599999676,72719.47999999527,4779622.030000279,147509.5500000086,308388632.1499971
239.0,347.0,169.0,345.0,878884115.6500623,3251292.099999994,68365.91999999686,4175445.129999822,134806.8600000066,282370786.689984
152.0,389.0,184.0,375.0,964082766.180079,3323043.159999958,72732.56999999403,4798925.190000411,149198.1300000036,309664699.6899914
146.0,361.0,234.0,359.0,898531648.0700886,3585305.2299998426,73685.52999999144,4346284.180000188,137922.00000001257,288559682.8699921
206.0,510.0,249.0,135.0,1106971707.9000275,2445052.0899999538,84878.36999999075,6179903.910000814,192061.25999999134,355835167.0699847
189.0,483.0,303.0,125.0,1088666717.5500312,2407427.8099999595,87763.08999999236,6113776.150000603,192294.1499999963,349976656.12999874
291.0,423.0,274.0,112.0,989473246.8700217,2386139.4699998777,77495.66999999576,5258093.96000043,170025.17999999653,318217712.779996
306.0,459.0,217.0,118.0,1056393849.7200222,2433074.520000013,77115.39999999241,5662675.530000537,180859.15999999267,339746091.8699853
225.0,337.0,212.0,326.0,903346733.0400734,3240154.4500000146,68753.8499999967,4356557.739999992,139190.82000000495,290240701.8999921
288.0,431.0,270.0,111.0,1009135980.4800327,2312945.2399999285,78563.05999999563,5429230.160000243,173624.71999999305,324534074.86996883
190.0,243.0,67.0,600.0,776725967.9901463,4463117.339999799,55658.30999999526,2994589.6200001687,95475.67000000662,249220933.15997285
328.0,206.0,57.0,509.0,728819438.2100976,4118671.95999967,48139.83999999663,2604492.2000001115,88254.43999999983,234044968.16997015
161.0,375.0,57.0,507.0,973172306.5200949,4078655.1499997433,65149.44999999476,4546065.33000049,137610.23000001063,312418017.3700087
173.0,220.0,161.0,546.0,715992435.1701161,4131003.5599995274,58580.67999999475,2709792.2100002114,88429.2500000055,229716837.60998902
184.0,235.0,65.0,616.0,756061092.8601223,4373630.139999627,53087.16999999604,2816540.5100001115,90503.84999999989,242583922.09997562
144.0,338.0,135.0,483.0,903660917.240105,3802758.119999846,66114.7399999964,4179335.6800001175,129913.76000000852,290125374.7599976
295.0,185.0,135.0,485.0,710170884.6701119,3958343.9399996614,54515.72999999559,2662794.890000143,91167.78000000211,228062766.1599799
277.0,319.0,48.0,456.0,898234558.6401107,3909953.639999645,57601.3799999948,3921769.2600001236,123215.26000000887,288498255.5699898
265.0,304.0,121.0,410.0,812222956.0300891,3572914.819999847,59498.95999999541,3496436.270000157,114002.44000000531,260908792.27997687
258.0,297.0,119.0,426.0,873246448.100078,3610720.369999879,62119.78999999683,3918549.1999999587,124923.27000000748,280505079.7599801
333.0,364.0,259.0,144.0,894771776.6200236,2478946.1099999603,70694.04999999795,4481470.099999746,149608.30000000217,287811606.6399806
21.0,513.0,364.0,202.0,1116455698.8100429,2645147.9899999513,96018.67999998355,6432768.840000703,197609.1199999782,358679086.49998385
466.0,70.0,363.0,201.0,381404742.7200114,2590378.919999972,52784.99999999719,723665.219999911,51925.9799999964,122895835.85998218
314.0,344.0,307.0,135.0,853448353.4200282,2369051.9099999797,74253.16999999539,4305308.879999741,145342.8000000045,274521111.1699854
326.0,357.0,254.0,163.0,884270549.4900355,2492852.9099999988,69490.51999999808,4384729.879999839,146950.88000000172,284414316.41998404
419.0,63.0,409.0,209.0,380708596.98002565,2545913.539999961,54986.00999999761,793386.1799999158,54498.76999999794,122682428.90998499
19.0,461.0,411.0,209.0,968776798.3000673,2609536.6800000053,92618.67999998596,5440843.830000279,170574.4399999995,311212764.13999015
33.0,112.0,582.0,373.0,408053090.3600395,3090710.3199997917,76028.18999999375,1313784.8199998885,60654.05999999302,130899647.2899869
31.0,103.0,670.0,296.0,395240879.66002953,2749787.4199999524,80654.09999999267,1382255.3399999093,65176.35999998982,126880315.14998682
29.0,99.0,644.0,328.0,379628832.94001967,2732844.4199999133,80368.97999999416,1290808.9199999343,63114.56999999124,121869339.2499874
371.0,62.0,248.0,419.0,427365817.350059,3485188.55999967,47041.94999999589,756709.7399998206,45015.019999995995,137350290.30998388
242.0,72.0,292.0,494.0,478188708.4500604,3789332.8199996133,54109.91999999511,1143350.289999823,51573.86999999365,153444028.00998712
313.0,223.0,210.0,354.0,684983151.1800623,3245440.829999903,57818.76999999655,2679324.770000042,96833.520000004,220173161.41998294
337.0,56.0,326.0,381.0,403073116.4000281,3183288.0099998596,52170.13999999652,731124.6899999002,47134.2199999963,129605442.37998217
527.0,87.0,352.0,134.0,457426124.7400269,2330420.720000022,54298.92999999784,1303159.1100000802,70048.89999999975,147491929.35997775
375.0,267.0,363.0,95.0,669828514.2400062,2166413.539999922,69662.3699999978,3055634.7199999546,114708.4000000048,215616263.8299871
314.0,94.0,548.0,144.0,413676112.3900136,2158699.239999999,66417.36999999775,1342553.7399999981,70372.88999999723,133257136.03998487
279.0,357.0,336.0,128.0,882457538.4300293,2361024.5799999954,78518.0099999919,4592545.770000111,152090.29999999754,283787507.9199868
181.0,233.0,316.0,370.0,673692408.7000825,3371158.129999834,67864.70999999481,2803963.589999904,97833.37000000721,216355543.84999198
245.0,315.0,428.0,112.0,798383401.3700374,2103816.6099998583,80788.90999999395,4141828.069999669,142298.6600000025,256791232.4099947
9.0,424.0,610.0,57.0,927368512.8200237,1893800.329999803,101977.41999998629,5481294.8700001985,177388.77999998498,298084269.3599956
376.0,281.0,405.0,38.0,704676394.2199982,1909195.9299998728,72909.19999999793,3408539.8399996147,126625.98000000814,226892665.2499912
8.0,529.0,515.0,48.0,1089526343.6600118,1934206.6099997468,105373.42999998132,6623512.120000253,209114.4899999715,350186463.8199599
8.0,385.0,655.0,52.0,778215048.2400161,1779074.9499999061,99585.05999999204,4490246.929999843,151953.7000000041,250166793.10002342
7.0,311.0,448.0,334.0,776920909.0800962,3041144.0099999723,85541.12999998934,3922537.350000118,128474.18000001852,249442198.62000585
6.0,380.0,437.0,277.0,864569458.4300365,2710034.270000077,89930.45999999176,4643269.08000014,148607.74000000866,277668390.18000245
288.0,215.0,366.0,231.0,625054231.8000444,2641259.3799999934,69440.32999999633,2659307.7799999937,101354.66000000997,201040570.95999533
276.0,305.0,297.0,222.0,727014650.9000474,2733873.7099999795,68450.9499999978,3285347.7199998633,116200.07000001022,233785842.45999232
317.0,349.0,402.0,32.0,814840487.810018,1887216.0899998962,78377.66999999587,4259571.719999659,146632.30000000127,262225942.2299948
264.0,290.0,334.0,212.0,751659123.5600362,2611807.7899999837,72329.41999999585,3551079.939999985,123367.00000001016,241691756.81999367
9.0,447.0,78.0,566.0,1069370829.0501511,4308763.84999971,73639.1999999912,5302693.820000765,153062.96000000884,343089437.4600039
272.0,339.0,60.0,429.0,935332648.2700924,3764341.3299997826,62337.39999999534,4317609.410000296,134087.5400000097,300419952.90999347
13.0,216.0,106.0,765.0,729983135.3701552,5010205.099999918,57745.319999991865,2635139.6099999608,79476.53999999443,233827992.43998688
9.0,429.0,119.0,543.0,1084879785.2001376,4128533.5099998084,77611.81999998719,5539600.1200009715,162533.74000000593,348141890.6800024
9.0,438.0,77.0,576.0,1074113255.2701557,4610510.170000152,73212.62999998932,5269342.220000997,152551.6400000122,344578465.7900153
12.0,200.0,155.0,733.0,652382009.0801364,4902328.509999905,59071.909999993135,2174191.899999786,68409.19999998967,208930631.41998735
260.0,324.0,90.0,426.0,885799490.0201101,3783684.6199998134,61307.859999996064,3948937.660000074,124174.65000000739,284489909.48998725
333.0,149.0,73.0,545.0,639917478.310085,4059403.389999699,44903.57999999914,1942182.7100000097,70900.18999999214,205476439.9199769
326.0,146.0,113.0,515.0,593446704.9000814,3973789.4999996293,47183.68999999702,1712437.559999974,66251.66999999147,190562346.63998696
321.0,143.0,111.0,525.0,624008423.0900866,3868115.319999671,48946.27999999752,1970655.5700000396,73026.91999999843,200394291.27998036
276.0,498.0,311.0,15.0,1096869335.690015,1932037.499999805,86505.16999999205,6228341.080000458,198275.39999999132,352827601.3199748
390.0,429.0,268.0,13.0,978349739.600005,1951110.829999846,75540.89999999761,5236916.8799999915,172619.58999999426,314848006.90997815
318.0,406.0,358.0,18.0,883871280.4399981,1871504.8199998662,78426.66999999496,4691763.4699999355,158120.42999999633,284446534.2299964
270.0,487.0,328.0,15.0,987111034.4000126,1873878.079999763,84091.21999998961,5507278.240000309,182801.04999998034,317585892.18995124
273.0,493.0,308.0,26.0,1081332229.8700001,1980624.039999851,84676.4699999932,6108420.7200003425,192596.09999999328,347793181.88998955
307.0,392.0,372.0,29.0,897971332.5500079,1895526.5299998766,79489.88999999572,4822480.109999795,160565.72999999666,288931299.2399839
380.0,417.0,281.0,22.0,985726316.5300019,2051749.2899998275,75896.82999999504,5263978.090000167,173342.65999999488,317194112.2199823
436.0,339.0,300.0,25.0,839965506.8900013,1922215.929999872,69804.08999999877,4222332.069999546,145545.8299999968,270414036.84998477
431.0,336.0,318.0,15.0,803691036.430009,1907516.4499999066,71446.93999999676,4004314.7199996253,141804.29000000237,258779819.78998163
427.0,332.0,316.0,25.0,829985193.0499824,1923479.909999893,69920.01999999814,4141646.10999952,144998.5099999985,267225422.19997853
412.0,91.0,175.0,422.0,514445124.1400758,3660910.8199996403,47351.62999999699,1261065.5599999328,57474.629999992496,165300694.57998243
347.0,99.0,192.0,462.0,510291930.99005336,3678416.789999682,45381.48999999747,1203060.1399999107,54310.16999999342,163930477.96998537
302.0,359.0,129.0,310.0,952106939.6400768,3047542.9400000516,63557.29999999951,4593304.910000024,145590.4399999995,306029011.58998525
403.0,89.0,195.0,413.0,501291326.33005524,3484580.7699996834,48220.559999997204,1231530.4099998828,57862.77999999262,161141381.3799851
539.0,119.0,230.0,212.0,519372591.2000375,2783936.199999946,46403.219999998095,1430498.6200001433,69835.29999999712,167316522.25998488
359.0,426.0,174.0,141.0,1005685109.7400502,2646543.7900000466,70636.86999999771,5176210.870000227,166123.52999999857,323429338.9799663
454.0,130.0,285.0,231.0,527908111.9700369,2735748.1899999194,55118.93999999606,1699263.4700002028,75817.89999999719,169929564.40998366
305.0,470.0,169.0,156.0,1069855027.9700568,2558713.8700000294,73974.19999999524,5674535.350000468,177620.16999999294,344009524.40998566
245.0,376.0,153.0,326.0,917432699.8500643,3227448.3599999417,68205.78999999531,4445899.31000007,141466.94000000678,294777218.4099867
299.0,460.0,188.0,153.0,1071382549.7800351,2546505.100000069,76241.3999999937,5727732.190000583,181174.24999999368,344505786.3599856
140.0,362.0,447.0,151.0,830038083.6400263,2327814.080000006,86091.87999999165,4426085.659999892,146380.47000000387,266807947.90000126
50.0,396.0,489.0,165.0,863026240.7300438,2369549.9700000384,92742.10999998983,4776717.4000002,156458.439999995,277346393.1399914
162.0,250.0,514.0,174.0,657842297.4300349,2385985.3699999168,81829.00999999218,3203279.3599999244,116196.25000001605,211487507.52000082
138.0,354.0,460.0,148.0,823759248.4700351,2313703.1399999755,86861.03999999337,4394021.779999826,147245.31000000954,264799413.38000527
112.0,288.0,355.0,345.0,755031813.0100708,3118560.1299998923,77467.32999999105,3579304.280000101,119194.66000001783,242477549.88999638
123.0,189.0,410.0,378.0,621799621.2800617,3143632.5799997495,74099.30999999185,2627297.710000143,94495.0400000095,199656794.96000496
39.0,304.0,394.0,363.0,773228791.8800566,3054124.2299999692,80943.16999999218,3797071.0600000103,124691.13000001431,248268512.4099988
44.0,209.0,430.0,417.0,588848577.7500763,3376057.0999997645,73336.81999999395,2380938.889999979,85424.07000000632,188940821.7500034
57.0,270.0,585.0,188.0,682759978.1700354,2266674.049999951,88577.95999999132,3534139.7400000133,124177.14000002039,219418343.69001347
43.0,204.0,444.0,409.0,612884638.3100729,3219233.0599998245,77669.78999999167,2654870.930000042,95104.3900000119,196710896.56000826
276.0,30.0,503.0,291.0,318928351.92000836,2722218.319999918,61175.34999999642,480144.71999998786,43085.459999999046,102571157.78998582
171.0,34.0,567.0,328.0,299586885.52000666,2713328.359999924,67643.2999999933,497910.7700000083,42739.629999998964,96260948.53998679
279.0,18.0,509.0,294.0,297988292.8900033,2780658.5499998955,60255.339999995515,325411.159999993,39414.459999999184,95861321.79999006
320.0,35.0,409.0,336.0,368425120.3300243,2922444.5399999176,56361.27999999553,679326.899999935,47492.71999999782,118509717.80998488
273.0,30.0,496.0,301.0,319259256.82000756,2631883.699999952,61942.539999996705,525687.4399999863,44932.85999999924,102698339.85998717
319.0,20.0,409.0,352.0,335850535.270008,3069877.749999837,54535.629999995945,386378.60000000277,39063.49999999846,108006266.4499873
198.0,40.0,463.0,399.0,324575450.90001804,3082739.5399999022,63073.849999994294,485587.5200000141,40435.29999999857,104235713.51998602
170.0,20.0,567.0,343.0,288939722.91000646,3019205.329999803,66665.45999999356,354847.7900000164,37627.23000000049,92769432.44998719
204.0,24.0,479.0,393.0,313296241.2300058,3068051.5999997966,63123.67999999319,414680.430000007,39018.34999999899,100621108.82998602
201.0,23.0,471.0,405.0,319877552.73001367,3169760.8799998155,60675.98999999479,372901.74000000895,36864.02000000046,102704483.48998745
385.0,236.0,86.0,393.0,745034823.0600971,3708702.0399998417,50210.89999999734,2813758.940000022,97639.49000000437,239448735.35997263
332.0,253.0,93.0,422.0,804224200.3700861,3623034.7399998554,56192.08999999725,3332019.649999975,110018.00000000415,258377065.96998355
387.0,230.0,87.0,396.0,763991511.5100656,3503638.649999899,52204.47999999879,3027022.420000135,103698.93000000235,245555577.57997543
293.0,180.0,328.0,299.0,566248810.3000406,2872711.279999904,63177.13999999716,2120407.73000003,83919.52000000454,182045863.08999738
382.0,234.0,86.0,398.0,740622171.760081,3709279.389999867,51506.049999997085,2805150.1400000383,96570.0100000044,237972509.26997593
293.0,174.0,328.0,305.0,600552540.6700493,2956895.8899999387,63197.779999997445,2321755.760000217,90583.16000000358,193102687.6999903
247.0,188.0,344.0,321.0,615564458.5000557,3089054.969999922,65479.759999997346,2423933.710000087,91200.26000000445,197831524.2899946
331.0,245.0,93.0,431.0,779588674.5600849,3767915.7699997085,53766.26999999765,3110283.700000142,103211.43000000564,250425074.0799766
250.0,184.0,348.0,318.0,595499840.8000493,3038051.0799999456,62554.14999999604,2258796.1800001417,85832.0000000044,191352181.08999354
248.0,183.0,346.0,323.0,599622105.2400571,2936665.8999998746,64511.12999999633,2337183.710000091,89123.13000000424,192721452.54999614
344.0,158.0,515.0,83.0,514673000.11001056,2026411.8199999842,71185.71999999732,2103457.800000294,91148.3100000055,165748054.6699941
449.0,136.0,443.0,72.0,480609131.4800061,2047266.5299999604,62171.98999999803,1682063.1700001962,81708.67000000356,154944691.8399875
278.0,339.0,416.0,67.0,835546763.1700252,1987104.7199998656,80485.41999999378,4410050.849999706,151436.3999999944,268841868.4099846
528.0,243.0,201.0,128.0,745138477.6800284,2449363.829999957,57355.8799999988,3215103.679999831,118220.60000000714,239919886.70997554
274.0,126.0,409.0,291.0,497053164.27003235,2765754.5199999255,64561.73999999563,1697524.0600000394,74716.46999999616,159829316.45999113
300.0,367.0,114.0,319.0,908279631.9000682,3358587.62999989,62875.1399999974,4237199.119999998,135366.87000000497,291873278.3199811
488.0,148.0,122.0,342.0,594045960.4200523,3364410.0799998776,44310.479999999334,1783839.6000001614,74282.28999999534,191112595.0599816
315.0,254.0,311.0,220.0,697231180.0700347,2743991.0599999647,62679.36999999797,2966200.390000029,107716.20000000388,224259145.58998492
496.0,400.0,125.0,79.0,998718453.6100149,2377054.7099999553,64162.53000000126,5033590.299999929,164658.2199999934,321380848.4899795
399.0,322.0,100.0,279.0,846163156.9300495,3119747.8400000255,56641.95999999941,3726813.0099998447,125934.89000000083,272116004.2999682
73.0,430.0,243.0,354.0,999578639.7901006,3236515.1699999645,80107.00999999192,5211322.140000518,159317.16000000064,320995570.09999895
215.0,370.0,210.0,305.0,959896336.800069,3166216.609999955,73487.84999999251,4810247.19000038,153114.49000001204,308444765.28997934
97.0,200.0,327.0,476.0,658368064.9400849,3551227.599999681,69062.54999999247,2694833.270000024,92465.29000000472,211285557.41999647
63.0,376.0,351.0,310.0,925303495.7700698,2974467.319999978,85429.6499999901,4895115.920000278,154400.99000000526,297194559.01999336
95.0,563.0,319.0,123.0,1244433079.4300573,2447186.5100000314,97687.52999997928,7370117.63000111,227058.20999997397,399944012.93994534
111.0,228.0,617.0,144.0,553430690.3200173,2108942.9599999706,85249.5899999945,2661716.680000042,104551.51000001229,177970644.7600016
234.0,402.0,376.0,88.0,949518521.3100035,2122640.119999861,84763.40999999215,5210562.0500001665,169985.26999999228,305369076.8699748
373.0,223.0,364.0,140.0,654340194.3600327,2379463.2300000177,69013.45999999774,2898770.4099999275,108975.19000000799,210554718.56998974
238.0,142.0,383.0,337.0,507950974.7700487,2952793.689999867,65606.20999999506,1766920.5500000448,74332.74999999866,163241796.8199958
307.0,183.0,495.0,115.0,564767500.5700237,2046483.3799999733,73788.83999999728,2496292.0000000778,101250.69000000897,181802980.7599976
95.0,111.0,428.0,466.0,502546321.6600615,3437112.979999764,67398.2799999946,1655832.1499999617,67312.84999999034,161249087.1599923
298.0,89.0,341.0,372.0,488320162.60004836,3256112.569999837,56589.69999999695,1380853.8799999533,62334.44999999299,156904956.6699892
86.0,203.0,388.0,423.0,600751953.740086,3482494.979999755,70847.01999999332,2369037.1900001136,85852.56000000748,192797878.19999942
118.0,139.0,259.0,584.0,550743145.8200878,4121059.6099995566,58413.75999999376,1650817.179999906,61612.57999998823,176577012.3299925
120.0,141.0,542.0,297.0,498239951.13002586,2721221.739999958,74244.3999999942,1940643.9800000296,79512.35999999978,160034141.8399976
137.0,323.0,300.0,340.0,847644294.3000705,3207402.5199999344,75308.14999999199,4115892.819999911,133235.41000001106,272280410.4499784
443.0,132.0,246.0,279.0,542372757.4900397,2918352.729999949,49376.49999999734,1650788.5500001425,73711.4899999937,174570760.69998392
326.0,195.0,374.0,205.0,606353384.3800247,2515612.770000027,65608.17999999807,2492653.3500001132,97974.2900000084,195101263.1199929
323.0,193.0,180.0,404.0,638713443.7800677,3553657.4199998,52662.16999999719,2205776.150000202,82612.97000000098,205250868.54998296
395.0,236.0,220.0,249.0,692147296.8300359,2870756.399999903,57576.33999999813,2789725.2700001174,102536.20000000464,222661269.32998666
336.0,353.0,186.0,225.0,880064762.8200648,2957470.930000026,66159.67999999919,4178859.619999812,137469.26000000202,282965925.21997905
162.0,433.0,229.0,276.0,1004610003.4300685,3039677.280000115,77804.51999999057,5237407.380000532,163358.75999999762,322794003.00998276
305.0,422.0,169.0,204.0,1017442899.2900481,2918742.2200001,74080.54999999478,5247659.350000373,165440.39000000156,327063625.46997875
272.0,284.0,362.0,182.0,791559547.8400402,2393005.019999979,76708.00999999548,3950316.4799996982,135154.13000000967,254547723.6599856
274.0,287.0,152.0,387.0,842112964.5900632,3372731.5599999707,60920.06999999879,3741089.589999924,122238.21000000545,270595488.8699813
214.0,296.0,286.0,304.0,790406471.3800687,3060616.0399998957,70737.93999999408,3692707.699999951,123709.5000000126,253991859.5399891
103.0,275.0,350.0,372.0,733688343.0900741,3208239.0099999476,74596.36999999311,3375720.210000112,112942.72000001224,235573996.56000078
115.0,406.0,163.0,416.0,1017473905.4101005,3721123.959999956,73672.2999999943,5085317.740000299,153374.11000000336,326703437.0799922
114.0,402.0,389.0,195.0,883072605.1400542,2648835.980000012,83400.75999999157,4658128.490000151,150599.61000000345,283762791.629995
95.0,336.0,325.0,344.0,877419041.0000675,3075162.6300000423,78597.97999999016,4426866.920000098,140219.8700000135,281790796.3399948
375.0,190.0,252.0,283.0,644144663.400032,2895482.8800000227,59042.009999997055,2521532.540000024,95302.47000000489,207164523.92998704
13.0,285.0,377.0,425.0,748535391.0700824,3346060.3699998003,79914.63999999013,3558486.1900001396,116620.33000002046,240229271.38999885
346.0,260.0,232.0,262.0,722959713.7600341,2972517.069999911,60287.689999997805,3037214.9500000444,109563.61000000508,232522401.1299772
449.0,227.0,85.0,339.0,731775935.450072,3375763.249999814,48444.94999999809,2750153.3800001116,98653.46000000351,235325395.2399763
372.0,189.0,250.0,289.0,646017036.9000564,3044297.1100000236,57252.14999999736,2479469.8200000566,92612.24000000257,207721803.18998858
405.0,304.0,76.0,315.0,785546457.1900682,3311147.789999844,51352.13999999697,3174493.070000044,108459.45000000508,252577368.8199718
17.0,373.0,139.0,571.0,955212754.5701262,4167561.4799998314,70067.6199999924,4528096.650000467,133310.0100000106,306434493.76999104
12.0,372.0,332.0,384.0,887586151.1100966,3255827.8099999363,84155.13999998859,4560432.110000264,141900.950000013,284939587.700001
15.0,481.0,121.0,483.0,1121714059.4101207,3811691.239999826,79681.19999998777,5883255.130000704,172195.95000000132,360041740.60999286
15.0,475.0,119.0,491.0,1118126301.300115,3913446.2299999753,79912.19999998798,5837901.1800008565,170594.18999999962,358879868.02000606
276.0,606.0,84.0,134.0,1285040048.2100263,2752864.620000015,82539.58999999113,7231598.090001219,221943.0999999839,413118267.12996364
310.0,581.0,81.0,128.0,1285121554.070031,2540986.8700001035,80152.90999998881,7231137.900001371,220231.48999999583,413205247.0099709
486.0,231.0,148.0,235.0,770767207.9700466,2882371.140000015,55084.79999999911,3242289.1799998204,114481.3600000027,247973175.92996863
212.0,464.0,322.0,102.0,1080133736.7500193,2235921.8399999305,85831.49999999128,6071125.640000532,190223.8999999865,347273585.4799719
273.0,600.0,83.0,144.0,1374470842.4700465,2625093.5000000605,84988.25999998717,7873953.8900018,239145.92999998928,441874892.84997225
312.0,148.0,475.0,165.0,491094431.030031,2467409.8099999405,67316.22999999687,1772885.8300001714,80216.43000000445,158068798.52998844
238.0,446.0,309.0,107.0,984487275.2100095,2271215.6400000225,82041.91999998782,5355648.550000427,173273.369999989,316575797.44997615
520.0,211.0,135.0,234.0,690462864.9800547,2964184.2500000107,49023.38999999888,2594698.1800001455,97673.48000000318,222201884.0299669
353.0,143.0,458.0,146.0,493054003.45001614,2248728.649999963,65796.65999999772,1802518.9200001783,82723.82000000538,158794354.85999256
349.0,141.0,453.0,157.0,485519705.86001575,2272432.1399999536,65606.14999999828,1741278.9100001005,79518.14000000259,156323748.55999053
344.0,380.0,279.0,97.0,922551870.5300219,2328069.7699998952,74774.0899999971,4796232.71999992,160368.65999999552,296769695.8699818
526.0,288.0,212.0,74.0,801613977.6900287,2248012.1399999647,62206.79000000092,3732160.3199996175,132190.580000001,258073982.06997225
350.0,367.0,284.0,99.0,898781383.9900331,2365489.0900000245,74384.55999999303,4607980.909999727,154160.43999999826,289114369.6099742
431.0,475.0,72.0,122.0,1080778973.4100275,2611204.999999921,65620.460000001,5561520.530000515,176739.4099999946,347668307.449987
229.0,252.0,185.0,434.0,764466360.3600687,3672209.0199997895,62268.779999996055,3217585.850000062,105432.37000000694,245462375.04999036
267.0,280.0,45.0,508.0,835134636.1601229,4218385.989999548,55558.259999996415,3407638.780000268,107995.81000000842,268102980.50997832
428.0,234.0,35.0,403.0,757580348.8700736,3633965.7699999036,47171.09999999969,2871107.720000045,98344.92999999927,243507302.36997217
384.0,200.0,154.0,362.0,669454021.7500571,3431102.7399998275,53158.92999999901,2446919.450000113,90318.85000000385,215187638.35997912
631.0,328.0,52.0,89.0,871298327.1300237,2453087.119999961,49812.58000000009,3880079.8899994805,135410.4399999994,280581155.4899648
432.0,225.0,36.0,407.0,728538613.1400988,3591733.9299997687,45691.919999997655,2639249.800000081,93820.32000000206,234215997.3199687
298.0,311.0,276.0,215.0,820934900.7400459,2729844.220000009,69135.97999999659,3923561.5999997733,132997.49000000794,263982310.69997773
69.0,399.0,356.0,276.0,908700955.0800704,2778040.0199999604,84521.39999999286,4801155.520000123,152672.88000000213,291924435.28999573
300.0,306.0,278.0,216.0,824182060.5900341,2807222.7599999374,69320.73999999666,3939195.1999997804,132186.8400000076,264965744.01998845
320.0,333.0,216.0,231.0,919479280.5600516,2858451.3300000527,70286.72999999515,4544829.030000134,147676.25000000562,295623541.8999805
355.0,369.0,328.0,48.0,845040929.8900045,2071369.3499998767,75410.77999999521,4337175.429999662,148995.38000000428,271947899.8799833
389.0,397.0,262.0,52.0,952166526.0200022,2160062.4099998795,71691.37999999672,4933771.9600000335,164099.40999999567,306405261.06998795
97.0,564.0,366.0,73.0,1129396584.880026,2090174.5599998,95190.23999998743,6612881.570000456,205636.24999997864,363066756.9799696
88.0,496.0,451.0,65.0,1048311640.6900192,2054130.3899998232,96074.86999998773,6107692.790000432,192863.56999998144,337009749.9199697
76.0,433.0,286.0,305.0,1000507652.3700837,3130414.4100000523,83656.64999998853,5300099.290000512,164730.10000000108,321359351.1999883
98.0,558.0,370.0,74.0,1151324311.9400198,2052809.9199998118,96859.6299999824,6817389.360000711,211358.4999999705,370099828.57994485
612.0,112.0,11.0,365.0,558713152.0400587,3496204.859999828,31515.55000000281,1260718.6099998693,60587.47999999555,179865180.04997152
512.0,135.0,14.0,439.0,606841941.5400425,3658076.599999795,36092.66000000129,1646278.3200000557,66761.91999999333,195113346.2699792
416.0,428.0,8.0,248.0,1024419977.0500635,3196365.699999902,58927.83999999892,4906102.300000266,155877.20999999973,329392610.8999928
476.0,87.0,253.0,284.0,496667496.0800246,2874389.9299999583,45487.66999999795,1279711.6099999866,64357.08999999524,159921535.20998147
600.0,110.0,11.0,379.0,583740837.0100602,3645688.2999997702,34084.900000002955,1424981.750000039,63645.37999999381,187819141.86996746
345.0,354.0,183.0,218.0,870539493.6300592,2768278.6699999673,66484.32999999737,4170688.0099999183,138502.77000000348,279940907.1999789
375.0,99.0,286.0,340.0,454637100.2400444,3105657.119999907,50164.84999999694,1062733.0699998697,55649.119999995324,146225792.67998606
323.0,476.0,9.0,292.0,1183698045.6101003,3316853.52000004,69703.29999999581,6154699.750000916,186248.2600000015,380429627.9099922
269.0,396.0,205.0,230.0,931988234.6600426,2728347.8300000383,70954.1299999958,4693011.710000207,152100.14000000383,299632282.6999934
265.0,392.0,203.0,240.0,945181806.4600434,2913924.0699999877,71579.58999999586,4721688.269999987,151081.71000000043,303821449.7899864
39.0,328.0,277.0,456.0,871807596.9701073,3696061.189999804,77579.86999999093,4228926.27000034,133109.9300000201,279827230.1199948
346.0,233.0,197.0,324.0,710853607.5600526,3178884.4700000095,57797.72999999795,2868492.1099999747,102437.44000000093,228533154.0799836
52.0,63.0,372.0,613.0,418560182.3800465,3784162.279999658,61410.90999999523,933450.9299998967,44375.80999999322,134089732.61998993
34.0,286.0,381.0,399.0,763201154.2000824,3417449.289999801,78718.69999998908,3600547.6100002793,118273.92000002536,244987224.44000342
38.0,325.0,275.0,462.0,813390473.9000885,3613628.389999858,74579.0699999914,3808298.8400001116,119373.2100000122,261005778.02998865
43.0,53.0,485.0,519.0,360906552.12003416,3679637.3399996553,66685.32999999209,670173.4799999704,39503.979999996955,115591874.76998791
312.0,210.0,279.0,299.0,602653107.1100489,3021446.509999956,59426.619999997485,2250523.410000186,87021.4800000025,193767063.17998302
419.0,41.0,238.0,402.0,418729812.81004864,3324409.4999996773,44097.81999999725,638474.1299999171,43601.41999999572,134665529.04998082
376.0,36.0,336.0,352.0,401115874.240037,3149996.9299998465,50382.56999999752,705866.6199999347,46643.54999999702,128989712.34998612
373.0,36.0,334.0,357.0,369777479.14002883,3213576.4299998023,48994.62999999599,457362.459999987,40495.279999997554,118939537.30998382
145.0,104.0,590.0,261.0,389644206.09002167,2556424.279999954,72227.47999999418,1211794.2799999306,62139.42999999264,125234080.03998332
161.0,102.0,580.0,257.0,407704085.2600178,2467952.0499999854,73853.19999999575,1386097.0000000198,67627.65999999612,131053699.03998895
72.0,607.0,292.0,129.0,1237015105.890037,2490459.6999999876,96487.54999998472,7267956.760000917,219473.6899999811,397500238.0099663
119.0,85.0,681.0,215.0,335903369.2400096,2278241.8399999747,79703.13999999723,1069969.8099999693,60945.619999995855,107992162.41998957
122.0,87.0,498.0,393.0,409465515.7800444,3055709.659999817,69407.77999999395,1190350.0399998764,58462.0999999939,131454803.58998637
60.0,507.0,341.0,192.0,1090751282.650065,2569791.23000002,92267.409999989,6196026.260000444,189945.3299999872,350463596.3899919
116.0,73.0,583.0,328.0,341599040.62002665,2695751.8699998846,73287.72999999399,897304.5899998782,53593.41999999281,109729015.01998699
74.0,552.0,265.0,209.0,1173258387.2400472,2812470.62000007,91224.98999998682,6680724.020000852,203196.42999998617,376941099.13998944
73.0,544.0,367.0,116.0,1178099597.2300305,2244771.7299998566,99827.63999998162,6994995.060000814,217819.05999997284,378650237.7399583
67.0,503.0,339.0,191.0,1105899000.4300303,2411903.45000004,92546.56999998877,6333737.6100004995,194237.65999998347,355370964.79998475
239.0,227.0,363.0,271.0,643983573.6900419,2798228.049999893,69757.96999999581,2775986.3700000797,101955.68000000648,207006704.86999208
243.0,226.0,361.0,270.0,621565460.5600427,2876721.3199999193,65908.07999999756,2521703.8000000785,94331.4000000052,199798178.2899887
258.0,157.0,392.0,293.0,544666664.5200428,2846921.8199998783,65786.20999999488,2024472.4900001683,82176.13000000596,175102442.82999057
341.0,324.0,48.0,387.0,929369403.0300887,3557500.8599998434,58777.399999997,4218208.559999869,134233.15000000564,298644123.41997814
227.0,216.0,345.0,312.0,636519040.3300595,2894547.169999862,66879.52999999405,2638655.520000137,97182.73000001213,204584851.58999696
352.0,215.0,49.0,484.0,735725446.7700814,3828269.3499997547,49192.05999999797,2715012.540000175,91570.13000000018,236301974.91997576
322.0,300.0,44.0,434.0,857642507.5701053,3845805.799999768,55767.679999996224,3637851.2700001094,116760.38000000882,275514810.2599738
248.0,148.0,370.0,334.0,518167224.10006016,3049450.4199998924,62378.71999999519,1728555.8500000546,73210.58999999698,166543795.11999005
387.0,231.0,53.0,429.0,755974559.8400892,3665467.6499998025,50253.21999999767,2917463.730000168,100861.93000000279,242957788.98996985
357.0,213.0,49.0,481.0,751066045.3201003,3978842.5899996716,49660.51999999662,2786843.1700001373,93856.02000000402,241243252.57997102
528.0,200.0,103.0,269.0,700317784.2200619,3218700.199999911,45145.42999999926,2482205.6100002145,93804.51000000235,225364435.15996653
532.0,198.0,103.0,267.0,713927904.3600669,3145335.1899999455,46295.44999999952,2631070.5100001157,98135.88000000198,229755388.67997023
596.0,83.0,117.0,304.0,502036011.550026,3091126.709999879,35557.140000001484,1043716.9699998082,56952.42999999547,161701672.6799768
384.0,145.0,376.0,195.0,517582569.7500248,2438666.330000003,60508.89999999734,1799520.2900002599,81533.97000000074,166684170.3899904
488.0,185.0,96.0,331.0,680482716.9500546,3302545.609999903,45955.0199999985,2393763.700000144,89136.46000000185,218853333.24997798
393.0,55.0,385.0,267.0,386790489.86001974,2771874.1499999505,55796.239999995545,799115.9199998864,52185.079999997106,124496169.93998575
366.0,136.0,353.0,245.0,509287122.3200334,2677070.729999946,59634.55999999656,1702974.5300001272,76785.89000000157,163909410.88999075
551.0,75.0,106.0,368.0,521362139.05006397,3510507.199999797,38429.42000000009,1145141.669999884,57252.419999995516,167756942.169983
423.0,58.0,407.0,212.0,361009069.98002267,2553927.549999934,54703.65999999725,658646.4499999315,51205.26999999837,116354887.52998519
397.0,54.0,383.0,266.0,376299280.5900134,2659380.440000003,56207.20999999767,766686.4099999316,52479.84999999681,121171768.59998453
140.0,326.0,264.0,370.0,810237141.8800638,3337831.1999998395,71665.72999999371,3776866.1399999983,123286.58000001313,260215515.23999402
144.0,325.0,263.0,368.0,814888266.0100687,3128161.0499999793,71130.27999999674,3842505.6699999813,124928.06000000877,261736636.53997883
151.0,264.0,285.0,400.0,741029022.9000615,3220946.1999999117,70679.00999999407,3331218.870000052,111710.56000000703,237996375.20999062
159.0,370.0,151.0,420.0,976570771.7701058,3649608.9599998184,72452.62999999407,4827482.990000531,148513.89000000263,313602267.1699969
202.0,471.0,382.0,45.0,1052837277.390012,1988012.5099997986,89487.74999999147,6023128.920000522,192884.40999998647,338585946.83997124
280.0,491.0,266.0,63.0,1057635272.1899966,2078088.6399998078,81947.49999999083,5867690.610000673,187598.18999998615,340184789.1299748
251.0,565.0,230.0,54.0,1193508443.6800218,2136496.2099998216,85817.05999999239,6814714.210000868,212234.20999998675,383820928.01997566
233.0,393.0,424.0,50.0,875868680.0100099,1938830.1399998474,84352.75999999375,4758787.729999925,159515.3299999986,281750410.0299908
179.0,302.0,163.0,456.0,848723148.1901032,3696999.779999786,65853.80999999456,3819538.650000146,121076.31000000682,272495133.26998454
288.0,486.0,264.0,62.0,1042082090.4400007,2115739.5399998343,79205.05999999552,5703931.6400005,184169.3899999865,335218820.78998744
208.0,195.0,345.0,352.0,620184196.280064,3096084.130000016,67258.54999999673,2493510.2900000294,91600.3800000058,199236481.4799966
213.0,194.0,343.0,350.0,609198090.8200723,3119253.5699998555,66385.43999999408,2421298.2200000165,90073.61000000771,195712072.58999512
171.0,356.0,283.0,290.0,875314261.8700795,3064053.3899999973,74399.90999999394,4318604.980000009,138530.85000001226,281192918.33999074
195.0,183.0,392.0,330.0,591648797.5100664,3037308.379999869,68946.04999999293,2339261.5199999865,88484.44000000512,190086044.26999336
217.0,203.0,360.0,320.0,633768099.980044,3049072.999999975,64498.52999999816,2534388.870000087,93459.51000000275,203638993.09998524
168.0,348.0,337.0,247.0,802619119.3800347,2812772.189999958,77309.88999999453,3944756.5999998664,132433.51000001177,257952434.88999528
208.0,189.0,406.0,297.0,544897993.550038,2838344.5899999873,66762.81999999737,2047874.1900001024,81687.63999999972,175113896.83999792
181.0,367.0,292.0,260.0,847975618.1100477,2847328.170000054,75512.26999999287,4203382.48999974,138306.31000001176,272504187.6399892
166.0,336.0,324.0,274.0,795105091.5400568,2946929.279999988,74911.9999999951,3826576.0000000005,127354.21000000964,255477840.51999182
172.0,347.0,335.0,246.0,855651424.4200343,2834730.8100000424,77974.3699999933,4310761.759999867,141505.5600000058,274974881.7599899
425.0,413.0,127.0,135.0,1014334697.6800537,2677786.4200000404,67236.76999999731,5150341.470000388,164509.13000000193,326242529.5699861
429.0,411.0,126.0,134.0,1041691161.3800273,2510547.849999993,66963.01999999904,5336847.1200000215,170668.41999999457,335097295.9299821
519.0,262.0,155.0,164.0,786722014.8800346,2607995.5499998718,55944.929999999265,3444656.469999725,121628.90000000282,253203835.17997468
399.0,387.0,188.0,126.0,904425278.4400195,2424043.6399998926,66195.32999999917,4462140.409999693,149355.69999999634,291012833.6299706
444.0,431.0,132.0,93.0,1026854892.0600185,2513586.7600000342,65962.5900000005,5219211.260000054,169548.28999999815,330396349.66997504
504.0,254.0,237.0,105.0,725670699.450012,2302319.7000000123,56928.119999999304,3124770.5999997254,116502.17000000477,233689401.36997423
419.0,401.0,194.0,86.0,998127293.4200233,2287155.0499999328,72211.5099999948,5242313.81000012,170315.6399999981,321104807.47998786
551.0,274.0,162.0,113.0,787374767.2800097,2360025.9399999864,55038.3000000003,3482761.649999824,125026.91000000139,253525828.39996937
484.0,241.0,224.0,151.0,724214271.8100135,2529002.320000018,58445.33999999879,3098543.8399999193,114017.02000000422,233124186.1999743
507.0,252.0,236.0,105.0,683346316.4700146,2316681.12999997,58115.84999999976,2861434.479999953,109861.42000000589,220070720.48998687
395.0,107.0,294.0,304.0,524857696.06003267,2975129.439999932,51185.53999999877,1561147.4200000956,69404.62999999544,168832674.9999883
399.0,107.0,292.0,302.0,496013261.82004917,3222632.289999833,54884.43999999503,1403918.79999996,65694.16999999342,159522842.9699898
386.0,129.0,288.0,297.0,510045028.78003514,2841352.5499999044,54251.57999999796,1568608.2300000999,70672.81999999679,164088874.5199886
365.0,99.0,356.0,280.0,486984401.16002315,2888198.8299998567,56426.50999999693,1434398.2800000873,68148.82999999584,156679007.159985
416.0,114.0,310.0,260.0,481280917.3400238,2833669.489999931,54311.52999999664,1376288.1499999824,66749.68999999545,154886354.7299867
375.0,125.0,366.0,234.0,484518776.34004575,2891588.06999994,59686.55999999631,1480000.7300000705,69901.71999999972,155889081.78998825
388.0,104.0,371.0,237.0,461139392.92003274,2689352.179999917,56887.37999999619,1326403.3200000206,66072.7999999941,148427617.10997942
412.0,135.0,301.0,252.0,542916445.5400321,2816112.389999968,57051.82999999817,1838309.5600001432,79600.60000000113,174717516.79998478
362.0,119.0,346.0,273.0,497999399.82003456,2816860.9299998884,56057.81999999935,1512923.7500000917,70122.3899999954,160231242.49998719
379.0,124.0,364.0,233.0,493378431.4700222,2748842.139999986,59578.78999999769,1577310.100000104,72515.87999999663,158768311.2699854
244.0,747.0,45.0,64.0,1548625982.1700602,2387885.859999973,91724.01999998976,9210876.060001448,270987.15000000526,497837012.8899611
255.0,738.0,44.0,63.0,1461757854.9000447,2343019.4199998593,85800.86999998832,8513063.910001595,253520.13999999678,469998355.0799775
234.0,762.0,43.0,61.0,1566008477.440022,2324513.539999871,92954.42999998294,9352074.260001428,274779.29000000365,503427608.14996064
209.0,643.0,193.0,55.0,1277745454.8100324,2178328.579999838,90206.68999999015,7457083.890001085,226429.89999998204,410804266.83995545
130.0,400.0,24.0,546.0,972087927.7401409,4328278.989999826,61914.35999999504,4400402.420000405,130639.06000000854,311978284.80000263
117.0,383.0,108.0,492.0,969296439.890109,3997470.609999965,68470.35999999559,4605217.290000221,138607.33000000537,311126342.10999024
126.0,365.0,110.0,499.0,904066465.4701407,4165496.7399997,66942.8699999932,4108743.1000001817,125303.96000001104,290142948.0399908
134.0,413.0,23.0,530.0,1061977973.6001403,4231400.479999877,67302.84999999491,5161351.230000567,153840.01000000956,340900740.64999527
212.0,652.0,184.0,52.0,1351152316.8100355,2254597.819999898,91910.68999998744,7966377.540001153,241477.09999998144,434395164.42995346
123.0,380.0,108.0,489.0,974530295.0601081,3807873.4299999573,67944.57999999366,4681106.440000494,141455.05000000756,312834753.38998884
129.0,205.0,474.0,292.0,574774508.9600602,2781861.5399999283,76274.68999999357,2453732.710000148,93096.43000001078,184665232.63999975
340.0,160.0,371.0,229.0,555939097.2200418,2799264.249999983,63559.229999996256,2058671.810000196,85374.45000000305,178836627.75998777
107.0,360.0,392.0,241.0,819311392.0300583,2696384.729999982,81870.8799999938,4183340.7799999504,137610.2600000117,263245159.2500017
107.0,169.0,582.0,242.0,469971916.8700307,2420803.1199999624,80496.04999999513,1933579.960000036,82420.24000000714,151063085.05999938
109.0,171.0,398.0,422.0,566307342.8700631,3434085.7499998338,69385.2299999929,2122436.749999962,79180.75000000122,181750465.28999618
80.0,271.0,437.0,312.0,684230912.8300571,2924160.1899999324,79120.27999999256,3206060.240000067,110560.9400000133,219732108.400003
259.0,122.0,419.0,300.0,474848231.5100444,2995646.5899998993,61851.489999996025,1450482.310000012,66198.87999999234,152623761.13999215
259.0,259.0,282.0,300.0,740759677.8000529,3017408.519999936,66171.26999999632,3281711.42999996,112294.4600000109,238072859.63998434
256.0,257.0,415.0,172.0,711452301.7600183,2401556.3799999594,74945.99999999661,3409282.199999921,121771.28000000892,228814428.0999956
230.0,231.0,373.0,266.0,681324233.2600338,2725936.620000018,70873.56999999713,3047320.3700000043,108835.20000000969,219011104.78999585
305.0,348.0,48.0,399.0,947641291.7700804,3701891.129999841,61193.30999999691,4359543.130000162,134919.08000000662,304406791.5799911
33.0,467.0,64.0,536.0,1118985860.700151,4334342.8799999375,75088.08999998892,5646447.11000104,163063.33000000846,359088910.1000051
431.0,36.0,68.0,565.0,456610519.5100615,4099678.0399995674,33746.52000000277,522378.79000000394,34179.259999996946,146635258.00998288
271.0,311.0,162.0,356.0,825328621.6100919,3454965.909999866,63239.669999996884,3661424.8900000476,120724.58000001167,265186704.71997955
438.0,500.0,69.0,93.0,1190482321.07004,2433432.4600000065,71171.14999999851,6411958.590000981,198273.05999999377,382907267.579969
581.0,48.0,347.0,124.0,415121572.20001817,2288027.4899999914,47192.18999999844,901544.6199998921,59591.18999999863,133951666.6399797
44.0,618.0,323.0,115.0,1272277784.670051,2456294.469999883,99850.939999983,7564159.830000768,228157.0399999781,408849845.0799649
166.0,172.0,324.0,438.0,594368849.5200703,3486846.5999998357,63200.83999999605,2164977.5900000213,79490.01000000398,190795322.29999205
43.0,44.0,317.0,696.0,406947681.99007285,4420695.87999949,55823.409999993324,593153.8199999966,30974.02999999933,130178591.40998632
91.0,95.0,674.0,240.0,365488724.20002145,2388413.139999947,78345.84999999435,1230557.3899999594,64700.54999999143,117468579.20998585
529.0,6.0,494.0,71.0,273340945.62000257,1957585.9700000354,53588.759999997346,193898.3699999768,44696.03000000019,88444044.05998915
259.0,9.0,728.0,104.0,205934058.9899996,1905352.690000014,73182.78999999652,171231.429999993,42255.100000001665,66471798.72999145
458.0,153.0,428.0,61.0,547091772.0300018,1974325.159999939,62012.52999999892,2143188.820000362,93373.19000000758,176334028.3599938
594.0,7.0,420.0,79.0,297489629.2699987,2111184.030000044,47844.1199999979,190178.48999995904,43554.48000000014,96225467.7699871
464.0,5.0,433.0,198.0,288080423.5500007,2495688.469999999,53582.48999999625,162419.24999998245,38984.04999999976,92942438.56998825
445.0,149.0,315.0,191.0,534839795.02002156,2537430.11999993,56118.54999999779,1817148.7100001492,80922.1199999999,172223999.5099888
247.0,9.0,526.0,318.0,277491214.48999786,2793584.6699998872,60430.899999995505,198528.8399999898,35385.6700000015,89235043.82998836
180.0,181.0,507.0,232.0,572166864.6600423,2581538.779999952,73443.40999999669,2419006.540000121,94266.76000000634,183963259.22999674
242.0,244.0,517.0,97.0,659404893.9700239,2078738.3399999558,78781.17999999244,3205711.5600000466,117963.09000001354,212159441.32999688
203.0,204.0,432.0,261.0,596161867.9000317,2746795.0800000043,69085.70999999625,2455190.44000003,93041.07000000401,191610543.54999375
240.0,295.0,205.0,360.0,810736348.25006,3296232.8099999367,65637.31999999798,3668140.859999955,121634.71000000402,260487626.33997247
386.0,245.0,170.0,299.0,728996224.8300487,3140639.949999948,57657.77999999598,2984579.28,104937.32000000594,234375740.93998373
208.0,403.0,178.0,311.0,980923247.0400596,3213862.3399999896,70684.26999999357,4906529.600000374,154202.5100000024,315184291.9599849
269.0,331.0,96.0,404.0,908106194.7101015,3804673.769999858,61669.08999999631,4116719.9299999997,130401.81000000745,291705815.90998006
210.0,259.0,179.0,452.0,748005743.4800867,3737541.5799997584,62440.999999996166,3108832.7400001795,103808.59000001216,240179831.28998798
202.0,392.0,72.0,434.0,1028903448.3001256,3843696.0999998474,67118.6799999933,4981213.420000546,150801.81000000486,330423276.68999606
375.0,239.0,69.0,417.0,753171933.6801013,3720605.139999742,50700.48999999601,2884306.060000248,98166.56000000416,241999943.51997742
310.0,310.0,137.0,343.0,860399721.3700706,3218655.9199999576,61862.909999998206,3908150.099999772,127425.29000000532,276518422.5999819
372.0,372.0,68.0,288.0,989181045.1500747,3294862.650000078,62610.089999998694,4749860.010000069,150707.78000000166,317982869.1199862
334.0,335.0,61.0,370.0,910744100.5200868,3640945.1300000288,59431.809999999474,4103601.4699999876,131562.77000000328,292646550.2599731
228.0,106.0,180.0,586.0,526799974.4000706,3938925.429999634,49287.629999996585,1329256.8299998909,53875.46999999159,169012047.51998392
500.0,73.0,124.0,403.0,480871516.5600613,3648764.379999621,37360.320000001215,832897.8199998051,46675.72999999435,154636221.85998058
164.0,384.0,130.0,422.0,936593971.7501016,3644467.999999886,68476.0999999941,4482401.480000254,139584.52000001317,300774097.68999165
188.0,88.0,339.0,485.0,438721218.6200441,3697880.0699995984,59359.619999993585,1007444.5999998405,49305.87999999545,140751374.27998605
346.0,162.0,274.0,318.0,598327960.2400504,3164640.3199999086,58926.04999999755,2148289.270000153,83584.69000000064,192339910.26999354
181.0,425.0,327.0,167.0,949257901.520047,2461878.729999997,82761.37999999075,5097107.350000335,163982.9100000014,305155156.2699821
551.0,81.0,310.0,158.0,426294171.1100147,2393858.5800000047,50981.49999999783,1031458.3699998541,61961.43999999617,137450247.339986
485.0,356.0,120.0,139.0,927727692.5800378,2627660.4799999534,61148.51999999979,4462683.309999946,148371.0799999988,298502459.4699856
355.0,260.0,200.0,285.0,741138317.8900464,3134987.709999953,59617.78999999782,3101506.5399999595,107714.17000000512,238268691.43998206
426.0,312.0,240.0,122.0,797099075.9000325,2534909.150000045,64899.589999999625,3698870.7999996874,129370.4000000053,256488187.17997885
362.0,291.0,334.0,113.0,752196240.1000142,2328274.5999999573,72245.6099999982,3609550.3599997927,128458.29000001091,242024565.31999335
231.0,343.0,393.0,133.0,815312492.560033,2291261.099999955,80274.05999999348,4201731.769999796,141977.4200000092,262184821.16999626
446.0,102.0,412.0,140.0,429226635.4800113,2332338.2099999785,57820.809999999234,1198746.6599999757,67356.72999999819,138351341.81998903
513.0,412.0,15.0,160.0,1064431142.3700429,2721684.230000034,60010.300000000156,5295944.680000827,169148.7999999992,342434987.4900031
297.0,239.0,275.0,289.0,726268063.4500583,2971932.6699999226,63842.72999999666,3140437.159999985,109559.08000000934,233473464.98998824
494.0,113.0,14.0,479.0,582074233.510078,3813161.2099997336,35087.86000000238,1406074.660000002,60207.06999999432,187154175.63997415
255.0,377.0,13.0,455.0,994246594.7400924,3883811.6399999154,61002.25999999687,4634185.300000304,142136.24000000607,319340470.6599986
224.0,94.0,381.0,401.0,441838265.0100382,3282446.199999849,61073.079999994145,1168864.6299998744,56922.749999991895,141915288.56998846
537.0,226.0,28.0,309.0,710539603.250069,3352557.959999848,42143.46999999959,2513506.650000171,92881.97999999808,228583587.75996897
337.0,142.0,18.0,603.0,662104007.7001289,4548782.329999638,43514.76999999935,1968149.2399999492,69221.429999991,212498822.81997547
247.0,177.0,220.0,456.0,628807481.480091,3645028.7599996976,58173.299999995324,2245713.5100000193,82074.26000000046,201938270.56998253
96.0,208.0,259.0,537.0,659400636.5200917,3878533.0799997444,65119.05999999478,2557207.440000122,86681.27000000227,211542466.44999307
243.0,194.0,215.0,448.0,676516440.0400742,3407545.3999998067,58990.62999999605,2643132.529999996,92636.45000000273,217292701.37998885
220.0,158.0,315.0,407.0,550546152.210075,3287300.639999761,61570.259999995724,1879021.2400000596,74260.97999999476,176827349.2599878
309.0,221.0,274.0,296.0,665590140.4000499,3071555.149999852,64061.49999999648,2735816.0900000962,99528.66000000588,213956031.78999305
263.0,210.0,376.0,251.0,623359136.9700466,2834566.4499999452,67951.5399999967,2580643.1300000427,96945.4900000052,200404732.359992
106.0,229.0,458.0,307.0,619072461.8300384,2749438.2999999835,76864.3199999944,2757503.8700000234,100188.37000000702,198875059.2399968
122.0,295.0,329.0,354.0,802438721.9000772,3240741.809999943,74060.18999999591,3796535.219999973,124192.49000001203,257725436.33998895
83.0,199.0,357.0,461.0,648607219.2500808,3368802.3099997477,71054.48999999418,2721657.0700001195,94491.30000000595,208198216.28999746
104.0,249.0,448.0,299.0,654438507.6700554,2939562.259999939,77565.86999999259,2961013.62000009,104548.7100000103,210197891.61999637
18.0,406.0,448.0,228.0,846179503.8200685,2750309.009999901,88962.43999998902,4502033.870000044,145556.31000000963,271781349.4100019
246.0,320.0,354.0,180.0,775747698.9900311,2545375.609999965,75195.52999999611,3782013.2799998303,131720.93000000835,249460987.98999527
18.0,418.0,440.0,224.0,944624874.4500546,2514860.720000036,93569.55999998568,5285914.620000311,167461.489999995,303493843.41999495
26.0,575.0,177.0,322.0,1252732249.3500843,3225489.4899999904,89213.2099999847,7064109.950000912,207223.69999999081,402328752.45998526
23.0,507.0,561.0,9.0,1036716639.0000049,1662136.729999787,105140.06999998291,6314594.330000271,199795.5899999758,333291298.47998387
35.0,813.0,238.0,14.0,1549715572.1999805,1947769.4899996747,110429.77999997837,9690314.520001289,285670.63999999815,498087673.7899141
403.0,525.0,162.0,10.0,1178457463.6499758,2074326.8099997325,78037.96999999571,6555564.6700011445,208390.75999998444,379143915.75996906
287.0,393.0,413.0,7.0,827112088.8600096,1802832.0899998578,79617.449999993,4369599.299999613,151992.81999999747,266218583.05999354
314.0,430.0,126.0,230.0,1035794933.6700624,2876425.1199999945,70244.58999999767,5299758.5100005865,167403.8799999958,333012667.7599859
393.0,539.0,158.0,10.0,1198298846.7300127,2085591.4499997476,76746.49999999495,6635085.140000695,209193.7499999885,385541182.24998754
66.0,215.0,767.0,52.0,489763542.05001086,1636490.2899999605,93843.90999999856,2510348.7300000857,103258.52000001905,157579825.62001038
370.0,152.0,542.0,36.0,492779250.18000877,1841899.83999998,70072.45999999878,1983047.280000289,90720.590000004,158837329.24998876
40.0,564.0,465.0,31.0,1082346553.7000065,1790771.0599997947,103452.69999998376,6538213.860000317,205027.24999997503,347934305.8199831
56.0,182.0,818.0,44.0,431320849.8800034,1621975.429999991,93894.15999999577,2133445.0700001474,93828.54000001556,138801231.6199921
60.0,198.0,706.0,136.0,518746015.230032,2079145.0199999686,88824.94999999246,2498874.120000056,99136.53000001494,166762253.0400047
34.0,485.0,503.0,78.0,957630045.6500174,1959746.4499998041,100413.86999998424,5638412.370000196,182408.4399999798,307824815.5399766
311.0,128.0,573.0,88.0,437049231.8900095,1937310.7999999798,70564.67999999748,1633264.3300002203,79268.44000000307,140800429.4899861
243.0,432.0,356.0,69.0,991283338.1000218,2122763.6399998213,84263.90999999126,5467832.730000319,177477.7199999904,318815325.8899891
233.0,414.0,430.0,23.0,900317905.2200006,1755490.2899998636,88447.93999999481,5060249.850000052,167656.34999998883,289622516.79999006
224.0,399.0,413.0,64.0,948467038.7200346,1999638.9499998984,86312.26999999343,5252129.220000213,170294.51999999647,305042094.97000283
316.0,388.0,86.0,310.0,962508334.4500843,3240196.9899999704,62920.949999997254,4599675.250000196,145866.2700000035,309350672.81998235
447.0,323.0,72.0,258.0,868919889.9500418,3099907.4599999334,54126.299999997456,3844402.619999774,128301.10000000213,279435788.38997585
397.0,207.0,108.0,388.0,690947602.1300684,3513842.3199998145,49475.46999999848,2498588.580000124,89943.60000000086,222070685.52998105
291.0,357.0,167.0,285.0,937835335.0000495,3031362.7900001234,68750.12999999624,4608074.240000095,147900.2200000009,301422035.8099789
303.0,372.0,83.0,342.0,992172655.580071,3273943.4099999885,63890.919999997284,4797238.620000258,149931.04000000047,318847543.0199885
341.0,178.0,196.0,385.0,656099540.5900786,3491577.15999979,53790.659999996715,2379366.1700001615,87357.19000000299,210852963.64998403
404.0,292.0,136.0,268.0,803985966.5700554,3093817.939999966,56919.15999999869,3458140.529999974,119341.57999999967,258568413.20997027
516.0,159.0,83.0,342.0,652332399.9400601,3386294.079999765,43803.809999998,2149307.500000223,83330.8899999996,209849046.14997873
495.0,152.0,168.0,285.0,600897899.8100506,3099153.009999912,48689.1699999987,1968704.910000278,80606.68999999971,193352789.44997528
477.0,146.0,161.0,316.0,574491703.7200471,3098645.829999855,46685.76999999907,1771140.850000229,74899.15999999798,184846040.07999042
364.0,196.0,407.0,133.0,595302595.660029,2479341.1999999587,65196.01999999798,2406579.800000193,97141.6200000074,191605114.78999695
329.0,205.0,427.0,139.0,589035752.8600174,2361910.5599999735,66719.64999999836,2424658.7300001257,96671.21000000316,189578468.06999528
434.0,22.0,486.0,158.0,300704569.9100056,2309928.9699999928,57817.14999999679,374708.5199999694,44755.62999999925,96999922.91998738
422.0,226.0,298.0,154.0,664680679.5000191,2483721.4600000186,63707.25999999819,2832706.359999959,107197.58000000656,213917963.6499853
294.0,158.0,329.0,319.0,531539959.43004686,3105551.609999816,60887.399999994195,1774239.140000052,74186.6299999959,170849055.26998517
387.0,19.0,273.0,421.0,381621658.82003224,3348482.3299997183,47284.08999999648,460121.4999999905,39231.889999998704,122693047.39998214
297.0,185.0,243.0,375.0,632557148.2600559,3339372.7199998256,59015.289999994624,2349666.2900000922,87180.1600000033,203248023.4799857
304.0,17.0,395.0,384.0,331210679.34002084,3189145.6799998237,54661.40999999541,337138.3600000056,36611.849999999795,106455801.39998618
478.0,28.0,392.0,202.0,346777109.4900209,2572729.359999955,49634.31999999723,450267.949999959,46004.1799999991,111826712.8799839
351.0,20.0,287.0,442.0,352150771.19002265,3444483.6899997788,49251.98999999716,294100.43999999884,33636.73999999988,113150101.30998723
138.0,422.0,181.0,359.0,994159771.000069,3442957.890000066,74927.83999999425,5030970.980000307,154880.71999999814,319274600.15998983
92.0,442.0,190.0,376.0,1077989878.180096,3575509.1000000965,79576.86999998796,5650684.170000737,171711.17000000345,346185022.879988
165.0,291.0,216.0,428.0,730603991.5700909,3635180.4099997478,63710.13999999436,3035802.170000181,101985.71000000858,234586796.60998917
160.0,488.0,36.0,416.0,1161272614.1601233,3998902.5500000087,74802.65999999156,5991081.840000914,178425.87000001,372923100.41998845
167.0,509.0,219.0,205.0,1113617937.810077,2838554.17000021,84596.71999998619,6155742.560000843,191436.91999998732,357853537.559961
261.0,460.0,59.0,320.0,1103805221.1801043,3589052.770000196,72336.48999998947,5667425.98000135,175219.3000000053,354666298.52000403
136.0,652.0,49.0,263.0,1367990424.1100917,3209713.39000002,84879.16999998745,7747036.740001161,229148.28999999067,439508623.61998117
141.0,393.0,292.0,274.0,928623214.000063,2913124.9099999904,80312.53999999227,4808335.630000166,152891.940000004,298361615.8299921
134.0,372.0,48.0,546.0,1027925889.3201239,4040973.439999993,67188.69999999466,4968023.630000602,149471.92000000578,329983859.9900025
181.0,503.0,65.0,351.0,1084957580.800078,3537533.2100000693,70836.31999999272,5494987.7600007495,165097.72000000242,348493888.65998966
281.0,201.0,17.0,601.0,722293464.060099,4280382.47999965,45955.759999998554,2474379.5800000113,82190.88999999795,231867363.099977
58.0,256.0,22.0,764.0,813790735.7401516,4973878.259999869,56455.37999999406,3174257.7000003685,94315.79000000659,260844095.95997593
207.0,439.0,13.0,441.0,1037679098.3701241,4025079.5799999936,64028.359999995606,4962766.880000541,150598.08000000208,333251145.609998
201.0,144.0,325.0,430.0,554443279.2000643,3559957.1999998004,61669.119999996445,1842137.929999961,71503.52999999361,177978211.42999187
313.0,223.0,19.0,545.0,771398424.950109,4077930.159999739,48435.64999999853,2880683.289999999,93806.36999999835,247686455.3099732
170.0,360.0,274.0,296.0,882503592.3400638,3098383.089999861,74752.71999999486,4370361.89000013,141615.1400000072,283552750.59999335
42.0,186.0,419.0,453.0,578170592.6500807,3509443.1699997354,73119.26999999216,2285266.1799999527,83212.79000000321,185477202.14999822
43.0,571.0,17.0,469.0,1292101880.0601456,3972019.510000122,80289.65999998861,6983869.46000131,200754.99000000485,414814743.7300002
29.0,388.0,294.0,389.0,944942949.6000909,3415569.110000014,80756.34999998721,4834473.670000472,148079.18000000372,303354469.66999894
32.0,414.0,314.0,340.0,942844437.6200651,3135113.510000042,85336.96999998888,4984628.100000486,155212.78000000122,302771938.57999617
381.0,331.0,216.0,172.0,905053766.4900339,2595045.89999994,68349.67999999679,4456635.989999821,149112.94999999856,291128030.5899764
270.0,383.0,249.0,198.0,952941799.5200263,2656203.780000039,73567.47999999559,4881014.080000095,156736.21999999674,306372230.8699813
447.0,199.0,253.0,201.0,646940253.4500353,2762404.629999927,57746.71999999727,2525520.8800001997,97260.18000000558,208177017.8799859
435.0,378.0,91.0,196.0,981306699.7500436,2835300.579999956,61459.00999999832,4750964.870000015,154707.9200000004,315640386.4499797
407.0,353.0,230.0,110.0,869388490.120015,2341465.49999996,68751.16999999809,4297598.849999741,146198.38000000012,279731710.23998934
572.0,255.0,119.0,154.0,783677411.75002,2594468.1599999974,50857.6099999991,3312546.939999868,119173.13999999873,252304116.81996816
344.0,488.0,117.0,151.0,1031435826.0400381,2609147.750000042,69863.62999999704,5336407.540000343,169736.51000000068,331699085.15998715
355.0,259.0,329.0,157.0,728683320.7700533,2561139.6299999603,67969.15999999805,3309296.4699999355,119210.95000000705,234448018.23999083
392.0,286.0,134.0,288.0,803781738.7400564,3114773.580000038,57205.73999999722,3468941.979999847,118418.84000000637,258468291.70997575
438.0,319.0,150.0,193.0,839781227.640037,2832879.100000054,58004.05999999859,3775857.1799997073,128300.20000000008,270136130.0199812
445.0,38.0,180.0,437.0,443534765.4300465,3665065.29999962,43207.30000000006,716628.8499998935,44070.44999999507,142550312.43998212
494.0,35.0,167.0,404.0,437223373.10004574,3512020.9799997387,39657.19000000003,640305.3899999238,42521.36999999678,140604422.61998236
418.0,101.0,170.0,411.0,532437010.1400683,3594670.599999663,43766.89999999764,1325541.3799999678,60096.53999999281,171164592.8699814
318.0,27.0,442.0,313.0,311850668.2900102,2856897.3399998755,56139.71999999571,318547.5199999962,38564.59999999984,100334910.20998694
737.0,63.0,299.0,1.0,423048671.80000114,1914492.7199999697,42011.91999999881,923636.1599998655,64598.21000000003,136784168.80998072
418.0,101.0,580.0,1.0,383098144.8200028,1601052.6199999575,71385.49999999818,1349215.4000000819,75681.41000000229,123627365.53998283
494.0,35.0,570.0,1.0,301521703.06999844,1679002.4299999794,60699.85999999936,553037.5099999204,56029.93999999921,97546673.61998624
714.0,144.0,241.0,1.0,538707544.0699971,1933968.3199999565,48510.76000000005,1800907.9900004147,87189.28000000284,173886100.17997935
347.0,70.0,400.0,283.0,384077298.07001615,2848561.3599999566,56339.86999999713,772025.0999999314,51238.15999999725,123601596.38998558
467.0,94.0,538.0,1.0,427767501.53999877,1698616.8199999642,66108.04000000028,1490711.1000002457,79643.70000000317,138052442.46998277
118.0,364.0,507.0,111.0,827493765.8100178,2185783.2999999053,89453.61999998566,4517435.739999928,152939.9099999978,266041648.51000422
193.0,336.0,469.0,102.0,759773466.9800142,2100914.139999915,83984.38999999323,3959889.0899995454,138540.1800000068,244367689.03999388
111.0,408.0,477.0,104.0,888097617.8000253,2106237.479999862,91456.83999999007,4969231.009999932,164211.94999999128,285521198.0699839
147.0,454.0,362.0,137.0,972578188.1400433,2274885.7599999444,86374.99999999392,5389217.370000342,172081.93999998414,312668692.8799871
99.0,304.0,424.0,273.0,741792287.5500546,2754795.509999897,80905.76999999498,3650087.749999869,122956.44000001637,238282121.35000375
111.0,408.0,273.0,308.0,960232396.6700649,2927609.739999986,79795.05999999205,5019908.70000032,157269.41999999637,308486219.39999706
193.0,337.0,268.0,302.0,827635037.3600558,2977675.6299999207,72443.02999999438,3982909.759999986,131581.59000001306,265966960.8899916
155.0,323.0,378.0,244.0,791443487.5800452,2755144.899999977,80109.53999999278,3960342.9599999166,132469.14000001436,254324614.2999913
220.0,458.0,306.0,116.0,1012532708.6500311,2405494.759999967,83022.10999999147,5559204.820000312,177082.77999999587,325548310.2199901
182.0,379.0,253.0,286.0,930203515.2700782,3065436.139999952,74390.45999999346,4692846.870000237,148653.40000000226,298877039.14998
172.0,349.0,239.0,340.0,827610019.0300789,3265363.699999918,70763.0399999952,3881728.23000003,125648.69000001332,265814512.6699889
441.0,248.0,170.0,241.0,748929787.2300423,3034148.969999953,56140.79999999676,3086070.380000027,110019.45000000196,240912062.37997565
160.0,398.0,224.0,318.0,954879868.5100896,3270305.95000006,74406.23999999369,4786588.14000021,150805.98000000365,306755438.259985
145.0,294.0,375.0,286.0,776035781.1300333,2881827.349999922,76573.06999999256,3745757.1299999785,124604.5800000123,249327806.63999745
142.0,288.0,197.0,473.0,821758577.0000873,3575054.5899998695,67507.08999999615,3711526.100000093,117774.74000001096,263809924.33998874
117.0,289.0,303.0,391.0,809761834.2500814,3266413.579999942,73376.32999999286,3841407.439999994,123516.57000001008,260015062.84999725
344.0,193.0,246.0,317.0,669768147.5000545,3089811.519999902,59355.089999996206,2630778.2200000337,96916.59000000318,215323625.4799815
368.0,251.0,141.0,340.0,758187039.4300746,3332903.799999901,56768.04999999704,3108100.5800000746,107061.81000000387,243715507.5899789
373.0,255.0,268.0,204.0,701537081.0200284,2566906.5099999723,62451.51999999775,3038189.0299999593,110895.27000000553,225709557.2599823
331.0,226.0,237.0,306.0,702960233.0500551,3029333.7199998996,61360.12999999767,2922487.9800000493,104750.13000000714,225993721.67998892
230.0,308.0,259.0,303.0,791567913.1600478,3061555.2699999735,68645.14999999641,3640099.32999984,121770.59000000643,254363123.64998788
131.0,342.0,289.0,338.0,829803613.1900595,3088680.569999981,75181.00999999221,4026452.00000001,129833.35000000721,266505541.29998836
307.0,42.0,346.0,405.0,360935480.2900199,3332710.539999826,52054.94999999606,444672.1200000024,38298.45999999934,115975734.63998398
287.0,384.0,51.0,378.0,992328943.7700973,3729626.4799998114,62766.7399999953,4689932.430000359,144636.16000000222,318791634.80000013
283.0,379.0,319.0,119.0,906470439.8800308,2294456.809999932,78085.28999999557,4742953.310000029,157118.48000000167,291546328.739991
633.0,88.0,112.0,267.0,530922793.9200205,2972651.2099999813,37202.51000000068,1299450.2100000654,65419.16999999589,171058949.1999744
230.0,601.0,80.0,189.0,1295379475.4400537,2758015.320000092,81361.88999999125,7261430.760001225,218298.50999999567,416363655.879986
256.0,69.0,564.0,211.0,335370446.8100098,2314759.6899999706,66370.92999999603,798584.7299999263,54311.04999999621,107978381.18998596
263.0,70.0,91.0,676.0,516484471.4900914,4473625.459999546,41647.18999999864,985030.4799997992,42775.38999999476,165627143.46998385
452.0,121.0,156.0,371.0,542068887.640046,3346891.639999826,44682.93999999838,1451081.0099999995,64393.91999999351,174319710.6399873
701.0,173.0,63.0,163.0,630381440.170022,2693920.639999935,38481.81000000004,2033031.6000004418,87258.29999999808,203172689.84997237
208.0,387.0,140.0,365.0,952006310.7100828,3461628.900000039,68454.21999999488,4606715.220000233,143789.3900000064,305786002.5699851
656.0,233.0,58.0,153.0,739478659.440028,2557262.359999997,44127.41999999991,2880561.7400000454,109216.79000000021,238224517.08996227
465.0,115.0,412.0,108.0,448610939.55001014,2054916.7699999847,60812.61999999878,1454127.220000113,74925.82999999973,144641201.3099844
786.0,194.0,70.0,50.0,656949906.3600088,2304026.4999999665,37674.93000000104,2251336.840000281,96368.86999999986,211918593.6299676
477.0,169.0,423.0,31.0,532354270.1000064,1856188.929999943,64119.789999998575,2106020.9500003764,93840.25000000608,171637088.97999233
110.0,204.0,733.0,53.0,470705366.44000477,1639333.579999948,90639.57999999539,2327904.1100001447,98212.01000001133,151469347.0600007
228.0,609.0,153.0,110.0,1288192489.6000295,2510038.9100000006,84062.36999999036,7318529.180001502,222470.539999991,414168573.6899818
91.0,243.0,607.0,159.0,639885068.1200329,2044469.6699999287,89276.15999999076,3307651.1799998945,120161.22000001422,205718600.5200041
101.0,271.0,679.0,49.0,637840926.3600243,1755474.529999903,94292.3499999926,3469452.2399999606,127797.0700000214,205165489.24001545
212.0,320.0,253.0,315.0,840680020.8400676,3048817.0700000017,71266.04999999629,4033092.6499999673,132214.47000001118,270143236.1099922
258.0,304.0,240.0,298.0,807111352.3800579,3061136.4800000787,66933.32999999727,3712469.2799999644,123423.50000000869,259369693.99998593
203.0,352.0,243.0,302.0,855879420.150049,3003791.3899999885,71550.80999999527,4135709.1899997806,133908.8600000055,275003010.6999874
231.0,348.0,179.0,342.0,867166725.4600793,3341787.089999971,67046.62999999557,4043000.990000034,129750.110000009,278576305.56998396
227.0,343.0,271.0,259.0,882199189.700039,2873777.170000027,74220.15999999443,4387456.9099999145,141838.5600000041,283517985.2899839
237.0,409.0,183.0,271.0,1040076137.2500632,3073955.7000000114,76383.46999999204,5409772.090000611,168057.38999999448,334230564.3699764
299.0,353.0,181.0,267.0,894913666.6400383,2922011.220000049,65387.86999999898,4281223.879999835,138485.51999999915,287674727.5699839
263.0,356.0,246.0,235.0,904397497.8900446,2796132.869999992,73820.04999999594,4550578.579999932,147808.58000000575,290720092.05998194
267.0,361.0,162.0,310.0,915171515.8600734,3170133.139999932,69379.349999996,4476222.5900001675,142611.71000000363,294075732.6099894
286.0,386.0,173.0,255.0,956769180.6700633,2988933.7999999835,69765.58999999629,4772594.430000335,152296.90999999666,307521539.7099886
197.0,64.0,515.0,324.0,387883098.2400293,2982677.759999861,66339.8899999942,991560.8099998735,54845.68999999481,124610780.55998701
254.0,60.0,482.0,304.0,364229888.44001865,2819114.679999908,63691.22999999634,815615.3099998805,51378.83999999525,117108003.09998395
152.0,300.0,398.0,250.0,768695326.100061,2911758.619999998,79733.09999999388,3762384.939999837,126588.11000001199,246980558.39999524
219.0,71.0,450.0,360.0,408059309.65003747,3252397.609999822,62253.659999995834,957066.7899998622,52937.70999999397,131105694.80998264
247.0,81.0,646.0,126.0,316602021.44000643,1984772.2000000186,74177.32999999519,893024.449999926,60005.22999999549,102019472.76998681
198.0,392.0,408.0,102.0,896277086.4400274,2227899.8899999107,85548.58999999402,4864517.980000094,160717.31000000206,288203459.5900062
355.0,84.0,529.0,132.0,416675164.4600192,2243386.780000045,63743.90999999747,1275447.6000000378,68857.54999999642,134257786.7899846
234.0,335.0,444.0,87.0,760034545.3200159,2026339.9799998973,80078.6999999954,3883548.1199997365,135794.68000000258,244520306.38999268
215.0,308.0,320.0,257.0,791412992.9300327,2711594.019999964,75691.55999999358,3871257.9199998965,129754.63000001136,254339706.3199897
256.0,367.0,382.0,95.0,842121653.7700099,2201154.1199998977,81131.84999999315,4417336.68999968,149718.24000000354,270866340.5399931
464.0,331.0,248.0,57.0,815176320.2800043,2069230.6899998994,64081.15999999979,3893191.7299995897,137314.60999999908,262479814.28997704
6.0,570.0,426.0,98.0,1141818418.5200164,2112836.3699998236,101928.63999998278,6842269.280000437,209974.27999997974,366935767.54996616
573.0,150.0,306.0,71.0,549053820.3200109,2135320.7599999844,54015.39999999957,1946490.4900003073,87655.6100000035,177021627.9699884
516.0,368.0,153.0,63.0,924257547.0500176,2291971.2999999775,63061.65000000096,4544281.9299997,154383.2199999974,297522631.2199729
362.0,258.0,193.0,287.0,774812406.9000585,3032254.4799999287,61622.55999999676,3404436.249999878,115821.15000000453,249077434.44998166
468.0,123.0,138.0,371.0,571229709.4900596,3558928.1699997853,44531.479999998286,1591912.8100000087,67209.07999999393,183654155.08998254
5.0,434.0,180.0,481.0,1035237335.750128,4033158.7099998854,81134.04999998932,5314151.510000598,159181.27999999953,332232835.7099975
5.0,181.0,368.0,546.0,615811759.8301009,3891751.919999677,72362.72999999144,2419469.979999993,83229.68000000197,197444162.7999983
12.0,419.0,473.0,196.0,917421036.7500428,2308259.8499999805,94024.21999998933,5176233.040000045,165424.82999999306,294755930.71999776
6.0,212.0,240.0,642.0,678653683.1901107,4323530.989999738,64377.75999999412,2570142.880000019,81972.99999999937,217488496.50998694
266.0,159.0,307.0,368.0,586435458.3900527,3297693.5499998513,60637.12999999544,2106354.680000004,80350.18999999967,188399039.77998963
129.0,185.0,357.0,429.0,567069658.4500681,3559391.7899997453,64937.859999995875,2023415.0000000554,76282.27999999563,181995781.65999076
255.0,197.0,295.0,353.0,653816904.220064,3228329.409999887,64949.92999999636,2627342.180000053,94687.18000000318,210086746.53999233
289.0,173.0,237.0,401.0,611615695.9600719,3496881.459999745,56372.96999999667,2135507.390000091,80024.9899999983,196483564.47999376
258.0,154.0,297.0,391.0,599908012.4100546,3246657.999999911,60752.609999997025,2199646.7000001073,83501.30000000096,192745659.6699885
268.0,207.0,219.0,406.0,659648520.3800809,3442285.119999828,59092.86999999531,2501543.260000087,90206.46000000331,211917244.6999835
136.0,197.0,269.0,498.0,621946978.1000893,3716958.9299996807,64550.66999999361,2326735.459999945,82566.71000000098,199571773.86999512
118.0,220.0,329.0,433.0,641512160.6700622,3456539.8799997433,67686.6299999952,2573244.3700000155,89622.78000000498,205881803.56999984
135.0,250.0,266.0,449.0,730779577.2200885,3596010.3899998437,69455.0999999952,3143593.4600000903,105451.7000000061,234587651.6699937
130.0,241.0,256.0,473.0,705446874.3500836,3498919.559999901,66312.61999999487,2963905.130000095,100519.81000000637,226476281.04999
83.0,614.0,151.0,252.0,1291694287.370052,3159294.600000175,89113.98999998478,7345605.190001338,218387.82999999612,414960397.1399804
379.0,436.0,107.0,178.0,1026102005.6100386,2809102.830000075,67488.22999999869,5205872.890000353,166940.13999999428,329965521.9599821
78.0,646.0,141.0,235.0,1311574030.5000615,2903170.310000098,89701.84999998777,7544561.110001285,223427.3299999956,421382358.91997766
96.0,708.0,6.0,290.0,1475486721.1800878,3339194.1300000204,87841.64999998492,8475838.400001697,246704.93999999572,473984366.44999075
79.0,583.0,144.0,294.0,1256492698.9700692,3182248.6000000257,86909.19999998635,7039863.59000107,207987.33999999112,403609275.9999923
84.0,698.0,5.0,313.0,1468805484.740129,3662992.0100003,88459.87999997735,8373100.580001997,242318.6099999981,471757309.1199824
402.0,462.0,3.0,233.0,1132286328.6200497,3136139.5400000205,64579.75999999921,5751849.880000826,177455.850000002,364044060.1800038
349.0,450.0,99.0,202.0,1103181851.6100411,2721318.940000162,71697.63999999606,5814234.230000833,181098.19999999236,354692561.16998845
397.0,513.0,3.0,187.0,1144969932.9600394,2836882.360000075,64162.22000000029,5898112.330001211,182611.70999999752,368188463.880003
382.0,493.0,4.0,221.0,1173550544.8200474,3031707.3800000222,66704.69999999703,6075144.000000994,187051.92000000388,377320667.0799886
49.0,193.0,495.0,363.0,616669960.6500472,3091318.3499998273,80547.92999999296,2767131.9900000757,98527.40000001286,197945957.75000453
120.0,180.0,462.0,338.0,565367523.9000617,3147383.2399998363,73195.36999999397,2245136.180000075,85075.2500000049,181523827.99000326
53.0,121.0,534.0,392.0,447957041.02005154,3188261.5499997255,73426.9999999931,1484448.3399998825,63885.37999999143,143700433.49998966
68.0,263.0,273.0,496.0,763351044.7400898,3682594.7899999074,69479.74999999395,3353775.910000084,107308.75000000546,244939391.6099888
42.0,165.0,422.0,471.0,572910087.2400657,3379202.6399997813,71706.54999999292,2232436.2700000242,80921.59000000278,183782554.33999863
60.0,135.0,240.0,665.0,595904231.0600998,4294827.579999583,59609.08999999323,1934613.729999864,66987.24999999163,190982482.44999805
132.0,198.0,204.0,566.0,662641614.9200978,3972052.8999996325,60602.44999999386,2450982.3300000997,83413.88000000337,212583196.98999846
110.0,95.0,423.0,472.0,467550858.8500442,3330131.28999983,65996.17999999279,1412564.6999999012,61218.49999999186,150027888.0099916
176.0,153.0,274.0,497.0,608846647.6800822,3721177.779999703,59248.54999999466,2129968.9799999893,76879.72999999854,195390521.55999568
143.0,124.0,221.0,612.0,540606556.0200956,4188937.339999519,57096.47999999446,1524938.8499998606,58103.71999998987,173315439.55999464
334.0,477.0,211.0,78.0,1090495154.5600076,2225844.3099999023,75415.28999999638,5915468.200000685,187060.34999999404,350775128.73998386
385.0,445.0,197.0,73.0,972238700.0800123,2278596.34999992,71424.55999999808,5024498.019999835,165418.4099999964,312830132.41997474
360.0,428.0,227.0,85.0,969005457.2800107,2279215.729999955,73061.35999999555,5049009.590000223,164746.12999999803,311733958.9899824
267.0,382.0,388.0,63.0,898884254.2800285,2024987.9599998766,82251.41999999438,4836000.689999855,160865.18999999308,289150820.2399781
285.0,407.0,180.0,228.0,1028434564.1000493,2829284.260000121,72829.34999999593,5319875.320000479,167643.99000000276,330605563.5399912
248.0,294.0,359.0,199.0,742739385.5700433,2504988.8899999848,72433.49999999638,3542533.1399999694,123489.55000001194,238830936.83000052
277.0,320.0,324.0,179.0,823301531.0400385,2417899.849999999,74144.59999999535,4098295.8099996694,139091.66000000745,264763963.73998642
353.0,339.0,180.0,228.0,906709120.2600538,2855691.5599999707,66090.19999999771,4390397.9799999045,142196.47000000539,291520589.03998595
331.0,318.0,388.0,63.0,734288730.3000319,2082290.7499999055,73749.46999999604,3587752.7299997173,128954.9200000079,236320853.29998896
291.0,279.0,341.0,189.0,740078579.1600394,2520780.20999997,70247.65999999637,3457274.8399998397,120434.69000000821,237995953.2699939
378.0,40.0,281.0,401.0,416640174.94003016,3416994.5599997486,49196.32999999613,718690.0199998869,45563.28999999528,133931262.50998187
417.0,38.0,265.0,380.0,421099300.0600438,3328698.959999877,46801.40999999753,718581.5099999094,46355.85999999561,135437463.25998566
280.0,316.0,207.0,297.0,811527715.1200551,3055021.509999978,65685.00999999796,3716662.299999803,124151.53000000925,260853423.63998455
481.0,51.0,58.0,510.0,494969400.9500646,4020805.329999589,34460.7600000031,804906.1999998012,43321.55999999392,159058293.98998255
522.0,55.0,386.0,137.0,366008390.760006,2281686.9499999722,50511.11999999766,664867.1199999122,53908.26999999719,118119375.05998284
438.0,495.0,52.0,115.0,1184573657.4800205,2531002.1300000395,69608.99999999769,6340586.700000823,195597.34999999797,380980509.79999256
775.0,71.0,80.0,174.0,485344076.6000226,2643021.1499999734,31552.240000001635,959625.4699998074,59619.019999997014,156615130.41997707
389.0,377.0,247.0,87.0,880549346.5700243,2288973.2699998897,68405.82999999868,4395435.229999919,148701.37999999803,283345253.5799813
369.0,358.0,38.0,335.0,968659088.8000746,3409188.4599999664,58481.75999999741,4484948.39000008,142117.27000000235,311372187.7199886
479.0,464.0,49.0,108.0,1139175345.6400366,2532167.4200000763,65568.5300000005,5944221.55000092,188311.99999999715,366488694.24998033
259.0,452.0,92.0,297.0,1087572157.2700832,3207419.509999922,71652.95999999627,5605312.740000715,172597.0400000001,349534094.1600086
333.0,412.0,84.0,271.0,995748740.7500677,3170715.269999918,64460.81999999676,4881365.36000031,153140.79000000376,320049605.06999123
287.0,380.0,103.0,330.0,980202125.3701046,3320067.189999831,66977.1599999961,4783981.420000424,149816.9300000023,314970528.6099912
194.0,338.0,345.0,223.0,852793430.1700544,2738602.679999951,80063.84999999183,4365152.170000032,146331.91000001153,274134265.36999303
210.0,367.0,75.0,448.0,982462630.7801067,3874231.839999836,66264.66999999485,4667367.060000353,142433.83000000607,315477717.6899962
176.0,234.0,314.0,376.0,619212260.420074,3225789.059999748,67981.80999999582,2482215.5800000313,90361.62000000419,198876237.29999405
219.0,272.0,277.0,332.0,744267805.0400645,3115037.539999807,67387.12999999685,3313704.829999975,112983.94000000716,239156978.55998635
297.0,279.0,75.0,449.0,824665400.0501239,3972237.59999985,57302.93999999675,3428803.8200001465,111648.7400000056,264864977.4299704
274.0,257.0,346.0,223.0,673136179.1700419,2708321.339999983,68758.9399999969,2939513.880000025,107056.11000000729,216449299.9099939
233.0,219.0,295.0,353.0,629699389.0100591,3165089.6499999287,62402.95999999751,2439126.88000009,90694.96000000727,202345750.22999075
354.0,164.0,380.0,202.0,541584343.4800245,2635160.909999939,61197.66999999812,1948815.5500001784,83146.72000000185,174281999.65999326
292.0,178.0,412.0,218.0,581580493.2100224,2571578.820000023,67785.36999999612,2360810.2000000887,93546.13000000361,187078409.11998716
393.0,61.0,422.0,224.0,387848121.27002287,2653964.7599999323,54895.149999996866,812629.5999998597,53743.21999999597,124917671.28998162
437.0,202.0,213.0,248.0,671011313.3400509,2818765.849999987,55096.2699999974,2620770.510000062,99818.89000000537,215914139.3199817
402.0,186.0,430.0,82.0,553081270.6800128,1953656.0999999347,67560.23999999829,2316114.7900001653,97374.80000000773,178176488.25999025
595.0,92.0,291.0,122.0,459167709.50001496,2345516.1599999624,46145.4399999984,1157954.6800000295,66028.57999999859,148133855.42997935
436.0,266.0,280.0,118.0,706964447.7100266,2275773.229999914,59945.86999999989,3096098.3199999183,115876.49000000223,227634346.19998282
381.0,78.0,538.0,103.0,355324229.600014,2180028.010000012,62707.219999996734,864373.5199998775,59080.889999997744,114573034.81998304
424.0,86.0,273.0,317.0,445482614.4100361,2974091.9499998703,48656.78999999726,999637.129999848,55902.29999999569,143367564.51998812
520.0,106.0,334.0,140.0,463390889.580021,2309218.8000000324,52794.679999998196,1342105.120000069,70528.17999999909,149394369.87998268
308.0,229.0,319.0,244.0,651049976.6500525,2859713.9899999606,64388.82999999737,2680272.300000091,99799.56000000788,209340342.82999182
282.0,236.0,329.0,253.0,638146268.810038,2593497.710000021,65976.07999999692,2713586.730000031,100112.1900000063,205198491.62999216
321.0,191.0,333.0,255.0,631696592.5000463,2850639.039999968,67594.4299999975,2604952.570000113,98546.06000000342,203136831.0499904
335.0,248.0,252.0,265.0,673956486.7800483,2769204.5699999244,61079.689999996976,2791890.3699999773,102848.57000000782,216773456.7499832
324.0,241.0,335.0,200.0,651378939.0700228,2540441.879999927,65475.469999998015,2779079.0900000357,103855.59000000964,209531401.6799948
371.0,220.0,280.0,229.0,684437917.4400321,2666164.9299999927,63329.63999999754,2925231.749999954,107518.80000000297,220159907.21998885
324.0,272.0,277.0,227.0,762731474.2600607,2686737.3099999963,69238.67999999569,3550469.0499998885,122891.63000001069,245273286.0899909
311.0,209.0,363.0,217.0,630804310.3200486,2813529.330000015,64641.619999996925,2562630.7300000093,97901.27000001003,202879486.169993
322.0,216.0,274.0,288.0,633575537.4300581,2945497.339999944,60265.15999999531,2461177.93000021,93045.39000000372,203727924.56998348
341.0,229.0,291.0,239.0,691694577.3500566,2919182.389999942,64352.62999999678,2946873.9900000216,105357.30000001115,222360496.1299943
546.0,356.0,188.0,10.0,830027912.9000099,2014547.7299998691,59455.92000000098,3901297.7799995467,139434.39999999618,267374653.11996806
500.0,386.0,204.0,10.0,899236993.6500076,1991113.209999876,65421.54000000134,4509890.669999831,154410.1699999907,289530721.5099721
437.0,504.0,151.0,8.0,1090217700.89002,2037680.5499997803,72657.01999999823,5866906.090000503,188996.12999999715,350848012.4299836
471.0,307.0,314.0,8.0,805890443.2699941,1898664.8299998748,68310.8499999987,3970033.639999338,141681.66999999568,259521617.95997247
346.0,225.0,119.0,410.0,713862878.210071,3610870.2699997914,51470.18999999785,2660513.630000043,92771.02000000273,229377647.31997484
274.0,317.0,183.0,326.0,840163897.9600558,3280478.9199999534,64913.149999996596,3845322.160000009,124898.26000001145,269930873.5199852
277.0,214.0,219.0,390.0,671313707.4100626,3160994.8899998837,58780.67999999627,2646027.3500000127,95048.93000000238,215738759.0099841
263.0,360.0,107.0,370.0,903863710.770088,3344306.7699999036,63707.769999997436,4245136.579999961,135458.92000000348,290429189.65998966
346.0,473.0,274.0,7.0,1082703961.9400048,1937069.8999998441,80937.64999999349,6003918.420000532,191791.32999998625,348349903.5099773
241.0,329.0,191.0,339.0,839129716.7700654,3170387.9800000065,65121.3099999971,3859823.160000043,126221.55000000467,269652870.3799797
96.0,435.0,337.0,232.0,996658752.2400745,2786660.64000002,86804.92999998662,5422590.880000459,170918.13000000015,320231922.1799808
48.0,456.0,353.0,243.0,1003217739.4300684,2776893.3800000967,90507.86999998851,5544940.650000485,173638.8099999905,322289176.3899828
130.0,197.0,458.0,315.0,598674503.0000556,2891476.7699998673,74847.41999999345,2565239.880000083,94650.28000000883,192324289.4699964
87.0,398.0,403.0,212.0,919462480.7600604,2506246.219999999,88832.0099999901,5013965.100000177,160785.72999999573,295458539.08000386
103.0,468.0,362.0,167.0,997967593.5600531,2506157.110000042,88667.75999998902,5549920.100000314,175309.9599999905,320724177.4599842
126.0,191.0,579.0,204.0,542032261.4200317,2399447.6000000252,80203.70999999394,2415190.10000001,94550.27000000598,174221368.30999768
46.0,445.0,450.0,159.0,966821112.0400447,2309103.779999999,94738.39999998664,5498802.450000324,174196.30999998839,310684522.4199812
73.0,234.0,542.0,251.0,651223461.8100426,2564682.439999926,84491.37999999446,3180810.610000003,114051.8000000171,209218868.49001163
58.0,185.0,562.0,295.0,523369650.6200448,2777804.1399999196,79408.54999999466,2196332.570000033,85864.83000000766,168065319.2000032
63.0,203.0,616.0,218.0,583554801.0400578,2491557.659999987,84661.67999999099,2745574.5300000263,102584.73000001456,187493000.84001118
139.0,24.0,170.0,767.0,421480819.12007546,4649872.359999561,45395.599999994985,412294.4600000513,24265.309999999612,134869777.3799864
430.0,17.0,118.0,535.0,416560465.91004515,3811311.069999563,35266.780000001454,366317.33999999706,32731.05999999789,133866987.69998339
107.0,274.0,130.0,589.0,845729942.6701158,4153521.399999639,64096.6299999949,3684034.890000235,112170.15000000909,271345826.1999904
141.0,25.0,154.0,780.0,439324639.04008806,4775412.929999524,45829.1299999952,519836.300000091,27024.97999999856,140601038.8599876
421.0,74.0,514.0,91.0,349205278.3100019,2092915.730000004,59771.839999997515,796534.1699999138,58242.16999999758,112669126.23998414
226.0,579.0,246.0,49.0,1207021831.3800406,2163504.379999812,90458.2799999854,6983977.080001275,217141.6699999827,388110323.6499618
824.0,33.0,203.0,40.0,396002863.7600083,2226224.729999987,32850.14000000083,476785.07999988715,52059.29999999912,128107159.52997626
578.0,335.0,159.0,28.0,853114013.0900079,2143215.0999998646,57812.620000000716,3989115.769999463,141246.67999999685,274781410.2799627
358.0,208.0,88.0,446.0,745136629.6000674,3603633.869999868,51302.04999999835,2865680.9099999364,97085.58000000023,239386749.16997665
587.0,340.0,144.0,29.0,896648565.5800142,2153895.979999903,59467.48000000056,4308412.299999368,147931.87999999718,288732172.4599749
327.0,265.0,344.0,164.0,710438936.9600148,2558989.509999999,67348.91999999699,3196813.399999927,115381.87000000942,228530984.11999243
106.0,341.0,442.0,211.0,808861233.2500323,2583188.3199999644,84238.63999999313,4189864.8099999037,139520.84000001312,259937417.45000336
281.0,383.0,295.0,141.0,939322014.4000264,2399910.0999999493,77638.79999999308,4918453.980000267,159960.18999999692,302062897.67998135
330.0,268.0,337.0,165.0,781720136.0000399,2402123.950000029,69551.96999999713,3740559.7899997584,129571.9100000065,251455792.42998353
299.0,242.0,314.0,245.0,700099593.1800416,2849978.7299999977,66033.06999999873,3033601.589999809,109712.37000000889,225125165.82999265
262.0,356.0,267.0,215.0,855017860.3100469,2704671.2600000445,71808.88999999552,4220615.729999821,139858.71000000546,274890361.53998756
95.0,307.0,387.0,311.0,795673503.5900623,2914340.3499999517,79828.27999999277,3941912.9599998696,130035.40000001543,255578309.74999744
79.0,430.0,332.0,259.0,1005545897.780069,2796470.850000043,86094.25999998748,5504375.910000538,173779.99999999368,323056410.95998216
88.0,478.0,358.0,176.0,1039784766.5400368,2513540.709999982,89390.55999998882,5820738.220000349,179987.78999999104,334109690.1799783
80.0,434.0,325.0,261.0,993852229.9800469,2755771.5899999468,86288.06999999119,5394647.540000321,168303.07000000053,319292754.2099923
453.0,139.0,218.0,290.0,558541823.9600449,3060609.7399998857,48236.89999999755,1699767.23000014,74082.06999999922,179756632.29998112
268.0,179.0,280.0,373.0,632694802.8000622,3261129.5099999127,61607.799999995834,2398647.150000095,88285.12000000228,203295189.45999196
389.0,275.0,187.0,249.0,772272066.6500459,2977281.1599999997,58733.749999996886,3341317.8300000005,115931.8300000046,248349242.42997813
457.0,141.0,210.0,292.0,538467964.7200413,3046288.319999904,49391.449999998105,1603873.360000129,71555.52999999892,173274361.82998514
414.0,127.0,199.0,360.0,534727759.37004256,3327939.309999856,48258.819999997555,1477714.0699999828,65192.73999999305,171941956.73997954
363.0,255.0,167.0,315.0,772133571.9100692,3179308.799999903,56535.2299999972,3258155.430000121,110873.05000000645,248226250.90997657
241.0,161.0,241.0,457.0,564821790.5100626,3625660.4799997564,55891.79999999797,1797841.1099999761,70115.94999999442,181356652.44999412
201.0,308.0,210.0,381.0,815193774.1100659,3179849.739999949,68429.14999999588,3770863.089999915,124486.2500000155,261919768.08998922
223.0,343.0,223.0,311.0,859558058.1200749,3077467.1800000337,69144.74999999651,4099242.7799998466,134285.9999999998,276248119.9899804
202.0,311.0,203.0,384.0,827814304.4900777,3465677.719999829,65143.81999999634,3731044.3700000634,121038.32000000967,265881358.03999686
201.0,391.0,470.0,38.0,852326349.6700286,1913748.8099999046,86266.42999999531,4652470.579999792,155862.26999999795,274163035.5299985
372.0,317.0,380.0,31.0,845739760.519983,1929975.7099998605,73809.47999999711,4339974.069999503,149318.99000000226,272224319.28998876
285.0,95.0,666.0,54.0,362501793.8800018,1730166.5899999796,74961.12999999804,1273843.1200000704,71921.45000000445,116869806.68998913
203.0,395.0,464.0,38.0,897032402.0400069,1863246.099999836,88034.17999999083,4978918.209999957,166314.2499999889,288549094.7099891
184.0,357.0,429.0,130.0,855187999.2200255,2268221.6399998865,82942.95999999408,4532442.109999842,150957.30999999796,274981329.59999734
254.0,85.0,581.0,180.0,366880583.5800167,2370157.4999999814,69625.57999999498,1058147.9999999048,61756.11999999391,118088315.99998552
348.0,296.0,348.0,108.0,758379000.720031,2248973.05999993,70886.68999999693,3640129.5499997693,129945.46000001032,244051844.12999326
444.0,65.0,454.0,137.0,371706621.7300171,2293036.820000032,58758.95999999637,860377.789999891,58657.00999999726,119855922.14998277
493.0,72.0,494.0,41.0,370520436.03000623,1840980.9899999863,58038.66999999947,938450.7699998969,64491.389999996725,119671267.62998024
448.0,66.0,448.0,138.0,359570415.970012,2307829.6699999897,56933.54999999852,749328.8099999165,55883.07999999714,115978194.10998169
210.0,308.0,428.0,154.0,731445437.8000284,2419525.260000063,77237.17999999244,3578797.2599997893,125119.98000001296,235195220.50999552
445.0,227.0,315.0,113.0,665264262.2300225,2240879.4300000286,63445.51999999924,2887129.46000007,110819.02000000703,214204172.059994
234.0,220.0,475.0,171.0,582989651.1200378,2449102.060000029,73081.65999999472,2516964.280000037,98027.35000001032,187492623.86999872
260.0,379.0,272.0,189.0,915473362.7100463,2668867.0199998957,74634.83999999416,4658684.500000122,152007.65000000343,294338703.0399823
141.0,206.0,287.0,466.0,675046923.9500736,3489214.2499998077,68996.83999999397,2805172.7000000603,96317.24000000299,216689734.42999327
175.0,165.0,183.0,577.0,609552113.270095,4225917.649999566,56380.8699999953,1954128.95999991,69669.94999999182,195498405.93998381
364.0,185.0,133.0,418.0,695483043.7500693,3462925.73999984,51811.249999997824,2574564.870000119,91798.12000000071,223521302.84997618
345.0,114.0,244.0,397.0,522919231.0700489,3253809.0599998273,52645.81999999715,1547122.0199999567,65855.7099999931,168051177.05998805
565.0,185.0,206.0,144.0,614696497.1200325,2600054.610000039,48826.9599999992,2173112.2900003167,90969.08000000037,198011688.43997782
387.0,127.0,141.0,445.0,602760367.3300705,3767512.7699998156,48025.13999999789,1832448.2300000153,72059.44999999602,193675345.86998373
350.0,407.0,26.0,317.0,1042067213.8300683,3321146.470000086,62703.809999999234,5071523.700000555,156959.63999999987,334929309.5600013
163.0,509.0,33.0,395.0,1149063865.2200902,3585618.679999937,71091.69999999495,5917785.180000767,175162.75000000003,369052566.2000133
372.0,364.0,28.0,336.0,959782835.330063,3328465.779999988,57782.509999998896,4460557.970000186,141756.5199999997,308524544.33998066
269.0,313.0,274.0,244.0,802095094.7400409,2796266.8700000015,69472.9999999972,3788474.7399997115,128086.02000001045,257879538.9999848
398.0,463.0,30.0,209.0,1100045606.9800494,2899082.56999999,63528.240000000136,5582970.26000085,174799.26999999827,353747168.27999604
312.0,306.0,318.0,164.0,778559480.2800195,2465759.1500000143,71018.60999999668,3718411.5899998103,129316.1300000037,250437850.60997683
133.0,416.0,363.0,188.0,960259348.2800663,2566158.4700000924,86066.58999998821,5232431.130000334,166521.169999998,308597484.8599795
210.0,552.0,42.0,296.0,1278135041.0301147,3611128.3300001374,80458.50999998242,6970604.140001564,209043.26999999807,410597135.9699946
125.0,329.0,342.0,304.0,823251241.5600706,2892459.929999915,79846.4399999938,4133289.7299999623,135818.12000001475,264477024.0500024
141.0,372.0,387.0,200.0,859550051.6900449,2572646.0199999386,81671.87999999321,4468389.349999942,147558.81000000442,276282095.2499859
298.0,86.0,460.0,256.0,410429711.1100268,2653935.569999877,60066.28999999517,1079279.1499998686,58865.85999999429,132038871.7399813
29.0,115.0,614.0,342.0,428603182.860038,2780829.339999878,79827.33999999274,1581498.099999973,69828.90999999552,137572252.58999044
252.0,244.0,388.0,216.0,678957980.4800481,2641008.749999964,72878.00999999695,3092546.3399998536,112877.62000001113,218316903.5699962
496.0,143.0,36.0,425.0,643660822.3500916,3780105.439999733,40737.63000000053,1964418.460000105,74998.0299999979,206923225.9599749
352.0,101.0,542.0,105.0,409791019.20001173,2091082.300000003,67984.69999999682,1336731.0900000478,72410.73999999817,132064623.57998173
469.0,456.0,34.0,141.0,1057151898.9800354,2616402.8100000615,61646.23000000109,5338836.7100006,170920.58999999854,340082810.7399871
109.0,433.0,109.0,449.0,1017835407.770123,4081476.6299998346,72202.75999999153,4997116.680000593,150094.5600000049,326758557.3800059
28.0,370.0,588.0,114.0,801262795.2400161,2106432.5999998916,96454.72999998923,4499064.4299998395,150687.91000000742,257520761.9600047
40.0,541.0,41.0,478.0,1253208371.400116,4019565.309999912,80814.2299999852,6729662.330001312,194780.58000000753,402334300.280011
56.0,754.0,57.0,233.0,1591102821.0000923,3207296.8300008085,100622.93999994635,9584855.710002676,285334.28000003967,511169694.3099388
14.0,370.0,175.0,541.0,930460685.7801272,4078302.179999809,71549.34999999382,4404142.650000326,130282.16000000999,298475836.7399952
242.0,293.0,138.0,427.0,828976894.9200826,3642543.3799999095,61664.26999999591,3608263.9100000258,117694.91000000243,266291538.77997425
21.0,7.0,262.0,810.0,382291628.3300593,4816352.709999626,50601.24999999588,246397.12000001845,18191.970000004763,122119611.86998898
12.0,331.0,274.0,483.0,864520598.1300954,3978790.3599997833,76595.24999999083,4097383.370000243,126759.94000001677,277383710.53999734
16.0,437.0,206.0,441.0,1005403090.2001054,3867227.9499998596,80237.80999999023,5121752.890000617,153616.08000001046,322692699.3999917
22.0,8.0,482.0,588.0,299724056.6800092,3857621.9299994716,63644.77999999197,190494.39000001032,25607.230000001622,95867200.68998857
248.0,301.0,248.0,303.0,772443798.3800573,3069982.270000055,67240.4699999963,3482181.2199999797,119031.84000000855,248262195.50998446
392.0,6.0,224.0,478.0,370564402.2400312,3690679.12999969,40882.04999999784,189530.42999999315,28608.9899999997,119040390.9799826
291.0,5.0,291.0,513.0,356425655.8900276,3576671.5599995884,47120.589999997166,273208.30000000715,30560.440000000843,114409540.07998751
340.0,5.0,340.0,415.0,333028106.4900326,3433532.189999654,49355.90999999516,178890.68999999986,31218.320000001357,107025416.34998623
16.0,48.0,729.0,307.0,272783332.4199957,2526513.749999896,80100.98999999363,634772.9399999655,46590.98999999844,87526671.59998822
505.0,26.0,400.0,169.0,334950500.8700052,2480316.7699999874,50347.71999999692,407108.92999996996,45225.22999999865,108059000.86998594
13.0,256.0,585.0,246.0,655264805.3400415,2520021.7299999264,89764.6799999938,3313419.35000003,117007.40000002146,210486774.43001938
16.0,50.0,717.0,317.0,291163481.5400021,2648087.4199999464,80179.33999999313,732776.6999999663,48617.92999999661,93418767.16998717
12.0,36.0,535.0,517.0,329740286.44002134,3498802.299999693,68070.47999999396,554119.3600000121,36304.92000000118,105577330.63998915
10.0,202.0,441.0,447.0,625892472.2000632,3322265.209999884,76130.12999999442,2690141.12999999,92534.73000000282,200805468.89000064
428.0,22.0,323.0,327.0,368926230.97001106,3113822.8499998427,47316.149999996735,429402.5399999834,40439.20999999768,118730346.87998395
379.0,131.0,300.0,290.0,526470751.3500436,2959889.859999926,57636.4199999961,1710276.670000141,74077.68000000448,169326715.11998492
452.0,156.0,341.0,151.0,514192793.49002177,2473182.5499999817,57464.71999999822,1722761.5800002958,77997.29999999625,165592213.3199849
384.0,133.0,290.0,293.0,512032679.9700491,3040812.009999837,55751.66999999585,1553055.7200000437,70341.00999999636,164715852.7699852
266.0,283.0,130.0,421.0,773968956.0200821,3501291.649999869,58587.45999999673,3221369.07000004,107996.83000000696,248667763.44997418
240.0,292.0,134.0,434.0,832224773.2301015,3723158.8499997514,61997.18999999634,3641853.350000167,117294.65000001076,267275990.33998126
235.0,378.0,115.0,372.0,925457439.5700706,3446581.4299998786,65488.05999999723,4359528.380000031,137838.59000000719,297336747.08998555
270.0,288.0,114.0,428.0,822710888.9500836,3708017.4299998055,59146.74999999793,3506678.030000129,114525.79000000352,264268129.25998312
367.0,391.0,180.0,162.0,931909249.4200401,2637780.079999999,66883.95999999787,4604243.509999992,150380.45000000557,299736923.5799878
317.0,509.0,134.0,140.0,1133395812.810057,2590813.799999921,75058.39999999433,6126017.2000006195,189451.35999999667,364425276.6099905
344.0,418.0,165.0,173.0,1035764008.060034,2669757.5500000985,71990.84999999742,5385172.270000393,170550.09999999517,333063912.5899924
282.0,518.0,158.0,142.0,1184784119.020027,2596179.2300000037,80896.51999999072,6564919.130000882,202136.09999999322,380911844.78998727
215.0,394.0,103.0,388.0,969300257.2800977,3600937.5799998743,67015.40999999589,4666632.460000265,144368.90000000785,311349494.6500066
288.0,528.0,139.0,145.0,1155442016.1200318,2586859.019999963,76951.49999999467,6286174.570000771,193356.17999998954,371471221.8699877
515.0,202.0,338.0,45.0,661582132.8500029,2099040.2599999076,61583.3199999993,2823264.3600000367,111723.70000000327,213162585.8799788
207.0,308.0,516.0,69.0,775248684.4800131,1900798.129999891,84359.33999999566,4123032.5099995066,143090.2100000011,249393870.0399985
440.0,332.0,289.0,39.0,772861455.6700158,2093523.4799999031,66430.99999999943,3660646.699999524,132119.81000000134,248866950.05997917
401.0,157.0,507.0,35.0,473870053.96999794,1804299.6099999612,65299.139999999374,1783664.9500002095,84710.67000000335,152791593.69998878
412.0,161.0,270.0,257.0,584758293.4700364,2905789.8499999577,53590.979999998206,2015340.0500001682,82411.96000000097,188136507.60998833
302.0,228.0,382.0,188.0,643314049.8900244,2508513.66999998,67738.3799999972,2780391.7299999236,104124.01000000771,206923709.34999654
114.0,169.0,547.0,270.0,528026246.88003135,2652455.539999985,76923.64999999516,2202515.560000069,87361.07000000343,169656281.26999855
126.0,362.0,314.0,298.0,851382517.0800585,2942478.6199999563,77740.54999999382,4252075.669999968,137320.69000000952,273514811.91999495
122.0,351.0,586.0,41.0,771031154.7900084,1794785.6399998947,92720.04999999369,4286600.949999707,148445.46999999936,247980187.1800157
100.0,286.0,478.0,236.0,736148055.7300383,2614627.2499998915,82112.77999999524,3666408.3499999223,125488.03000001008,236534407.1899949
179.0,538.0,2.0,381.0,1237434088.5801237,3893028.540000041,74896.60999999207,6513777.790001552,193784.13000000428,397468404.27001333
373.0,424.0,2.0,301.0,1039290122.7500813,3276113.1399999657,60011.289999998546,5064445.180000517,158407.7300000006,334080353.99000263
320.0,95.0,4.0,681.0,577615033.8300967,4608332.929999641,37577.10000000251,1277293.3599998557,48356.98999999249,185252342.22997868
139.0,419.0,245.0,297.0,995813299.1900636,3079296.2400000542,80520.11999999241,5209823.430000274,161772.1199999959,319896464.25999063
143.0,430.0,2.0,525.0,1082543313.9901252,4308838.909999803,67569.02999999355,5291085.700000976,156447.2300000062,347537004.2600145
164.0,49.0,287.0,600.0,434532811.3300615,4006521.9699995727,53133.099999996215,800566.8399999196,40343.659999996475,139278856.3799861
262.0,298.0,175.0,365.0,825764349.0600839,3467208.73999992,64324.9899999971,3692908.7099999236,120860.09000000806,265279143.44998273
439.0,49.0,2.0,610.0,502497439.9500743,4279072.149999521,31232.630000004974,724169.3899998654,38464.419999994905,161360991.6899784
425.0,48.0,283.0,344.0,407792374.020036,3019267.649999859,48542.99999999761,752120.3099998694,48360.50999999584,131192464.87998241
347.0,39.0,231.0,483.0,402660258.2200487,3590608.659999643,44422.53999999774,506477.34000000433,36112.87999999803,129292636.51998365
228.0,248.0,220.0,404.0,745812551.2900789,3554689.0999997975,63324.589999996504,3157844.6600000644,106441.99000000961,239543666.07998776
306.0,225.0,201.0,368.0,762846912.0600775,3375579.579999807,59389.88999999695,3182951.6400000663,108425.0100000057,245148605.33998483
225.0,261.0,217.0,397.0,776663576.7400964,3509562.08999992,67402.97999999567,3437572.5100000566,114901.83000001057,249471116.61998546
183.0,199.0,394.0,324.0,624817293.7600434,3106000.8999998653,67330.96999999436,2543353.4200000633,92837.03000000943,200718322.39999908
278.0,302.0,269.0,251.0,787711559.8300527,2871777.649999906,67695.29999999571,3637538.6499998537,122973.9100000138,253207749.04999694
211.0,245.0,454.0,190.0,658063541.0100416,2499587.010000004,77415.3399999934,3070346.609999986,111267.07000000792,211573463.50000048
289.0,213.0,422.0,176.0,617805343.0600404,2406327.700000028,70844.71999999585,2703650.880000126,102635.08000000716,198722519.63999137
360.0,284.0,236.0,220.0,771453389.2700499,2793325.290000016,62339.9999999984,3429763.309999841,120347.12000000082,248142727.45997614
247.0,195.0,361.0,297.0,572193563.4200628,3080750.7299999106,65630.21999999385,2144953.1900000996,84183.56000000655,183899795.57999653
285.0,224.0,417.0,174.0,621329975.4300405,2402724.9599999744,68592.13999999629,2679342.300000035,102679.05000001058,199927647.59999043
340.0,352.0,335.0,73.0,784316713.7600294,2174731.699999936,72040.13999999539,3864425.789999558,136095.57000000388,252418126.4099875
41.0,491.0,466.0,102.0,1041254372.5600326,2192345.0299998755,97074.63999998818,6072767.160000296,189763.48999998896,334620903.8599863
336.0,360.0,331.0,73.0,849073303.9200152,2141833.869999925,73678.82999999583,4308430.3399997065,147535.34000000215,273226057.0999787
417.0,433.0,160.0,90.0,992775230.2200303,2388801.47999993,69915.76999999875,5105352.070000403,165832.31999999707,319387153.1399859
277.0,287.0,272.0,264.0,767536575.7400368,2779315.5199999595,67949.65999999827,3548756.9599998686,120917.37000000551,246739047.68998805
323.0,345.0,124.0,308.0,909987504.8500739,3374035.7099999995,63389.74999999693,4220953.499999945,135814.89000000784,292466969.5499919
39.0,463.0,171.0,427.0,1082984631.030119,3870683.840000074,83208.8499999878,5694205.610000771,171071.63000000454,347686958.5699912
31.0,380.0,350.0,339.0,987004979.2900761,3135361.769999927,85891.36999998886,5258046.940000261,160526.52999999805,316937402.9199884
54.0,670.0,241.0,135.0,1375086786.4000316,2545288.950000062,100375.22999997246,8264245.020001356,247591.26999997755,441870345.37994134
38.0,472.0,169.0,421.0,1081827721.460109,3687895.360000003,80461.10999998881,5679445.060000639,169437.56000000663,347292327.4299911
374.0,102.0,75.0,549.0,564286969.020096,4041153.9999996284,40783.939999998416,1376976.639999953,56516.869999992814,181213327.7599747
229.0,122.0,90.0,659.0,574131435.4501069,4529951.059999634,45992.979999996795,1455863.0599998918,54335.61999999003,184092151.9699818
292.0,321.0,58.0,429.0,895706467.0401124,3849771.939999835,59629.93999999682,3980550.8700001095,126138.97000000562,287701420.47998476
300.0,82.0,277.0,441.0,481481229.71005005,3448994.2099997047,53325.099999997205,1215475.2499999152,56941.14999999364,154684236.9499863
456.0,124.0,91.0,429.0,611492321.7400656,3607235.4699997497,42096.98999999833,1816200.830000122,71255.1199999969,196577890.41998017
278.0,305.0,256.0,261.0,788332020.2800293,2855370.249999924,67670.80999999715,3652672.529999869,123241.26000000977,253418899.7399921
212.0,113.0,384.0,391.0,476458404.6600418,3032898.7299999124,65553.25999999545,1529665.860000034,67242.12999999555,153063600.50998902
204.0,440.0,80.0,376.0,1084887823.7400694,3561559.8299999516,71493.329999994,5524550.250000712,167472.73000000665,348506968.50000215
140.0,302.0,254.0,404.0,841188730.9600872,3470839.1299999557,72501.67999999317,3978083.2899999814,127930.52000001426,270134978.7799906
161.0,348.0,293.0,298.0,834669324.1000699,3022498.009999941,75413.17999999215,4093681.509999936,135743.2100000127,268196783.96998653
83.0,393.0,366.0,258.0,849929809.1700697,2823301.249999966,80672.27999999262,4341649.44999991,140525.06000001318,273064942.9200011
354.0,289.0,268.0,189.0,743182277.1500367,2505312.7299999706,64473.87999999853,3395937.149999923,120511.70000000698,239092337.54998958
110.0,158.0,488.0,344.0,501088447.28004646,2991196.849999886,73446.11999999521,1873820.4700000123,76287.49000000217,160897672.38999206
115.0,549.0,76.0,360.0,1239586658.710121,3653947.7900001314,80485.88999998618,6718435.060001239,200007.30000000302,398124119.93999594
101.0,480.0,446.0,73.0,1003685528.3100121,1988417.9199998493,93789.65999998941,5814708.000000235,185014.13999998826,322667160.479978
288.0,415.0,189.0,208.0,968857812.7000601,2860312.4600000437,71257.01999999509,4898759.370000505,156854.1399999978,311469527.7099866
536.0,437.0,60.0,67.0,1082989606.5000124,2402792.219999918,62463.31000000013,5514575.650000658,178409.83000000007,348546016.32998914
517.0,127.0,392.0,64.0,477134824.46000904,2050904.389999929,57520.01999999929,1586839.830000228,79187.49000000341,153893858.03998303
581.0,143.0,65.0,311.0,618255572.7600527,3376177.8399999184,39584.44000000096,1833081.260000146,75467.48999999576,198932083.85996997
742.0,183.0,83.0,92.0,612279073.7000045,2435714.779999993,38176.44000000106,1962397.7000004842,87866.97000000022,197491259.91997308
253.0,450.0,236.0,161.0,991266656.1400362,2529982.9400000144,75815.90999999412,5215145.630000387,166682.33999999528,318723614.64998597
400.0,372.0,195.0,133.0,910842828.8700371,2575277.370000029,66804.13999999709,4469714.979999984,149211.99000000083,293039264.70998615
415.0,34.0,387.0,264.0,358082688.83001393,2768699.7299998975,51712.27999999801,535694.0999999583,45393.92999999656,115316700.41998118
152.0,270.0,581.0,97.0,682577611.9100152,2001033.779999892,86187.97999999361,3552064.7999997954,127343.43000001527,219508080.6200104
214.0,381.0,200.0,305.0,924147005.8400576,3011429.4599998947,73617.54999999586,4620064.320000052,147544.1100000057,296974896.73999465
174.0,14.0,665.0,247.0,241958823.61999696,2439038.909999954,71608.84999999701,262473.0700000042,40217.78000000238,77841130.3399899
235.0,219.0,471.0,175.0,588318829.3800297,2375812.610000024,74021.1199999947,2569335.590000049,100069.75000000444,189234805.56999105
483.0,21.0,236.0,360.0,385039227.2600308,3227934.8699997854,43292.91999999911,435053.6899999779,40171.179999996486,123929676.12998022
326.0,14.0,652.0,108.0,245544207.97999614,1979642.3800000448,65544.17999999791,251161.26999996835,44576.599999999235,79294921.00999102
290.0,13.0,581.0,216.0,249383735.32999712,2376428.890000022,66326.44999999675,203668.9799999866,40012.1000000016,80364666.60998757
268.0,329.0,263.0,240.0,856883932.920048,2868277.6400000756,72929.41999999541,4196967.589999741,139581.2800000041,275469405.9699761
319.0,309.0,247.0,225.0,772721913.0800459,2725096.7399999783,66060.76999999481,3534451.2899998697,122575.51000000957,248513804.08997938
305.0,223.0,299.0,273.0,688030793.6200675,2878732.8499999195,65429.96999999657,2951631.8500000834,107415.83000000748,221248696.64998037
313.0,383.0,124.0,280.0,963002667.2100931,3348470.129999886,67341.82999999651,4663111.320000168,148584.0300000057,309519682.0599909
254.0,312.0,249.0,285.0,793489209.4900619,2980193.8999999273,69663.75999999665,3697975.189999915,124957.97000001058,255031581.87998763
338.0,248.0,135.0,379.0,775280127.4500949,3608200.399999835,57439.54999999672,3188275.7700000755,109197.38000000868,249174634.7999686
347.0,336.0,109.0,308.0,868170147.2700498,3155237.649999914,59820.43999999831,3930698.639999867,127904.86000000524,279049882.0899874
339.0,197.0,263.0,301.0,605654518.9200627,3135897.889999894,55815.83999999648,2139647.8300001086,83506.56000000297,194760759.23998743
423.0,245.0,133.0,299.0,785743028.3600593,3002665.739999951,55077.76999999771,3324552.0899999486,114201.82000000346,252686808.52997735
395.0,229.0,125.0,351.0,673474840.960065,3268883.0999997985,49120.82999999745,2415496.680000095,89570.6500000009,216564316.56998026
556.0,65.0,257.0,222.0,437329367.90002185,2716632.6799999634,44778.75999999922,901223.1699998598,57464.689999996044,140986928.76998484
447.0,79.0,308.0,266.0,455422730.6800221,2738539.619999916,51726.87999999734,1166560.619999994,61764.47999999724,146636292.9099808
413.0,332.0,191.0,164.0,848584689.6200417,2619293.0100000193,63624.279999998726,3984368.8799997373,135274.22000000492,272992442.59998065
531.0,63.0,295.0,211.0,439561372.5500176,2707669.729999849,46407.87999999708,946285.8299998317,58210.539999996094,141695430.42998293
513.0,60.0,237.0,290.0,423038884.44002396,2979506.119999873,44270.81999999802,749717.9599999207,50194.82999999746,136242117.59998462
376.0,302.0,209.0,213.0,811879520.1400406,2688206.980000047,62982.17999999797,3745396.679999827,128238.52000000696,261148559.25997308
386.0,68.0,320.0,326.0,440980408.0500372,2987393.5799998567,50142.80999999619,1000523.469999858,54604.649999995636,141857829.29998788
295.0,353.0,203.0,249.0,904914780.1400523,2826461.9599999525,67506.2399999979,4406540.78999983,143081.38999999696,290917166.21997523
304.0,364.0,252.0,180.0,880254740.660058,2612137.8099999544,72552.36999999543,4393533.039999798,145131.02000000456,283065699.04998523
284.0,340.0,236.0,240.0,855412154.2300696,2936985.1900000046,69187.77999999568,4101385.529999803,136812.53000001024,274987609.42998195
173.0,233.0,359.0,335.0,635798239.6200622,3164967.3399997847,69650.40999999455,2621021.2500000657,95275.06000000659,204245108.1699961
60.0,262.0,402.0,376.0,725459157.4900727,3095523.7599998903,78668.14999999253,3433331.5700000795,114934.9900000114,232925250.2000076
197.0,115.0,407.0,381.0,506209171.81004924,3064842.5799998995,66658.22999999553,1754871.3900000453,73419.3499999976,162630921.85999727
253.0,341.0,17.0,489.0,941181502.4901001,3868338.6499999547,58375.559999996636,4235211.349999988,130123.95000000455,302221525.97998595
244.0,329.0,505.0,22.0,748049799.1200076,1760758.9599998866,83219.14999999426,3959052.8499996294,140020.41000000684,240730924.45999688
631.0,371.0,42.0,56.0,953201080.1400149,2366567.0099999695,53244.190000001094,4489420.509999613,151814.99000000095,306931818.0799755
187.0,819.0,40.0,54.0,1620223647.7600396,2306220.299999868,96404.92999997892,9798355.620001288,288071.6800000188,520820740.6599695
111.0,211.0,746.0,32.0,520568537.94000953,1624547.299999937,91662.15999999446,2647805.650000114,107168.33000001809,167536864.39000538
117.0,223.0,25.0,735.0,783447911.1601448,4865248.449999755,53717.17999999443,2908349.940000136,87488.8600000004,251147687.30998513
322.0,615.0,70.0,93.0,1313132885.2800217,2417618.619999909,79898.44999999285,7406115.300001081,225233.9299999941,422265255.36998105
192.0,138.0,330.0,440.0,533556076.7700578,3470346.1399998316,61200.02999999592,1720145.8099999959,68862.31999999314,171291385.04999155
10.0,166.0,396.0,528.0,517729901.04007673,3727642.2099996335,68351.29999999236,1748108.37999985,64960.319999988904,165916943.46999234
202.0,87.0,347.0,464.0,467904228.9500512,3603066.5599996657,57588.7299999963,1202483.8099998771,54619.51999999359,150171695.81999204
183.0,132.0,365.0,420.0,542728168.6000503,3238695.479999898,64413.93999999648,1915334.47,75479.50999999823,174292917.86999473
202.0,145.0,346.0,407.0,571620276.3800694,3491212.369999763,63197.36999999532,2019624.6099999668,77609.41000000048,183554666.37999877
202.0,87.0,403.0,408.0,425345382.8000458,3345126.669999752,60646.46999999475,1050417.9599998503,51957.4899999943,136535721.829989
10.0,166.0,459.0,465.0,563603734.910071,3405760.139999713,75243.53999999225,2250734.7899999167,82809.51000000497,180781718.27000266
12.0,112.0,448.0,528.0,492736492.2200523,3635744.799999712,71317.02999999262,1641799.179999868,64253.02999999116,157941527.67999098
10.0,100.0,460.0,530.0,433654403.4100454,3559844.619999765,68500.54999999332,1217658.4999998696,52956.16999999107,138943294.30999115
11.0,106.0,488.0,495.0,426196964.740046,3389534.3399997335,72384.4199999911,1286160.8399998583,57121.3599999904,136610174.76998892
483.0,430.0,38.0,149.0,1000840951.3500354,2707591.9300000183,59612.55999999943,4877274.700000193,158317.39999999807,321989707.86997837
360.0,516.0,46.0,178.0,1222564093.200028,2746348.59000003,72010.35999999742,6592542.250001041,201241.95999999862,393102235.2899886
509.0,394.0,40.0,157.0,1035569617.9400251,2655750.3899999927,59312.81000000039,5113324.270000298,166975.31999999713,333222393.4599813
461.0,410.0,87.0,142.0,1030596210.8300453,2657813.0800000066,64010.26000000093,5194466.130000223,167007.7400000008,331518724.54998314
508.0,451.0,40.0,101.0,1086695216.2800298,2450725.789999996,61879.810000001795,5551306.010000398,176446.39999999598,349643057.0599856
509.0,394.0,96.0,101.0,1034840080.8800299,2449184.800000002,63434.70000000116,5236850.800000633,169971.52999999336,333003920.34998554
360.0,516.0,109.0,115.0,1170888884.4800253,2460935.640000025,72729.64999999676,6316476.550000753,196666.90999999724,376578498.43998253
408.0,509.0,52.0,131.0,1165159183.040004,2491609.9599999785,69736.79999999836,6227061.330000668,193066.08999999292,374743029.5999786
361.0,451.0,109.0,179.0,1011013435.41003,2728917.1000000476,66956.2500000003,5120772.010000198,162712.02999999863,325100905.6699836
383.0,478.0,116.0,123.0,1078857215.040036,2548470.1799999247,69019.28999999665,5641979.570000744,177525.45999999248,346981085.1999868
267.0,224.0,376.0,233.0,654873148.910037,2810874.920000051,68449.92999999553,2799425.8899999736,103164.13000000664,210558006.91998753
327.0,208.0,349.0,216.0,650409453.1200483,2616958.2699999223,64409.43999999737,2724700.0300000464,102952.71000000824,209254711.38999087
228.0,352.0,321.0,199.0,841567143.0800477,2608912.6000000057,75118.74999999715,4197598.569999791,140054.60000000388,270576168.0099914
257.0,217.0,402.0,224.0,620475562.9800477,2743437.679999968,70456.46999999364,2619497.3100000257,98477.67000000924,199484323.9499946
277.0,233.0,391.0,199.0,680933587.1200379,2556834.3699999694,71745.61999999643,3078072.6600000057,111726.24000000955,218985413.86999685
228.0,351.0,357.0,164.0,823265364.0900505,2464817.969999905,76695.04999999703,4154940.39999988,140555.26000000632,264721927.91999415
327.0,208.0,387.0,178.0,574739435.7800294,2557536.9299999736,65429.84999999807,2264857.980000173,91249.80000000479,184918489.54999307
291.0,340.0,311.0,158.0,818463420.1300404,2462002.690000004,72540.50999999433,4035792.9499998107,137453.11000000432,263235581.3499823
274.0,320.0,325.0,181.0,849707573.5800607,2564108.7600000333,74137.21999999645,4261125.439999964,142374.51000000592,273227337.41999286
283.0,329.0,335.0,153.0,765990355.470023,2395564.939999928,72566.55999999613,3708126.9899998032,129640.61000001134,246390391.12998858
63.0,783.0,250.0,4.0,1527440387.2300165,1945041.689999652,107118.43999997445,9519804.73000124,284068.49000000436,490974114.9599252
185.0,691.0,221.0,3.0,1428319603.0000107,1960323.5099997662,97534.80999998712,8623858.38000112,258499.0499999775,459226825.12994736
110.0,544.0,439.0,7.0,1136316840.4699886,1829062.5999998092,99064.71999998717,6794839.900000484,212424.4099999803,365351020.71996576
59.0,735.0,302.0,4.0,1455239365.4399858,1874235.509999634,107982.76999997598,9073946.630000982,272492.5799999885,467768510.62991977
38.0,473.0,151.0,438.0,1124081438.8501046,3663940.6299999123,78929.5899999891,5909843.730000807,174025.4500000007,360849716.6499934
49.0,240.0,249.0,562.0,761292840.5901031,3980709.1299997317,70500.37999999146,3301376.5100002615,105603.93000001292,244206421.76999378
113.0,422.0,174.0,391.0,1009937406.5701044,3448432.479999998,76048.16999999188,5167278.120000587,157392.74000000252,324297581.8699985
154.0,228.0,184.0,534.0,720289870.7200975,4027347.239999651,59640.78999999509,2803990.970000284,91667.16000000582,231117015.63998508
273.0,404.0,418.0,5.0,873394054.5399995,1806273.1599998467,83770.9299999947,4762954.489999885,161527.4899999927,281041552.94998944
147.0,218.0,226.0,509.0,682156751.8801041,3897293.1299995896,63824.85999999398,2653531.720000011,90063.4000000023,218889600.01999038
54.0,222.0,351.0,473.0,674658072.3400954,3590183.9399997466,71859.06999999205,2862151.6700000972,96017.97000000773,216451343.8699958
280.0,174.0,275.0,371.0,621594945.2600695,3376722.3499997137,60394.51999999558,2306413.1900000433,86123.05000000398,199717171.53999013
49.0,299.0,320.0,432.0,820465149.2000954,3620699.769999772,76877.4699999898,3876335.380000265,123066.98000001644,263347840.90999192
68.0,280.0,153.0,599.0,771590192.6501158,4265062.199999754,61994.95999999396,3145119.3600001433,97066.73000000202,247435466.56998095
73.0,300.0,475.0,252.0,725382412.460052,2656473.559999915,84891.78999999128,3648916.7200000025,123809.17000001796,233015901.65001395
86.0,523.0,193.0,298.0,1174482082.500076,3040092.8600000297,84938.80999998857,6496999.150000958,194246.4699999952,377283270.02999276
443.0,275.0,150.0,232.0,799381152.2800394,2920121.0999999708,55140.59999999802,3451894.5899998634,117994.63000000476,257111985.60997128
321.0,295.0,316.0,168.0,751143787.2100352,2455924.4899999797,67817.38999999949,3512418.0799997486,123427.22000000515,241620873.7199898
307.0,282.0,104.0,407.0,822333405.6200877,3651922.2199998656,58092.119999997376,3503907.350000018,114862.950000007,264180681.49997553
396.0,363.0,134.0,207.0,885617071.3600374,2743889.7300000014,60349.78000000058,4161268.4699996226,139320.0600000013,284897279.9699816
297.0,465.0,108.0,230.0,1088190672.2000606,3071565.220000016,70278.55999999431,5598835.240000877,174667.29999999705,349827798.62000984
136.0,558.0,129.0,277.0,1231018908.290079,3037974.790000019,82669.65999998956,6811990.680000942,202909.57999999227,395503610.6699923
454.0,129.0,165.0,352.0,583894982.1600504,3400258.4699998414,46694.36999999747,1759532.3000000813,72332.20999999715,187767776.69998196
241.0,377.0,295.0,187.0,899966439.5400323,2566755.2100000014,77988.97999999445,4649408.989999847,152340.4299999975,289351625.9499912
251.0,394.0,91.0,364.0,974020052.2200689,3417895.620000108,66127.4899999984,4724423.460000138,146268.41000000067,312904512.21998686
278.0,79.0,341.0,402.0,424708317.8600278,3305921.979999763,54338.16999999592,902128.6499998582,49095.7899999944,136419469.8999836
91.0,373.0,292.0,344.0,931928037.9700584,3085970.9399999925,81075.439999992,4819823.23000028,151156.74000000156,299326395.5699893
170.0,126.0,161.0,643.0,565994970.4700916,4212890.27999958,52510.599999996084,1601651.999999898,59179.3399999909,181492203.08998454
157.0,117.0,506.0,320.0,445420804.00004077,2943382.8299997724,68246.19999999448,1427600.459999983,65622.76999999238,143103462.09999022
126.0,93.0,404.0,477.0,446324244.1100482,3548732.7199997627,64238.3699999959,1199958.83999988,54328.959999995146,143155107.90998736
343.0,82.0,387.0,288.0,422903637.83003265,2947680.009999796,57206.739999995734,1019453.8599998286,56770.359999995075,136041511.01998362
223.0,95.0,448.0,334.0,415923520.28002566,2938215.34999991,63630.76999999531,1138427.2499999322,58691.9099999932,133660809.62998655
318.0,156.0,359.0,267.0,535504000.8600392,2796240.4699999024,61507.95999999781,1869874.550000138,79493.16000000238,172258178.26998824
413.0,99.0,240.0,348.0,510492280.0100436,3076559.0099998037,51469.32999999852,1440858.4700000356,66355.03999999464,164215816.2099919
354.0,85.0,400.0,261.0,418229898.0800345,2760253.3999999333,58001.52999999595,1063724.3499998515,59325.029999995866,134600569.99998343
392.0,192.0,227.0,289.0,652113565.5900631,2977802.2999999407,56571.2699999972,2507035.7800000734,94039.25000000445,209732612.73998436
292.0,124.0,301.0,383.0,507748213.72005105,3243645.8299997877,55624.3999999963,1491426.6499999906,64917.55999999259,163150212.50998986
212.0,185.0,425.0,278.0,582129644.6300418,2792616.859999934,69338.97999999684,2356366.700000044,90312.82000000501,187094457.3700009
250.0,218.0,258.0,374.0,679724975.2400498,3163598.69999983,62172.80999999545,2768389.1000000513,97673.52000000938,218387471.8399935
261.0,228.0,269.0,342.0,681563214.3300432,3095013.0099999537,63437.33999999638,2802448.2899999926,99295.87000000617,218994645.35998905
225.0,441.0,294.0,140.0,997117988.6300346,2395248.369999862,81163.98999999314,5383527.010000315,172049.92999999554,320596169.1099835
454.0,326.0,217.0,103.0,831168350.1100196,2276117.2199999415,64238.83999999859,3975756.1299995678,138801.00999999978,267536568.50997216
201.0,513.0,262.0,124.0,1099435514.080021,2303473.5599999474,86001.25999998867,6175622.1000005575,192713.71999999313,353457846.16996825
173.0,339.0,480.0,108.0,793690977.6400316,2174752.539999924,85207.60999999309,4209909.769999756,143334.74000000407,255213630.40999556
237.0,465.0,310.0,88.0,1019127282.5600173,2202404.759999905,83126.73999999205,5619475.140000424,179945.67999998928,327725564.7099803
164.0,420.0,455.0,61.0,936866127.6500088,1980789.389999823,89783.28999999208,5274729.170000056,172983.91999998677,301280327.7099795
383.0,275.0,390.0,52.0,745060218.4100177,2008858.5099998722,71453.41999999854,3600875.5599996964,130238.61000000719,239857645.7299931
431.0,404.0,206.0,59.0,964523466.6800061,2178105.5099999118,67958.67999999813,4917004.030000009,162966.27999999293,310426399.659977
346.0,324.0,351.0,79.0,818007663.95003,2221086.259999915,72170.40999999826,4069775.7599995355,141131.94000000728,263222414.3299848
356.0,334.0,362.0,48.0,834328268.8400111,2033638.7899998627,75866.14999999655,4278469.939999502,148028.36999999397,268501326.94998676
701.0,117.0,140.0,142.0,532995518.49001575,2490671.9899999476,37991.230000000454,1438929.6700001894,72988.43999999964,171926031.44997236
832.0,78.0,94.0,96.0,477599711.88001037,2334019.9999999846,29770.840000001026,953792.2599998423,62653.62000000051,154286419.02997965
435.0,490.0,87.0,88.0,1122428845.2500193,2439061.9899999597,69476.7299999979,5941094.700000781,188391.11999999304,361093065.9999882
514.0,86.0,396.0,104.0,440939536.1900096,2159421.6099999733,54073.99999999785,1214112.069999945,69812.23999999878,142269441.11997855
456.0,76.0,91.0,477.0,531667417.05007637,3736529.499999717,40242.76999999976,1215311.039999908,55268.80999999414,170863503.4599836
279.0,314.0,215.0,292.0,824548201.2700719,3203930.5399999134,63874.229999996955,3737151.149999879,123770.5600000057,264978809.60997945
518.0,49.0,226.0,307.0,433865556.4100394,3066259.5999998664,41131.96999999974,745141.6999998869,49609.489999998426,139740152.1199823
469.0,300.0,53.0,278.0,849517508.7600689,3200543.9599999897,54266.56999999833,3686281.989999786,125055.23000000548,273212488.49996966
502.0,321.0,219.0,58.0,827171914.1000198,2210529.899999953,62162.17000000058,3904764.1499996525,137319.96999999767,266332305.02997452
413.0,263.0,180.0,244.0,784538192.8400466,2817238.9099999624,59184.819999997635,3447629.5999996583,120657.36000000495,252400022.79997867
393.0,231.0,238.0,238.0,677804329.5100482,2750211.9799999483,59261.939999998685,2756914.620000089,102858.05000000479,218062895.63998428
185.0,299.0,307.0,309.0,805869797.4300658,3059287.2999999765,71787.6699999913,3810878.8600000357,125366.58000001035,258899525.68998137
486.0,24.0,295.0,295.0,362312720.3700264,3062325.5799997435,46198.869999998,369564.4599999676,40821.44999999812,116699245.88998464
357.0,210.0,316.0,217.0,653448776.2800395,2679240.2299999795,61368.039999998255,2667302.4900000505,100395.89000000503,210215005.73999068
499.0,294.0,302.0,5.0,771043673.4799918,1902790.4999999085,64082.06000000069,3667072.499999549,132852.80000000718,248360363.03998804
566.0,27.0,502.0,5.0,299123375.209998,1711806.7100000032,55717.83999999814,446905.889999936,53047.78999999969,96814275.26998472
216.0,351.0,528.0,5.0,815404723.0099919,1705406.649999846,87898.72999998857,4514474.16999992,156370.41999998534,262353597.15999147
390.0,52.0,649.0,9.0,300106233.92999595,1614967.279999963,66086.14999999908,717598.969999933,59702.59999999857,96997090.02998345
210.0,28.0,512.0,350.0,325701417.37002,2965890.2799998582,63661.02999999351,540286.3000000069,42812.42999999805,104639507.14998412
306.0,41.0,746.0,7.0,237127123.480004,1494615.3900000053,75144.69999999812,513986.759999973,54677.02999999861,76666380.92999062
459.0,207.0,216.0,218.0,682857403.5100389,2786710.9200000106,54984.09999999828,2701423.1599999843,100921.56000000429,219723849.7899772
105.0,321.0,336.0,338.0,833518145.8200673,3048584.8999999394,78685.80999999237,4136087.639999939,133442.84000001228,267704217.10999265
468.0,189.0,221.0,222.0,655189174.7100512,2890737.399999951,55218.10999999808,2509273.3400002844,96395.46000000714,210819027.5999815
525.0,237.0,89.0,249.0,724262250.7300668,3027902.4899999783,49186.87999999891,2795863.1300000926,102385.70000000337,233052969.5599714
484.0,218.0,228.0,170.0,671409830.9900314,2661651.2799999416,55777.409999998796,2658203.390000133,101249.46000000357,216091565.14997694
571.0,232.0,96.0,201.0,756489909.9800392,2773252.3499998874,48697.38999999917,3050374.849999999,112249.51999999906,243552525.59996167
145.0,443.0,166.0,346.0,1062394635.6800853,3460982.53999998,76550.80999998997,5480848.620000462,168164.91000000716,341267812.0299827
118.0,324.0,377.0,281.0,788577770.7800606,2934047.2899999493,78723.72999999202,3882586.8199999765,128829.55000001492,253340352.0899958
136.0,373.0,155.0,436.0,952218777.3201154,3810328.449999915,71672.9399999911,4596787.3100003395,140580.17000000874,305699787.8599927
151.0,415.0,173.0,361.0,1031645973.0200878,3416674.5599999838,76486.46999999085,5296709.4900006605,161555.6199999999,331333525.5999984
94.0,331.0,337.0,338.0,789587645.4000639,3108987.6499999855,76104.4299999931,3788865.4199999203,123473.74000001229,253570883.1499906
213.0,292.0,297.0,298.0,800782144.5900669,3094222.559999967,72173.48999999482,3751230.3499999386,125977.02000001179,257332657.77999228
95.0,322.0,341.0,342.0,799812879.1300682,3097639.699999916,78752.36999999228,3891510.4300000104,127925.9700000161,256896735.46999598
102.0,360.0,270.0,368.0,829366965.2600696,3275434.9699999294,74922.95999999465,3970290.410000017,126938.37000001306,266326104.21998805
97.0,342.0,349.0,312.0,796103561.820085,3110189.3800000004,77843.87999998916,3873581.159999965,126600.79000002076,255697911.61000305
107.0,363.0,284.0,346.0,872270662.6800717,3276983.5399999158,76719.36999999314,4299841.189999872,137575.63000001275,280132916.98998654
237.0,324.0,243.0,296.0,870780514.0700319,2898627.159999936,69954.31999999682,4220571.239999983,137776.42000001087,279882014.2599884
222.0,292.0,309.0,277.0,782761116.9300622,2878761.540000016,72748.75999999561,3714504.9100000197,124602.0800000111,251539350.98999548
233.0,305.0,238.0,324.0,818373744.5600562,3049802.0299999686,69890.37999999512,3843874.249999865,126470.24000000746,262970309.51998258
240.0,315.0,246.0,299.0,793908657.5300394,2980924.620000011,66473.8899999962,3623678.009999859,121560.09000000908,255171810.4699897
167.0,139.0,275.0,519.0,555830927.8100802,3853567.2199996472,58280.81999999493,1732939.6199999005,66151.25999999058,178336419.61998874
166.0,139.0,275.0,520.0,542811685.3900698,3796512.8999996963,59073.109999995395,1705583.0199999472,65400.229999990006,174165440.46999493
96.0,548.0,158.0,298.0,1188868831.4500957,3290680.9100000765,85044.5999999871,6544525.230001027,195149.55999999732,381866381.29998684
163.0,136.0,294.0,507.0,554707425.0000799,3668325.9399996777,59013.24999999317,1788188.739999957,67410.51999999126,177982500.91999555
162.0,135.0,267.0,536.0,553259163.3800952,4162656.109999522,58303.99999999369,1639109.7499998878,62338.45999998956,177423870.11999092
93.0,531.0,168.0,308.0,1196021053.7300546,3222886.350000081,84059.02999998852,6580144.530000784,196207.57999999233,384172839.9199901
157.0,132.0,286.0,525.0,550792225.0700619,3839150.779999637,59464.6799999946,1718627.819999977,66406.91999999108,176724085.9699929
94.0,539.0,155.0,312.0,1178458305.3800917,3342468.15000015,83108.41999998751,6442038.780001004,192842.0799999913,378505507.3599799
94.0,541.0,171.0,294.0,1179221194.3500845,3199125.510000147,86238.20999998633,6535464.820001045,197376.349999999,378802782.4899872
92.0,532.0,168.0,308.0,1174698413.860083,3145103.2400000067,85847.75999998968,6508101.140000742,195029.10000000082,377313133.69999284
346.0,331.0,404.0,19.0,774853753.8500054,1834475.5199998834,77022.51999999685,3969306.5999995847,140278.95000000452,249419685.3599958
346.0,331.0,404.0,19.0,827336054.9900068,1877809.5999998292,76152.58999999524,4273792.959999491,149704.35999999757,266321542.96998268
374.0,270.0,436.0,20.0,662563862.1900012,1825822.4499999254,73505.59999999806,3154242.579999873,120542.15000000941,213384354.80999666
342.0,327.0,413.0,18.0,775756463.4800072,1816017.9599998994,76358.18999999676,3943320.2599995853,139742.30000000275,249744285.73998192
341.0,326.0,397.0,36.0,775656056.5699953,1905125.3299998813,78100.80999999576,3966818.9699996593,139986.91000000093,249654065.8399874
363.0,262.0,437.0,38.0,635279340.0100007,1941337.899999909,71889.18999999722,2905910.0599999684,113612.08000000777,204597041.90999347
336.0,322.0,406.0,36.0,766719890.9600067,1951805.699999882,76260.70999999651,3869639.7599994875,138105.30000000363,246791498.55999556
367.0,265.0,429.0,39.0,675482994.8099958,1922327.9899999262,70745.21999999916,3167494.519999742,120318.64000000402,217532999.35998693
368.0,266.0,446.0,20.0,655826830.7500048,1824510.2699999306,73176.77999999822,3105635.599999881,119159.80000000757,211217549.87999797
362.0,262.0,438.0,38.0,679523910.2700018,1900081.1299999442,73685.42999999682,3259353.8299998087,122080.76000001385,218790121.54000062
475.0,203.0,17.0,405.0,732234925.1700684,3534633.8499999447,43492.84000000022,2621836.590000173,93357.0499999982,235412671.85997084
474.0,203.0,18.0,405.0,755122859.8000811,3594885.809999957,44846.67000000041,2784130.9800002277,97384.44999999841,242780294.2399622
513.0,131.0,19.0,437.0,613143708.2000787,3714312.899999721,36538.98000000128,1672257.0700001318,67913.17999999397,197170032.22997168
469.0,200.0,31.0,400.0,726779126.2500594,3536385.2699998426,45301.82999999848,2638907.080000062,94124.13000000031,233673965.39997306
607.0,259.0,23.0,211.0,802533187.0200356,2911796.850000021,45182.32999999964,3228591.7699998324,115573.71999999532,258352321.99996144
659.0,168.0,44.0,229.0,648010177.3900361,2884955.849999942,38435.30000000079,2104478.9500003727,85908.30999999703,208704260.93997407
597.0,255.0,40.0,208.0,752216965.6400262,2831628.1199999787,44066.970000000365,2916580.4299999992,105944.12999999795,242164893.75996515
670.0,171.0,25.0,234.0,667889224.3300424,3045025.289999941,37850.42000000052,2190621.670000366,88242.4800000011,215103241.60996136
505.0,129.0,34.0,432.0,602661621.4600682,3670233.399999685,38753.3700000007,1685591.8000000494,67317.02999999271,193731032.4599748
658.0,168.0,44.0,230.0,634164611.9100462,3019187.939999966,37068.770000001874,1934201.2100002924,81934.56999999777,204275938.97997767
218.0,460.0,275.0,147.0,1073350869.0100274,2628387.5400000094,83079.63999998929,5889519.940000464,185441.19999999602,345046799.7699893
217.0,460.0,275.0,148.0,1041897328.8300385,2463496.040000016,80496.95999999253,5658065.620000475,178219.0599999958,334967565.7599779
235.0,409.0,297.0,159.0,926882835.0000124,2478270.3599999375,79734.02999999428,4884286.91000005,158884.76999999516,298006917.759994
215.0,454.0,285.0,146.0,1015245810.6500288,2496941.7199999834,82129.97999999265,5514501.230000194,174891.83999999528,326361038.87997776
174.0,368.0,220.0,338.0,943673119.2400658,3252289.840000104,74875.5599999936,4739628.280000264,149014.19000000303,303145951.96998686
183.0,318.0,243.0,356.0,877412672.3200637,3152999.259999987,71669.67999999349,4240159.749999982,135059.5400000083,281857260.28998303
172.0,364.0,229.0,335.0,870662173.1000712,3259790.249999909,71274.10999999338,4189926.1900000307,133619.01000001334,279675099.37999755
184.0,322.0,234.0,360.0,847153940.8800707,3113734.8199999477,72371.87999999475,4077046.6999997986,131994.08000000514,272164692.5499808
231.0,404.0,308.0,157.0,891113608.5200373,2463185.5899999687,79009.44999999298,4642965.45000005,152527.32000000036,286505197.95999044
182.0,319.0,243.0,356.0,841086012.9800861,3368859.649999876,70371.14999999583,3963366.8099998664,129685.95000001478,270171590.1699832
174.0,156.0,530.0,240.0,490636441.0300325,2575654.899999962,74465.13999999376,1908068.9200001121,80390.37000000537,157718288.8199961
173.0,157.0,530.0,240.0,476787456.74003124,2595062.0900000236,73868.01999999523,1821926.4500000586,78460.30000000178,153260674.56999734
132.0,382.0,404.0,182.0,846888514.1800519,2408722.7699999204,84354.83999999355,4454680.100000017,146495.92000000426,272226439.6299984
281.0,254.0,176.0,389.0,761454227.2200917,3511997.4899998805,59086.40999999711,3145148.3499999833,106770.63000000306,244653753.90997636
171.0,154.0,520.0,255.0,490882850.6600262,2616987.929999969,75390.28999999454,1914861.280000119,81306.64000000071,157787172.5699945
183.0,528.0,115.0,274.0,1213028004.3400922,3169586.3200001903,80846.04999998632,6630518.850001222,198614.3399999972,389739563.8799865
272.0,247.0,171.0,410.0,756834188.1100966,3724613.3099997006,61111.71999999617,3117875.640000134,105817.15000001146,243084597.17998278
130.0,377.0,398.0,195.0,883327428.8500473,2645742.6199999815,84003.61999999048,4673838.95000012,153321.16000000134,283872048.79999053
185.0,540.0,117.0,258.0,1221953648.900102,3449572.4900000542,83294.08999998985,6692839.470001592,205019.77999999977,392632563.87999153
182.0,529.0,115.0,274.0,1172621048.2800553,3053616.0400000284,77529.87999999267,6326841.760000886,189192.72999999605,376792342.9500035
304.0,293.0,156.0,347.0,801831097.2900919,3404758.7399998074,60702.3099999971,3472416.4400000675,115594.14000000889,257663039.44997823
304.0,293.0,156.0,347.0,811226858.0700731,3183504.189999963,62168.79999999704,3599043.8199999756,120258.6400000087,260738020.52998337
354.0,160.0,182.0,404.0,590172056.6000634,3465561.329999823,50594.20999999595,1857902.3700001228,73491.65999999507,189669617.29998627
277.0,267.0,239.0,317.0,716222413.390058,3134075.739999912,62437.56999999805,3017308.339999996,105593.87000000538,230183590.21998692
301.0,289.0,154.0,356.0,820928037.1800783,3427075.5399999917,62660.85999999666,3652260.8999998798,120988.20000000566,263792636.59997204
314.0,142.0,271.0,373.0,540152868.3400422,3241654.8899998115,57044.44999999598,1727027.0699999994,71420.7699999956,173589643.1899927
274.0,264.0,236.0,326.0,748932987.0200607,3175009.9099999177,63247.879999996905,3249579.319999998,111485.30000000572,240678944.83998272
349.0,158.0,179.0,414.0,600008880.0600598,3390474.5399998445,50967.79999999694,1971069.4700001702,76163.1599999981,192813687.44998527
318.0,144.0,274.0,364.0,570481184.2300513,3220979.359999871,58628.61999999612,1948901.64000007,77556.26999999875,183344874.2499907
314.0,142.0,271.0,373.0,573768701.7100327,3218708.1799998735,57233.549999997325,1962102.7900000443,76879.10999999728,184359345.02998668
434.0,15.0,523.0,128.0,291175469.2500014,2170363.0300000347,56932.16999999683,336435.1499999649,45732.52999999899,94001056.69998801
434.0,15.0,523.0,128.0,274835939.8099992,2231055.340000007,58799.53999999668,233135.9899999795,42817.579999999245,88724813.39998722
408.0,82.0,490.0,120.0,398807676.74001145,2117092.9200000092,60945.88999999841,1123336.0099999183,66339.79999999703,128605683.23998253
518.0,18.0,412.0,152.0,313448919.1900033,2390703.87000001,50134.209999998355,290634.16999997507,42810.47000000032,101163064.67998709
314.0,11.0,377.0,398.0,332035323.74001276,3202363.179999849,51326.51999999647,261596.2199999875,34097.70000000075,106728294.05998768
336.0,68.0,268.0,428.0,429972143.5900443,3556796.0699997596,51581.92999999701,818269.4799998839,47244.78999999619,138140443.70997873
354.0,12.0,283.0,451.0,347963300.0100262,3421136.4199996428,47574.899999997375,241219.7199999869,32814.920000001024,111841129.22998294
299.0,60.0,360.0,381.0,399887649.86003727,3059176.8699998525,57865.63999999568,859891.839999892,50254.169999994534,128521519.49998458
479.0,97.0,383.0,141.0,453117739.5900054,2270872.5000000186,54312.00999999957,1329702.15000005,70186.39999999889,146055125.6299811
336.0,68.0,268.0,428.0,453462982.8700527,3441005.4799997653,51189.35999999649,995332.7999998413,50574.32999999401,145662459.48998734
38.0,411.0,126.0,525.0,1041888662.5501598,4455440.700000041,77052.41999998974,5170257.2200006405,153969.7900000112,334326937.409986
37.0,412.0,126.0,525.0,992965896.2201363,4079950.4499996705,73127.19999999108,4835859.1300005885,142563.87000000983,318607536.7200137
36.0,454.0,118.0,492.0,1079260139.6701217,3874290.209999963,76438.95999998978,5541687.650000769,162800.08000000493,346406059.50999004
24.0,264.0,476.0,336.0,694962417.6500549,2906134.119999977,81979.55999999252,3338595.4800000796,113042.59000001391,223106365.0000112
57.0,619.0,190.0,234.0,1265394786.6600661,3112904.240000079,94162.08999998104,7279952.320001177,218470.56999998726,406492457.8499765
29.0,375.0,575.0,121.0,805723928.4000257,2126064.0899999347,96094.59999999373,4511905.209999908,150186.4700000079,258959906.04001063
30.0,336.0,607.0,127.0,714731684.9200252,2096269.4799998812,95050.6899999928,3915072.2999997963,136259.52000001838,229713345.38001534
50.0,664.0,173.0,213.0,1363079061.5800576,2982317.310000062,94506.43999998368,7973716.7200013185,235892.0499999874,437896742.459973
22.0,298.0,457.0,323.0,739811281.1300852,3085155.3299999954,83023.53999998716,3635046.980000084,121128.00000002074,237512434.3899945
28.0,375.0,576.0,121.0,809547725.8100152,2085806.9299999052,96695.39999999407,4552792.849999884,152159.5300000004,260174795.13001743
22.0,191.0,306.0,581.0,631927898.2000871,3740215.0199997006,69831.36999999403,2505175.2600000785,85036.07000000683,202638131.039996
379.0,128.0,205.0,388.0,546103398.5600452,3361811.629999811,49620.18999999708,1604247.830000007,67610.83999999493,175561508.5299874
17.0,382.0,242.0,459.0,940698720.4101084,3506827.069999921,78537.85999999155,4764023.370000439,145712.63000000705,301935551.97999245
21.0,188.0,320.0,571.0,628951348.4800837,3919208.0799995884,69078.9899999921,2422362.8399999985,82416.94999999824,201651768.64999536
41.0,364.0,584.0,111.0,757933845.6600307,2091880.409999885,94794.88999998961,4196340.19999981,143894.54000000673,243629612.2300121
27.0,599.0,402.0,72.0,1188949043.1100104,2064247.0599997297,103216.2299999845,7188005.650000523,221433.06999997346,382120189.6399602
546.0,184.0,313.0,57.0,584574901.4000207,2098148.700000023,55943.659999998934,2236358.3800002574,95012.80000000405,188426766.59999183
440.0,376.0,238.0,46.0,900332359.8800083,2101506.7499998747,68500.7600000008,4558026.469999859,154207.52999999863,289786963.12997395
318.0,272.0,183.0,327.0,801996792.2800726,3242378.6799999806,63208.07999999542,3559168.770000069,118578.99000000725,257732978.05998042
435.0,371.0,249.0,45.0,915087905.5000234,2123083.549999887,66793.28999999883,4606114.029999993,154989.53999999576,294542000.43997943
222.0,327.0,399.0,152.0,773641112.8300453,2365275.079999905,79846.11999999659,3895791.6799998623,134314.78000001534,248775661.0899992
154.0,352.0,430.0,164.0,812861057.2600377,2443256.879999996,83593.91999999249,4221666.889999747,141101.8800000095,261276940.72999954
283.0,117.0,507.0,193.0,450806962.29002094,2379919.14999996,67224.79999999591,1543476.9600000964,73485.81000000003,145084375.6299878
220.0,324.0,406.0,150.0,759907165.3900371,2409528.67999995,77126.20999999461,3759110.179999858,130763.63000001226,244375183.39999384
205.0,301.0,368.0,226.0,755548688.2000691,2856445.6599999317,75034.36999999506,3589400.84999996,122716.88000001626,242837513.80999824
252.0,104.0,466.0,278.0,453756900.900031,2733587.939999953,66805.70999999541,1477507.8900000372,69762.76999999562,145935150.13998613
140.0,320.0,401.0,239.0,804404399.6400548,2754212.689999965,82986.72999998814,4110910.2699998976,138691.18000001804,258484206.7999972
179.0,115.0,499.0,307.0,457302322.7000365,2924529.109999862,69627.36999999397,1509669.0199999623,68845.06999999633,146950057.109987
197.0,127.0,566.0,210.0,420273606.790029,2362175.149999939,72561.92999999622,1466617.4800000614,71287.73999999909,135185446.10998693
177.0,113.0,507.0,303.0,455988284.950031,2833095.209999977,67972.85999999619,1496846.7900000117,68428.27999999537,146551372.07998705
526.0,23.0,138.0,413.0,418091842.6100242,3261072.40999985,35157.43000000084,458555.9899999567,40683.319999997184,134640249.23997846
108.0,40.0,239.0,713.0,417944856.130072,4482593.17999951,50099.48999999371,544751.9700000444,29657.789999999768,133767836.0899871
415.0,249.0,110.0,326.0,774467887.3500756,3285661.7899998575,55735.469999995934,3210349.1199999847,110885.61000000533,249009096.24997464
517.0,23.0,154.0,406.0,436388575.6800552,3584460.7799996855,37122.040000000976,557147.5999999437,40472.59999999693,140376088.2699832
463.0,20.0,122.0,495.0,405417118.5100469,3677264.859999611,36062.76000000097,325251.66999998526,32936.499999997686,130346296.84998147
371.0,222.0,111.0,396.0,771949363.7600753,3511312.189999965,54211.77999999951,3118864.209999864,105602.7200000029,248096483.15996975
85.0,31.0,215.0,769.0,423130536.6700828,4732373.079999646,48756.16999999522,499007.83000007475,25851.230000000047,135325617.19998506
64.0,322.0,141.0,573.0,888086981.8001325,4138656.9999997225,68213.50999999426,4051956.5300003476,122751.14000000962,284931566.32998717
72.0,367.0,182.0,479.0,937826881.5901209,3895269.389999808,74034.47999998929,4558144.700000281,139865.1800000143,301024123.5099869
63.0,316.0,157.0,564.0,893713387.430107,4045245.379999712,70873.70999998966,4160530.5700002797,126859.0800000167,286776316.4399871
190.0,359.0,474.0,77.0,810441383.7600228,1961700.5999998718,86747.99999999323,4376264.039999702,149183.41999999952,260666734.5199971
335.0,302.0,399.0,64.0,751079214.9200191,1983014.329999926,74937.149999997,3731345.049999751,134122.8100000061,241761914.24999797
150.0,515.0,375.0,60.0,1109071098.5700207,2028435.3399997775,93464.86999998632,6448506.100000695,202503.99999998603,356578058.8399615
187.0,353.0,485.0,75.0,736541946.3200178,1945773.6099998713,84513.09999999503,3867242.3999997033,136709.04000001185,236934049.44000432
167.0,316.0,418.0,199.0,771514492.3100421,2524572.880000019,78433.69999999461,3859020.749999989,130396.91000001485,247975821.65999296
134.0,459.0,347.0,160.0,1000664153.900038,2536979.550000037,87081.22999998931,5512891.400000439,173568.41999999227,321597988.2399884
297.0,267.0,367.0,169.0,698187226.4100456,2597179.6199999796,69739.05999999473,3167382.939999849,114271.18000001198,224561489.1399885
250.0,410.0,298.0,142.0,986627736.3300251,2266412.6599998497,80777.2899999953,5338402.450000297,171962.8599999868,317253662.7999773
270.0,443.0,335.0,52.0,989133892.140023,2065415.7199997741,84156.33999999227,5466214.610000134,179274.47999998846,318169291.01997375
248.0,405.0,306.0,141.0,934823231.4800338,2422299.659999967,79348.4599999943,4939624.820000134,160316.08000000328,300570743.87999254
274.0,107.0,558.0,161.0,403285689.0100177,2126502.6799999895,72737.23999999741,1395471.80000002,72162.3900000024,129851844.54998504
406.0,90.0,469.0,135.0,423540922.7300206,2263904.020000011,62008.74999999703,1268615.829999972,68257.70999999785,136469709.72998247
216.0,316.0,441.0,127.0,793971228.4600393,2312476.039999899,79958.28999999471,4057683.9299997245,138744.7500000048,255325092.40999287
490.0,192.0,130.0,288.0,651298881.7100515,3125610.4599999525,49506.75999999881,2301683.3700001915,89093.37000000072,209544625.9399734
190.0,74.0,387.0,449.0,411019530.7700546,3463087.6599996854,59967.79999999509,921189.7799998806,49042.64999999495,131926994.59998678
216.0,316.0,57.0,511.0,856250301.200109,4197006.6699996535,57791.34999999616,3613186.610000186,111730.0000000046,274858939.2899738
406.0,90.0,61.0,543.0,549666713.750083,4202462.499999529,39915.82999999994,1231891.2599999069,52503.17999999185,176491978.65997908
254.0,211.0,294.0,341.0,642059277.8400588,3249565.5499998294,61589.53999999635,2484629.670000104,91894.87000000651,206336251.92999712
476.0,394.0,72.0,158.0,982368518.8400478,2698276.3799999324,60007.649999998706,4751616.469999963,156045.08,316088714.16998494
331.0,275.0,50.0,444.0,829766012.9800913,3766629.3299998124,54208.84999999628,3441955.410000027,111782.64000000406,266548553.53996646
379.0,275.0,138.0,308.0,798749186.2200497,3011160.8300000173,57491.39999999856,3480868.889999797,118424.73000000522,256810038.6999799
123.0,372.0,187.0,418.0,923653922.3900728,3549352.3199998965,72057.73999999349,4481482.840000178,139141.3200000086,296590374.8499851
482.0,50.0,176.0,392.0,441344662.64005303,3451815.5999997235,40254.06999999873,667739.3599999028,44207.779999994695,141967808.2499826
342.0,249.0,230.0,279.0,717299561.0500507,3021587.6100000106,61043.64999999901,3003190.18999998,107336.35000000738,230664029.1099831
423.0,307.0,154.0,216.0,798369760.7500436,2784468.0499999714,56357.37999999825,3482823.4999998976,120269.53000000346,256857212.4499767
482.0,50.0,323.0,245.0,389892593.6400198,2690707.6799999387,47876.24999999766,684688.6599998862,50427.57999999765,125645803.7799818
123.0,372.0,344.0,261.0,881701387.4300749,2927089.3499999503,78852.01999999264,4485398.210000169,144200.57000000848,283281935.0799998
217.0,94.0,329.0,460.0,469863255.8000595,3700411.0399996247,56943.84999999398,1191466.059999829,53860.199999992656,150766391.4099877
144.0,63.0,403.0,490.0,402185531.4300455,3565234.179999698,59958.02999999338,830530.6999998585,45115.88999999514,129010830.96998452
173.0,75.0,484.0,368.0,393361044.4100346,3111429.33999985,66101.40999999476,986138.539999903,54165.739999994235,126350675.12998532
338.0,211.0,299.0,252.0,677385333.9400538,2814291.239999984,63850.06999999795,2867028.8100000136,104834.93000000672,217824478.7199953
264.0,231.0,328.0,277.0,664242856.2600466,2986745.719999953,67895.11999999503,2807825.4099999997,101194.87000000743,213459911.3299955
349.0,183.0,308.0,260.0,613054564.440042,2795036.4499999336,61857.43999999739,2400004.14000017,93231.15000000781,197182561.49999642
378.0,235.0,206.0,281.0,672556411.5700451,3101721.0899999077,54802.9499999983,2566844.790000039,95711.52999999958,216293477.09998304
389.0,242.0,344.0,125.0,715807478.0600252,2221305.4499999275,66105.71999999929,3267963.819999834,120100.68000000613,230429463.68998918
460.0,241.0,251.0,148.0,709513694.8600236,2426867.0899999915,60924.109999997294,3063193.629999989,113060.79000000794,228376381.4699836
356.0,311.0,272.0,161.0,805074776.1700373,2529726.7799999216,65862.24999999836,3774834.709999812,130800.80000000614,259030469.4099855
321.0,236.0,398.0,145.0,672030798.8100252,2322817.479999978,70444.51999999839,3055649.0999998697,113417.77000000648,216235758.14998937
310.0,228.0,238.0,324.0,732208561.2100543,3040599.1299998793,62183.569999998224,3115046.9600000186,109160.91000000425,235378927.0999763
372.0,274.0,285.0,169.0,753960200.4500415,2562088.8299999908,66173.61999999773,3446217.469999895,121436.70000000732,242552414.85998568
81.0,468.0,42.0,509.0,1102248885.4701371,4178181.9599998402,71714.7599999903,5521400.980000902,160851.93000000855,353789461.9900059
361.0,340.0,30.0,369.0,964863778.6300889,3526130.139999924,58189.97999999794,4460578.4700002335,140463.03000000425,310078093.23999584
84.0,448.0,43.0,525.0,1072321247.1101292,4063716.35999981,69829.37999999411,5320774.820000636,156146.39000000388,344161724.11999834
59.0,343.0,324.0,374.0,854269946.3200955,3292011.7399998973,77642.97999999204,4217610.720000037,133978.24000001658,274282988.7199915
93.0,538.0,48.0,421.0,1252283371.4100997,3824276.4800000587,78946.14999998825,6727171.7300013,195116.11000000293,402113449.7200109
67.0,361.0,367.0,305.0,845345776.7000557,2944285.949999967,82650.07999999063,4323115.950000055,138682.09000000975,271501094.4100007
309.0,290.0,274.0,227.0,798417866.8200427,2715828.769999993,70048.5599999953,3770589.49999989,128214.0700000073,256736613.9599885
409.0,357.0,34.0,300.0,944754973.8600672,3368440.169999951,57338.85999999863,4331614.709999956,139619.5500000025,303706987.60998523
291.0,254.0,258.0,297.0,710676122.9600546,2957309.4799999218,65439.809999996665,3064788.650000005,107825.75000000489,228434486.97998652
315.0,275.0,279.0,231.0,736726774.85005,2711462.200000008,68464.82999999812,3364963.759999896,119025.09000001181,236918693.2599984
160.0,70.0,377.0,493.0,421997908.3600471,3429865.3199998233,59793.5699999944,973225.1099998604,49275.09999999395,135414855.82998317
196.0,68.0,363.0,473.0,417669754.09005105,3541264.1199996285,58841.5699999941,910245.1299998433,48394.75999999512,134057725.37998326
104.0,430.0,246.0,320.0,986567286.3700805,3072947.0699999877,80203.4299999905,5172923.950000433,159954.7700000027,316891786.13999486
233.0,102.0,49.0,716.0,592534968.5501204,4823851.30999968,43202.559999998426,1464581.5499998569,51704.11999999148,189928769.74998647
139.0,61.0,329.0,571.0,429096468.28005636,3747356.0399996755,58925.809999994104,930163.5799998551,45507.62999999365,137564281.37998995
117.0,482.0,24.0,477.0,1181755247.730123,4004147.760000104,73903.60999999102,6106286.000001251,178427.53999999943,379410020.1800137
233.0,81.0,38.0,748.0,539700217.3301057,4736041.22999964,39603.20000000047,1059150.7299997674,40707.15999999373,172933346.06998387
118.0,383.0,219.0,380.0,928700245.6700829,3456159.4799999264,73028.85999999545,4561313.340000185,140753.75000000605,298198505.2599944
161.0,523.0,26.0,390.0,1200836610.3701174,3670533.12999995,74146.51999999197,6304148.0900009945,184760.63999999955,385656404.9800087
144.0,468.0,24.0,464.0,1138673448.2101257,4106462.019999979,72188.36999999294,5787336.220000999,170413.95000000016,365567321.5099999
524.0,434.0,13.0,129.0,1047370549.260044,2645068.289999993,57652.13000000045,5142730.250000606,165938.7699999987,337014433.7599934
546.0,417.0,13.0,124.0,1059007936.420033,2581512.43000002,58542.54000000082,5271689.850000596,169593.34000000113,340766822.9899837
599.0,339.0,15.0,147.0,844672436.2500347,2700847.5699999244,47546.07000000059,3627761.629999652,127363.62999999657,271944134.8899558
388.0,322.0,295.0,95.0,820076765.4300406,2314488.9299999527,69577.81999999873,4018761.169999579,139787.53000000695,263891280.6899833
457.0,378.0,12.0,253.0,1018293500.6000514,3060668.150000031,58262.1899999997,4911791.610000406,156489.40999999963,327468748.4299976
382.0,216.0,290.0,212.0,671152299.0900345,2831011.7800000026,62279.03999999824,2765090.020000119,103215.48000000438,215895657.26998585
370.0,283.0,258.0,189.0,779191632.7400378,2507107.3599999696,65242.42999999785,3611355.9599998053,125156.5100000057,250660394.90998763
534.0,279.0,13.0,274.0,830821283.4000635,3221254.9600000186,47050.26999999961,3396930.629999797,115987.05999999937,267241734.45996413
449.0,235.0,314.0,102.0,699752881.1900144,2192456.219999919,65135.88999999965,3136063.4799997606,116775.92000000781,225294290.00998387
402.0,210.0,282.0,206.0,689197001.9200219,2650862.9599999366,63770.839999998265,2956300.6699999413,108934.12000000791,221723947.66998714
354.0,127.0,281.0,338.0,543802111.0600358,3067691.1399999037,55789.33999999765,1755701.4400000458,74147.49000000021,174862707.45998806
227.0,148.0,329.0,396.0,573335920.3200572,3299574.9499997855,61148.14999999502,2020384.8500000006,78120.60000000143,184150917.8499893
378.0,61.0,300.0,361.0,425450993.59003705,3250993.599999707,49410.609999996836,829666.8499998539,49268.78999999514,136792793.4799837
420.0,150.0,128.0,402.0,611493632.1200678,3363683.409999832,48141.909999997675,1976443.1800002826,77722.52999999617,196586682.92997694
477.0,171.0,378.0,74.0,554674826.7600193,2175425.4899999555,60205.61999999864,2103406.6200003535,90794.71000000219,178726402.17998502
678.0,110.0,207.0,105.0,517379443.0000154,2408222.509999998,41689.1699999989,1431573.6600002383,74324.76999999912,166898709.3499797
441.0,289.0,246.0,124.0,781897303.2200302,2404121.280000044,63918.69000000027,3622574.8899995657,127651.98000000296,251633967.83997506
363.0,108.0,527.0,102.0,410116472.0100135,2014619.2200000153,69381.84999999769,1404210.3600000793,73445.65000000178,132155433.51998204
305.0,91.0,170.0,534.0,511554501.0400814,4011131.4799995893,45164.00999999685,1133104.7499998221,49840.32999999244,164173218.1099848
515.0,153.0,287.0,145.0,579452469.0000142,2491992.169999964,55134.51999999914,2084964.290000319,88309.90000000293,186633069.339983
257.0,463.0,147.0,233.0,1081247446.280045,2848009.9000001615,74408.78999999505,5690831.220000532,176573.3899999909,347541942.49998635
21.0,592.0,188.0,299.0,1239815410.0400972,3295055.030000095,92571.099999986,7058690.240001014,211247.54999999268,398183890.2099737
283.0,397.0,162.0,258.0,946345081.5900578,3013922.0000000233,69342.50999999362,4683714.170000205,150435.44000000638,304195987.35998034
203.0,367.0,345.0,185.0,865551833.3500352,2449639.0699999463,77308.72999999461,4451872.380000037,146818.47000000812,278282338.679998
231.0,417.0,132.0,320.0,1023600667.3500824,3445761.1100000194,71165.0099999948,5128496.260000539,158530.3300000027,328855919.8899853
201.0,281.0,340.0,278.0,735320391.1900591,3105392.8399999607,70931.60999999437,3320430.900000001,114882.95000001194,236283501.87000287
14.0,401.0,377.0,308.0,899612227.9300728,2792750.1000000252,87967.64999998927,4839781.0500001805,151876.37000000154,288924564.05000246
21.0,450.0,184.0,445.0,1074801456.8301127,3659679.299999927,80363.71999999069,5608076.50000055,166535.8399999978,345009389.1700053
17.0,379.0,458.0,246.0,846701693.5700693,2645478.739999958,89098.6799999897,4539180.6899999855,146420.62000000867,271962258.8700052
16.0,339.0,410.0,335.0,763663775.0500579,3056788.279999913,82851.32999999213,3757026.1900000386,122446.47000001962,245157882.4400071
301.0,411.0,125.0,263.0,982824903.6600764,3105693.1100000557,67214.22999999792,4841461.78000016,153661.46,315914995.3599768
159.0,484.0,147.0,310.0,1134456744.2900882,3390445.8000000417,79006.03999999046,6030956.550000873,180219.19000000483,364394459.99999285
241.0,547.0,101.0,211.0,1197533094.540045,2907999.9700000044,76975.09999999509,6513983.880000656,199006.31000000003,384931505.0599815
246.0,337.0,301.0,216.0,818050930.6700566,2708128.049999988,72630.18999999297,3983112.119999942,133723.91000001185,262997868.9899875
385.0,527.0,161.0,27.0,1172804066.2800095,2129331.2999998,76841.2899999959,6462543.620000667,203159.00999999497,377304303.06997377
241.0,547.0,295.0,17.0,1124455325.8999991,1934859.5299998093,87453.24999999361,6444152.480000487,202961.29999998814,361670994.0199851
159.0,484.0,432.0,25.0,1031610795.670007,1870535.5699997873,92873.02999998607,5986857.7600006,193349.4699999823,331756234.0199798
155.0,778.0,143.0,24.0,1513419884.8700314,2108673.26999974,99134.52999998002,9188049.350001132,272370.7099999957,486523003.419952
103.0,518.0,279.0,200.0,1161299411.740041,2573245.0500000124,89906.79999998824,6617022.200000916,200181.86999999115,373174220.57998216
124.0,622.0,335.0,19.0,1254117913.4500241,1888159.3499997666,97985.39999998688,7531961.070000933,230095.41999996614,403207271.6599464
285.0,328.0,217.0,270.0,841079255.8200847,3192494.8699999372,66653.74999999658,3902153.4499998903,129314.96000000915,270330944.92997324
235.0,348.0,230.0,287.0,848646974.8700478,2995953.409999959,71101.46999999379,4085401.139999796,133879.79000000967,272723172.06997925
361.0,121.0,275.0,343.0,510950498.4000477,3108354.7099998007,53605.909999997704,1486297.27,67142.2799999957,164323787.6299854
263.0,302.0,286.0,249.0,777074549.2800614,2845695.530000008,69246.5499999973,3603386.579999883,123334.0500000075,249801887.13999128
312.0,358.0,237.0,193.0,840262186.0000329,2695754.399999973,68141.20999999833,4033299.629999675,135181.0400000052,270208838.539983
361.0,121.0,394.0,224.0,477788462.3800363,2870882.169999864,59769.009999995134,1456787.5699999854,68615.79999999671,153707614.71999183
234.0,348.0,330.0,188.0,899929563.1300398,2639951.5100000394,77087.7499999972,4618391.300000031,150661.58000000258,289298791.7899911
342.0,148.0,336.0,274.0,536550017.3600521,2800660.699999996,58556.16999999622,1836601.7500001537,77464.86999999863,172556933.73998636
271.0,117.0,381.0,331.0,481230661.2300424,3048810.369999888,61558.82999999632,1488256.2000000332,67095.54999999284,154678263.7599894
303.0,130.0,425.0,242.0,510318078.69003004,2704102.9799999236,62713.279999996244,1763072.280000069,76619.47000000143,164132024.21999627
519.0,193.0,343.0,45.0,591732883.6699969,2020055.429999945,58476.25999999975,2356744.0000002873,99370.10000000424,190720358.2499873
634.0,155.0,275.0,36.0,559255256.420002,2022570.8699999335,50534.36999999933,1971946.3400004783,90294.16000000434,180402886.1299866
610.0,33.0,404.0,53.0,343146771.53000194,1948945.7399999788,49892.679999999535,556292.369999914,54332.349999999424,110940961.53998512
629.0,235.0,181.0,55.0,718928782.7300144,2233918.5200000135,51514.42999999999,2960847.2699998934,114225.23000000163,231683972.05996922
330.0,123.0,218.0,429.0,537672287.3200679,3451564.5099997954,52945.83999999652,1570018.600000064,66890.51999999153,172780566.43998578
416.0,22.0,120.0,542.0,422382740.9100515,3912240.789999647,37577.759999999806,415603.7099999911,33382.069999997555,135683040.6999849
480.0,118.0,91.0,411.0,569013352.4500432,3471211.1299997936,38780.100000000886,1481821.0700000697,65093.729999993215,183037055.03997815
473.0,17.0,206.0,404.0,383988682.8900236,3379194.299999795,40090.26000000002,314831.13999997516,36111.5099999982,123575330.55998042
858.0,31.0,162.0,49.0,402031449.0900095,2208994.130000025,28496.540000000885,422859.96999989555,50913.729999999705,130098752.97997874
529.0,19.0,100.0,452.0,423742666.26005286,3731893.9799995935,33127.24000000358,380037.80999999313,34725.5399999967,136290929.89998296
46.0,351.0,435.0,268.0,814307658.9600762,2928226.529999887,85979.86999998985,4187400.790000107,137028.4800000176,261531017.1800055
173.0,309.0,382.0,236.0,777579793.4900562,2833711.0600000164,76542.10999999162,3773994.2299998975,129750.72000001416,249928592.30999374
50.0,283.0,474.0,293.0,703788991.3700635,2815202.2799999164,83960.06999999173,3451922.580000036,118943.32000002258,226063266.3900091
51.0,389.0,362.0,298.0,865631715.3900778,3217663.1599999075,86611.89999998473,4472431.960000405,145231.95000001098,278005551.21999896
53.0,400.0,495.0,152.0,870337637.5100194,2185842.7499998906,94593.33999998876,4900560.060000039,160401.5799999994,279707500.1900053
66.0,372.0,470.0,192.0,820724673.5400218,2372863.699999889,89331.27999998898,4411209.82999993,145854.54000000726,263739464.62000436
215.0,383.0,356.0,146.0,865859363.5500381,2364955.0700000436,80436.06999999331,4517129.089999928,149238.29000000245,278409552.71998745
212.0,278.0,467.0,143.0,676164570.7400084,2320698.1899999734,77910.1199999943,3259119.369999922,118211.8800000105,217462609.11999676
206.0,271.0,342.0,281.0,726061093.9900563,2734420.850000027,72194.66999999322,3367023.7999998503,116663.13000000973,233354662.1099926
237.0,311.0,392.0,160.0,768619368.8200194,2305708.0699999332,75789.72999999556,3810974.0999997864,131554.4100000094,247210322.85999548
92.0,275.0,72.0,661.0,836217031.7401525,4673202.869999807,60933.89999999326,3444837.6200003643,103434.65000001104,268151741.31998497
519.0,158.0,42.0,381.0,651757605.0400581,3477881.3999998164,40856.520000000404,2072325.5500001488,79996.28999999611,209627542.69997895
85.0,336.0,66.0,613.0,940097591.5101275,4407919.929999805,65113.15999999425,4264098.100000389,126224.80000000921,301605214.54999197
42.0,126.0,629.0,303.0,397783978.6100255,2632290.689999867,79772.49999999438,1418877.8699999594,66699.35999999108,127719956.1399858
63.0,189.0,49.0,799.0,697658093.7901648,5110268.820000008,51368.469999994726,2256454.0799999256,68558.76999999113,223465775.12998563
34.0,133.0,505.0,428.0,470274181.600038,3213142.3399998737,75100.56999999404,1642456.7699999271,68178.87999999046,150855520.20999697
267.0,81.0,407.0,345.0,432439671.66003305,3094580.8599998383,59432.91999999607,1095817.1699998556,56644.96999999257,138984146.2199846
397.0,159.0,32.0,512.0,665713009.2201035,4060307.639999687,43421.93999999987,2086084.9000001468,76685.66999999597,213881416.7899746
300.0,121.0,458.0,221.0,480563054.86002636,2491000.2500000196,67120.56999999772,1701214.8000001553,77743.75000000057,154646471.81999183
261.0,105.0,398.0,336.0,493394226.1600439,3078397.1499998905,61386.419999995735,1541532.1900000232,68581.15999999586,158596532.8399854
224.0,275.0,219.0,382.0,788298370.960069,3210524.9399999515,65172.62999999662,3513899.3900000136,116733.71000000523,253259413.11998323
59.0,327.0,260.0,454.0,809938432.4100904,3618721.9399998127,72994.35999999156,3751816.7700002273,118752.68000001434,259925989.39999267
220.0,293.0,214.0,373.0,800200354.120091,3355323.4799998673,67497.0099999947,3622593.8500000606,119460.34000001398,257077939.8799843
233.0,285.0,187.0,395.0,779045629.7300934,3497237.1399998562,64776.939999995535,3381087.4900000617,111901.2300000092,250244581.7899819
294.0,360.0,287.0,159.0,828923207.9000403,2472723.1399999647,69577.86999999767,4042006.7399997218,136200.93000000404,266612558.29998246
299.0,399.0,240.0,162.0,942208266.6400229,2601366.789999961,72697.41999999694,4812285.939999843,155768.38999999344,302966956.2299836
87.0,483.0,316.0,214.0,1026675390.2900594,2754699.510000022,88539.00999999109,5661201.290000259,177412.9799999987,329866698.59997785
79.0,477.0,350.0,194.0,1017653283.8400474,2478216.0799999647,88404.70999998896,5659200.480000445,176369.3999999916,327009169.2099888
60.0,361.0,218.0,461.0,899388505.4200907,3690631.6099998252,74178.91999999085,4327841.810000252,133183.96000000852,288654211.3099755
83.0,506.0,305.0,206.0,1068898365.3400466,2544026.2899999865,89676.70999998887,6016736.9900005795,186524.11999998853,343461798.4499811
508.0,275.0,187.0,130.0,806812017.860027,2564912.110000001,59904.32999999943,3648297.119999606,129214.47000000325,259700367.9699697
311.0,366.0,250.0,173.0,882177379.3100404,2545051.3999999044,71231.52999999747,4383338.559999884,145010.96000000357,283698171.38998884
491.0,302.0,181.0,126.0,820388022.8200136,2412154.510000005,59562.269999999655,3768654.419999627,131872.80000000086,264072244.78997028
413.0,224.0,357.0,106.0,661309638.9100182,2246730.7899999106,66824.09999999788,2921047.6700000176,112292.5000000108,212914278.63999444
556.0,301.0,205.0,38.0,805920634.300025,2097548.599999886,58681.51000000023,3736312.259999689,133638.63000000198,259572177.8999697
432.0,266.0,373.0,29.0,674532304.3500012,1853645.1899998963,69530.88999999888,3149133.3899998358,120162.45000000854,217274662.82999003
262.0,308.0,491.0,39.0,719002213.6600126,1863311.7299999055,81954.17999999366,3694076.1399996774,132829.75000001735,231381002.3700107
334.0,448.0,268.0,50.0,987279500.5700078,2074044.3699998506,75309.58999999653,5277100.940000184,172343.64999999292,317653028.01998043
230.0,309.0,433.0,128.0,761107203.0500302,2321459.6299999966,78306.70999999518,3797096.2499997914,130966.48000001581,244768267.93000254
252.0,337.0,473.0,38.0,758829911.3500115,1867498.4099999263,80761.1399999948,3941028.249999671,138508.54000000778,244198318.24000072
125.0,375.0,318.0,282.0,956006422.6400868,2971494.109999918,82194.6899999902,5029325.680000477,158108.3900000024,307109722.6699922
289.0,311.0,265.0,235.0,828959402.430034,2764551.899999939,68184.7899999984,3957144.3199997772,132042.35000000682,266513445.50998008
189.0,1.0,483.0,427.0,294747738.81000817,3368364.6999996696,58749.30999999411,144388.35999999696,29096.83000000249,94542375.5499857
159.0,478.0,103.0,360.0,1125212058.1400917,3403667.7399999555,74388.00999999206,5887075.40000069,175563.67999999897,361406593.9800041
132.0,397.0,337.0,234.0,908321070.2600441,2769829.3100000494,79905.16999999313,4703004.9800000535,150354.2999999964,291858576.58999294
322.0,1.0,207.0,570.0,377370599.21004504,4096069.3899995,40758.119999999035,143346.59999998938,24013.800000000607,121051063.44998308
374.0,402.0,86.0,238.0,1039262825.400051,3033878.02999999,67100.15999999731,5207942.930000457,163677.38000000376,334121378.7600025
431.0,1.0,394.0,274.0,300151654.9300051,2802332.4299999075,50145.43999999721,121371.44999999649,35516.68999999988,96738648.60998821
539.0,1.0,124.0,436.0,388796304.9800383,3649656.759999632,33492.59000000336,158036.44999998732,29921.509999998874,125084784.28998043
589.0,1.0,136.0,374.0,384194120.23002756,3409360.1899997625,31458.77000000293,142693.859999989,31992.639999998624,123752410.55997968
240.0,172.0,369.0,319.0,572457911.8200383,2834540.6799998907,66088.89999999675,2203234.840000183,86573.95000000081,184040806.63998818
427.0,135.0,289.0,249.0,548940932.8700368,2930542.479999983,56199.95999999692,1820330.5000002442,77882.0499999996,176608510.8399814
233.0,200.0,358.0,309.0,611978451.6500411,2840057.780000015,66311.79999999743,2491280.13000001,94260.5100000045,196731758.24998918
252.0,181.0,332.0,335.0,568326333.5400457,3058087.259999891,62072.7799999966,2059435.330000165,81443.22000000339,182656138.0899952
300.0,216.0,461.0,123.0,612168324.060034,2226941.649999977,72561.11999999758,2740606.2100000544,105829.95000001203,197000530.11999643
307.0,263.0,404.0,126.0,653907272.6400181,2379479.3400000012,71844.82999999716,2935954.089999799,111117.34000000638,210419499.95998687
530.0,168.0,306.0,96.0,604153419.190023,2339010.229999991,55863.88999999896,2312248.500000244,95536.03000000524,194641585.85998613
493.0,185.0,333.0,89.0,589530351.0700057,2079132.4399999694,61052.45999999975,2369394.4000000726,99159.95000000457,189949036.75999185
434.0,163.0,250.0,253.0,587176899.0700423,2845356.66000005,51878.51999999918,2006063.710000199,83401.57999999773,188983427.17998555
515.0,194.0,298.0,93.0,613604230.7300147,2271725.780000007,57615.17999999917,2407904.680000176,98394.51000000152,197678864.58998302
513.0,446.0,96.0,45.0,1039893656.369993,2175047.329999853,65062.46000000146,5365832.660000097,175175.83999999237,334689553.41998047
349.0,571.0,122.0,58.0,1250882183.7200165,2385632.249999912,78564.31999999132,6987154.3100013565,216877.27999998713,402314385.8099777
498.0,465.0,93.0,44.0,1073367847.8200023,2265863.669999825,67252.03000000025,5606386.550000476,182460.1199999958,345439522.20998436
539.0,469.0,44.0,48.0,1152388186.260007,2283297.0499999123,64938.94000000186,6070417.420000589,191965.05999999726,370830411.7699803
395.0,344.0,74.0,287.0,921070284.8600588,3362879.799999862,59259.14999999814,4216371.449999881,136354.14000000263,296122580.83998096
401.0,375.0,33.0,291.0,944083369.7400526,3247202.4500000146,55910.09999999837,4327956.839999844,139087.9100000005,303531051.0499935
265.0,433.0,41.0,361.0,1079056378.5200827,3504726.809999939,66358.97999999713,5384539.320000749,165350.0999999983,346704328.0800027
246.0,432.0,86.0,336.0,1070236268.8900827,3472878.3999999757,71074.11999999257,5434079.920000396,165630.2699999992,343817701.6999899
358.0,628.0,55.0,59.0,1363480872.5599866,2317410.479999856,79945.67999999442,7778341.880001339,238176.93999999267,438492307.2299665
257.0,452.0,40.0,351.0,1101813131.9101,3500439.510000151,68137.7499999975,5573214.090000422,169664.28000000148,354012561.7899864
301.0,29.0,405.0,365.0,346335116.1500168,3107429.069999794,56228.82999999599,465785.34999999375,41535.8699999982,111368803.60998586
132.0,35.0,491.0,442.0,341168383.0000271,3284968.7299996954,63724.29999999414,561874.4099999805,40312.239999997335,109439678.2999864
247.0,224.0,331.0,298.0,692023319.0700512,2943022.329999929,66911.94999999611,2985040.109999983,105774.61000000841,222410522.51998898
314.0,30.0,377.0,379.0,352894932.9000188,2930538.3999998462,53927.74999999548,526563.0299999824,42585.979999998184,113495978.72998533
290.0,28.0,390.0,392.0,336277274.00002265,3206682.56999979,53839.63999999506,365214.62000000593,36851.64999999957,108065560.30998357
247.0,224.0,296.0,333.0,706653805.1100631,3174559.189999904,64915.71999999609,2988560.7100000586,104336.6700000058,227061477.88998544
132.0,35.0,439.0,494.0,340126573.34003514,3530588.7699995986,61427.32999999233,461936.8000000396,35942.67000000018,109065693.20998299
100.0,252.0,373.0,375.0,692637294.0100839,3151626.709999954,75186.72999999333,3136244.720000023,107550.29000001079,222400484.51000205
108.0,272.0,359.0,361.0,751062577.130084,3324316.9299998777,77949.15999999135,3523647.970000119,118991.31000001058,241183495.32999715
104.0,261.0,346.0,389.0,741010886.550077,3255008.5999998865,73632.93999999418,3382258.9200000903,112752.51000000842,237947677.209995
137.0,412.0,309.0,242.0,948083232.1700699,2810057.319999937,82081.899999992,5015557.5500004105,159189.11999999726,304646045.1899972
398.0,300.0,225.0,177.0,818945533.510043,2667003.9999999474,63094.709999999235,3802369.869999683,131228.94000000504,263455383.36997122
193.0,129.0,436.0,342.0,458941447.3500436,2963729.889999942,66021.72999999614,1479051.519999939,67206.98999999261,147466370.46998778
147.0,440.0,254.0,259.0,965947690.6700646,2891056.0200000703,80474.88999999178,5067862.5100002885,160041.50000000626,310390252.4599947
129.0,387.0,290.0,294.0,886448366.0900404,2865373.3899999512,78052.5199999945,4526147.700000089,144313.50000000533,284768518.61999327
193.0,129.0,336.0,442.0,499445607.97005737,3525866.2399996584,60753.0899999945,1491070.9199999822,63461.81999999038,160345272.139995
397.0,300.0,174.0,229.0,859343497.6000333,2859115.9200000837,62319.139999997715,3995026.519999739,133612.99000000727,276363654.99998325
476.0,80.0,270.0,274.0,454325401.0800282,2818458.729999933,47286.969999998066,1039326.5499998453,58228.919999997204,146324701.74997923
537.0,90.0,234.0,239.0,506370737.7900398,2924406.9199999315,45280.97999999851,1328488.9999999765,66166.62999999351,163078639.3799826
505.0,85.0,220.0,290.0,468954098.0200318,2923655.6799999173,45326.63999999805,1078884.2299998542,58707.819999995954,150993552.93998176
92.0,275.0,718.0,15.0,608903632.1300093,1557087.3399999444,95482.95999999446,3333603.219999828,125222.92000001793,195912031.2600149
47.0,287.0,750.0,16.0,601693308.5000097,1494728.6899999117,97469.10999999315,3356137.0899997945,125550.60000001911,193563281.01000872
116.0,58.0,907.0,19.0,220284892.7599971,1437341.9299999475,87762.5799999976,672131.3099999874,58393.12999999787,71103385.14998914
133.0,400.0,545.0,22.0,865679594.2000182,1805980.899999834,93515.32999998702,4901835.40999981,165197.08999999287,278421325.9699915
80.0,240.0,626.0,154.0,611240881.3400311,2127467.1299999864,86498.47999999094,3062666.7399999355,112770.0100000137,196495957.01000655
146.0,74.0,598.0,282.0,346514358.2400239,2604162.9999999367,73588.82999999517,954174.4799999206,56018.15999999433,111364234.80998746
57.0,347.0,473.0,223.0,850549713.6800511,2613250.83999993,88821.07999999113,4547350.060000158,147597.53000000675,273244707.68999463
50.0,52.0,801.0,197.0,261822376.00999677,2052946.6600000397,84859.2199999952,767066.8399999511,54863.44999999614,84202261.39998798
102.0,106.0,858.0,34.0,339591977.42000145,1496604.3400000024,90134.06999999736,1489244.3100001263,78030.21000000389,109383751.199985
77.0,79.0,641.0,303.0,349584350.53002167,2521526.6199999936,76619.24999999486,1044040.1199998906,57394.22999999456,112280256.88998574
274.0,385.0,213.0,228.0,913149941.6900481,2809613.470000029,71525.55999999457,4551008.410000053,147215.0499999999,293530564.7499781
252.0,395.0,219.0,234.0,978590946.46007,2814564.7900001477,73671.039999994,5018848.050000176,159884.4700000015,314585494.02998126
313.0,282.0,244.0,261.0,771991043.3500446,2940251.5699999547,63577.73999999706,3429416.8799999263,118712.05000000591,248244511.09997934
338.0,473.0,8.0,281.0,1130501645.3400931,3288278.8300001957,65688.9800000006,5755275.350000902,177892.82000000437,363385066.35999537
252.0,353.0,196.0,299.0,871671397.120074,3171671.6999999913,69057.30999999458,4141853.3899998865,136038.27000001157,280161219.1899799
354.0,318.0,8.0,420.0,881176803.1100899,3788108.429999854,52994.8599999991,3757022.7099999827,120131.46000000366,283102507.51997936
281.0,440.0,7.0,372.0,1131960873.940105,3658337.8199999747,68045.34999999458,5728452.310000821,173874.87000000445,363692394.85998666
262.0,263.0,228.0,347.0,736999723.5300677,3248963.859999895,62760.13999999534,3113465.670000116,107425.90000001062,236834746.90998864
372.0,373.0,10.0,345.0,984131621.1700674,3454970.6500000735,58278.9599999997,4599039.410000273,144590.9800000017,316296842.6599942
328.0,329.0,9.0,434.0,924637512.9301096,3820421.229999848,56153.83999999848,4071503.810000005,128975.47000000566,297075425.38998455
479.0,70.0,403.0,148.0,426790609.400018,2373551.7800000003,54936.92999999708,1119461.6799998987,64729.83999999393,137581730.42998016
458.0,72.0,417.0,153.0,390468941.54000974,2329402.730000033,55694.92999999812,899753.2599998966,59283.76999999647,125885493.05998187
357.0,332.0,301.0,110.0,792590061.8900292,2354074.849999938,69184.13999999723,3799910.509999824,133454.300000007,255032060.3999842
473.0,69.0,412.0,146.0,385816750.36000806,2356701.24999997,56098.73999999741,887843.0299998967,58090.81999999683,124404902.60998286
352.0,51.0,297.0,400.0,402611219.9400393,3404185.4799997997,48854.219999996705,639080.6999999381,43427.869999996256,129416840.31998666
279.0,260.0,244.0,317.0,753342040.4600548,2990244.249999993,64156.98999999741,3322397.249999967,114145.92000000416,242147901.9899878
331.0,52.0,312.0,405.0,410355273.66004056,3389860.419999757,49399.70999999639,705927.3499999557,44170.76999999645,131848328.51998487
266.0,267.0,242.0,325.0,743615704.7000818,3100715.559999891,66082.03999999598,3271215.340000027,112894.86000000943,238984666.44998834
336.0,336.0,316.0,112.0,786258409.6500214,2384788.5299999625,69424.85999999836,3757586.6399998106,131229.5700000079,252980851.4799859
264.0,264.0,249.0,323.0,738325479.6300564,3096554.5599999763,64911.74999999709,3212572.2500000014,110734.13000000775,237278540.25998405
206.0,343.0,130.0,421.0,915139542.4501035,3670427.429999841,64667.11999999816,4257708.769999975,132248.43000000663,293895041.729991
176.0,355.0,134.0,435.0,885664028.1700921,3675751.169999949,66879.27999999624,4120064.340000004,129273.33000000697,284386245.3799803
244.0,203.0,154.0,499.0,696877257.6001016,4158320.6399996523,55476.48999999484,2524599.890000035,85088.83000000018,223665759.8299806
203.0,339.0,143.0,415.0,921209593.3500849,3541780.449999958,66654.26999999635,4359257.089999984,136178.7700000055,295863138.1799956
238.0,398.0,151.0,313.0,966284125.2800807,3235929.2199999425,70598.13999999437,4785874.930000289,149822.8700000077,310460219.89998895
286.0,238.0,201.0,375.0,716239056.8700694,3297541.929999859,60751.939999995426,2928842.9200000893,101475.97000000736,230142669.39998704
202.0,407.0,171.0,320.0,913944478.360064,3307613.5400000066,69963.98999999657,4452422.499999956,141507.92000000496,293629243.979981
253.0,254.0,193.0,400.0,765648487.8000882,3450075.059999785,60972.08999999553,3221843.900000115,107714.910000009,245946505.42998242
206.0,208.0,175.0,511.0,706263988.4901065,3993563.6299997303,59759.4099999957,2699591.850000038,90784.62000000267,226690868.05998373
248.0,249.0,211.0,392.0,763509260.7300894,3423019.069999901,62813.05999999577,3269296.2100000596,110192.38000000475,245286746.55998215
183.0,2.0,264.0,651.0,358212715.79003894,4200125.339999443,47751.63999999524,151676.27999999438,22055.270000001896,114723353.89998484
283.0,2.0,235.0,580.0,363616144.98003966,3970096.3799995612,45267.02999999579,175285.64000000214,26369.10000000041,116660346.44998667
163.0,122.0,235.0,580.0,537055833.4100893,4027965.8599995854,56328.299999993105,1532147.1199999289,59505.60999999052,172252334.6299901
135.0,2.0,480.0,483.0,287518544.29000443,3447574.479999662,61827.5199999929,144132.6999999938,27842.450000002344,92139419.18998617
186.0,2.0,269.0,643.0,362694126.0500581,4333742.869999374,47770.50999999548,153273.76999999088,22467.230000002186,116165746.95998453
126.0,94.0,445.0,435.0,434446640.70005375,3289067.5199997756,65661.47999999451,1211436.889999879,56459.76999999259,139419570.72999007
219.0,1.0,445.0,435.0,296049738.98000973,3236860.6199997053,55958.9599999958,134300.84999999267,30007.580000001475,95063103.3599858
259.0,112.0,215.0,514.0,532031803.0200822,4043805.699999529,52510.15999999566,1405261.8899998814,58315.50999999279,170766165.21998876
199.0,86.0,406.0,409.0,418772657.51003665,3252743.399999809,61184.5299999942,1024027.6399998752,52569.72999999456,134459911.11998782
201.0,87.0,411.0,401.0,445066030.2200281,3179820.149999812,59778.40999999558,1191359.369999909,57327.41999999394,142952327.5799846
329.0,220.0,378.0,173.0,612384567.4000212,2393616.1499999524,65460.99999999831,2550641.460000072,99290.84000000304,197070562.45999292
382.0,205.0,352.0,161.0,616278268.0100304,2441927.5499999397,64719.89999999713,2541230.9500002507,99973.02000000616,198344089.47998688
306.0,281.0,352.0,161.0,773590772.8900433,2373982.859999938,72964.6099999959,3757197.41999986,130653.34000001119,248826514.23999053
405.0,271.0,210.0,214.0,790677629.7300614,2784216.979999938,60334.499999997926,3512513.209999793,122746.96000000596,254365780.54997757
332.0,223.0,382.0,163.0,648423478.0200374,2381335.139999976,68955.74999999501,2866253.659999993,107140.83000001026,208619517.2199845
376.0,345.0,195.0,184.0,888006479.950047,2666323.3999999873,64902.439999997914,4274744.179999792,142456.4400000042,285609085.52997595
469.0,252.0,195.0,184.0,725958669.83003,2715365.8499999177,58653.24999999823,3070555.2899999255,112219.07000000487,233603519.67998293
361.0,265.0,332.0,142.0,717965745.4700414,2403529.5600000154,69516.60999999638,3319935.749999797,119409.09000000545,230994055.8699846
427.0,314.0,178.0,181.0,836794860.4100404,2600074.609999892,61313.899999998,3885486.70999969,132907.74000000305,269245353.8199711
432.0,318.0,180.0,170.0,822398144.1200178,2622456.3399999654,61382.169999998594,3770428.2699996587,130461.74000000533,264625548.27996987
364.0,184.0,82.0,470.0,696365879.4401112,4059238.319999586,48112.19999999615,2395299.0900000404,83844.13000000044,223651887.59997773
445.0,164.0,73.0,418.0,660259261.040059,3615413.719999851,44949.879999998804,2185458.360000103,81079.07000000037,212217892.2399782
251.0,470.0,56.0,323.0,1102298259.310083,3364240.3400000595,69937.35999999476,5627198.310000903,172184.9100000006,354204568.7900025
270.0,137.0,345.0,348.0,513324981.51005775,3301160.619999769,60220.80999999444,1610158.350000034,68506.40999999712,164930368.3499946
560.0,283.0,125.0,132.0,852804765.0000297,2540872.0399999092,56018.460000000385,3850465.9699996775,135183.3599999986,274549555.9499601
251.0,470.0,320.0,59.0,1008231379.0800111,2136505.629999881,86347.44999999173,5611482.210000505,180129.8599999843,324238685.4799695
445.0,164.0,414.0,77.0,545704328.450019,2084172.4599999913,64215.839999998374,2146808.3600002844,92176.99000000645,175807164.7099917
407.0,556.0,67.0,70.0,1254096512.3400295,2381061.1699999114,74864.05999999543,6931211.450001011,213262.53999999457,403358910.9199734
259.0,355.0,242.0,244.0,901958980.1700763,2894878.800000019,72156.87999999544,4480796.680000097,145503.06000000285,289935387.6399934
317.0,433.0,295.0,55.0,965049437.2500048,2118211.0799998203,75745.90999999715,5113490.610000259,167598.71999999054,310483927.7699838
1.0,548.0,445.0,106.0,1150421038.7500274,2180757.1699998486,102602.0199999862,6899651.400000411,212532.6499999765,369686546.16996837
121.0,488.0,397.0,94.0,1026837160.7400376,2158330.5699998615,91569.36999998987,5860150.890000617,185200.2799999876,330105583.28997993
1.0,403.0,562.0,134.0,854033916.2700303,2150719.339999914,98323.75999999084,4863285.7799999425,159530.70999999013,274441807.8600074
1.0,797.0,148.0,154.0,1589715796.4900446,2682568.580000017,104232.29999997692,9682112.270000858,279505.1800000102,510731050.58994406
1.0,417.0,339.0,343.0,963906593.3600627,3234930.24999992,86655.97999998665,5133423.380000548,158266.71000000183,309478725.2900045
1.0,403.0,128.0,568.0,992025487.4601266,4224076.379999827,73774.84999999139,4816765.610000671,141344.46000000686,318248481.6600031
121.0,488.0,90.0,401.0,1114275109.9600801,3538042.080000018,74231.42999999328,5772832.610000765,171938.28999999966,357831920.91999584
111.0,260.0,363.0,366.0,705693455.2600632,3083569.8999999296,73884.3099999935,3205169.670000017,108606.28000001001,226612413.2699951
225.0,530.0,169.0,176.0,1221008910.5800366,2693604.379999862,84208.23999999103,6844806.3400008585,210483.66999999806,392496591.2399725
148.0,349.0,111.0,492.0,937667707.3500999,4050676.869999739,67535.92999999523,4358393.010000164,133089.480000011,300981828.2899912
