1.0,126.0,477.0,496.0,490930029.47006583,3541619.2299996302,72535.55999998994,1685747.1099998264,66312.4699999911,157371307.1599984
190.0,104.0,395.0,411.0,448292556.2400544,3387618.5099997506,61734.559999994635,1223087.0799998678,56808.08999999185,143902946.92999107
1.0,247.0,418.0,434.0,674336969.3000782,3320590.359999917,77161.64999999027,3046171.8000000417,102797.71000000837,216360276.07999897
2.0,149.0,363.0,586.0,559070723.0700859,4065777.0699995286,68607.72999999186,1927484.179999795,68880.1399999946,179145865.9699985
2.0,130.0,496.0,472.0,468126148.55005485,3349575.3599996995,76231.24999999319,1649175.8899999317,67731.82999999379,150116610.71999067
2.0,297.0,323.0,478.0,778221951.1200867,3699716.7899998124,76831.75999998998,3610379.140000309,115110.41000001194,249675419.77000138
226.0,123.0,303.0,448.0,541521629.990069,3597026.5299996487,59600.40999999381,1719854.5499999812,69093.9699999978,173855360.70998555
175.0,215.0,364.0,346.0,650738219.5800669,3138666.3899998716,68600.45999999446,2732830.9700000817,98014.71000000897,209015573.37999904
192.0,236.0,257.0,415.0,714959349.9200711,3405412.3499998534,67023.67999999611,3057757.760000106,104821.25000000795,229625109.32998157
198.0,244.0,265.0,393.0,710711166.220067,3395234.5799998157,65224.499999996646,2992592.09000009,101498.86000000822,228236429.31998926
251.0,376.0,227.0,246.0,919938070.7400662,2858631.969999919,72354.41999999376,4615671.6000001095,148880.17000000516,295703353.8799915
397.0,311.0,188.0,204.0,846314623.1700202,2620623.2600001125,63373.10999999955,3983556.359999701,134689.45000000487,272238619.4799768
365.0,48.0,330.0,357.0,401602027.50002456,3115918.0899998047,51237.979999995514,720055.4599998944,47641.59999999467,129172866.19998302
297.0,444.0,68.0,291.0,1090695915.1600885,3323842.260000014,69364.56999999567,5546755.260000472,171306.7599999987,350528974.7999856
261.0,390.0,236.0,213.0,990562381.5000423,2687387.9900001157,75270.56999999298,5157044.290000134,164984.44999999585,318444821.1899808
507.0,66.0,115.0,412.0,473735844.3300606,3602152.4799996894,35947.17000000062,788956.0599998576,46668.529999995466,152384775.76998308
472.0,370.0,56.0,202.0,941619306.5000639,2992633.3899999755,55614.69000000063,4354349.259999794,142329.42999999895,302862342.9899788
558.0,38.0,265.0,239.0,404737527.9700143,2757479.779999919,43410.82999999864,660187.7499999016,49998.51999999695,130483154.15997848
647.0,44.0,77.0,332.0,453136585.83004284,3271561.229999854,32100.450000002766,615206.8999998831,45550.069999995656,145986023.36997437
681.0,47.0,81.0,291.0,472612851.66004115,3144484.6999997846,32021.700000002602,774984.9599998364,50467.47999999419,152306098.95998085
377.0,0.0,352.0,371.0,311432524.79001623,3167988.329999733,51016.11999999501,125529.38999999376,32169.62000000167,100161161.18998586
362.0,0.0,360.0,378.0,316475725.53001076,3172794.2699998096,49208.429999996966,126464.13999999086,30997.990000001704,101758683.03998718
330.0,138.0,308.0,324.0,556140761.6100415,3003105.469999928,58911.50999999828,1919536.130000064,79658.88999999921,178850385.24999163
351.0,0.0,403.0,346.0,295654357.92000526,2922919.0699998513,52491.24999999639,120710.42999999515,33360.11000000267,95136837.2199865
512.0,1.0,479.0,108.0,270369613.3700007,2161824.2800000426,53453.30999999744,122926.6500000022,41110.37999999997,87393023.36999011
396.0,166.0,454.0,84.0,533393732.97000134,2067302.1099999612,67919.419999998,2149492.2700002487,93692.16000000601,171840396.359989
449.0,1.0,549.0,101.0,256439631.46999896,2052802.1500000649,57272.359999996464,133445.04000000117,41628.649999999,82890884.62998861
413.0,184.0,410.0,93.0,590550862.5700165,2196754.839999968,64635.229999997624,2412611.370000126,98294.56000000909,190188256.84998298
296.0,132.0,362.0,310.0,509977449.500048,3068827.669999789,60993.54999999701,1665342.2400000582,71760.20999999662,163929354.71999303
380.0,170.0,464.0,86.0,532741941.92001075,2000884.9399999643,66256.72999999787,2153829.8900002437,92767.34000000775,171620461.43999434
232.0,460.0,187.0,221.0,1062339862.7100735,3008906.640000011,76533.63999999296,5583453.310000659,175226.68000000497,341449509.87998176
198.0,477.0,195.0,230.0,1080569838.7500563,3000609.4600000447,80806.17999999269,5812753.020000634,181075.28999999678,347253473.3799932
184.0,593.0,148.0,175.0,1251375122.1400757,2915940.3800002425,85145.07999998398,7051727.680001217,214101.73999999117,402168203.6999694
205.0,405.0,295.0,195.0,900395573.9800545,2657777.830000031,77297.76999999184,4641274.760000074,151700.25000000058,289443408.859993
172.0,341.0,139.0,448.0,904951819.1000972,3782392.3599998956,65859.23999999692,4179005.579999989,129146.4100000087,290541956.409988
133.0,429.0,191.0,347.0,1045939915.290063,3201121.27000009,77992.10999999069,5480859.800000759,168924.12999999966,335983159.3399916
132.0,318.0,231.0,419.0,827696612.6300997,3603823.32999978,71554.28999999004,3839543.3700001794,122931.85000002025,265743498.41999313
121.0,476.0,119.0,384.0,1115883447.1200974,3446610.400000054,76628.35999999613,5856375.290000414,173859.75999999832,358351268.50998634
140.0,551.0,246.0,163.0,1220737931.9000385,2660733.0199999944,91661.6099999866,7019660.150000694,215179.79999998392,392324499.0099591
112.0,438.0,196.0,354.0,1083820492.280086,3308595.900000169,80216.36999999023,5767341.850000675,174450.09999999998,348095480.94998837
438.0,146.0,381.0,135.0,528157584.7100205,2316500.259999983,57751.78999999798,1865174.8300002636,83389.4599999991,170155204.48998502
140.0,212.0,553.0,195.0,586315108.0000408,2389249.059999962,79052.30999999547,2693325.360000065,101967.59000001286,188476269.2800061
275.0,502.0,239.0,84.0,1118219044.3600264,2252782.8599998276,81255.57999999239,6215218.680000599,196051.15999998635,359616553.34997016
258.0,86.0,676.0,80.0,372546095.7700115,1874100.2499999746,73702.34999999646,1284259.150000023,71442.7099999987,120059495.33998536
479.0,160.0,418.0,43.0,539075215.8600099,1921187.5399999747,63282.85999999841,2134305.3300003633,93680.8100000055,173758528.31998876
199.0,363.0,520.0,18.0,768158437.6599993,1734099.1899998772,87066.63999998954,4179214.449999638,146748.54000000426,247156623.23999086
74.0,112.0,883.0,31.0,319980410.1300068,1419013.02999998,93326.62999999651,1448214.6900000733,77805.94000000539,103067543.63998803
80.0,668.0,319.0,33.0,1342426068.4900253,1982055.6599997731,100565.53999998591,8159612.53000094,244534.57999997112,431515849.2499431
49.0,404.0,579.0,68.0,819610602.0200208,1870409.4199998993,96949.05999999073,4700519.579999992,157939.3399999944,263486262.84001747
51.0,423.0,605.0,21.0,865086885.7100117,1673538.619999858,101620.93999999018,5112133.190000068,170093.97999998907,278155889.9400056
327.0,234.0,309.0,230.0,692815217.2000458,2871918.3199999537,67107.72999999594,3007732.69999995,109069.44000000629,222773293.33997995
242.0,259.0,344.0,255.0,734644013.1300347,2766321.610000001,69610.58999999537,3371096.6699998234,118459.22000000709,236207673.3499861
384.0,83.0,363.0,270.0,443936791.4700282,2766048.0999999833,54700.82999999749,1155163.2499999192,60993.8199999938,142880633.88998863
370.0,264.0,206.0,260.0,750854166.420053,3081804.8600000967,60155.87999999822,3201422.729999817,111669.01000000388,241402711.8499839
337.0,240.0,318.0,205.0,725822319.0000423,2579034.45999995,67161.07999999708,3303802.3299998934,117197.79000001075,233452812.02998886
462.0,100.0,257.0,281.0,518078079.6800247,2893054.8799999026,50311.259999996706,1515047.2200000754,69836.20999999683,166736466.76998618
287.0,309.0,241.0,263.0,795590829.6200693,2976281.049999952,67218.17999999708,3660592.369999925,124115.01000001362,255762366.6099904
300.0,98.0,427.0,275.0,413280585.1800222,2742167.8499999666,61360.69999999696,1098604.0599999141,59003.83999999419,132918369.70998153
341.0,112.0,286.0,361.0,495692870.9300466,3147338.4299999224,55017.869999996474,1402715.0099999332,64323.499999992746,159362005.74998814
357.0,117.0,299.0,327.0,505425275.83004385,3068325.249999855,56257.16999999526,1519356.110000059,67609.1799999952,162506640.8699875
477.0,285.0,60.0,278.0,824753796.5800672,3145693.129999895,50501.95999999828,3453482.889999836,117492.07000000283,265274902.7399646
554.0,250.0,53.0,243.0,774982498.8100406,2987582.7799999514,46238.15999999946,3079325.1800000453,109575.34000000489,249377897.379964
456.0,320.0,58.0,266.0,914708784.0400598,3070483.1700000376,55968.92999999844,4161448.2199997944,136297.4300000012,294168904.19997585
327.0,196.0,386.0,191.0,611525827.8100291,2500140.5899999104,66208.44999999795,2532710.3200000525,98096.71000000842,196733561.21999532
370.0,221.0,47.0,462.0,768597142.2101046,3901874.209999703,49443.84999999766,2924964.4700002265,98947.11000000565,246935399.8399655
266.0,187.0,314.0,333.0,577918565.0900401,3026445.879999878,63099.17999999583,2135641.0900000837,83490.19000000467,185724840.91998783
335.0,151.0,298.0,316.0,558525597.7700638,3070560.169999896,57320.36999999761,1909711.180000103,77927.54999999546,179567988.04999116
429.0,227.0,41.0,403.0,758107336.3200868,3639442.939999754,48793.389999997875,2906450.170000133,99564.43000000564,243651484.25997424
385.0,204.0,342.0,169.0,602691264.6800303,2495106.980000022,62565.1899999988,2421268.2100001248,96592.10000000388,193969924.54998678
328.0,173.0,291.0,308.0,551061923.0500408,2998705.7499998994,58776.28999999596,1878367.3700000893,78074.0900000031,177188613.2099927
58.0,393.0,260.0,389.0,948710876.0900986,3402506.389999901,79293.18999999034,4845041.020000374,148949.53000000707,304611384.6599867
138.0,363.0,240.0,359.0,888593208.2200952,3311794.6400001068,72796.27999999413,4317956.040000007,137405.04999999955,285400594.9799828
56.0,412.0,253.0,379.0,999147683.6000962,3516936.6699999697,80083.27999998783,5159405.600000496,157121.22000000358,320778921.88998896
66.0,457.0,125.0,452.0,1104508476.9901245,3793891.0800000187,77834.999999991,5742854.880000705,170108.29000000234,354582838.05999637
75.0,516.0,341.0,168.0,1132345404.8200545,2573329.980000031,93803.43999998752,6525093.570000683,201346.2199999853,363860588.8899816
89.0,650.0,165.0,196.0,1382371246.3800647,2883969.940000066,95514.40999998244,8125879.820001666,242422.92999998582,444170751.83996886
212.0,556.0,152.0,180.0,1212378815.020049,2753231.310000106,82263.50999998896,6752259.570001113,206873.429999991,389698766.08998346
172.0,484.0,298.0,146.0,1038827688.6700377,2461649.9999999097,84345.97999999142,5721813.050000504,181068.3199999926,333950999.88998234
154.0,435.0,111.0,400.0,1044172400.5500902,3524020.6999999452,72275.34999999241,5278561.420000668,159024.2800000015,335323963.54000694
204.0,576.0,146.0,174.0,1241072169.460065,2819110.6299999775,84107.77999998625,6976814.640001287,211213.88999998922,398851301.12998706
254.0,85.0,22.0,739.0,547362687.3800801,4628239.129999702,38082.410000001684,1101817.009999833,43794.70999999407,175515390.8699817
644.0,46.0,12.0,398.0,491143153.8000488,3606706.0899997326,27480.200000002413,692035.4499998734,45006.3899999944,158132604.96997574
138.0,547.0,12.0,403.0,1270213157.2001112,3701526.570000135,76745.31999998787,6831125.750001214,198255.90999999715,407920815.3300021
121.0,40.0,588.0,351.0,316260062.50000864,2868173.90999989,67959.82999999648,598405.1299999829,44844.15999999728,101559554.65998845
570.0,190.0,50.0,290.0,668426233.6400471,3155840.2499998966,40990.06000000034,2230642.580000212,86267.26000000116,215125660.16996574
107.0,421.0,518.0,54.0,933664659.570019,1884450.8299999034,94037.15999999251,5361876.830000039,174033.29999998957,300205657.5999934
497.0,35.0,514.0,54.0,307732165.64000183,1891394.759999977,55104.199999997465,430650.0899999371,51386.049999997784,99512416.31998397
559.0,470.0,10.0,61.0,1125469242.2500148,2397660.749999984,61312.58000000252,5776254.550000567,186033.93999999276,362215037.84998906
315.0,265.0,326.0,194.0,746020306.5300412,2574725.5899999775,68512.34999999622,3439370.1699999087,121783.9300000105,239953161.9799955
369.0,310.0,381.0,40.0,758675201.3399955,1882048.6299998804,73841.25999999742,3786870.7999996697,136087.86000000697,244252129.02998504
416.0,340.0,312.0,32.0,853762723.0800107,2013121.649999889,70619.29999999945,4328597.759999608,150463.79999999577,274824195.9999876
284.0,405.0,372.0,39.0,903179631.2200112,1880423.8599998548,82413.29999999642,4908903.039999926,164550.79999999696,290585731.51998127
502.0,184.0,375.0,39.0,566694790.0700141,1967767.4399999315,60217.12999999996,2217349.020000399,96969.67000000925,182696367.8599914
438.0,357.0,271.0,34.0,891493990.9300063,2029045.8499998574,68602.84999999915,4527953.8799997335,153105.25999999876,286949927.45998836
321.0,262.0,240.0,277.0,716788540.8500528,2892478.4399999767,63539.40999999691,3097369.459999976,109251.39000000841,230442945.17997935
386.0,141.0,239.0,334.0,549812624.9500617,3173509.799999797,50101.77999999593,1653752.8300001128,70964.25999999426,176831472.53998286
219.0,313.0,237.0,331.0,813699449.6200609,3253288.0999998758,68646.6099999957,3761616.209999989,124355.64000001097,261452312.4399844
247.0,158.0,323.0,372.0,566253297.8600603,3238487.539999854,60089.53999999591,1943185.3500000301,77466.36999999957,181949764.9399918
385.0,247.0,416.0,52.0,649171672.0499946,1979998.949999892,71120.70999999763,2992829.3999998104,115887.42000001222,209045867.94999883
260.0,166.0,281.0,393.0,605733292.7800696,3425251.209999757,60036.0599999962,2187545.2100001965,82880.940000001,194577954.72999042
445.0,148.0,126.0,381.0,630059353.5200677,3490937.1499997815,46518.51999999971,2024620.260000126,78699.14999999804,202567474.89998245
105.0,225.0,192.0,578.0,726573603.4301133,4144098.1799996747,62637.05999999549,2881853.21000012,93246.16000000708,233049702.72999108
514.0,1.0,146.0,439.0,387748060.58003426,3514565.589999706,33790.780000002276,167965.7699999883,30746.00999999955,124771742.10997988
378.0,126.0,272.0,324.0,552188958.3800567,3287520.409999895,54449.69999999744,1743055.959999964,72889.58999999677,177525161.0699852
437.0,146.0,124.0,393.0,599150686.8400574,3509303.4499997944,44744.7800000001,1798256.1300000688,73171.08999999707,192663898.02998146
419.0,1.0,302.0,378.0,325241758.50002015,3152608.7199997893,46229.7199999969,128243.1299999942,31683.300000001098,104641661.65998407
81.0,174.0,375.0,470.0,568383743.3700778,3561922.24999977,69875.75999999236,2123597.189999983,79623.1099999998,182369984.0199942
127.0,3.0,232.0,738.0,378135001.6700551,4582869.669999455,45912.40999999708,167842.0299999958,18968.750000003383,120964108.4099851
98.0,2.0,457.0,543.0,302557273.2900193,3706225.429999597,58805.879999993005,153234.24999999715,25925.210000002713,96885078.62998697
96.0,2.0,445.0,557.0,317333579.5600212,3851929.019999555,59500.25999999272,199584.72000001435,26337.020000001736,101588197.14998719
208.0,385.0,363.0,144.0,853299582.2900388,2334732.7700000075,82470.86999999329,4500012.700000011,150513.04000000315,274351633.1499901
281.0,354.0,333.0,132.0,826563565.930025,2266935.389999968,76829.85999999542,4210122.099999812,143692.700000001,265859545.09998956
240.0,275.0,419.0,166.0,708264585.1800188,2391800.6399999657,72968.12999999852,3331246.9499998493,119417.5700000108,227776214.97000384
279.0,516.0,112.0,193.0,1163731137.590057,2728994.96000007,73409.13999999501,6241912.360000996,192152.02999999642,374148156.85999197
205.0,378.0,356.0,161.0,846572742.3900311,2547277.550000072,77172.09999999353,4305530.8199997945,142620.33000000814,272165329.8699937
330.0,377.0,133.0,260.0,975494297.5400578,3181153.9700000887,66796.45999999772,4765990.010000281,152950.4500000046,313596087.3099789
358.0,452.0,98.0,192.0,1089962171.7800648,2763547.469999973,68907.8499999971,5654974.690000921,177159.09999999797,350482633.36999756
314.0,244.0,373.0,169.0,709367055.8400279,2342955.959999986,69654.70999999692,3249974.0699999137,117757.3500000059,228238918.1599941
436.0,340.0,119.0,205.0,882969354.050037,2754049.5999999736,60428.409999999065,4109437.949999736,140674.35000000425,284109925.6099806
425.0,331.0,116.0,228.0,835358660.7200475,2904548.7600000678,56593.25999999839,3713103.949999801,126957.31000000416,268725578.55996686
190.0,264.0,387.0,259.0,641938158.0500523,2810507.8899999475,72560.16999999431,2815696.1899999734,102449.12000001191,206296258.79000264
282.0,238.0,348.0,232.0,678205056.7200421,2806677.670000009,66072.66999999771,2905331.2800000273,105169.98000000817,218068376.8799909
153.0,427.0,312.0,208.0,1042332844.7400575,2635112.8900000593,85509.7999999894,5750068.910000583,179041.87999999573,334946536.11998653
200.0,278.0,350.0,272.0,711136930.0600522,2892438.040000031,69614.65999999638,3189726.0999999596,110862.90000001095,228531147.16999468
147.0,204.0,298.0,451.0,617702571.510078,3714480.5499998047,66148.94999999493,2330804.2199999457,83593.37000000199,198250026.41998705
128.0,356.0,223.0,393.0,912489245.260076,3355386.8700001184,74677.98999999135,4509723.740000223,142976.58000001003,293030163.66998255
231.0,194.0,244.0,431.0,669809803.7600608,3534533.929999764,60135.74999999537,2559282.770000126,90855.14000000537,215133189.3699934
190.0,321.0,234.0,355.0,784658333.3500745,3241884.099999853,68639.67999999392,3576352.570000005,118250.9800000124,252048994.25999513
241.0,406.0,255.0,198.0,911779817.7100472,2643420.5300000054,76837.66999999361,4700440.020000152,152839.19,293110098.97998804
196.0,330.0,208.0,366.0,855674610.5100757,3595307.189999825,68349.10999999233,3938724.6400001924,125638.85000001542,274794845.6799919
318.0,365.0,55.0,362.0,933807218.7500752,3537568.4299999108,58758.74999999767,4275162.900000018,135529.35000000658,300080607.7999901
11.0,509.0,77.0,503.0,1198570656.9701421,4530460.600000096,81709.68999998205,6291598.2900017025,183951.06000001458,384667016.2900186
396.0,184.0,69.0,451.0,707041535.9500866,3786654.2099997746,47765.61999999748,2519599.940000206,88557.10000000203,227153372.22997764
328.0,377.0,21.0,374.0,1032626454.4000943,3568049.7899999307,62428.219999998226,4971135.520000659,153658.02000000497,331816829.6999938
379.0,436.0,66.0,219.0,1048347461.3000622,2926611.160000049,64392.130000001365,5257462.860000374,165606.68999999776,337100290.0099791
523.0,242.0,33.0,302.0,772578706.5600657,3208942.3299999116,44901.67999999971,2964370.5300001213,105302.82000000344,248566846.0699613
15.0,696.0,39.0,350.0,1465310982.510137,3747770.9400001387,91308.43999998136,8390103.890001476,240976.31000000337,470554545.80000645
22.0,411.0,154.0,513.0,997815951.0901191,4008375.039999867,75298.25999999077,4938279.9900003625,146689.40000000916,320211302.7799992
16.0,302.0,41.0,741.0,866450097.5901637,4969043.259999852,61855.359999994034,3595896.8400003654,104337.02000000977,277714358.4499818
24.0,451.0,62.0,563.0,1106876678.860153,4380029.679999927,75703.19999998945,5603029.1700009545,163837.530000013,355194904.4400271
341.0,114.0,537.0,108.0,433978699.14001447,2098898.56,66893.76999999704,1487082.9700000559,75055.1999999995,139813413.34998587
195.0,136.0,641.0,128.0,458530560.49001706,2067466.1499999997,78758.1799999961,1902215.700000124,84878.27000000415,147552280.6799907
353.0,80.0,556.0,111.0,371361150.19001234,2075806.019999992,64922.149999996334,1043130.3899998936,63436.48999999499,119711842.58998339
359.0,120.0,508.0,113.0,430110674.080008,2154996.910000008,66280.23999999861,1434906.3900000607,73572.81999999724,138576271.87998697
333.0,111.0,525.0,131.0,407457937.8500111,2250931.6400000085,66626.9899999958,1271810.1599999948,68854.99999999827,131262298.99998452
362.0,82.0,514.0,142.0,385268294.9900185,2258769.1600000374,61954.90999999669,1043014.8199998742,62375.47999999548,124141194.6499848
201.0,140.0,595.0,164.0,429718845.78001374,2108607.4499999774,72834.54999999788,1599067.5600001072,76310.96000000444,138307529.97999072
197.0,93.0,649.0,161.0,338559315.30001366,2104935.6499999897,75734.31999999638,1052417.3599999223,63348.289999994646,109003730.88998617
216.0,102.0,640.0,142.0,376866284.8400119,2108428.96999999,77677.569999995,1346672.7000000123,71918.68999999989,121316217.77998666
209.0,99.0,620.0,172.0,398561145.00001794,2324404.9200000116,72118.36999999624,1313800.410000033,68216.58999999643,128252609.21998419
40.0,415.0,236.0,409.0,983490365.6501119,3711650.169999872,77714.54999998742,4967627.980000572,151035.4900000124,315711110.1599942
335.0,300.0,170.0,295.0,870224190.8700653,3133510.3099999647,61632.02999999838,3994067.2899997598,131157.01000000534,279724231.3199736
41.0,392.0,244.0,423.0,958878202.8600868,3634174.859999914,77845.56999999117,4812448.28000052,146550.00000000437,307787269.2899972
42.0,437.0,191.0,430.0,1012803078.4701319,3848894.559999879,80075.69999999051,5210385.970000498,157587.5000000012,325109853.9999961
38.0,406.0,231.0,425.0,932395817.3801135,3604233.1899998276,77652.20999999388,4651021.940000396,141980.47000000539,299282844.8100064
42.0,402.0,193.0,463.0,946955704.8001059,3775517.439999807,77647.78999999145,4699583.630000408,143350.6000000045,303922192.31000394
341.0,305.0,134.0,320.0,824142132.5000845,3366622.8100001374,60725.1499999973,3643589.849999852,122332.4000000056,264900321.2499617
337.0,275.0,172.0,316.0,782411204.5800688,3291052.8399998937,61224.46999999675,3390803.7899999637,116075.82000000606,251493192.73997426
356.0,290.0,140.0,314.0,805000703.9300556,3226890.989999985,56796.49999999893,3453305.7499999716,117841.96000000525,258816456.46997118
350.0,285.0,137.0,328.0,786576502.1300758,3240739.409999923,55870.669999998216,3303361.489999968,113512.44000000568,252891337.8599789
89.0,202.0,502.0,307.0,563892518.0300415,2745383.5499999323,77076.12999999292,2409807.900000026,91912.85000000967,181119985.4200077
196.0,180.0,449.0,275.0,581101374.9700366,2823389.2999999784,69405.12999999664,2340675.410000045,90181.5300000046,186766064.10999715
77.0,324.0,434.0,265.0,798564267.0100671,2950023.1200000253,81324.04999999113,3992479.2900000294,131300.39000001957,256487820.69000375
145.0,329.0,124.0,502.0,913616651.7900915,3874570.0699998443,66172.82999999577,4240386.3600001,130295.0400000112,293273589.8399869
101.0,229.0,571.0,199.0,573491797.2900286,2231877.919999948,82767.04999999623,2710484.620000113,103323.98000001427,184357727.81000152
136.0,578.0,117.0,269.0,1236769028.360081,3136339.260000033,83265.51999998775,6856492.550001048,204426.92999999784,397330575.32999843
359.0,330.0,125.0,286.0,925729633.4200717,3169141.5899999775,64646.159999997944,4414012.9400000125,143087.8200000033,297572938.24998003
190.0,325.0,434.0,151.0,782354876.0200274,2415409.179999953,80326.76999999353,3969184.8199998275,134965.4000000093,251537715.8199942
247.0,422.0,86.0,345.0,1047315182.0101023,3555636.3500000513,70334.83999998934,5256374.950001012,161775.67000000467,336452643.14000756
286.0,488.0,99.0,227.0,1113513468.7000432,2825072.8000000664,72433.17999999493,5885468.230000677,182343.44999999594,357944669.8499821
298.0,360.0,24.0,418.0,975413737.2900887,3780536.4299998344,59811.839999996824,4504996.580000373,139356.3600000122,313329304.6199996
347.0,338.0,23.0,392.0,938888406.3400843,3648965.539999922,56567.12999999844,4229036.029999904,133686.1600000047,301694716.95998746
275.0,419.0,22.0,384.0,1064303383.7800863,3709574.6699999087,65349.709999996645,5220675.250000608,159151.8200000055,341917489.2500057
240.0,290.0,234.0,336.0,790622612.7600678,3322956.33999983,65511.2099999964,3534620.940000042,116306.27000000824,253967910.5099938
319.0,385.0,26.0,370.0,976508999.4501117,3653388.059999878,59636.84999999773,4550448.500000329,142439.80000000435,313781789.7499926
236.0,360.0,231.0,273.0,876175517.1600463,2830733.7100000456,72454.24999999386,4315838.250000027,140647.45000000633,281634379.1799883
297.0,290.0,235.0,278.0,772239100.1100447,3062448.58999995,62785.70999999745,3398752.679999897,114961.82000000527,248197497.85998473
341.0,419.0,22.0,318.0,1081985630.970091,3445440.600000039,65816.40999999817,5401545.29000101,166740.54000000158,347708668.9000041
265.0,326.0,209.0,300.0,880892895.7300402,2850925.4399999892,68611.91999999555,4267011.619999918,139367.73000000388,283167052.389995
278.0,342.0,220.0,260.0,874927419.5800486,2960407.499999955,70334.3799999937,4243426.159999931,139498.75000000338,281235367.3899832
423.0,235.0,399.0,43.0,648547583.1100107,2008702.899999919,63975.060000000034,2831571.4300000845,111551.31000000918,208933425.8699863
465.0,220.0,375.0,40.0,635127157.2399938,1945316.289999908,61488.25000000057,2696404.9800000857,108177.33000000448,204663518.28998932
390.0,304.0,367.0,39.0,734938450.7000055,1961372.589999906,71020.53000000013,3550555.389999663,129566.78000001113,236627228.98999217
537.0,298.0,211.0,54.0,733000109.7799989,2096392.0999999037,58842.310000000434,3259549.659999733,121075.6600000039,236113582.69997826
305.0,169.0,287.0,339.0,587615239.550049,3185107.829999894,58202.16999999582,2070684.0400001218,81713.7200000002,188906331.49999312
335.0,261.0,132.0,372.0,754146491.8200896,3484757.4599998887,56659.08999999769,3057549.980000022,105677.100000005,242363019.91997316
398.0,189.0,134.0,379.0,659563767.6100839,3419534.5999998096,49975.46999999736,2315925.6700002034,86664.79000000232,212048537.91997698
321.0,214.0,259.0,306.0,648949077.2500557,2990470.0099998806,60492.80999999714,2552945.3700000695,95218.03000000557,208653595.57999024
527.0,351.0,177.0,45.0,934754839.2000147,2097889.439999805,63595.36000000079,4672447.109999946,157980.5599999956,300922608.26998067
373.0,248.0,125.0,354.0,714475551.08007,3347649.899999959,52488.6099999978,2757041.240000078,98293.60000000396,229682398.50998026
173.0,485.0,149.0,293.0,1137558882.4001036,3206364.2900000345,79211.73999999122,6120444.2900008615,186346.6699999974,365471017.87998444
230.0,455.0,140.0,275.0,1092829950.750057,3090685.9599999483,74955.5499999942,5741584.600000674,176461.21999999735,351183512.8700015
275.0,126.0,236.0,463.0,564677645.3800681,3680647.3099997104,52680.449999994846,1706989.0399999975,68167.24999999428,181355516.11998823
140.0,390.0,335.0,235.0,892053188.2500451,2737341.9299999615,84481.15999998947,4700297.990000202,152009.90000000733,286662512.68000007
186.0,519.0,159.0,236.0,1161437194.9800742,3049143.540000099,81068.2199999863,6330638.3600009885,191790.7199999991,373167719.23999983
214.0,99.0,515.0,272.0,412746043.75002235,2562055.520000006,69443.16999999531,1315135.7399999762,65929.3099999921,132697404.44998747
197.0,391.0,335.0,177.0,901138526.820031,2507924.8199999104,77739.07999999441,4688923.730000158,152760.4300000032,289701261.4599866
388.0,126.0,236.0,350.0,546211999.3900506,3208346.3899997636,51021.2199999981,1662500.6500001026,71041.53999999499,175643038.1799853
261.0,85.0,443.0,311.0,422164461.0900334,2942439.0299999136,61904.069999996216,1122523.3399998813,58475.879999993114,135719161.9899854
280.0,91.0,477.0,252.0,406462351.5300142,2622520.7000000123,64279.539999997156,1128435.239999882,61130.309999994,130755983.26998165
305.0,223.0,112.0,460.0,737115046.6501201,4033461.5299996743,55056.05999999778,2803338.2500000885,94927.61000000604,236716319.8199786
252.0,238.0,119.0,491.0,760635974.5601084,3888343.7299997164,55850.14999999682,3002921.5100000766,99377.4700000065,244229181.42998248
317.0,191.0,116.0,476.0,684039029.920096,4056484.049999694,53559.83999999728,2426445.8800000143,85061.18999999689,219653215.83998096
261.0,191.0,254.0,394.0,657179393.910082,3487682.1499996623,62328.139999994055,2563728.7700001355,92204.76000000945,211107063.57998908
288.0,210.0,105.0,497.0,723880495.090089,3855626.789999634,53279.879999995,2722809.7500002566,92870.94000000683,232484981.12997788
256.0,154.0,248.0,442.0,608130077.7800684,3613838.099999793,55007.509999996284,2050021.100000051,77213.6899999981,195306704.4299776
202.0,191.0,254.0,453.0,633041596.6701034,3662984.15999972,60984.6799999958,2355782.0899999924,84693.22000000038,203253521.809986
245.0,191.0,116.0,548.0,670641933.8300899,3921015.139999793,51578.689999997354,2317384.0600000382,80191.86999999953,215287330.17998406
221.0,172.0,277.0,430.0,587496355.8100717,3422091.5699997623,59890.769999996635,2083194.35000007,79229.99000000175,188673111.7899951
208.0,163.0,262.0,467.0,602717185.9300702,3555854.989999843,60503.68999999606,2157219.2000001017,78629.34000000171,193478313.29999432
396.0,344.0,274.0,86.0,858995165.8300226,2179925.239999896,70381.34999999707,4304021.919999734,147315.41999999867,276442967.85997987
367.0,358.0,286.0,89.0,909356276.4300063,2179482.4999999152,72508.80999999642,4667762.739999923,156094.03999999465,292590825.50997996
405.0,327.0,280.0,88.0,822657737.7000146,2177447.729999888,68390.11999999835,4018850.669999508,140765.78999999617,264779910.68998376
358.0,311.0,353.0,78.0,775266812.4900209,2046172.1399998567,72913.23999999584,3861564.5799996555,136148.39000000284,249493250.77997744
381.0,331.0,264.0,124.0,815699600.2800382,2474859.3199998983,68730.79999999706,3934895.459999639,137160.67000000775,262460469.4999808
353.0,285.0,348.0,114.0,768491991.2200323,2297708.229999958,70401.50999999746,3689002.5799997565,130824.55000000975,247297508.33998618
319.0,312.0,353.0,116.0,792022360.2300221,2155967.459999924,72021.27999999734,3921397.7799997428,136438.3200000074,254854183.85998702
360.0,327.0,281.0,132.0,783339336.2400062,2357011.4600000195,66997.68999999751,3709022.7799996664,131107.5300000076,252059977.40998653
338.0,306.0,374.0,82.0,706670548.6800098,2081645.8999999214,70828.71999999785,3349506.1799999075,122670.78000000694,227456475.0199939
325.0,295.0,361.0,119.0,728084944.0200183,2294672.0099999956,70909.73999999458,3453307.9199998304,122898.84000000898,234241130.82999453
361.0,47.0,212.0,480.0,432376060.4000491,3705793.94999968,44680.68999999802,669822.9099999046,41519.669999995866,138896381.29998344
323.0,50.0,222.0,505.0,428342453.4700621,3879499.32999952,46745.81999999734,657672.7099999345,40334.309999995865,137527833.66998458
301.0,223.0,176.0,400.0,654850439.6700704,3550048.439999947,54066.60999999814,2347441.8300001663,85672.44000000492,210379922.20998415
400.0,53.0,115.0,532.0,470371044.450073,4058226.7199995536,39134.94999999986,696682.649999861,40624.8899999944,151093259.21997467
608.0,80.0,357.0,55.0,430265276.6500109,2101712.460000003,48703.85999999874,1061941.5599998566,65987.97999999668,138925580.4299771
519.0,384.0,150.0,47.0,920624856.8100063,2193515.5699999165,62078.15000000055,4537560.969999731,154016.21999999744,296364576.99996823
688.0,106.0,233.0,73.0,519074956.1600055,2247911.4099999587,43431.73999999959,1496511.5100001425,76643.55999999923,167510251.89997894
413.0,359.0,284.0,44.0,857118648.410002,1960038.5999998807,71448.45999999749,4363156.819999583,149526.24999999886,275884252.869982
292.0,253.0,99.0,456.0,776053280.5200925,3928573.3499997864,56788.48999999596,3115749.470000139,102618.14000000787,249195218.83997756
475.0,413.0,161.0,51.0,968213988.8900038,2184396.499999897,65088.12000000102,4903362.270000015,163097.3799999952,311644571.959975
111.0,297.0,462.0,230.0,732875590.5500499,2675727.5100000473,81496.46999999064,3619864.079999915,123641.14000001515,235482234.7699999
60.0,313.0,485.0,242.0,698629192.7200478,2646190.419999905,84667.15999999363,3468406.700000049,119769.25000001676,224427543.9000151
149.0,23.0,619.0,309.0,275616259.9000002,2746992.1899999077,69819.42999999455,394283.15000002296,40325.099999999395,88526377.82998748
123.0,330.0,392.0,255.0,776474018.0500591,2778714.1599999308,80097.40999998868,3862778.9999999446,129119.35000001539,249470937.73999664
106.0,284.0,440.0,270.0,710480700.8700452,2651983.0900000115,80987.53999998985,3473811.919999908,120982.47000000995,228277346.18999794
159.0,25.0,509.0,407.0,320221920.5900216,3318773.5299997013,63429.53999999305,412131.5600000235,37106.43000000119,102738094.35998437
63.0,330.0,393.0,314.0,805804566.1100682,3110841.6599999284,82525.44999999068,4018508.4000000614,130923.74000002144,258761536.91000807
77.0,23.0,620.0,380.0,278190454.64999825,2946725.8599998057,70168.01999999445,374222.93000002345,38125.449999999626,89256366.43998635
95.0,29.0,592.0,384.0,301462931.0800083,3048857.239999773,67563.45999999407,455163.40000003186,38909.909999999676,96715382.76998578
88.0,27.0,548.0,437.0,324245906.2400129,3438963.679999762,66648.4799999948,473122.3400000476,37622.869999999806,103954150.49998613
146.0,374.0,445.0,135.0,838328567.5600189,2294461.6499999496,85461.53999999477,4476275.069999912,149921.30000000334,269525453.9000017
434.0,261.0,311.0,94.0,703141701.7000165,2164283.6899999497,63913.719999999295,3163207.9899998372,118041.56000000857,226403461.37999102
173.0,240.0,527.0,160.0,632002979.2900403,2255627.719999947,79499.40999999623,3011058.039999943,111150.42000001097,203220470.10000753
158.0,404.0,392.0,146.0,915430679.4200225,2292921.4899999024,84699.86999999144,4948670.1300000725,161457.50000000035,294307453.3300013
97.0,248.0,296.0,459.0,713914231.2100832,3560944.259999905,69889.29999999277,3071649.6500000516,102144.44000000734,229111871.51999006
115.0,159.0,284.0,542.0,580616340.7100824,3954605.2599996454,61827.4799999935,1947119.1399998718,71099.67999999197,186206487.17999133
333.0,201.0,195.0,371.0,673101116.4400629,3355735.8699998828,55046.91999999671,2545798.420000113,92045.23000000344,216322610.25998336
348.0,114.0,250.0,388.0,505763663.1300544,3539089.6699997187,50600.789999995926,1314661.5399999663,59902.23999999207,162514597.61999154
516.0,169.0,302.0,113.0,593545701.2200087,2343241.659999981,54720.74999999927,2208800.9700002656,93366.68000000305,191235789.65998483
364.0,119.0,212.0,405.0,549132926.6000623,3630456.619999658,49986.139999996514,1557893.809999925,66398.36999999399,176485130.24998268
227.0,312.0,339.0,222.0,817203397.8200411,2696946.5399999446,74106.46999999476,4017641.9999998184,134627.80000000997,262690577.06998098
72.0,367.0,399.0,262.0,875630912.880042,2694556.8200000166,85536.5899999912,4643999.69000014,149681.71000000578,281296547.5099885
241.0,263.0,360.0,236.0,713340527.4400429,2729369.2099999725,72174.18999999594,3278174.789999937,115472.28000000729,229339379.5799887
233.0,321.0,317.0,229.0,814751603.8700699,2820520.4899999485,73161.62999999254,3958818.7199998377,132053.3000000162,261899926.23998466
259.0,356.0,386.0,99.0,824037296.0400294,2201149.9599999096,78750.11999999259,4254412.399999594,145372.09000000372,265064119.0199901
287.0,314.0,389.0,110.0,807337324.6900244,2218649.919999898,76352.61999999445,4091065.339999508,141281.30000000578,259701699.0199987
87.0,447.0,441.0,125.0,936197390.1700327,2204117.089999923,91761.36999998825,5259320.380000256,169651.33999999583,300922940.5199946
91.0,372.0,507.0,130.0,855874615.310032,2118531.4299999075,92097.10999998976,4758744.3599999985,157236.10999999652,275130383.3300043
80.0,325.0,403.0,292.0,797424650.6300572,2809867.1500000283,82481.6199999906,4050990.9999999357,132983.96000001655,256145477.15999877
95.0,388.0,481.0,136.0,876472570.880028,2192883.8199999323,91361.78999999049,4851269.780000039,158812.65999999936,281736025.009999
589.0,102.0,152.0,257.0,529947308.26003593,3044928.4099998837,41388.009999999915,1367492.2900000669,66973.07999999607,170681109.03998503
386.0,142.0,213.0,359.0,548337593.240052,3470970.5899997717,50157.86999999609,1566410.7200000947,67067.55999999447,176280222.18998018
398.0,425.0,103.0,174.0,988708783.6500603,2811652.2099999296,64618.419999998536,4905305.370000267,157135.7199999978,317969928.3199919
621.0,108.0,99.0,272.0,561585607.1200353,2936843.3899999172,37594.870000000374,1528530.1400001682,71307.11999999774,180917976.74997976
767.0,133.0,198.0,2.0,554918915.1099939,1999463.0299999544,42208.82999999912,1751662.8900004742,85588.97000000274,179162975.51998013
493.0,527.0,79.0,1.0,1166165067.5799992,2089737.9499997671,69457.61000000099,6300308.150000831,200723.00999998717,375295485.4299961
641.0,236.0,219.0,4.0,708768272.02,1956462.0099998806,55982.81000000089,3046293.0399999884,118280.75000000352,228456358.45997274
287.0,653.0,158.0,2.0,1341861225.8000062,2006445.0599997542,86503.25999999416,7832585.150000993,238628.2799999831,431557094.1399626
242.0,551.0,82.0,225.0,1227211800.750035,3015335.8100000774,77127.61999999161,6666190.540001074,200947.51999999688,394407718.50000626
304.0,691.0,103.0,2.0,1422650372.5800018,2070593.3299996865,86555.73999998621,8326563.440001659,252064.1399999872,457532930.36996114
167.0,268.0,299.0,366.0,726394198.8400754,3247894.9499998298,70119.24999999526,3227177.5700000343,109485.28000001247,233321215.74999383
317.0,225.0,251.0,307.0,725787458.550067,2995155.089999923,63150.329999997724,3091352.7100000493,108420.53000000618,233320958.04998437
179.0,206.0,322.0,393.0,616111692.2200636,3358587.849999923,65191.66999999634,2379572.1699999394,86999.38000000248,197835327.73000005
173.0,277.0,272.0,378.0,796508480.240112,3465947.0999997663,70958.47999999237,3632747.92000019,118487.75000001432,255786414.8899972
195.0,314.0,351.0,240.0,754491554.5500681,2717724.9499999713,74578.64999999331,3605592.200000016,122858.66000001665,242484673.91000172
222.0,256.0,350.0,272.0,698033802.7800536,2819384.5099999197,70637.98999999576,3134397.2600000123,110925.37000001226,224374821.31998923
373.0,265.0,260.0,202.0,783987368.7200434,2664591.3399999603,66797.46999999939,3649899.0099998172,127073.76000001153,252176741.5899821
386.0,197.0,307.0,210.0,638728502.4900453,2664833.8299999572,61042.58999999696,2579656.7300000666,99247.3900000085,205504988.50999483
347.0,176.0,241.0,336.0,627275432.6200588,3103808.009999869,57180.90999999606,2324122.190000087,88042.19000000731,201672717.09998843
400.0,204.0,279.0,217.0,641343808.7900276,2708710.719999923,57285.84999999648,2522301.440000113,96973.1000000067,206382500.70998704
160.0,18.0,486.0,436.0,305107635.7600127,3191251.0499997884,62774.559999993224,340443.1500000241,35552.140000002015,97899207.90998562
358.0,14.0,384.0,344.0,340359058.6600168,3133351.3699997603,50913.879999996476,320667.8599999812,37444.25999999892,109496791.18998551
155.0,53.0,470.0,422.0,388987112.0100245,3344408.799999788,63836.059999994446,882300.839999878,47853.78999999494,124797178.4699872
282.0,32.0,20.0,766.0,481876385.2600869,4915147.479999745,34437.930000003566,523312.9500000378,27039.749999998035,154388989.43998212
240.0,27.0,725.0,108.0,235725352.74999985,1869657.0299999963,71017.33999999805,339075.63999997784,46984.44999999793,76085472.15999101
590.0,201.0,43.0,266.0,685415561.5500433,3128129.019999953,41654.68000000099,2361959.960000181,91083.84000000024,220615373.9599708
898.0,36.0,23.0,143.0,460058731.4700167,2780255.269999943,23598.4500000022,586645.40999987,50409.06999999772,148593242.38997325
467.0,56.0,502.0,75.0,353821845.08000046,1942623.280000006,58499.02999999718,790031.2799998936,60076.80999999669,114254009.61998238
522.0,63.0,13.0,502.0,523022744.120066,3954449.089999593,32537.650000003752,944228.7799998097,47767.77999999443,168122705.5399766
842.0,102.0,22.0,134.0,553262536.8500162,2614294.319999963,28559.97000000188,1339916.1300000998,70212.64999999906,178532150.37996835
443.0,300.0,203.0,154.0,784561047.4000412,2607514.180000033,60162.799999998446,3515090.4599997625,125300.78000000658,252488002.47997737
226.0,399.0,270.0,205.0,910276435.8600339,2662611.0799999535,75497.45999999363,4674305.8400000855,151948.49000000503,292627032.1799882
428.0,326.0,197.0,149.0,833814843.1600153,2559846.3199999537,62745.82999999908,3909776.4299997436,134687.68000000648,268292316.56997666
409.0,278.0,271.0,142.0,740509296.570009,2427549.3699999386,62718.81999999986,3317026.059999824,120216.96000000791,238340163.67998433
374.0,254.0,172.0,300.0,738952222.0700481,3095622.1900000414,56846.479999997515,3046660.1199998735,107526.40000000624,237621097.26997608
341.0,260.0,226.0,273.0,741606102.7000544,3115989.6899999124,61191.72999999734,3150901.1100000744,109713.99000001117,238402280.33998907
168.0,295.0,289.0,348.0,798318648.8200649,3115611.45999996,71824.33999999471,3761035.4299999857,125572.77000001498,256492937.5499872
176.0,348.0,210.0,366.0,888875321.2900894,3287651.389999923,73999.69999999215,4357171.600000207,139342.64000001355,285540768.76000005
196.0,388.0,339.0,177.0,868256289.8500593,2640505.1400000188,78450.66999999517,4429943.1000000425,146233.42000000397,279118818.25998515
162.0,321.0,280.0,337.0,826876289.6300787,3142819.7099998863,73087.41999999141,3951038.0900000213,129191.48000001867,265639498.86999178
302.0,159.0,344.0,295.0,586084931.9600514,2913206.3099999637,61618.69999999715,2189984.010000069,86479.74000000388,188463185.90998712
39.0,211.0,458.0,392.0,599912790.5800542,3090063.2999998876,78774.06999999164,2612385.6700000004,93960.24000000789,192537445.10999987
234.0,370.0,267.0,229.0,945983385.9200604,2831354.9500001017,76824.93999999223,4868266.120000116,156038.96000000127,304043014.7399808
365.0,193.0,185.0,357.0,658661035.7500491,3173160.8099998967,55122.469999997134,2478854.490000138,90769.04000000199,211714935.46998575
255.0,135.0,291.0,419.0,535326451.03006,3402762.689999813,56435.52999999544,1661896.8099999572,67367.6599999933,171922203.4499943
232.0,368.0,118.0,382.0,949424432.3701396,3706328.4899997953,67348.66999999445,4523291.390000324,142066.39000000712,304978624.9799994
38.0,209.0,201.0,652.0,681502290.6301075,4321338.439999623,63079.97999999356,2563508.7200000687,82446.74000000098,218447748.39999261
24.0,390.0,281.0,405.0,896873397.1301239,3520392.42999983,79267.35999999223,4492843.750000251,139666.86000001009,287886400.33001
34.0,550.0,176.0,340.0,1204509709.6000664,3315421.430000134,86783.8699999831,6687794.7900010925,198014.21999999508,386803937.8600007
28.0,455.0,145.0,472.0,1099233705.160106,3780072.710000131,80256.86999999141,5747065.000000745,169625.18000000002,352856552.2199923
40.0,906.0,128.0,26.0,1778282950.510029,2294964.509999827,114306.08999994725,11274190.330002889,335545.7200001072,571502886.869939
414.0,586.0,83.0,17.0,1251376567.4399931,2110805.4499998013,76285.64999999685,7005228.270001133,217545.67999998856,402576919.4099702
73.0,743.0,236.0,48.0,1420803655.190012,2108977.479999833,102606.37999998592,8652613.570001075,257263.33999997622,456677199.55995715
23.0,535.0,527.0,15.0,1163317974.840012,1770792.8099997845,105328.66999998313,7103798.1600004155,219775.5099999732,373954110.42995596
29.0,659.0,93.0,319.0,1369362641.4301345,3357149.5000001513,89750.50999998156,7815089.170001342,226739.47999999183,439779719.6999846
25.0,249.0,554.0,272.0,680705821.3000495,2590801.9199999673,86582.449999992,3408086.2699999968,118457.94000001966,218649201.12000933
245.0,347.0,341.0,167.0,826389372.9600357,2502116.479999986,75538.1699999962,4123697.8799997712,139981.7200000041,265764549.489993
438.0,275.0,87.0,300.0,831297545.5000701,3192569.0599999293,54456.27999999856,3571770.7100000475,121218.42000000455,267344657.78996924
359.0,225.0,501.0,15.0,604250664.1599971,1763755.6299999168,75002.00999999784,2831868.3899999545,112843.26000001073,194620353.81000254
297.0,186.0,414.0,203.0,512074190.3700223,2409769.710000045,67695.51999999616,1944484.0100001493,84035.11000000384,164784447.9999943
72.0,24.0,362.0,642.0,353830392.0500334,4095555.4299994744,56348.18999999322,332238.73000005144,26945.270000001226,113213306.31998709
339.0,18.0,268.0,475.0,378912425.83003217,3573197.3599997414,46013.82999999682,384937.8000000081,35416.81999999924,121748791.09998636
44.0,435.0,224.0,397.0,1011391399.3500994,3469977.9499999345,80979.92999998933,5257532.080000408,160538.3300000041,324732871.26998395
66.0,22.0,422.0,590.0,336659734.6100246,3792248.1699995943,59928.43999999412,350467.7200000395,30194.94000000257,107798832.30998527
94.0,31.0,471.0,504.0,333548218.34003067,3607553.659999652,63751.41999999283,459872.4400000443,35669.44000000143,106899703.00998591
49.0,477.0,311.0,263.0,1018381718.930054,3015919.9100000057,88612.07999998849,5579227.990000486,173074.3599999896,327105661.2899851
379.0,20.0,380.0,321.0,338107480.2200233,3013293.359999874,52206.78999999734,372672.4599999986,38655.859999998254,108771611.08998631
264.0,405.0,208.0,223.0,966662894.1200444,2944188.9599999525,72993.37999999501,4883809.720000161,156711.0300000026,310732051.11999005
223.0,342.0,223.0,312.0,889998824.640068,3085697.9299999704,69051.51999999645,4289050.159999865,138893.4800000058,286026430.02999425
251.0,386.0,251.0,212.0,923827816.910048,2728540.939999969,74980.62999999711,4702820.470000029,151454.2400000017,296959883.20998484
219.0,206.0,299.0,376.0,649565494.9200702,3227364.5299997968,64944.47999999693,2631471.0899999742,94497.8400000044,208673379.97999424
297.0,187.0,273.0,343.0,631410235.0300777,3316555.919999817,60879.20999999655,2379817.2400001483,88369.94000000633,202897689.44999182
187.0,336.0,256.0,321.0,868025255.6500707,3179676.8600000185,72243.46999999537,4184449.869999939,136084.11000001294,278866777.5199956
214.0,201.0,318.0,367.0,657031801.1800779,3286168.8399998755,64795.809999994366,2671564.3600001377,95878.87000000733,211070998.3199907
234.0,220.0,319.0,327.0,669698322.6900584,2962907.189999939,65744.21999999735,2825666.439999964,101528.34000000583,215238595.3999893
193.0,348.0,288.0,271.0,848102728.2500753,3033497.2899998976,74550.4899999927,4155670.54000004,135770.10000001534,272495228.6699924
308.0,195.0,308.0,289.0,647528604.6100417,2836302.5799999572,60398.8599999973,2566051.9000001466,96735.01000000583,208228821.68998736
270.0,327.0,249.0,254.0,848654659.110042,2873056.8600000613,69522.73999999597,4082102.3699997044,135310.80000000767,272808149.4999761
252.0,305.0,252.0,291.0,822611388.8100657,3096542.4000000437,68135.5299999968,3824594.4199998584,127147.43000000865,264369027.8899826
265.0,320.0,265.0,250.0,808452052.2000761,2885687.930000003,68631.70999999506,3815718.5399998026,128598.32000000773,259883023.18997782
697.0,233.0,1.0,169.0,726750573.690039,2833101.779999958,37990.53000000125,2615218.700000126,100895.81000000164,234107415.6599574
606.0,285.0,1.0,208.0,847613129.2900354,2908111.8299999973,45682.15000000069,3537845.2699997104,123508.91999999875,272854135.789963
508.0,468.0,1.0,123.0,1132370493.1900167,2617028.570000016,62040.18000000102,5813737.600000785,182620.09999999768,364284336.3799925
662.0,221.0,56.0,161.0,735321422.1600406,2763553.4799999683,43174.5199999998,2782880.000000145,105784.39000000479,236820594.40996915
555.0,185.0,1.0,359.0,716768960.8200672,3450345.1899999166,40296.030000000836,2477039.2800002284,91094.46000000076,230568036.04996735
414.0,382.0,35.0,269.0,984918588.430061,3214780.9799999474,58700.02999999865,4639585.300000011,147855.9700000039,316650862.06998444
440.0,206.0,52.0,402.0,687880242.2700646,3610033.219999861,44482.81999999864,2334573.780000168,86703.44000000166,221184088.6399744
342.0,445.0,0.0,313.0,1064907336.9400644,3395348.1399999834,61592.25999999666,5202848.110000845,160152.10000000393,342254464.03000546
398.0,518.0,47.0,137.0,1203511505.110062,2682233.540000042,70764.56999999695,6433472.610000922,197679.66999999294,387024350.8899958
330.0,429.0,39.0,302.0,1086613996.4600742,3244459.1599999904,66188.03999999592,5464526.880000834,168515.72000000384,349263985.95000404
146.0,373.0,243.0,338.0,949304364.8600757,3334920.239999945,75989.88999999291,4790010.210000246,150277.15000000322,304917472.50998765
36.0,416.0,272.0,376.0,989073685.3700855,3465929.8599999766,83267.00999999023,5188567.880000411,159148.75000000608,317546167.17999554
190.0,151.0,318.0,441.0,578295517.5500733,3434556.719999771,62747.1399999939,2052016.3200000233,77269.91000000142,185653124.6099951
142.0,362.0,268.0,328.0,903721426.1600655,3126514.569999978,77509.20999999346,4556769.610000217,145081.73000001026,290285512.04999864
208.0,532.0,347.0,13.0,1139230821.4800167,1893427.0299997788,91362.27999998357,6663714.520000697,210126.30999997564,366368011.1399482
294.0,232.0,556.0,18.0,573601270.5199978,1691726.2799999611,79923.10999999633,2753749.4799999264,109690.63000001143,184715389.60000205
52.0,594.0,440.0,14.0,1210306371.4300184,1834881.739999735,104244.30999997891,7412676.260000887,228906.1199999669,389066996.82995087
90.0,317.0,668.0,25.0,638484852.6899887,1572856.8799999075,95028.46999999128,3536469.1799998106,130075.35000001799,205394986.3100027
47.0,167.0,398.0,488.0,550050047.5400864,3899273.5699995933,67362.74999999203,1898115.3599998746,69538.79999999389,176336665.04999596
83.0,293.0,701.0,23.0,681683873.8300189,1576067.719999922,95694.66999999172,3832400.8399997586,137522.5600000145,219276282.6100094
207.0,190.0,426.0,277.0,607558568.1100467,2683000.2999999435,72723.61999999352,2608360.0900000692,98107.85000000881,195290572.109998
104.0,212.0,475.0,309.0,610703178.5400513,2866325.690000025,77131.79999999319,2692022.5599999675,98023.7100000094,196139699.46999687
209.0,178.0,432.0,281.0,524033210.4500355,2788229.8299999186,69639.31999999487,1990772.900000082,81921.37000000324,168442839.68999514
296.0,273.0,134.0,397.0,763959219.530076,3468112.019999936,55732.11999999659,3106381.740000032,105452.740000007,245483964.24997914
200.0,184.0,413.0,303.0,590124666.9600713,2988673.739999845,70414.06999999449,2387401.410000022,91175.1500000104,189630006.52000096
288.0,246.0,130.0,436.0,747161303.42007,3710334.3999998085,54836.159999995965,2938669.160000151,98997.12000000637,239994246.42997476
149.0,303.0,149.0,499.0,839385386.3900995,3910109.3699999037,65864.79999999618,3749492.680000005,118002.81000000819,269411594.3399779
102.0,192.0,465.0,341.0,566831267.9700513,2906028.7899998873,75353.1699999935,2377111.8100000815,89722.24000000715,182045262.82999808
161.0,303.0,161.0,475.0,847924162.3401129,3840738.3799997354,67193.20999999478,3826766.0600002105,121562.65000000954,272204760.1299853
152.0,287.0,152.0,509.0,809535422.7700834,3751501.9999998803,63248.26999999583,3531263.3499999973,113379.71000000565,259879455.1799783
450.0,433.0,183.0,34.0,1022761518.5199975,2055331.529999807,71241.18999999657,5443130.680000414,177045.1799999916,329114602.06998223
375.0,483.0,204.0,38.0,1053235902.6600218,2069124.2799998152,75343.20999999541,5715350.270000382,183848.75999998863,338854070.69998837
456.0,425.0,185.0,34.0,989750552.4700187,2036952.4299998514,70547.69999999747,5194125.160000202,171236.0799999857,318536031.7699744
395.0,380.0,295.0,30.0,890073122.4700205,1987189.0599998396,73159.07999999804,4602173.199999763,156949.5999999971,286485823.39998287
435.0,420.0,177.0,68.0,998460080.1700152,2266131.879999875,70670.45999999704,5203371.68000013,171237.25999998825,321279409.96997213
388.0,362.0,290.0,60.0,921112576.8000159,2143017.499999879,72430.93999999798,4765348.3599998085,159530.65999999247,296407577.83998495
315.0,405.0,315.0,65.0,919822424.8000175,2172280.2899999227,77313.0699999977,4842544.919999774,162257.67999999324,295934055.3599799
367.0,457.0,200.0,76.0,1023950133.8400047,2135584.1799998744,72680.67999999724,5456477.940000292,175935.93999999255,329427909.40998954
329.0,409.0,329.0,33.0,916393261.9500182,1952398.9799998903,77686.61999999476,4879832.589999785,162452.67999999694,294880127.599988
318.0,397.0,319.0,66.0,946002561.0800253,2072721.6999998551,79733.13999999424,5091175.8400003025,167932.27999998984,304318286.42998
328.0,69.0,304.0,399.0,419144941.77003795,3420198.0699997405,51573.599999996244,791428.599999928,47140.94999999594,134686814.5199808
410.0,62.0,272.0,356.0,459631976.7800398,3249475.189999841,49918.80999999837,1041457.6999998258,55760.54999999534,147839505.79998672
272.0,246.0,252.0,330.0,710107797.3600935,3205533.8999998346,63818.97999999493,2985000.470000166,105000.5700000149,228206763.58999136
357.0,75.0,234.0,434.0,483332824.17006224,3644774.799999645,48449.84999999785,1103691.2099998246,53616.139999994586,155299419.16998363
404.0,85.0,375.0,236.0,412421315.3300237,2701844.769999944,56735.099999997125,1008008.1099998638,58360.59999999456,132792230.83998412
350.0,317.0,229.0,204.0,835612866.9100512,2789778.4999999567,65752.60999999783,3916699.589999904,131676.16000000815,268708152.429985
540.0,81.0,253.0,226.0,445639532.130033,2818859.0799999144,44777.79999999744,942709.5999998472,57446.75999999545,143612029.47997966
403.0,262.0,267.0,168.0,753812671.3400338,2590403.2399999467,62948.2099999994,3379297.5099997222,121536.24000000712,242562710.4299755
368.0,239.0,173.0,320.0,747744007.2000626,3275858.9499998735,56788.70999999739,3079920.019999896,107265.320000004,240374165.53997788
434.0,282.0,203.0,181.0,807599976.2300584,2766480.709999969,60561.909999996984,3651332.5899998127,125546.67000000653,259781283.62997502
152.0,559.0,110.0,279.0,1227470506.880103,3579932.760000141,83651.5399999836,6713154.770001153,202079.09000000122,394333572.4399851
318.0,461.0,91.0,230.0,1071570867.1100606,3016874.2899999665,69869.65999999603,5496470.790000589,171353.5499999971,344461839.44999
262.0,169.0,189.0,480.0,617898918.3100619,3693775.969999766,53061.87999999646,2066730.9600000384,76696.73999999922,198446532.2899902
92.0,340.0,499.0,169.0,786573506.2100238,2316375.1299999156,86752.0599999923,4189139.979999865,141412.1800000144,252823664.49000725
105.0,384.0,76.0,535.0,1010607625.6201363,4149546.539999657,68498.73999999283,4848980.410000616,144303.5900000105,324369724.3399965
91.0,58.0,488.0,463.0,358732020.3800282,3225787.7799997493,67506.77999999432,774447.9599999187,46217.83999999581,115074489.58998542
167.0,242.0,355.0,336.0,682071789.4600399,3023706.6399999307,73500.11999999534,3055659.1100000227,106754.6700000117,219102940.800001
309.0,79.0,88.0,624.0,533428042.16008794,4300636.729999548,42720.88999999751,1160036.1699998023,49113.74999999332,171167560.4599809
268.0,68.0,571.0,193.0,344052434.8000051,2222579.0999999903,69843.87999999525,929376.5399999256,59108.009999995775,110784445.609984
203.0,52.0,434.0,411.0,384509237.0800382,3282359.9299998335,60701.119999994975,801332.6199998797,46321.05999999497,123436208.00998498
207.0,287.0,600.0,6.0,639361025.5799956,1625376.969999909,83476.50999999652,3267447.0099998135,123545.88000001774,205834270.8000039
467.0,203.0,426.0,4.0,588846839.6100023,1756553.6299998902,65985.81000000049,2557140.980000139,106403.96000000599,189793709.8999863
236.0,173.0,684.0,7.0,479985358.2799973,1520110.3999999538,84655.97999999629,2293796.070000164,99095.42000001251,154602613.87000093
371.0,515.0,203.0,11.0,1055835987.1900109,2012103.5999998334,75067.54999999386,5710416.830000565,184524.9599999911,339748285.2099887
133.0,185.0,386.0,396.0,614034521.3000553,3182573.31999988,69471.1099999949,2499160.5700001176,90659.96000000247,197163212.87999156
209.0,154.0,115.0,622.0,618248266.6401149,4308094.399999634,50300.30999999457,1881324.769999891,66987.39999999167,198328434.35998678
432.0,189.0,74.0,405.0,688582245.080055,3511238.3699998176,46337.83999999915,2414254.3400001368,88342.49000000233,221365110.2199743
357.0,83.0,326.0,334.0,421192144.30004305,2938634.6599998353,53603.569999995736,960557.0599998541,54423.769999994984,135489180.80998418
779.0,180.0,134.0,7.0,628196301.3000058,2073524.4199999063,40982.719999999215,2188047.320000506,96638.95000000218,202717929.36997145
470.0,109.0,81.0,440.0,592003906.6300658,3699552.939999782,41531.66000000012,1625390.8400000087,66608.52999999284,190298839.54997852
359.0,403.0,92.0,246.0,997893748.1500577,3027759.4700000267,64956.31999999838,4905421.850000263,156728.08000000237,320840184.3699849
158.0,513.0,116.0,313.0,1143008868.690092,3275106.5500000343,75371.5499999908,6043545.7900009155,181336.73999999714,367204177.0999921
385.0,352.0,98.0,265.0,858720981.8000641,3158560.010000023,56068.89999999906,3791601.6699998067,126293.46000000226,276117370.74997187
300.0,338.0,256.0,206.0,873973960.430028,2518961.8699999237,70390.77999999753,4325140.549999799,142840.0400000027,281064451.55997676
414.0,465.0,106.0,115.0,1043547645.9799954,2500006.759999989,65852.95000000062,5328113.500000551,170744.07999999588,335682049.91999936
361.0,330.0,308.0,101.0,782393233.6500373,2324573.699999957,70469.87999999613,3776098.0999996946,134083.28000001042,251779863.1699792
146.0,475.0,361.0,118.0,1006466599.5100234,2265648.049999926,87703.18999999468,5630030.430000311,177944.91999999323,323528066.8899974
212.0,560.0,157.0,171.0,1180207397.8000486,2692881.8799999957,83587.81999998943,6571383.370000534,200498.9499999903,379352219.8399719
136.0,359.0,335.0,270.0,842042854.4200488,2902746.9500000128,77757.27999999339,4212027.539999851,138133.6400000097,270532553.14000034
159.0,420.0,393.0,128.0,958381130.39004,2298639.8799998784,87163.05999999277,5284968.610000209,170291.04999999012,308102611.14999163
480.0,39.0,456.0,125.0,349333596.9500136,2222189.3699999885,54032.99999999784,647363.9799999188,54074.509999996146,112761936.20998396
4.0,68.0,807.0,221.0,281223517.92000014,2268796.4100000034,85232.37999999487,854484.4099999863,55024.609999995744,90316820.09998551
350.0,327.0,332.0,91.0,791403362.6500219,2099222.0199998603,72023.03999999657,3928840.269999588,136889.64000000464,254668015.87999576
638.0,51.0,245.0,166.0,442416237.95001155,2566246.689999966,42872.809999998535,933795.3999998713,58028.29999999653,142655039.40998036
441.0,35.0,420.0,204.0,339379396.530013,2523839.7799999644,55340.109999996974,517339.6499999765,47683.02999999691,109387195.61998563
395.0,370.0,152.0,183.0,963028128.1400409,2699200.9700000426,65312.959999998406,4764007.220000206,153824.59000000503,309725116.2399806
6.0,95.0,454.0,545.0,438536310.5000487,3758494.8199996017,67607.77999999363,1210309.3199998317,52375.33999999327,140474417.17999142
2.0,438.0,444.0,216.0,959624809.2100388,2451576.529999943,93898.26999998897,5418726.120000359,170579.6799999968,308274800.2599964
3.0,650.0,267.0,180.0,1276241049.7700515,2795317.8200000767,101002.7699999695,7595617.480001342,231694.81999997483,410000449.3299514
3.0,576.0,237.0,284.0,1254221651.0000796,3043007.400000138,92087.64999998588,7179960.700000935,211277.92999998562,402817376.3599927
237.0,282.0,213.0,368.0,791744564.1300774,3285048.349999946,64867.18999999803,3523498.689999933,117054.88000000658,254358295.65998298
244.0,279.0,212.0,365.0,832818104.3600706,3263595.9999999944,67689.38999999686,3832463.8399998844,126430.07000000634,267579166.09997788
254.0,222.0,229.0,395.0,720212705.9300847,3469494.589999765,61519.409999994445,2962220.110000171,101653.63000001451,231354369.6699812
198.0,236.0,358.0,308.0,654160257.2200541,2945754.009999968,67927.76999999593,2767805.9500000793,100579.63000000699,210221348.31999478
218.0,259.0,196.0,427.0,739402636.7700747,3579152.359999862,61826.17999999612,3055962.920000061,102794.74000000629,237472729.09998336
195.0,170.0,352.0,383.0,578443492.8500562,3226233.8799998504,66436.04999999492,2190355.080000012,83105.27000000104,185779779.29999343
190.0,218.0,332.0,360.0,636913919.2600642,3168119.9799998463,69885.19999999314,2648181.6400001044,95903.94000001004,204591483.47999832
239.0,201.0,208.0,452.0,702532479.3600723,3575323.0099998997,59257.079999996924,2760844.760000064,94779.56000000214,225617129.4399841
217.0,182.0,377.0,324.0,581954783.8300493,2903514.1999999033,68997.27999999572,2337409.420000071,89770.92000000807,187021687.01999924
201.0,169.0,350.0,380.0,603237902.7400591,3205914.9599998356,65843.58999999505,2336024.790000105,86971.15000000589,193762360.01
264.0,148.0,46.0,642.0,652462557.8301072,4496858.299999707,45974.019999998236,1973006.6099999817,67806.48999999155,209290166.03997892
390.0,126.0,39.0,545.0,606523810.0500813,4064500.4299996234,40749.33999999981,1645261.0800000257,64021.8299999915,194822059.56997052
294.0,40.0,51.0,715.0,489781365.050076,4531925.219999574,37286.200000002435,709328.6599999323,35410.09999999606,157079839.77998072
234.0,132.0,165.0,569.0,587068581.6900812,4090404.839999646,50685.78999999777,1724580.0999999307,63887.93999999052,188361607.5399866
415.0,233.0,73.0,379.0,735731853.3100638,3568036.759999765,50669.48999999833,2788386.2100000484,99131.74000000373,236526584.03997058
399.0,55.0,281.0,365.0,398560168.5600334,3224113.679999763,48050.30999999691,609520.7399999484,44555.75999999746,128210857.89998284
488.0,158.0,197.0,257.0,582021123.4800359,2959077.3199999463,50974.969999998284,1935418.7700003006,81894.36000000058,187314672.2499807
645.0,51.0,65.0,339.0,476029566.6700371,3372229.8699998064,30702.07000000225,722440.2799998453,47372.879999996236,153321060.9499755
382.0,30.0,154.0,534.0,443441000.5500565,3946057.8099995805,40088.829999999034,604153.8299999293,37204.3399999976,142390361.46998647
547.0,43.0,222.0,288.0,413835442.2500317,2936359.6899998267,41663.31999999719,637456.0499999112,47209.7899999969,133314190.03997836
378.0,308.0,247.0,167.0,779654513.7700444,2562241.3300000136,66267.9199999983,3634051.369999841,128156.0700000114,250840141.33998597
80.0,435.0,349.0,236.0,985511241.1000477,2813448.60999998,85808.23999999076,5350880.810000444,167649.41999999268,316598981.289994
402.0,257.0,263.0,178.0,735279734.680033,2616632.609999919,62245.3199999977,3227814.809999841,116719.04000000848,236585758.5199852
351.0,287.0,307.0,155.0,757291424.040028,2455184.669999983,66763.10999999655,3491782.6799998255,123819.47000001004,243634989.68998626
320.0,262.0,209.0,309.0,757309245.7800759,3173047.1399999065,62838.09999999581,3278685.879999994,112185.05000000908,243380768.41998643
316.0,202.0,277.0,305.0,638031704.7800523,3026520.9699999103,62595.67999999742,2513173.860000129,94167.16000000488,205097045.18998978
59.0,320.0,343.0,378.0,808041487.7400931,3375387.4899998284,76844.34999999132,3885017.2200002065,125271.35000001697,259421607.35999495
69.0,291.0,299.0,441.0,780873888.3500936,3517029.4999997527,75519.37999999044,3638689.3500001216,118379.55000001795,250658889.5400018
79.0,333.0,457.0,231.0,801613986.65005,2652023.1500000074,83971.63999999268,4144161.6899999254,137013.66000000737,257531413.46000153
63.0,267.0,367.0,403.0,709829028.2300661,3305829.909999833,75119.42999999043,3213003.820000044,108455.56000001023,227840614.97999856
335.0,248.0,171.0,346.0,739446635.9100672,3240497.169999858,59060.88999999608,3070176.879999995,105836.52000000594,237658260.1399811
235.0,281.0,194.0,390.0,796850442.0800798,3459358.869999838,64499.82999999734,3516934.040000089,116052.31000000647,255976517.18998346
286.0,373.0,146.0,295.0,951275614.5200788,3246120.6399999703,68268.04999999478,4641792.27000021,147503.08000000473,305722904.15999365
396.0,293.0,3.0,408.0,895958420.4100996,3720126.61999986,52945.84999999805,3875548.559999952,125792.39000000576,287960250.7899704
343.0,255.0,176.0,326.0,752187072.1800541,3258212.0899998383,56905.07999999821,3112325.4600000572,107989.01000000493,241785751.05997807
337.0,440.0,3.0,320.0,1068736267.6400552,3492139.379999971,62261.84999999828,5232769.910000547,159234.51000000673,343438034.7999939
294.0,352.0,4.0,450.0,975418202.9201031,3782611.679999945,58440.15999999766,4493745.360000164,137939.02000000598,313335264.509991
202.0,424.0,166.0,308.0,1003385293.7800517,3091150.94999997,72625.90999999411,5114923.36000037,158412.76000000082,322391131.62000203
230.0,484.0,3.0,383.0,1140285133.54007,3668650.0599999027,68650.63999999639,5814945.950000999,175670.50000000544,366313090.8900041
237.0,498.0,3.0,362.0,1229334225.2401278,3651767.5200001234,73485.25999999314,6480744.070001342,194071.34000000125,394922466.3100045
61.0,522.0,445.0,72.0,1097282651.440004,2064886.2399997409,98540.19999998402,6490748.110000674,203327.75999997742,352686291.4899669
348.0,378.0,322.0,52.0,898941759.2400013,2086806.7699998876,77447.8899999956,4734964.039999977,159478.760000002,289244670.8499927
91.0,243.0,659.0,107.0,593914686.8300179,2037200.0799999733,87433.05999999325,2987120.790000015,112192.09000001734,190970319.64000332
73.0,616.0,326.0,85.0,1229593074.2600238,2336438.8799998974,99548.48999998152,7332575.030001006,225124.4999999788,395171676.6199543
63.0,535.0,456.0,46.0,1071869673.8600131,1907620.6699998318,98886.22999999147,6345839.780000474,198797.78999997818,344583947.5699777
124.0,330.0,557.0,89.0,697670078.6800175,1936712.8199998813,89018.84999999433,3712231.1199997626,132550.450000014,224362381.36001432
400.0,434.0,229.0,37.0,1025598253.7000135,2100445.3699997743,74915.05999999674,5488000.780000526,179409.4299999858,330000994.1299769
467.0,159.0,431.0,43.0,520855647.51000816,1945454.0499999607,61147.099999998514,1957019.1400002749,88990.72000000597,167922652.40998858
533.0,181.0,306.0,80.0,596584561.5300083,2149031.7799999677,56321.26999999744,2289185.1800002824,96583.89000000648,192280752.87998694
548.0,187.0,315.0,50.0,608230806.6200135,2054928.2299999571,55188.509999999515,2366217.3200001987,99084.82000000741,196058938.89998615
54.0,326.0,148.0,572.0,921126011.8701258,4160612.099999648,69229.91999999197,4268963.260000348,127842.7300000135,295508402.4699985
66.0,323.0,146.0,565.0,850732394.6601329,4374424.399999854,69506.77999999159,3794407.020000235,116947.16000001115,272909507.7999854
53.0,342.0,145.0,560.0,915271717.4301217,4132171.789999816,69762.34999999327,4271822.360000273,129236.67000000975,293662476.2399904
39.0,236.0,412.0,413.0,640915914.6200705,3353514.959999886,76579.93999999264,2782606.220000065,97089.79000001107,205676964.26000357
64.0,382.0,173.0,481.0,888139163.020101,3900426.849999673,71432.31999999097,4178507.2400003904,128000.37000001858,284999886.89999884
43.0,277.0,453.0,327.0,670203593.2700746,2953155.7899998636,80806.79999999271,3136605.4600000894,108871.49000001735,215192842.4400036
53.0,261.0,457.0,329.0,669659536.670058,3072895.2100000028,78939.7599999953,3074904.6599999974,106595.49000001205,215010385.34000894
75.0,393.0,167.0,465.0,979569871.7400972,3819683.349999905,73237.57999998996,4823299.790000387,145926.92000000825,314431528.27998656
47.0,246.0,403.0,404.0,677186571.0100797,3287274.6599998376,78470.6499999905,3067285.170000129,105312.8800000119,217342818.5500008
52.0,275.0,449.0,324.0,702357482.0300643,2952130.8600000534,80119.08999998972,3346769.0699999905,114533.21000001107,225544363.34999588
243.0,411.0,300.0,146.0,964306788.1100453,2406020.909999955,79047.17999999289,5161174.050000178,167637.9299999977,310070808.3599832
248.0,409.0,298.0,145.0,990547001.8200237,2443565.7800000533,80068.93999999172,5303489.800000384,170341.94999999573,318494979.74998784
383.0,12.0,474.0,231.0,293655512.8599981,2534094.0399999265,56108.099999995575,246344.67999998416,40137.4199999976,94656717.65998754
282.0,479.0,169.0,170.0,1074738149.3700309,2706255.7700000573,75322.1299999944,5711083.670000556,178980.64999999307,345520668.6499825
266.0,452.0,330.0,52.0,1038833973.9400079,2098818.719999843,83581.05999999214,5755200.270000549,184621.9199999887,334137079.2299766
603.0,19.0,362.0,116.0,336297695.45000887,2260411.2000000216,44352.16999999914,335318.1799999594,46512.50999999778,108686827.17998257
322.0,530.0,188.0,60.0,1178950319.1300182,2287381.9999999055,77764.99999999197,6520403.940000742,203083.42999998384,379202669.6299702
455.0,14.0,546.0,85.0,261286385.83999532,1928887.4800000307,60663.37999999835,255462.25999996162,45930.30999999812,84472904.21999009
500.0,16.0,291.0,293.0,369249935.49001634,3029075.879999858,42780.34999999883,356665.7899999685,39842.41999999969,118934894.44998153
611.0,19.0,356.0,114.0,346008349.2400083,2304025.480000036,47788.03999999705,447787.99999993434,48708.65999999843,111744657.55998233
428.0,121.0,242.0,309.0,521017217.5200453,3063661.8899999605,49371.02999999749,1485775.460000087,68881.55999999733,167656274.09998178
433.0,120.0,240.0,307.0,553484066.2600517,3011566.5699999123,50967.259999996866,1749375.2000001487,74437.93999999865,178070272.88997912
421.0,136.0,238.0,305.0,560062261.6000437,3069304.8599999193,52525.56999999878,1790315.5600001141,76598.4099999993,180183930.9699923
403.0,114.0,291.0,292.0,467660410.1200493,2956203.279999893,51069.55999999665,1200190.609999943,60997.21999999341,150461497.65998134
482.0,136.0,272.0,210.0,526032174.6400423,2702972.2199999327,53177.85999999787,1665724.1100002106,76758.43000000204,169401671.1299883
444.0,143.0,320.0,193.0,537146008.7600217,2564151.56999997,56109.509999998314,1827871.9600002426,79847.39000000131,172919989.5899858
456.0,127.0,322.0,195.0,491919262.49003506,2619793.0699999216,54350.65999999757,1493387.8200001365,72301.4799999962,158431191.43998355
479.0,152.0,265.0,204.0,538747243.6100228,2658112.0299999746,51481.57999999786,1711423.2800002543,78024.06999999781,173500512.30998054
403.0,128.0,284.0,285.0,524351066.13003653,2911658.0999998585,54464.38999999647,1647844.3600001696,72214.48000000132,168668934.34999385
449.0,142.0,317.0,192.0,516585101.7400221,2588363.1899999585,54098.36999999781,1648476.3900001647,76521.4599999993,166386511.3699851
170.0,379.0,499.0,52.0,847201332.5600172,1916264.609999849,89637.26999999039,4695740.819999968,158505.43999999555,272486552.2299937
178.0,376.0,495.0,51.0,802455831.5300084,1923664.649999842,86396.90999999587,4337340.5299997525,149989.6700000011,258140080.95999882
168.0,390.0,491.0,51.0,850378545.120012,1795490.2699998724,91952.35999999,4789135.619999847,161750.96999999377,273514538.1100014
288.0,639.0,86.0,87.0,1358392123.9400167,2436704.9400000977,83798.0899999886,7811689.360001771,236761.97999998412,436757719.4999694
126.0,279.0,368.0,327.0,752341527.5300653,3230359.8399999314,75154.06999999138,3505340.220000093,117218.4700000183,241615511.2700009
177.0,410.0,53.0,460.0,1033593996.0301086,3958231.7199999527,68590.83999999358,5036038.220000627,152953.730000007,331902053.35000724
187.0,396.0,53.0,464.0,987266586.4001163,4143540.3799997144,66522.46999999402,4663725.7500005225,141796.54000001182,316992869.07999516
130.0,287.0,362.0,321.0,755757842.8500724,2983691.1999998805,74724.9999999939,3556250.2700000606,118958.27000001066,242774858.30999553
291.0,642.0,83.0,84.0,1345071556.0000136,2386203.319999917,82596.28999999256,7680487.7200013,232124.67999998975,432477105.6899643
185.0,407.0,52.0,456.0,1013870565.2900928,3828538.3699999107,67146.60999999598,4914395.390000372,149259.0600000046,325595565.6399961
362.0,87.0,472.0,179.0,400622363.7800323,2436169.189999933,60851.82999999726,1058999.5099998608,62240.9999999941,129052790.90998559
371.0,86.0,466.0,177.0,388206376.12001276,2389703.1499999966,61479.4099999971,994594.8399998812,60976.08999999614,125066017.5299826
261.0,369.0,341.0,129.0,880033588.7100427,2309411.6400000257,77956.39999999681,4580395.320000006,151373.27000000278,283007906.8199887
331.0,80.0,525.0,164.0,380467903.220011,2317933.730000012,65325.1099999977,1056488.4699998826,62299.41999999518,122554179.21998315
304.0,74.0,397.0,325.0,396296883.9400219,2931203.1699998784,57504.03999999596,859468.039999897,51975.169999995356,127442792.92998594
217.0,306.0,345.0,232.0,761622491.8100507,2589098.650000073,74783.08999999409,3698643.589999826,127594.87000001353,244861761.43999466
290.0,68.0,443.0,299.0,397163708.7400187,2743531.2300000135,60709.84999999752,968069.5699998953,55826.95999999625,127748063.27998401
237.0,322.0,297.0,244.0,782463926.180054,2798092.889999971,69821.61999999676,3675052.6199998045,125184.21000001044,251510603.9099842
252.0,343.0,385.0,120.0,833628766.9400163,2181872.66999991,79695.97999999466,4343820.819999779,147368.40000000506,268120209.92999938
224.0,304.0,342.0,230.0,800016083.2900529,2711264.000000023,74089.87999999394,3888943.2199998247,131439.58000000773,257180761.84998634
441.0,281.0,44.0,334.0,832946213.0700897,3644105.9399999706,51848.279999998864,3435417.8899999596,116805.09999999931,267791724.65995437
446.0,279.0,43.0,332.0,850710869.6200621,3386217.1200000197,53218.23999999903,3648529.4799998594,120702.12000000193,273464403.21996593
548.0,82.0,54.0,416.0,544066012.1500497,3600863.439999823,38172.330000000555,1260009.2299999218,58150.6399999946,174961788.23997614
418.0,267.0,98.0,317.0,790264119.7300797,3383472.2199998684,53432.449999997996,3243418.3000000943,111488.95000000796,254079275.87997806
397.0,254.0,39.0,410.0,815959531.2300829,3774713.4399998,51893.56999999605,3285168.5700000315,109436.22000000556,262214561.45996174
455.0,68.0,107.0,470.0,488456188.2200638,3825390.519999579,37814.59000000095,849075.4299998243,44938.44999999432,156958663.66997832
383.0,240.0,88.0,389.0,776369575.2200717,3507666.3399998653,51938.42999999752,3109976.5800000853,105206.58000000488,249520378.96997178
487.0,72.0,47.0,494.0,531307986.72006863,3901230.5299995583,34372.840000002514,1047424.6499997851,49810.29999999258,170762852.18997762
518.0,77.0,119.0,386.0,484408105.35005087,3343667.8599997633,37604.6799999995,942585.4099998432,52116.2199999946,155893112.40998274
460.0,68.0,106.0,466.0,498291420.12005895,3689658.979999719,38664.08999999863,983570.539999785,49975.05999999348,160185764.7999782
326.0,166.0,389.0,219.0,585857262.3300447,2662165.0299999714,64492.49999999758,2294736.7600001437,91666.72000000675,188461510.25999004
331.0,165.0,386.0,218.0,538276471.100034,2637734.4899998996,62177.34999999746,1957697.5400001716,82698.32000000226,173193147.6199886
321.0,179.0,384.0,216.0,554077408.5300316,2560339.1299999636,62518.219999997535,2087605.4000002458,86867.04000000365,178281921.8599968
309.0,157.0,426.0,208.0,533080762.47003454,2541034.069999998,64774.22999999771,2007228.9900001353,84288.460000004,171507319.23999584
293.0,150.0,351.0,306.0,490519678.10004467,2939292.9299998945,58519.28999999561,1491241.5500000666,68027.2899999942,157734899.7499919
276.0,154.0,381.0,289.0,545081794.8000414,2976752.389999874,64524.50999999586,1972488.5900000937,80356.69000000093,175198904.25999296
285.0,142.0,383.0,290.0,525811896.8800379,2887359.0699998946,60885.37999999556,1798545.630000091,76617.57000000527,169093354.72999
295.0,160.0,344.0,301.0,556999157.3100492,2897631.9599998943,62200.909999996285,2026873.5200001511,81897.19000000296,179086398.07999325
310.0,169.0,417.0,204.0,527472433.45003235,2464887.1299999743,66812.1299999967,2018252.4800002025,85069.43000000443,169712779.6799944
281.0,153.0,379.0,287.0,536250083.7900408,2941735.6399999014,64353.04999999602,1919543.8500001603,79289.91000000229,172391296.93999228
95.0,396.0,159.0,450.0,999146937.0900834,3715471.0799998497,75313.00999999302,5003956.370000476,151496.42000000796,320779223.7100027
102.0,394.0,158.0,446.0,1000762388.5500951,3622436.0599999065,74845.05999999013,5028967.78000057,152291.10000000708,321307044.449998
94.0,406.0,157.0,443.0,959756190.7401389,3933530.9899997534,72201.52999999505,4652851.50000034,141639.98000000708,308068277.05998975
90.0,376.0,207.0,427.0,989323090.5500782,3614878.219999954,76280.31999999008,4978772.9800004605,152022.68000000162,317630844.70999753
138.0,574.0,230.0,158.0,1200838568.580036,2630191.5800000736,90244.93999997994,6890396.550001513,212158.2299999797,385938052.47998446
125.0,543.0,288.0,144.0,1174587404.9400306,2438211.349999842,92048.71999998901,6789432.650000468,208326.47999997728,377516965.56998277
137.0,527.0,290.0,146.0,1131127638.9300377,2592054.8799998974,89715.66999998213,6424022.3400010895,200669.54999998052,363544213.79996824
145.0,578.0,223.0,154.0,1166117947.340029,2521569.469999901,88363.60999998856,6624193.690000876,203497.91999998732,374830582.64999115
96.0,383.0,203.0,418.0,941569690.6600949,3557120.2099998477,73539.62999999127,4609501.600000413,141720.990000013,302312105.9799978
134.0,538.0,285.0,143.0,1145398747.5200465,2610003.399999941,91141.18999998886,6499956.320000835,201225.1599999878,368129119.86998343
90.0,108.0,488.0,414.0,440368622.10005856,3403056.029999714,70661.12999999322,1336908.5899998585,60121.55999999151,141269555.19998968
274.0,88.0,399.0,339.0,442218235.6800361,2961849.739999825,58771.799999996874,1182774.3499999165,59526.299999993316,142177156.6499882
65.0,378.0,356.0,301.0,851031069.7800663,3077736.8400000064,80725.30999999058,4297696.609999979,137162.740000014,273290514.4399997
96.0,116.0,443.0,445.0,447144404.34006,3430508.7199997217,68279.8499999945,1325619.7899998717,59252.28999999319,143454158.67999464
103.0,125.0,565.0,307.0,437751242.9000241,2804477.979999992,74650.85999999386,1548996.0799999721,69630.04999999542,140588917.3999924
76.0,444.0,353.0,227.0,956615877.6600647,2624728.249999942,87495.38999999152,5227583.150000299,164889.27000000316,307359534.3600061
329.0,106.0,405.0,260.0,458370375.640037,2860931.44999996,60998.899999996174,1365993.4699999944,66305.69999999493,147428116.7399893
229.0,355.0,334.0,182.0,873742341.8800431,2579112.469999971,77092.83999999503,4450388.129999869,146253.36000000496,280894779.4399863
219.0,340.0,270.0,271.0,879487014.0500712,2957716.1499999417,75080.18999999305,4383824.070000045,142628.39000000773,282646536.0099856
240.0,373.0,296.0,191.0,896072436.3200449,2564879.389999926,76314.9199999941,4604288.500000032,150673.9800000045,288086441.7199903
402.0,420.0,176.0,102.0,1028760765.6400415,2471977.8299999833,71646.45999999798,5377181.920000352,173513.92999998943,330910195.6599714
35.0,641.0,269.0,155.0,1309453080.1900601,2683036.669999994,97933.16999998367,7745840.780001222,232009.23999998276,420719497.6299714
499.0,256.0,219.0,126.0,725783667.9500237,2425419.8799999915,58011.87999999958,3119622.5499999174,115131.18000000269,233660180.06997937
432.0,451.0,108.0,109.0,1051057497.9700392,2492411.6599999242,66816.52999999952,5429851.600000671,174213.75999999445,338116121.08999395
281.0,293.0,123.0,403.0,832751531.7100838,3607565.889999949,59753.98999999736,3618379.629999946,118147.39000000517,267524339.38997313
343.0,177.0,86.0,494.0,663204525.6500919,4024459.9099996383,47208.76999999737,2151430.650000105,77551.01999999504,212993738.2399703
22.0,412.0,99.0,567.0,1045611482.5401267,4368509.399999909,73127.11999999233,5122942.580000653,148881.94000000623,335470121.90000385
25.0,232.0,197.0,646.0,716546138.9801217,4396327.839999752,64000.79999999431,2792855.0300000724,88300.94999999931,229678121.279993
58.0,527.0,256.0,259.0,1127628133.950063,3034662.570000129,88858.07999998605,6287264.240000935,192570.93999998883,362233197.6099728
27.0,251.0,122.0,700.0,802542655.4001234,4344702.779999822,62787.37999999473,3360372.73000018,101345.47000000392,257282310.02998626
356.0,168.0,212.0,364.0,592890736.1500537,3233784.239999879,51033.78999999738,1961720.1000001156,78250.16000000112,190609613.00998303
146.0,216.0,272.0,466.0,664969366.6200793,3567559.8999998523,64606.46999999583,2640439.4300000905,91189.55000000434,213439779.51999208
406.0,37.0,242.0,415.0,421353067.03003377,3422115.979999806,45215.71999999772,643569.289999957,42243.34999999788,135443136.30998328
313.0,148.0,319.0,320.0,539718311.5900457,3100654.8299997994,59282.24999999473,1816181.0700000543,74796.36000000295,173465779.04000455
390.0,184.0,232.0,294.0,631268031.5200473,3113116.6799998833,55252.9199999954,2300412.110000165,88587.26000000305,203015391.00998455
384.0,35.0,391.0,290.0,352524885.7200133,2735857.819999968,55726.19999999701,592794.8499999644,46952.35999999664,113470649.04998375
137.0,203.0,437.0,323.0,586538768.1200467,2969032.889999902,73889.07999999446,2479579.529999984,93252.13000000764,188414300.849998
200.0,57.0,372.0,471.0,391027861.9800416,3372586.229999703,56609.95999999402,710068.8899999264,43499.87999999668,125520560.16998579
144.0,41.0,457.0,458.0,343706365.9600152,3185145.4299997534,64059.07999999492,625911.0099999773,42851.899999997186,110308667.7399859
161.0,46.0,513.0,380.0,330570974.8000134,2999834.309999832,65343.76999999389,590428.2799999854,43172.00999999746,106141901.64998648
246.0,576.0,20.0,258.0,1273222728.0300274,3066837.6700001066,74429.63999999444,6884911.620001247,204134.52999999846,409181185.53999937
401.0,471.0,17.0,211.0,1132263722.4400458,3028687.909999998,65703.54999999834,5797452.910000832,178529.0399999979,364004829.6899982
305.0,450.0,25.0,320.0,1117185826.9601011,3458176.4100000886,68316.41999999726,5717474.580000894,176130.280000002,359008542.41999936
202.0,474.0,211.0,213.0,1088939199.270066,2804212.4300000276,79738.15999999044,5881748.970000631,182693.71999999037,349980636.1300011
284.0,667.0,23.0,126.0,1437141108.4900477,2762531.1399999647,84166.4999999891,8253541.750002244,248594.91999999134,462007627.5799728
277.0,410.0,290.0,123.0,925344587.3000301,2342472.2700000764,78305.39999999157,4887248.860000093,161012.41000000067,297596117.1099711
377.0,442.0,197.0,84.0,1043542022.1100291,2290718.059999933,74392.80999999512,5565222.840000723,180143.53999998825,335702840.9199812
549.0,406.0,23.0,122.0,1024623589.5500163,2616826.999999997,57441.08000000067,5008145.750000189,163439.78999999358,329713234.75999373
395.0,292.0,206.0,207.0,828603615.8900367,2738055.1299999594,63929.60999999793,3843848.8299998576,132106.2000000084,266548282.83997652
443.0,327.0,232.0,98.0,891763843.7200372,2300079.6099999547,65071.450000000696,4368501.599999567,148216.66000000277,287003996.57997614
234.0,260.0,355.0,251.0,701378671.0300549,2778320.099999908,71017.35999999443,3193271.1300000236,112163.93000001292,225460737.87999395
526.0,172.0,235.0,167.0,593245246.700042,2619670.01999993,49045.739999997844,2037624.6300003706,86051.98000000285,191079282.01998314
154.0,548.0,233.0,165.0,1171934606.730056,2620214.52000002,87599.20999998637,6623388.990000955,203027.70999998652,376640377.84996694
180.0,200.0,527.0,193.0,546623031.9500312,2316403.2499999595,77932.80999999559,2386201.990000081,95454.22000000834,175797469.7099962
194.0,215.0,294.0,397.0,661130772.3100631,3381725.71999981,63260.41999999571,2614773.80000007,92620.980000005,212348908.66999093
115.0,411.0,338.0,236.0,984087546.760069,2770526.339999969,85005.20999998832,5307007.270000547,167381.72999999803,316201858.38999206
394.0,129.0,340.0,237.0,515259929.0300253,2684420.499999925,55383.09999999869,1660528.3100001246,74754.80999999827,165845119.04999262
355.0,372.0,159.0,214.0,955687070.7600265,2802133.239999972,65649.8099999987,4709790.949999962,153593.6500000056,307318007.5999729
341.0,357.0,294.0,108.0,865482933.5700146,2275236.519999932,72914.27999999581,4386407.219999909,148781.41000000283,278448528.58998835
313.0,328.0,270.0,189.0,831504901.7200471,2650071.8599999524,71070.40999999776,4041752.6899997615,137212.6800000074,267424546.6899851
259.0,269.0,306.0,266.0,697200527.5700537,3019800.9900000063,66334.54999999671,2976785.389999989,106282.3900000095,224090387.67998636
156.0,302.0,344.0,298.0,752177613.56007,2891615.8499999736,75443.23999999303,3593280.9600000367,121313.51000001402,241656709.10999277
289.0,172.0,342.0,297.0,569171706.7800392,2948442.869999982,62798.999999995816,2097268.3600001675,82913.2299999994,182957237.99999282
320.0,333.0,119.0,328.0,902793924.1700815,3290641.199999878,63210.49999999814,4196419.479999958,136105.72000000958,290187801.809991
335.0,348.0,395.0,22.0,851158636.439992,1873795.6899999029,78158.22999999538,4496807.419999779,153270.6000000022,273919862.7599947
542.0,321.0,202.0,35.0,829857672.7900012,2086857.1099999342,60599.160000000484,3904602.529999549,137962.7299999977,267261069.17997205
293.0,568.0,204.0,35.0,1219231583.9000125,2127334.529999718,85007.89999998755,6967205.430001248,217341.2799999871,392134960.33996916
248.0,275.0,547.0,30.0,633660670.9900025,1728645.5399999458,83280.34999999535,3198373.0999997556,121808.48000001888,203978370.46000504
233.0,258.0,162.0,447.0,768976666.1000677,3721833.159999847,60286.14999999654,3175456.1199999955,104435.86000000527,246904230.00997925
376.0,417.0,262.0,45.0,916565740.0900127,2097480.6299998607,72444.27999999726,4743003.149999954,158420.25000000076,294946825.9699903
749.0,69.0,227.0,55.0,466325075.99000984,2159998.2299999865,39499.74000000008,1086335.7699999104,66690.13999999799,150610175.08998105
438.0,130.0,428.0,104.0,462297393.070016,2200586.5599999945,60252.0199999974,1504579.660000094,74978.98000000173,148986699.00998712
620.0,246.0,188.0,46.0,681699843.2200114,2146285.639999888,50522.800000000956,2731651.010000203,108997.82000000557,219733194.38997528
500.0,46.0,517.0,37.0,319653640.70000005,1782101.3199999782,61212.539999998335,672613.8299999362,58004.66999999605,103296512.23998451
557.0,52.0,169.0,322.0,476846070.6700367,3240255.9199998328,39560.27999999959,923518.9299998084,53494.2699999951,153535330.0799765
366.0,145.0,378.0,211.0,513204669.0000271,2609675.3499999535,60795.7799999976,1767373.8500002145,77574.97000000125,165139286.11998805
170.0,50.0,564.0,316.0,323300863.35001093,2765757.6899999273,68190.33999999575,674323.169999963,46969.56999999623,103860683.9199851
215.0,275.0,210.0,400.0,788778867.2300738,3379857.09999987,66979.48999999424,3537848.5900000627,116346.65000001113,253327105.06998843
188.0,241.0,626.0,45.0,591369953.6300106,1741544.4899999206,85832.44999999557,2971162.329999842,116017.74000002009,190338492.7400133
147.0,189.0,490.0,274.0,574908184.1000358,2649961.0600000583,75637.79999999474,2478937.160000015,95201.61000000355,184745438.68999892
12.0,342.0,410.0,336.0,862736698.6900696,3032562.940000053,85329.89999998729,4501831.130000131,142867.7400000038,277013241.84999263
302.0,251.0,301.0,246.0,707769107.4800388,2701942.139999972,65406.31999999858,3098040.89999998,111082.61000000463,227617346.25998503
11.0,404.0,377.0,308.0,932556819.8400743,2990389.9399999133,88641.20999998595,5036204.920000403,159061.58000000016,299494414.1299957
18.0,528.0,35.0,519.0,1196752374.400132,4316664.799999925,77446.16999998913,6225527.150001265,178861.17000000266,384068393.9800201
10.0,298.0,357.0,435.0,797133791.2900982,3469136.6099998658,80025.76999998999,3852687.9300001296,123661.28000001624,255822003.02999282
13.0,498.0,25.0,564.0,1185917691.1601403,4368321.640000052,76445.56999999065,6125641.50000113,175703.98000000688,380562240.4100107
356.0,295.0,19.0,430.0,852756336.6801008,3877158.67999971,52702.739999996455,3533495.8800000744,115958.78000000751,274019263.75997347
257.0,275.0,256.0,312.0,764470566.4000572,3055762.7199999774,65128.3399999965,3406825.8699998776,116134.50000000982,245679865.78997898
375.0,400.0,20.0,305.0,1054868355.7800684,3422485.040000046,62774.00999999844,5156637.340000595,160949.1100000017,339068404.3100024
330.0,353.0,18.0,399.0,981256709.9000615,3683230.0899999985,59797.48999999794,4560735.500000052,141299.48000000423,315255467.2399946
59.0,331.0,331.0,379.0,831270829.1101055,3423985.3399999356,79191.02999999133,4062050.6099999994,130234.38000001252,266867878.50999513
701.0,127.0,127.0,145.0,561923721.1000216,2644300.689999978,40345.709999999715,1642040.7700001914,77882.48000000301,181161234.1099784
23.0,791.0,133.0,153.0,1637929610.7700417,2697818.2700000564,105073.71999997651,10004754.550001187,288763.59000001685,526243022.4399494
52.0,292.0,422.0,334.0,731320006.0300732,2873170.8199998885,80547.15999999292,3567215.2399999877,120541.99000001539,234871340.10000873
24.0,137.0,138.0,801.0,588976317.3201139,4847164.329999724,53199.349999995575,1652058.6399997585,53467.51999998962,188522274.2099889
14.0,488.0,119.0,479.0,1136183256.6901066,3935135.1000000807,80315.40999998964,5961586.100000733,174929.51000000027,364677476.4300015
441.0,80.0,115.0,464.0,513607319.7000399,3739389.269999734,40682.979999999196,1105395.3699998457,51198.39999999413,164979965.3899777
332.0,357.0,60.0,351.0,886075217.3000739,3585165.8099998073,58306.139999995255,3935336.059999993,127989.46000000976,284766544.82999206
433.0,464.0,113.0,90.0,1105383178.910013,2388501.6899998933,70460.31999999915,5855891.130000501,185207.96999999345,355579191.119986
325.0,348.0,85.0,342.0,886842569.6000782,3416653.509999873,59664.32999999711,4004111.36000002,129768.66000000798,285024862.0599786
232.0,286.0,286.0,296.0,779673633.2700616,2877772.669999973,69848.17999999509,3627331.789999895,122782.2500000101,250591644.15999156
156.0,311.0,311.0,322.0,822960211.9300665,3189016.3899999824,75338.01999999065,3987072.2700000443,131221.33000001634,264366037.15998247
259.0,190.0,320.0,331.0,645847569.8200442,2976663.52999994,63715.179999998814,2597886.2100000884,95599.66000000668,207575145.05999458
226.0,279.0,307.0,288.0,764716979.9700619,2996033.839999928,70405.41999999524,3537063.519999928,120644.40000001296,245752848.87999475
264.0,325.0,325.0,186.0,790805676.9100405,2626507.49999996,74027.01999999302,3843302.769999852,131388.6500000127,254264298.98998976
290.0,212.0,394.0,204.0,618835901.4000216,2414578.5499999593,68863.3699999964,2663846.420000101,101887.99000001061,199097423.0399915
174.0,347.0,382.0,197.0,837755338.3000357,2399547.279999983,80626.99999999288,4383302.719999855,145951.88000000292,269307945.3799984
207.0,245.0,413.0,235.0,651333396.8600265,2567598.079999971,74937.48999999308,2962011.6300000385,108710.18000001102,209388205.9299953
171.0,202.0,375.0,352.0,611160932.6100484,3006305.3199999,70216.86999999595,2526561.680000034,93154.36000000636,196314403.03999943
199.0,236.0,438.0,227.0,652770710.5000365,2517929.4400000283,76800.12999999593,3033558.1599999606,109922.29000000858,209840806.0899989
428.0,220.0,220.0,232.0,712637925.5100443,2811952.5899999365,57167.149999997695,2948513.52999998,106700.0700000028,229229972.97997844
64.0,339.0,339.0,358.0,849150620.020083,3176586.909999923,80422.99999998882,4260107.320000096,136180.8400000153,272644756.88999575
493.0,86.0,254.0,267.0,460171858.7500291,3018838.729999871,46730.81999999798,1036054.1099998452,57688.749999992564,148144266.25998423
414.0,213.0,248.0,225.0,673277289.2800409,2697882.279999998,58513.48999999873,2744404.8800000795,102511.67000000313,216611998.26998565
504.0,259.0,259.0,78.0,734814930.7800086,2250425.109999923,59568.78999999928,3251252.9899997935,120323.20000000663,236634284.21998236
570.0,100.0,342.0,88.0,456165663.66002315,2141495.229999991,51616.909999997995,1303677.390000116,71458.81000000137,147170826.27998585
78.0,414.0,483.0,125.0,815092899.7300155,2092262.6299998958,91235.42999999273,4492383.149999909,149737.29999999952,262020040.22000387
113.0,204.0,602.0,181.0,506651420.4600232,2220179.900000006,81740.18999999423,2269860.110000093,92580.69000001033,162878582.76000315
75.0,136.0,467.0,422.0,493680279.40006405,3450221.7499997653,70840.22999999173,1671852.0499999595,68676.95999999202,158391525.10999078
104.0,187.0,643.0,166.0,516857873.4000277,2155749.53999997,84772.60999999513,2390257.6000000136,96679.11000001694,166169211.17000812
102.0,330.0,330.0,338.0,809718682.3600703,3160368.8700000467,78181.20999999093,3948310.6199999633,129204.16000001934,260057848.8700043
192.0,300.0,300.0,308.0,759963570.8800616,3051234.739999938,70690.15999999478,3499985.2400000924,118015.36000001253,244172184.43999264
111.0,256.0,362.0,371.0,716550860.5700727,3093595.329999935,74535.73999999356,3292653.6800000644,111894.06000001155,230126386.46999973
99.0,323.0,347.0,331.0,849120025.0800858,3311270.079999934,76451.73999999274,4153876.710000021,134428.11000001268,272711545.7999893
113.0,367.0,367.0,253.0,845580088.8500662,2908912.3300000103,81007.57999999209,4297814.379999952,139379.35000001392,271641060.18999654
122.0,280.0,425.0,273.0,720628997.3000612,3005339.960000019,77483.6699999943,3391064.9999999306,116189.28000001468,231497606.9599991
207.0,323.0,347.0,223.0,782089007.6700275,2591601.190000017,74934.50999999502,3817548.479999923,129713.29000001101,251411854.66999593
232.0,256.0,362.0,250.0,710030432.0900431,2734903.7999999565,72219.39999999659,3264627.7799999486,115360.71000001142,228248142.2800045
204.0,226.0,343.0,327.0,675609353.7700655,3100025.8099999256,68852.93999999626,2895612.5899999766,102361.7700000066,217076681.12999636
226.0,250.0,380.0,244.0,668836039.5400491,2725624.97000002,72493.02999999533,2990146.7900000717,108194.16000001054,215015762.9599942
221.0,151.0,289.0,439.0,558696284.2500724,3620993.019999709,59814.05999999533,1827273.4400000249,71188.04999999522,179369354.75999197
336.0,132.0,251.0,381.0,552010725.690074,3403857.0199997267,53796.10999999556,1709094.28999997,70581.28999999553,177408332.82998264
178.0,337.0,232.0,353.0,852270994.6700714,3309007.7299999692,71277.23999999589,4063058.890000083,131414.4200000137,273780709.3299866
244.0,166.0,207.0,483.0,595007828.4100891,3750441.919999639,54379.60999999465,1914272.420000025,72669.55999999747,191051917.85998893
305.0,209.0,399.0,187.0,604526560.0500304,2460819.579999978,66841.69999999773,2522639.100000078,98174.99000000815,194488462.679992
253.0,479.0,214.0,154.0,1041038251.2500322,2563441.0800000066,76234.84999999331,5526843.370000473,173684.76999999525,334719417.87999165
494.0,193.0,240.0,173.0,604508027.7400182,2546893.3800000255,51736.53999999864,2177017.4100002404,90096.07000000392,194692871.16998327
345.0,375.0,259.0,121.0,889398242.6000278,2374371.1299998765,72413.19999999563,4490321.669999907,150195.12000000305,286121872.5899938
297.0,322.0,144.0,337.0,886863307.1700791,3274547.5799998855,65562.23999999608,4155861.9699998503,133995.62000000497,284977236.96998286
376.0,409.0,183.0,132.0,955067633.1300483,2527848.5199999246,68319.82999999906,4816137.219999855,159179.91000000032,307227452.76997674
497.0,427.0,13.0,163.0,1042120157.4000355,2839032.4200000516,58949.25000000056,5098572.590000267,164162.8199999938,335263602.9099833
170.0,658.0,21.0,251.0,1416074062.5100882,3407819.6400001436,85751.57999998803,8033589.940001341,235248.53999999195,454936983.68997186
669.0,193.0,18.0,220.0,707876519.1300433,3001718.089999988,39274.470000000234,2464783.7000001417,96420.10000000062,227985094.90996453
352.0,303.0,329.0,116.0,796486347.5000045,2238666.079999899,71559.23999999763,3925674.059999621,137210.5600000075,256276733.20998794
406.0,348.0,11.0,335.0,968666246.9900656,3502733.929999876,56860.58999999825,4450191.309999985,141460.77000000427,311357973.889988
361.0,104.0,337.0,298.0,479782550.65002483,3112904.8899998786,55456.469999997484,1312561.889999945,62859.91999999188,154282327.71998444
86.0,333.0,361.0,320.0,774888758.0700735,3143225.119999938,79399.47999999068,3746236.23000015,123488.60000002028,248853782.73000056
179.0,233.0,22.0,666.0,784236959.3301371,4677100.149999871,52976.329999997135,2935348.180000186,91145.90999999947,251531974.86997303
138.0,179.0,579.0,204.0,551130003.4200274,2420496.469999987,78361.71999999524,2440667.2800000794,95345.15000000533,177162950.69999823
108.0,140.0,452.0,400.0,529606733.080052,3233914.06999975,71741.88999999323,1986021.8599999505,77449.00000000143,170024175.81999722
359.0,13.0,427.0,301.0,299346797.73000836,2805637.079999852,55191.51999999567,204022.20999999315,35943.44000000099,96360401.28998782
276.0,15.0,475.0,334.0,300264735.87000346,3059868.6199997338,60034.74999999535,277472.4299999992,36499.76000000089,96510843.54998529
361.0,6.0,430.0,303.0,290957326.9800025,2751516.0299998643,53198.46999999605,144075.0299999933,34538.800000001735,93664016.4599861
546.0,20.0,76.0,458.0,449438556.1000487,3694557.209999754,32693.090000003074,522039.4899999724,38344.54999999701,144547356.46998045
293.0,11.0,348.0,448.0,335192864.36002743,3500242.9399996493,49684.41999999653,181831.9699999919,30674.34000000132,107682930.20998448
410.0,7.0,57.0,626.0,427952492.9700586,4370202.35999959,33471.760000004266,274916.3000000004,26308.81999999892,137353309.73998308
317.0,17.0,64.0,702.0,450134903.27006966,4631022.939999591,35448.10000000277,400379.5300000231,26531.729999998246,144315145.07998192
222.0,5.0,382.0,491.0,319840233.7000293,3568488.7799995956,54108.70999999382,163724.260000003,28533.880000002122,102600688.83998403
451.0,11.0,91.0,547.0,405726211.68004745,3994086.729999523,35320.57000000224,248378.97999999614,29010.809999998302,130348520.6999849
320.0,8.0,64.0,708.0,424156096.31007326,4713030.8399995705,35619.81000000304,214627.19000000734,21682.810000001442,135950313.7999845
167.0,579.0,303.0,51.0,1155126853.6900237,2111166.6899998146,92877.7099999872,6715308.930000647,209424.2399999829,371399034.17997414
582.0,322.0,168.0,28.0,831842814.7800022,2120644.5299998824,55827.81000000064,3818386.5199995367,136393.50999999858,267949176.249968
170.0,572.0,307.0,51.0,1194048060.8000276,2097808.429999817,91043.71999998827,6948032.690000735,214006.09999998406,383907297.86996776
127.0,440.0,495.0,38.0,915511489.5599979,1856883.9999998447,95680.91999999242,5278494.890000226,174062.06999998502,294385098.8999938
115.0,399.0,209.0,377.0,967206949.9700826,3278808.520000029,76063.94999999081,4916852.350000323,152109.75000000375,310627811.1999799
95.0,321.0,372.0,312.0,811381055.0400816,3177746.549999891,80956.53999999043,4011603.5300000515,132975.94000001613,260615450.79999393
408.0,225.0,254.0,213.0,638179792.1300306,2627829.310000049,58924.01999999928,2533489.000000007,98461.26000000557,205392546.63998976
469.0,252.0,135.0,244.0,760561104.2800301,2935763.0899999468,55394.29999999902,3189960.6799998614,112042.39000000159,244647907.4199725
498.0,268.0,310.0,24.0,700468684.9700122,1906321.5199999323,63485.70999999957,3173478.8499997375,120141.27000000389,225665838.0599748
410.0,221.0,255.0,214.0,662264870.360048,2830204.6600000104,59199.21999999746,2640217.0599999805,99264.35000000385,213027403.25998136
126.0,271.0,492.0,211.0,652338418.200037,2405375.230000004,81566.76999999382,3168741.300000004,113836.91000001771,209662836.67001444
151.0,265.0,479.0,205.0,666039580.2700282,2472984.750000057,79901.94999999342,3197360.49999995,114794.37000001271,214086010.65999994
112.0,364.0,437.0,187.0,843921261.5600461,2331757.7599999486,86368.09999999119,4536816.899999846,149623.71000000383,271242637.29000205
179.0,387.0,233.0,301.0,959269571.3900657,3327043.3099998985,74552.38999999344,4808290.440000254,151599.98999999987,308186086.1699934
139.0,300.0,543.0,118.0,717902495.7200321,2206834.319999886,85822.69999999393,3712813.7799999085,131999.24000001716,230856726.33000636
171.0,560.0,223.0,146.0,1173606159.4600453,2526647.740000085,86682.4699999899,6646000.080000642,203846.3599999904,377243574.89998347
244.0,429.0,258.0,169.0,1000501232.0600322,2578681.070000004,78753.55999999579,5325063.180000141,169352.87999999503,321649395.5599784
146.0,388.0,465.0,101.0,865383498.2999988,1982509.069999866,87664.6699999934,4773064.769999902,157946.1699999957,278279531.7099884
181.0,481.0,191.0,247.0,1087197212.0300639,3029579.140000134,81151.58999998937,5846768.830000957,181209.44999999314,349346426.91998255
203.0,540.0,216.0,141.0,1228773764.010048,2539687.529999956,86944.24999998642,6987567.120001093,213776.93999999505,395007620.06998396
273.0,369.0,129.0,329.0,878476060.5401115,3497952.7199999187,64949.08999999623,4068728.9200000884,131277.62000001073,282265496.8499868
287.0,362.0,127.0,324.0,949846446.2300758,3262431.2499998948,65173.819999997395,4576640.780000221,145682.84000000512,305265341.24997693
373.0,103.0,176.0,448.0,518074190.0900628,3682338.059999633,46625.11999999692,1267040.8899999305,55848.34999999284,166411433.6599818
237.0,319.0,259.0,285.0,822746546.4800532,3058286.5799999493,70611.4499999939,3913896.03999993,130025.33000001442,264408170.539986
291.0,393.0,137.0,279.0,974227600.2400635,3122993.34000001,68737.63999999632,4830756.990000327,153011.54000000306,313104059.9399908
331.0,92.0,361.0,316.0,458273762.4900334,2992426.5099998508,57574.2199999959,1260751.4299999455,62592.49999999194,147394516.63998744
263.0,332.0,269.0,236.0,845141842.2900584,2838011.0600000145,71583.02999999489,4100861.7599997795,136763.31000000227,271690467.0099791
424.0,110.0,187.0,379.0,539380662.4000622,3382073.4599997876,48213.50999999751,1506532.5100000615,65590.9499999917,173397331.31998065
323.0,84.0,330.0,363.0,477922357.36005443,3365298.169999826,54767.86999999603,1250630.0799999125,59183.88999999255,153591405.30998772
346.0,90.0,354.0,310.0,440978624.350037,3007156.599999881,55731.439999996925,1128575.9899998712,58321.49999999528,141783414.38998643
567.0,124.0,345.0,64.0,500602217.8600072,2097641.3299999638,53994.69999999942,1624508.5100002522,80618.07000000094,161465466.18998286
397.0,164.0,455.0,84.0,502317169.5600116,2001410.029999976,66094.30999999883,1925250.3800002865,87760.42000000748,161871556.2699897
503.0,234.0,306.0,57.0,703566559.9899992,2082686.2199999297,61602.87000000083,3130024.1699997457,118613.57000000705,226630363.04998004
808.0,177.0,24.0,91.0,685184929.2500134,2451079.1699999934,36087.89000000099,2369957.2700002384,96971.55000000137,220899842.6999611
393.0,86.0,240.0,381.0,458290754.41004264,3340549.78999975,46505.8199999978,951916.2499998349,51095.89999999495,147359450.18998763
447.0,208.0,13.0,432.0,742426101.0000776,3779416.759999844,45015.339999999924,2666829.1500001224,94294.2299999994,238640404.3099615
335.0,138.0,18.0,609.0,656084909.560109,4262462.5299996,42413.02999999887,1968182.929999982,70307.00999999672,210640016.7899781
227.0,199.0,260.0,414.0,642184408.7000676,3376524.3299997975,63985.109999993016,2500586.6800001734,90718.80000000921,206283983.12999228
514.0,449.0,28.0,109.0,1087296226.190015,2544741.7000000253,61396.970000001485,5518828.770000722,176518.34999999814,349848956.6399842
293.0,257.0,16.0,534.0,815043038.3501078,4127141.9999996456,51470.80999999867,3204984.0500001777,102734.72000000006,261699794.74996743
273.0,418.0,51.0,358.0,1051742031.2100635,3490991.65999998,65647.5399999973,5180719.40000041,159960.08000000226,337939324.58999556
10.0,552.0,67.0,471.0,1246752019.170151,4326575.580000032,83885.08999998205,6708145.8700012695,195671.81000000468,400177510.17999905
242.0,495.0,45.0,318.0,1185719626.22008,3292884.4700001953,73672.60999999035,6295558.620001136,189964.4000000043,380967382.24998736
221.0,339.0,251.0,289.0,848658563.4200615,3032937.4599999795,72966.9399999926,4104779.2199998726,135377.26000001325,272739593.7699883
301.0,462.0,56.0,281.0,1131570214.8800423,3197101.4600000526,70720.68999999644,5870113.400000714,179936.33000000363,363680236.4899925
215.0,440.0,245.0,200.0,948911720.1700479,2665818.090000073,78147.70999999208,4941733.730000138,159098.88000000254,305028183.98998106
8.0,465.0,345.0,282.0,1025359799.2600592,3020104.7999999793,89747.2499999888,5642744.940000417,173773.17999999193,329290777.2599789
9.0,705.0,65.0,321.0,1466850910.4900908,3678204.6600000905,94016.51999997874,8480981.610001663,245694.64999999138,471059749.0500056
7.0,497.0,277.0,319.0,1087388287.110081,3282991.550000076,89053.45999998387,5996486.980000737,181955.82999999728,349175060.4399894
7.0,543.0,302.0,248.0,1149281274.0000565,2905033.349999975,93527.66999998516,6560503.790000638,198309.62999998903,369149945.86998975
230.0,59.0,313.0,498.0,434015345.3300639,3703104.779999603,53247.05999999501,864723.2399998031,46046.53999999409,139311280.17998388
107.0,67.0,358.0,568.0,429333926.39004904,3734116.209999702,59787.269999994816,970213.8999998746,45225.76999999467,137573354.6599906
177.0,299.0,241.0,383.0,796894075.8000789,3318576.9199999273,70830.21999999387,3671189.740000037,120545.07000001088,255931008.53998935
284.0,73.0,128.0,615.0,503882636.0800778,4226383.3699996,42871.81999999848,976315.2599998319,43913.899999994006,161637478.76998398
220.0,56.0,300.0,524.0,421307665.39005876,3859084.0499995537,53445.799999994764,748909.6099999421,40963.52999999762,135122216.4099833
199.0,337.0,90.0,474.0,884968937.6800843,3822202.789999802,61870.779999995175,3964396.9400000013,122887.4200000069,284136449.54999113
128.0,81.0,142.0,749.0,543188274.1801116,4702917.209999547,49209.50999999731,1287914.4899997679,47286.48999999187,173974227.24998745
76.0,318.0,257.0,449.0,881111248.0800842,3419099.039999982,74794.26999999442,4304893.300000127,134426.56000000998,282865624.0699987
95.0,395.0,105.0,505.0,1008359956.8601253,4119571.2599998005,71029.6499999914,4889331.410000562,147235.7500000088,323661992.82999694
91.0,377.0,101.0,531.0,975031561.0401483,4123976.5399996843,69104.63999999146,4652787.590000658,140442.79000001884,312941345.23000056
352.0,246.0,404.0,98.0,680807314.1700232,2192599.769999938,70473.35999999849,3125644.1399999717,116340.74000001249,219124809.50999326
290.0,267.0,437.0,106.0,702025719.2300342,2219934.9599999515,72666.39999999631,3330932.779999923,122637.86000001246,225917239.3199928
438.0,38.0,502.0,122.0,349967961.06000865,2287576.9100000686,58949.02999999797,725310.3699999305,55397.2299999948,112869472.57998265
399.0,279.0,311.0,111.0,737133328.3900194,2270327.769999985,66626.67999999897,3429387.7499998393,123567.6400000065,237217708.22998455
342.0,239.0,393.0,126.0,624672431.8000306,2294518.809999964,67401.75999999755,2701310.8899999806,104840.36000000981,201068201.5899896
492.0,43.0,384.0,181.0,348677139.920017,2442727.1799999513,49876.629999997094,496704.2899999552,47652.909999996475,112457996.72998323
321.0,295.0,329.0,155.0,755627978.110036,2536815.6899999715,69007.10999999633,3534959.329999824,124477.26000001418,243050691.84998122
354.0,41.0,534.0,171.0,334820608.93000066,2236189.86000005,61185.499999996435,683040.649999921,53881.73999999684,107951009.6099873
439.0,50.0,450.0,161.0,344975228.41001266,2311855.4999999646,57532.26999999721,673779.3399999337,53280.269999997436,111237085.35998245
420.0,48.0,430.0,202.0,333702840.51001185,2557579.9099999685,56257.56999999697,516649.9099999681,46975.86999999723,107531202.02998497
305.0,175.0,110.0,510.0,641768620.4900545,3733588.3699998283,48594.25999999822,2112800.8499999894,75935.27999999622,206083928.77997673
404.0,153.0,96.0,447.0,638368341.2200842,3619781.8999997936,46181.91999999877,2053948.7800001604,77042.12999999554,205136631.11997455
307.0,169.0,111.0,513.0,660794864.5600907,3869103.40999961,50710.15999999571,2255877.3900000136,80653.61999999915,212215546.3799848
280.0,160.0,192.0,468.0,617073635.6300703,3633986.9599997257,54470.5999999955,2091111.4500000456,77347.20999999487,198180376.1499876
542.0,310.0,195.0,53.0,802520351.9500031,2229117.679999909,58439.77999999967,3664330.05999958,131341.13000000382,258441013.30997413
472.0,259.0,323.0,46.0,697857392.870023,2036560.769999931,63615.139999998595,3134987.829999913,118709.56000001058,224780063.25998333
579.0,220.0,263.0,38.0,660959014.5500078,2020122.0299999365,57059.49000000023,2791539.229999955,110044.34000000573,212988821.32998225
660.0,240.0,157.0,43.0,728788089.8600208,2158464.9799999543,51552.61999999933,3049936.9199999073,116766.31000000318,234867814.57996628
376.0,137.0,171.0,416.0,582032298.3400593,3582467.549999736,49159.19999999763,1761904.940000079,72127.8199999966,187081117.47998652
584.0,213.0,265.0,38.0,636444606.0599948,2012539.8599999212,52957.92999999969,2523966.190000079,103623.81000000505,205173867.70998317
46.0,434.0,369.0,251.0,941837608.0100363,2678538.5999998883,87054.52999998971,5120214.580000356,161585.60999999064,302562278.3499977
176.0,380.0,324.0,220.0,854455581.0700634,2730935.26000002,76742.73999999356,4305377.379999821,140747.67000000607,274595710.24998873
46.0,430.0,372.0,252.0,984058039.7200534,2848913.1000000765,90408.84999998519,5404249.080000466,169403.42999999764,316105098.3899844
42.0,398.0,430.0,230.0,915901204.6500635,2656294.200000027,90595.66999998601,5025503.890000207,160867.4999999964,294240330.76999235
45.0,419.0,357.0,279.0,916087862.9900595,2922068.780000057,85733.22999998876,4867416.100000252,154778.8400000035,294253726.44999707
41.0,382.0,419.0,258.0,805291754.360082,2826442.289999921,85904.92999999288,4154521.17000007,136876.2500000172,258631595.74000907
159.0,343.0,370.0,228.0,827678381.2200449,2577833.1199999447,79128.70999999491,4228853.659999962,139804.5800000085,266000091.69000027
172.0,365.0,316.0,247.0,851466376.4400508,2724628.8699999847,77296.98999999507,4297831.530000016,141917.23000000705,273659917.67999345
164.0,349.0,382.0,205.0,854992534.1600401,2533560.2099999315,82270.45999999439,4443123.01999986,146678.90000000663,274819483.0199929
160.0,339.0,372.0,229.0,852647908.1300461,2636230.6400000253,82636.33999999175,4430572.570000151,145211.8500000064,274016884.3999946
96.0,295.0,296.0,413.0,832743525.3800883,3541217.099999731,74032.08999999067,3929771.380000229,125012.0400000147,267332764.23998788
359.0,218.0,218.0,305.0,723330608.1400532,3077220.619999899,58657.88999999742,2989657.2200000505,105792.73000000614,232567948.31998757
119.0,104.0,366.0,511.0,495820814.2000601,3624082.1699997373,64139.499999994034,1524842.3299998834,62479.879999989775,159033677.62999415
76.0,231.0,470.0,323.0,629809044.2900449,2934963.5099999243,77067.06999999327,2794776.4600000097,99901.6000000105,202235423.0700048
149.0,459.0,459.0,33.0,1004863698.0399957,1872699.5399998308,92424.1199999869,5811019.160000371,187514.97999998255,323147829.74997294
133.0,115.0,823.0,29.0,324228581.6099984,1512727.0999999724,88282.99999999897,1350250.7400000636,74957.63000000504,104472442.61998445
382.0,232.0,470.0,16.0,651292578.5400008,1732550.1599999256,74873.14999999823,3141333.519999738,120596.20000001126,209761634.5099954
604.0,104.0,366.0,26.0,471312201.1900065,1960292.339999952,53026.14999999922,1455413.7400002002,76491.38000000064,152113312.90998435
338.0,58.0,417.0,287.0,392147240.2300101,2745258.919999946,59699.14999999609,921595.3399999187,55383.46999999611,126184567.66998541
449.0,77.0,554.0,20.0,351076483.14000165,1730838.0999999722,63594.18999999779,955148.7399999239,65088.10999999629,113383744.00998597
287.0,403.0,403.0,7.0,935330588.4600043,1786985.329999825,84078.13999999104,5193614.880000098,171922.9599999936,300925294.1699852
63.0,514.0,514.0,9.0,1018545286.36,1724637.1399998236,101454.16999998988,6110365.860000156,196361.48999998023,327487692.6899778
324.0,315.0,453.0,8.0,757465229.7300078,1756103.1899998751,80378.32999999599,3942196.579999628,140590.21000000418,243818514.8699915
390.0,546.0,155.0,9.0,1234301463.6099758,2034769.219999748,79707.59999999279,6987082.0400013495,217924.68999998728,397063932.3799701
237.0,331.0,331.0,201.0,821068846.9500381,2601404.990000061,75860.11999999272,4097575.0399997775,137366.30000000665,263969553.7599911
341.0,333.0,136.0,290.0,885850756.2900795,3299595.6199999386,61352.60999999728,4058687.629999799,132552.31000000855,284733291.6299775
67.0,546.0,156.0,331.0,1203925386.2000895,3469122.5500001246,85351.1499999862,6634476.18000121,198219.67999999065,386666740.8699939
56.0,316.0,453.0,275.0,773621862.00005,2793254.6199999913,83718.3599999909,3918552.6700000064,130554.33000001384,248473816.03999978
120.0,684.0,279.0,17.0,1370891819.500016,1932123.4399996938,102323.97999998005,8382934.800001207,255794.89999996853,440718496.54994184
79.0,448.0,183.0,390.0,1065702227.2900882,3398377.8499999214,79848.07999998736,5621916.530000828,169260.7400000014,342220328.42000985
512.0,69.0,69.0,450.0,513946872.8700628,3849513.7699996857,34917.02000000158,948087.749999742,49173.09999999261,165253239.54997456
289.0,96.0,96.0,619.0,558506553.6700939,4447815.769999544,44809.26999999673,1346991.7199998735,52990.69999999181,179147085.6499856
367.0,360.0,50.0,323.0,937733037.6600745,3338581.040000002,58888.899999999034,4312944.579999887,138711.5700000032,301406545.30999184
348.0,47.0,399.0,306.0,386261226.3200237,2947648.4799998836,53767.739999996425,726284.8699999053,48961.869999995055,124279807.92998227
508.0,69.0,69.0,454.0,501673967.9300711,3777527.5299995984,36422.28000000159,928792.9999998055,48714.25999999466,161310466.46998096
274.0,269.0,313.0,244.0,763401987.4600705,2864397.089999997,69787.7999999949,3526294.579999958,121333.9500000104,245405891.4599892
174.0,58.0,488.0,380.0,328064317.0100195,3034815.089999842,63330.19999999525,544942.8499999907,41690.9599999985,105328509.67998564
186.0,446.0,62.0,406.0,1105655570.0801003,3626707.3199999724,70457.07999999498,5621038.290000793,168578.69000000294,355130050.37998414
132.0,316.0,369.0,283.0,769571655.310051,2983962.279999913,76380.0999999949,3689522.669999928,123725.91000001247,247227605.70999566
131.0,315.0,368.0,286.0,780900347.9100648,3044248.539999981,77190.96999999258,3768279.930000033,124703.81000001819,250829620.74999696
218.0,363.0,363.0,156.0,871487745.8600465,2508103.629999981,81229.33999999231,4538602.990000131,149667.8100000104,280182856.61999565
400.0,288.0,288.0,124.0,745577351.5300251,2440718.7900000135,64039.44999999929,3408973.4599998095,123421.19000000582,239954216.87997738
253.0,243.0,423.0,181.0,661319014.4700292,2487806.230000018,73046.859999995,3025032.1299998523,112123.93000001255,212691054.52999842
233.0,389.0,312.0,166.0,917651067.990046,2502214.679999954,79293.66999999464,4804494.099999982,157470.18000000005,295054930.8699849
216.0,361.0,361.0,162.0,946658594.1700263,2466329.3799999007,80991.11999999396,5034520.820000149,163268.70999999656,304369487.84999883
272.0,260.0,365.0,203.0,646492917.1100444,2607725.719999971,70454.20999999689,2833073.160000017,105915.25000001639,207920226.0899973
419.0,303.0,243.0,135.0,790767837.1500343,2419503.809999997,63141.84999999932,3647513.1099997098,128861.61000000844,254512872.82997507
448.0,185.0,323.0,144.0,601550011.3000354,2413434.7399999886,58699.209999998275,2335565.7000002433,94730.29000000737,193703918.4099857
477.0,198.0,277.0,148.0,629517222.6700232,2490173.749999979,58661.919999999605,2474527.040000107,98947.32000000592,202710507.82998416
475.0,196.0,276.0,153.0,614498843.140016,2416527.379999967,55287.16999999933,2351050.7300002095,95701.67000000531,197910320.3499813
257.0,126.0,515.0,202.0,454231596.49002117,2404320.0699999933,68492.33999999585,1582626.7300000784,74927.50999999787,146172384.31999153
414.0,103.0,419.0,164.0,436089360.32001346,2332196.6600000164,59416.02999999726,1290582.8100000666,68657.109999998,140517357.72998425
259.0,120.0,518.0,203.0,439303315.93002653,2519473.8600000306,66130.01999999762,1406345.1100000518,69754.28999999615,141356464.27998802
272.0,134.0,480.0,214.0,489020255.4700233,2504622.0599999647,67011.3599999956,1757730.26000006,78523.10000000212,157343991.24999335
207.0,102.0,415.0,376.0,462539415.87004524,3090916.359999907,62238.049999995244,1362012.579999962,63225.10999999394,148599761.569991
218.0,101.0,384.0,397.0,476663221.8300562,3368631.35999976,61808.669999993035,1397413.3499999112,62222.26999999263,153066429.80998904
360.0,89.0,320.0,331.0,471185420.66003484,3082996.009999905,54663.78999999754,1263982.5900000029,62437.83999999236,151543307.5399855
348.0,81.0,352.0,319.0,467955714.1800365,3126035.0599998706,54554.56999999712,1222121.1099999144,60292.83999999425,150482052.46998608
437.0,102.0,388.0,173.0,432266524.75001097,2347485.859999995,57263.79999999726,1221516.6699999552,66442.10999999577,139277179.25998157
362.0,85.0,321.0,332.0,466126802.5500325,3257275.939999825,52724.939999997005,1150155.4399999334,57903.60999999432,149883189.7399875
351.0,262.0,174.0,313.0,766383909.7500539,3166516.9999999744,59246.55999999723,3262224.6100000045,112782.52000000469,246375374.2899793
203.0,314.0,208.0,375.0,855081947.2700857,3470246.7699998976,68021.09999999452,3983639.2000000533,128611.40000001017,274680567.459986
352.0,258.0,175.0,315.0,729438256.6300676,3180725.3100000033,57462.82999999969,2970968.229999989,105378.06000000048,234520735.10997608
365.0,273.0,136.0,326.0,796487005.9700664,3307243.6799999075,59097.09999999727,3420695.9499999736,115855.66000000591,256024376.9299716
416.0,310.0,206.0,168.0,822417224.020044,2634555.750000063,64413.92999999969,3820122.3199997167,131893.9200000041,264602625.65997463
438.0,321.0,164.0,177.0,851044611.1700283,2614946.5999999284,62122.05999999933,3986522.349999666,135393.21000000212,273789928.95997465
265.0,409.0,205.0,221.0,935143381.6400666,2732336.5499999877,72986.3599999955,4760939.880000228,154491.7900000027,300646063.1799864
251.0,381.0,258.0,210.0,895849970.0100384,2621942.1000000034,72703.24999999646,4512324.24999989,147818.1900000014,288018103.1399849
214.0,325.0,165.0,396.0,854521360.9600995,3584032.2999998624,65378.23999999535,3891141.1800001264,125792.52000001422,274503953.5999831
267.0,404.0,206.0,223.0,976464385.3900548,2698374.570000036,73103.4099999956,5019369.990000301,161200.03000000384,313953575.129991
386.0,256.0,385.0,73.0,702026892.020006,2059118.5399998892,70674.49999999777,3308798.3299998124,122754.38000001537,226004913.84999833
158.0,337.0,509.0,96.0,751277364.110023,2047849.4499998856,85436.74999999252,3958635.9899996305,138142.71000001076,241596029.98000064
314.0,413.0,314.0,59.0,940887296.3500081,2075540.9899998994,75936.97999999621,4977436.550000006,163335.63999999576,302703467.5999861
410.0,271.0,342.0,77.0,739256672.180011,2256697.569999929,67801.13999999873,3419226.4999998566,126665.12000000614,238007456.2499836
384.0,255.0,383.0,78.0,700419845.6000007,2071813.1799999275,67159.37999999973,3225108.8299997747,120036.99000000476,225493439.9799866
328.0,431.0,274.0,67.0,1000608119.1900072,2183007.91999986,78706.81999999199,5391671.140000165,174706.7999999897,321865429.44997877
170.0,362.0,457.0,111.0,841745267.3300248,2142424.9599998957,86775.3799999928,4548183.719999884,152663.72000000573,270662819.4599994
121.0,512.0,388.0,79.0,1080106047.2300184,2127689.8999997983,92955.80999998888,6248722.060000409,196165.13999998092,347219357.8799726
129.0,546.0,347.0,78.0,1149546184.5900373,2179479.0399998114,95702.49999998792,6733865.950000464,208958.03999998004,369533018.3399607
128.0,543.0,345.0,84.0,1087661912.7900293,2202490.3799998774,90236.84999999213,6214348.630000401,194201.279999987,349671226.1499764
127.0,515.0,126.0,332.0,1182221693.0000823,3357728.080000075,80046.63999998984,6394575.880000895,191041.53999999483,379748936.42999786
308.0,419.0,103.0,270.0,1048211457.9800938,3254117.950000178,69691.32999999513,5320147.300000875,168445.84999999922,336919373.66999966
168.0,328.0,166.0,438.0,859708773.7201157,3711638.6999998046,67656.9399999943,3935865.4200001475,124117.69000001269,276022410.16998553
135.0,546.0,67.0,352.0,1213232699.8300843,3553282.9300000654,78913.43999999203,6497432.070001046,192034.7900000008,389670972.7800028
127.0,512.0,125.0,336.0,1103573327.5001066,3534674.889999993,77559.78999999078,5790813.740000855,174142.13999999818,354435969.8300037
180.0,352.0,90.0,478.0,967155511.8801181,4057172.9999998133,68186.20999999168,4562973.590000594,140133.7400000081,310514552.2899995
322.0,437.0,54.0,287.0,1061954330.7000949,3254619.0100000543,65038.20999999797,5282800.570000462,164034.67999999854,341324731.06998956
382.0,251.0,127.0,340.0,762427518.2200543,3230540.9799999264,55027.84999999683,3126873.650000097,107554.93000000762,245113913.5099839
408.0,267.0,68.0,357.0,812448673.8100773,3609811.5999998227,53219.56999999536,3348449.100000042,112585.72000000937,261134928.61996928
405.0,266.0,68.0,361.0,826425884.880078,3438744.229999833,53955.50999999821,3494489.659999948,118024.22000000562,265704368.71997038
107.0,33.0,400.0,560.0,374166925.7000538,4034263.4999994044,58373.75999999353,526218.2300000595,33973.42999999993,119837215.89998418
28.0,35.0,432.0,605.0,344645085.31003076,3831556.239999529,62806.30999999315,464703.71000006323,31885.250000002623,110281293.91998783
95.0,153.0,355.0,497.0,592227212.8900787,3694700.079999762,67416.60999999363,2188205.0900000166,79351.8500000006,190015463.7899963
100.0,31.0,445.0,524.0,335903550.4400289,3646312.539999563,62848.50999999171,443994.7800000387,34907.91000000003,107644736.6499851
107.0,32.0,398.0,563.0,376055091.45004654,3907251.3899995056,59228.559999992074,577887.7000000369,35675.32999999852,120467884.46998821
89.0,143.0,396.0,472.0,525827665.34005487,3485772.4999998347,66232.29999999539,1787878.1199999305,69180.61999999172,168667995.799992
26.0,33.0,475.0,566.0,337039618.7200322,3769991.179999538,65704.58999999307,480495.22000006126,34335.09000000071,107899023.57998556
25.0,162.0,378.0,535.0,524703227.3900903,3965454.219999592,68660.17999999133,1737363.429999908,65188.70999998992,168172061.2500022
23.0,153.0,425.0,499.0,530186306.9900703,3647851.519999761,70549.99999999208,1866640.8799998604,69688.66999999115,169975160.37999916
23.0,152.0,422.0,503.0,529157016.4800706,3732839.6599996765,70182.02999999268,1856786.5999999375,69058.25999999615,169639663.60999653
401.0,327.0,106.0,266.0,834797846.4400771,3136542.370000059,56582.949999998265,3666539.899999863,123895.45000000656,268438495.309965
345.0,353.0,115.0,287.0,872496380.5800588,3165264.319999882,60996.04999999815,3981922.3099998343,132308.96000000622,280508409.70998406
356.0,414.0,94.0,236.0,1033631422.0500445,2938969.9600001383,66824.36999999936,5215542.200000568,165379.95999999868,332326963.76999176
375.0,306.0,170.0,249.0,830738805.8900561,3097711.6200000495,61231.64999999709,3743648.2799998983,125846.52000000926,267121452.9299684
399.0,325.0,105.0,271.0,872422250.9500606,3210372.230000029,58339.20999999813,3931482.6799998838,129701.65000000878,280486754.2499754
334.0,388.0,151.0,227.0,987806090.1900461,2836230.529999975,67523.32999999856,4949639.6700001005,159473.32999999812,317637872.78997666
320.0,326.0,182.0,272.0,868416261.9300506,3172158.149999928,64610.5999999974,4040819.569999984,132172.94000001016,279134577.3299861
302.0,440.0,100.0,258.0,1118230358.9500682,3091658.699999994,73059.84999999643,5853801.000000582,180151.85999999318,359413552.6199983
285.0,415.0,163.0,237.0,1010332657.4100745,3030332.5800000806,71686.18999999466,5129973.110000373,163034.750000002,324773021.7999917
284.0,413.0,161.0,242.0,1006452735.3600367,2826628.710000008,69670.83999999505,5089009.970000627,161104.15999999733,323544530.72000563
357.0,117.0,357.0,269.0,474430527.6900503,2971102.4799998743,56027.999999996195,1312871.3100000075,64517.789999994755,152632203.39998755
319.0,123.0,375.0,283.0,514166614.79004955,2877190.75999997,63363.849999995946,1764672.34000004,77079.28000000058,165356433.27998567
330.0,192.0,329.0,249.0,643066344.4100549,2904855.4399999236,61441.21999999625,2549403.8499999726,96099.28000000877,206816256.35998955
410.0,135.0,246.0,309.0,576732965.8300607,3286575.909999729,53723.62999999729,1893413.5700001384,78044.13000000028,185459648.41998464
430.0,141.0,430.0,99.0,486073055.6100127,2114981.9099999783,61327.71999999843,1689122.6600001545,80729.06000000171,156659667.12998822
456.0,265.0,274.0,105.0,755211176.1400295,2278892.219999978,64730.56999999799,3489686.379999777,125958.94000000846,243113676.57999074
466.0,179.0,329.0,126.0,610358707.3500124,2376758.869999955,59970.33999999918,2414906.7900001346,97438.70000000781,196536333.22998974
352.0,240.0,413.0,95.0,690679347.0900126,2170190.4199999417,70194.66999999835,3176751.4099999047,118534.26000000948,222332192.3599972
336.0,230.0,237.0,297.0,659996219.6600586,3015074.4799999758,59416.78999999805,2620068.1399999694,96950.33000000262,212205468.7799832
414.0,283.0,292.0,111.0,719005176.0200188,2272881.190000013,63996.09999999903,3240444.29999996,119160.70000000682,231448792.31998265
254.0,474.0,253.0,119.0,1047351727.7700394,2569302.88999998,81051.91999999507,5698610.750000509,180713.86999999368,336732884.1699861
187.0,512.0,273.0,128.0,1103599435.8100436,2381089.3599999784,84933.1099999904,6168814.45000065,193518.56999998368,354793274.6899754
430.0,41.0,428.0,201.0,361604063.3300133,2589426.9099999764,53272.959999996936,615838.1699999395,50089.51999999857,116535707.88998425
317.0,591.0,44.0,148.0,1288568456.1300473,2684766.700000056,76908.97999999196,7140497.33000126,215116.6199999907,414284292.89998007
200.0,372.0,199.0,329.0,955534638.1800625,3079279.649999973,73122.63999999622,4818969.690000183,152157.03000000343,307019260.4699806
381.0,37.0,53.0,629.0,487427486.7600776,4372812.9799995255,35510.260000003356,700861.8999999401,36822.15999999622,156431326.51998
173.0,473.0,35.0,419.0,1135826113.0301092,3955368.510000002,71252.17999999088,5761034.670000939,171899.3200000058,364763237.9800058
218.0,31.0,320.0,531.0,399481322.3200471,3759036.3599995794,53195.61999999529,635086.1999999905,38956.459999998144,128155092.02998519
541.0,77.0,110.0,372.0,520167749.8100306,3200607.639999922,37423.030000000865,1211334.2499999255,60154.699999994846,167439648.8499777
291.0,42.0,59.0,708.0,469877402.56007993,4453207.5799995875,36253.18000000182,588028.7899999861,31422.659999998792,150661808.80998343
389.0,544.0,70.0,97.0,1187884319.0500457,2520636.680000132,70655.48999999311,6405408.260000858,199858.38999999288,382067966.88998574
469.0,482.0,62.0,87.0,1111508555.3800309,2482557.0800000117,66545.91000000115,5793803.240001256,186636.1999999941,357643419.33998835
395.0,535.0,71.0,99.0,1219777907.4300256,2523028.290000039,73757.14999999752,6659556.000000741,208026.5899999897,392300517.71996987
226.0,316.0,502.0,56.0,780684303.1799897,1920224.9899998812,84590.0299999921,4156510.4899995863,145328.6900000071,251167911.3300004
383.0,537.0,69.0,111.0,1203023611.7400286,2481661.71999999,72757.7399999965,6552069.520000875,202940.47999999204,386892837.74998087
226.0,306.0,503.0,65.0,694561276.2000028,1929880.189999935,81068.73999999445,3516711.7299997546,127386.9500000143,223499022.96999988
284.0,292.0,464.0,60.0,717614946.2700067,1946560.6699999203,77324.52999999611,3581141.899999858,129607.980000013,230966119.08999532
470.0,468.0,62.0,100.0,1132069392.320021,2441940.8199999654,67432.41000000125,5950618.010000625,187868.9599999985,364196950.8599915
289.0,287.0,471.0,53.0,719347256.5600221,1957347.8399998976,78331.52999999395,3596963.609999834,130605.0800000161,231526720.59999534
286.0,285.0,468.0,61.0,698383061.9600132,1994744.4299999385,76271.80999999675,3403845.3199998043,124927.6400000152,224786370.7500009
309.0,357.0,213.0,221.0,902596826.72003,2850512.8599999817,68973.71999999697,4417655.269999905,143916.69000000085,290170625.5499855
339.0,343.0,205.0,213.0,847682255.3400543,2788288.1699999385,66963.39999999639,4025100.9899997464,135099.59000000524,272605046.76997966
311.0,353.0,214.0,222.0,860363478.1600448,2955325.039999926,65664.01999999622,4064964.909999868,135313.36000000776,276641814.5499889
355.0,410.0,81.0,254.0,979055304.2500632,3118101.43000002,63714.179999997235,4753886.390000199,151307.45000000458,314743296.95998013
308.0,355.0,212.0,225.0,857977195.490037,2697690.8000000212,66693.80999999844,4126468.2799997106,136586.3800000045,275893439.16998106
356.0,404.0,81.0,259.0,1044565589.8200626,3094530.129999908,65020.42999999769,5216740.350000629,162521.14000000324,335780213.21000195
385.0,390.0,78.0,247.0,1030382085.4000474,3034750.180000047,64889.31999999869,5140880.310000386,162395.83999999883,331265338.08997256
339.0,339.0,205.0,217.0,869891221.8700359,2647308.7899999926,65409.24999999901,4195676.199999705,139227.0000000075,279752989.6099841
389.0,388.0,78.0,245.0,965924133.9000751,3137171.92999998,62040.62999999715,4629057.720000227,147585.48000000586,310549999.88998586
387.0,387.0,78.0,248.0,972112222.2700452,3032020.520000018,60483.63999999943,4629220.549999962,149646.23999999728,312604818.6599794
447.0,145.0,245.0,263.0,578148629.0900319,2888098.4199999203,52273.289999996494,1965443.9900001748,81739.7500000004,186042334.75998473
496.0,134.0,227.0,243.0,530893906.030041,2802884.459999922,48949.21999999826,1597301.0000001555,72959.86999999905,170935692.69998285
330.0,395.0,181.0,194.0,958908478.4500371,2574163.0000000186,69416.0199999968,4864019.470000041,157035.4799999987,308366465.6499843
307.0,99.0,514.0,180.0,431414598.8600124,2258949.8800000045,68246.78999999726,1456109.8900000886,72511.02999999905,138891328.83998707
326.0,105.0,179.0,490.0,516257834.61006564,3741052.949999689,47410.14999999689,1261397.3999999284,54899.909999992204,165768534.50998494
204.0,245.0,343.0,308.0,719203631.6500692,3106257.0099998903,69668.01999999498,3182264.6500000744,110858.4100000115,231096458.8899939
280.0,76.0,392.0,352.0,436062894.96003336,2881219.65999997,59670.19999999713,1179205.5099999437,59704.56999999289,140176007.72998834
297.0,296.0,135.0,372.0,847278192.0000824,3359328.6599998935,60303.90999999739,3755589.479999839,122276.6800000065,272245942.08997446
283.0,282.0,396.0,139.0,700933617.7000167,2341839.7899999884,70231.17999999654,3260551.0099998973,118134.66000000924,225507445.03000185
237.0,236.0,330.0,297.0,682246153.1000427,2925197.7999999444,66232.20999999616,2921533.3300000215,105054.66000001153,219309230.85998803
26.0,316.0,374.0,384.0,791998828.2101039,3423921.3899999764,82261.60999998623,3873528.370000037,126134.79000001453,254218021.03999567
75.0,302.0,357.0,366.0,782269908.5100876,3263720.469999932,77753.58999999192,3742946.2600001474,122857.12000001433,251149130.48999897
34.0,99.0,477.0,490.0,440314583.900061,3585083.619999663,67588.14999999272,1233409.9999998224,54012.799999992545,141119585.57998958
32.0,374.0,239.0,455.0,963443820.0501155,3685386.6799998763,78693.29999998989,4880266.490000345,148984.96000000843,309258815.4199937
33.0,398.0,471.0,198.0,877305712.9800515,2461899.789999959,92376.53999999077,4834063.04000007,156464.84999999552,281872011.3199991
64.0,184.0,479.0,373.0,537668634.7900466,3016577.9699998433,75656.30999999346,2153365.279999988,83022.86000000288,172601140.71999782
114.0,461.0,295.0,230.0,992939002.6600544,2818323.5299999705,82924.33999999154,5335135.05000024,167427.04999999749,319030690.90997714
125.0,124.0,599.0,252.0,430321214.69002515,2400923.819999994,78302.51999999571,1629917.4700000256,74174.14000000153,138310721.71999285
116.0,115.0,299.0,570.0,524500973.1000848,3995106.4699996007,60638.77999999376,1539858.0299998585,60131.87999998856,168178195.8999927
167.0,166.0,431.0,336.0,525907711.8700318,2929939.8299999074,70032.4199999967,1971155.7300000244,79414.86000000263,168931187.84999716
28.0,256.0,380.0,436.0,658731175.9200833,3370147.439999924,77019.24999999274,2923980.5500000776,99580.36000000757,211367859.73999456
412.0,164.0,244.0,280.0,586591632.0900657,3202355.67999991,52560.829999997324,1950609.8700002464,79491.23999999891,188671109.45998773
35.0,48.0,474.0,543.0,387771770.1400366,3671187.799999644,66286.29999999299,844167.3699999119,43731.389999994426,124222052.14998735
22.0,205.0,523.0,350.0,572856198.8900675,2983259.0099999392,78969.41999999217,2480249.8900000784,91028.97000001025,183876791.56000575
32.0,292.0,435.0,341.0,723422013.0200722,3103786.9299998526,79176.30999999223,3445254.9200000637,115146.60000001844,232239372.0100031
30.0,42.0,706.0,322.0,276813450.8899987,2600273.149999933,78634.08999999452,610565.5599999961,45655.869999998555,88819156.02998558
382.0,152.0,389.0,177.0,517719744.27002156,2534288.2700000177,60771.71999999613,1800833.9900002107,80826.1700000047,166672046.62999448
520.0,31.0,308.0,241.0,385540372.67001617,2790091.0299999327,45127.549999999355,560224.8299999479,46710.6699999978,124237654.7499848
399.0,24.0,406.0,271.0,337408341.1800085,2802887.679999898,53094.829999998154,426642.9699999867,42086.4399999986,108611626.45998242
433.0,26.0,440.0,201.0,308837344.38000464,2448837.9199999766,53868.01999999867,332148.7999999783,42351.439999999304,99560163.62998512
361.0,588.0,48.0,103.0,1291883036.96003,2503768.209999962,77103.82999999514,7199369.020001005,220288.67999999286,415431053.43997663
325.0,617.0,50.0,108.0,1350479740.0800068,2526243.5599999097,80256.35999999176,7642574.220001084,232778.71999998984,434263751.0099697
450.0,462.0,59.0,129.0,1133956313.4400256,2620505.08000004,68947.42999999912,5955868.870001108,188899.5299999915,364760700.8499962
289.0,471.0,257.0,83.0,1004412409.0300212,2144644.789999859,78076.25999999438,5436756.850000288,175944.52999999066,323080833.8399745
244.0,398.0,32.0,426.0,1007537546.0300915,3795740.6499999473,63389.27999999639,4789509.470000286,145755.81000000556,323588240.77999836
236.0,243.0,209.0,412.0,715437290.9200699,3494711.6499998798,62113.4299999977,2928047.8800001154,100660.89000000585,229791882.57998812
184.0,350.0,191.0,375.0,889750678.5600858,3527303.759999921,69426.7499999952,4208663.469999997,134012.80000000965,285777803.4599877
251.0,300.0,38.0,511.0,878919367.2301,3943763.4999998147,56866.06999999693,3778825.8800000576,117635.04000000327,282196128.3799794
309.0,369.0,319.0,103.0,934314924.1900241,2268338.7899999237,78415.97999999434,4930236.41000021,163413.14999998995,300535641.4899835
209.0,250.0,216.0,425.0,752986204.7000866,3693196.8999998155,64678.19999999561,3162203.0500001386,105952.4400000085,241789643.78998804
328.0,56.0,341.0,375.0,405420839.3700274,3179802.3399998876,54413.38999999694,808308.3299998724,49314.07999999583,130345615.85998479
114.0,71.0,435.0,480.0,407415158.65004545,3615308.119999739,63018.019999993565,922763.7399998949,46702.089999996,130602770.03998809
262.0,267.0,272.0,299.0,779859045.260065,2972575.5599999055,68881.72999999458,3584975.319999947,121901.46000001093,250665176.46998307
340.0,57.0,314.0,389.0,432548930.8900484,3362196.6299997377,52190.31999999613,911583.8699998625,50599.41999999388,139030446.3699837
356.0,60.0,370.0,314.0,422793383.8300367,2943512.8499997887,54324.01999999515,983619.9699998511,55267.659999994656,136001102.18998244
288.0,293.0,266.0,253.0,783641971.470052,2854000.769999967,69007.07999999623,3630950.1099999323,124758.65000000653,251949417.77999058
133.0,83.0,452.0,432.0,425702312.6100427,3251829.1499997824,65929.17999999452,1161195.5999998862,55574.54999999256,136591650.5699867
94.0,349.0,355.0,302.0,831279735.9500732,2960368.100000003,80950.18999999053,4177766.0500000827,135308.47000001423,266982149.56000325
89.0,334.0,303.0,374.0,844802835.710074,3206288.409999909,76323.00999999157,4141349.719999974,132624.7000000144,271295792.9899921
97.0,362.0,328.0,313.0,895621090.4700758,2940662.1599998516,80657.2199999904,4625158.970000359,147977.32000000452,287690864.8599977
194.0,422.0,214.0,270.0,1026638412.9700572,2959214.9600000093,78330.86999999061,5428467.330000547,168483.39000000033,329869410.94999886
379.0,336.0,170.0,215.0,873763142.6100458,2866102.760000055,63678.56000000026,4126918.0099996827,137930.61000000063,280999073.21998006
242.0,255.0,267.0,336.0,755608465.4400721,3089963.389999838,69157.08999999367,3419709.4800000815,116476.2800000108,242788031.58998844
206.0,446.0,163.0,285.0,1022576506.1900535,2993527.1199999657,75048.85999999272,5318206.500000502,165589.04999999644,328604623.8799907
222.0,482.0,245.0,151.0,1131363698.3100367,2474145.99999994,84406.94999999077,6321585.760000598,194924.499999989,363675158.0899824
312.0,329.0,247.0,212.0,867520542.5400317,2617691.4400000228,70049.53999999721,4264902.70999975,142392.11000000587,278977442.5199905
442.0,392.0,143.0,123.0,992622212.5000308,2495819.650000039,66219.23999999925,5023633.470000379,164329.9100000011,319373565.2399886
510.0,219.0,229.0,142.0,654758482.2600343,2509520.170000028,54325.05999999816,2551406.760000168,101241.78000000353,210862989.2699759
474.0,204.0,153.0,269.0,679982865.1800554,3012740.5099999635,50311.589999997545,2514731.1100002048,96273.50000000354,218822597.38997847
542.0,233.0,175.0,150.0,730532009.5500218,2540414.1100000036,52671.89999999945,3017201.8899998674,110722.09000000301,235184356.69996983
508.0,11.0,239.0,342.0,359719806.4800195,3192253.1899998183,40861.98999999873,230846.71999997605,34859.95000000028,115807396.87998109
604.0,9.0,201.0,286.0,379490227.06001884,3103629.9699999047,36628.640000000654,276958.72999996506,38187.239999999176,122319788.27998081
426.0,187.0,201.0,286.0,655664622.020054,3141330.789999907,52481.56999999882,2409155.3100001584,92190.11000000655,210907748.20998478
350.0,7.0,508.0,235.0,268130006.7799977,2441434.680000004,58541.04999999686,160372.2799999914,38366.52000000097,86442328.55999152
384.0,8.0,181.0,527.0,391925915.40004337,4003644.449999606,38513.33000000042,214688.94999998942,27486.17999999955,125833349.87998153
258.0,113.0,375.0,354.0,456281541.19004875,3101899.809999844,62519.439999995215,1340134.6699999475,61984.549999993375,146579541.88998818
365.0,6.0,375.0,354.0,319169684.3499962,2971466.469999933,51375.159999996606,212511.00999997434,34651.1400000018,102674248.28998302
421.0,130.0,140.0,409.0,568153408.200067,3482359.819999697,44994.13999999803,1614545.9900000547,68067.21999999294,182676302.83998263
391.0,121.0,402.0,186.0,480488286.9300226,2433292.2299999422,62035.80999999633,1617715.3100000927,75576.03000000474,154689822.56999218
333.0,103.0,341.0,323.0,497084039.62004197,3140837.409999843,53660.0499999975,1407477.3099999607,63912.90999999296,159808746.07998443
347.0,193.0,264.0,296.0,600694900.3700399,3038229.2999999514,58244.03999999721,2192366.5500000953,85939.80000000172,193147501.05998987
48.0,270.0,369.0,413.0,708863749.3900781,3380276.6199998697,76288.60999999288,3211847.440000022,107367.330000008,227507393.49000028
328.0,244.0,249.0,279.0,739502363.0600526,3087501.9399998537,63281.07999999624,3192141.570000028,111105.28000000828,237706648.38997966
436.0,242.0,51.0,371.0,766444735.0600835,3429552.2699998724,48380.5299999978,2971301.020000112,102103.06000000224,246405947.45997146
459.0,255.0,349.0,37.0,682260752.4000016,1915675.9399999473,67037.07999999859,3132281.1399996993,119641.3100000106,219763183.25999424
567.0,422.0,66.0,45.0,996196311.4599968,2295424.709999971,58145.27000000114,4907916.709999952,163956.89999999097,320710967.19997174
128.0,718.0,150.0,104.0,1465456159.2400284,2525849.9899998675,96791.26999997972,8757469.930001434,259087.20999998975,470978312.08996505
65.0,487.0,496.0,52.0,957456140.3500062,1839882.2099998426,98275.5299999856,5617351.220000264,181778.50999998648,307830984.5399801
60.0,452.0,71.0,517.0,1117792224.5901062,3826512.970000006,74148.03999999193,5726719.560000802,166822.26999999493,358819555.20000815
105.0,788.0,123.0,84.0,1543209833.6400306,2394736.690000001,101361.71999997755,9414520.150001714,280326.33000000165,495987562.3499251
523.0,203.0,350.0,24.0,626792124.7100136,1975344.6899998882,59271.35999999927,2583653.9800001225,106403.50000000722,202039667.849986
348.0,265.0,456.0,31.0,687513118.4000027,1846908.2799998806,76935.7199999963,3400604.6999996854,126951.92000001027,221332814.72999766
353.0,494.0,237.0,16.0,1108789824.1399984,1994350.1999998016,80718.29999999107,6179529.570000933,195878.7899999898,356697698.5599853
405.0,157.0,520.0,18.0,492771758.2100118,1781728.3899999838,67955.43999999858,1949119.3600003247,89674.17000000925,158866786.10999143
433.0,168.0,289.0,210.0,608768202.8500273,2671031.219999975,57907.71999999789,2314666.680000183,92800.80000000526,195928818.97999012
264.0,369.0,339.0,128.0,894402989.1700348,2373121.0399998673,78182.7899999939,4661101.890000046,154553.49000000066,287632984.30999094
211.0,160.0,529.0,200.0,541442047.5600277,2418540.76999997,74083.06999999659,2265024.090000135,90901.7800000089,174111773.6500004
184.0,502.0,240.0,174.0,1084937567.6200266,2685251.9199999967,81367.28999999212,5895286.770000837,182368.92999999865,348716699.2500023
174.0,475.0,436.0,15.0,955952024.980012,1813339.2799998382,90205.91999999328,5445934.750000024,177876.63999998634,307472363.4099948
153.0,418.0,384.0,145.0,935108884.8900228,2382381.1699999855,85162.21999999051,5095653.660000189,164844.2999999953,300604641.88998806
77.0,347.0,433.0,243.0,844730333.2900655,2814690.9300000723,83945.20999999146,4396750.3599999305,144639.41000000958,271372759.5899939
301.0,271.0,338.0,190.0,665140315.2300621,2690004.980000001,67286.00999999676,2882321.6400000458,106205.23000001026,213921324.69998872
89.0,229.0,501.0,281.0,602954086.8700502,2846684.8100000317,78574.48999999484,2671388.850000057,98741.34000000803,193664336.12000117
101.0,461.0,216.0,322.0,1055981075.4200925,3134489.18999995,80928.29999998996,5652595.550000595,173045.46999999974,339188068.91997796
68.0,310.0,386.0,336.0,756258821.4700578,3061199.0899999426,80618.06999999161,3667603.4599999995,122631.31000001283,242851272.89999953
103.0,268.0,220.0,509.0,779543307.620086,3873240.22999986,68064.1999999947,3384973.010000053,109313.81000000855,250159713.40998837
333.0,300.0,141.0,326.0,822901498.4400483,3131145.6699999617,58973.17999999751,3636827.019999964,121765.3000000057,264549351.03997543
304.0,156.0,342.0,298.0,587460408.810047,2896890.559999977,63555.7399999966,2237561.2900001337,87612.50000000236,188879666.69999304
428.0,220.0,182.0,270.0,750720293.3100636,3126144.2999998834,58664.54999999606,3147282.909999923,110570.24000001041,241407887.1899742
377.0,194.0,160.0,369.0,679694958.2200769,3387125.4999998226,54312.389999996114,2554367.5400001095,91797.8100000019,218445707.80997887
153.0,131.0,255.0,561.0,569632601.4901017,4113712.369999562,57951.19999999486,1749330.0699999176,65577.37999998828,182706804.6599926
243.0,118.0,231.0,508.0,552993428.3700805,3859908.739999608,53670.04999999527,1599718.7099999173,64046.299999989475,177524438.15998963
138.0,223.0,231.0,508.0,673861668.7100883,3698589.7699997635,62340.50999999483,2618347.9699999834,88993.72000000183,216261978.5699907
139.0,119.0,330.0,512.0,513276867.77006716,3774869.0399996713,61470.12999999451,1536880.3799998746,61407.31999999146,164628714.61999297
191.0,164.0,320.0,425.0,581707246.8500748,3546833.1799996425,60467.99999999505,2010750.2299999967,75856.83999999898,186768371.31999645
152.0,246.0,362.0,340.0,722345024.6400675,2970778.1799998973,74357.06999999376,3337400.649999932,113866.26000000986,232044987.37999052
268.0,130.0,362.0,340.0,540152770.9200585,3254069.1599998497,60366.949999995464,1799049.790000016,75271.8599999983,173620194.8899873
266.0,244.0,253.0,337.0,731852828.5100735,3188134.939999928,62848.61999999785,3106279.9799999944,106849.02000000827,235148242.5499881
205.0,189.0,277.0,429.0,606696505.5100775,3415029.74999983,62325.829999994654,2256039.030000082,83711.67000000052,194836361.26998872
243.0,223.0,327.0,307.0,715706429.1600631,3009328.8099999083,68118.11999999496,3153391.769999997,109515.91000001236,229995229.8299965
303.0,289.0,366.0,142.0,761014444.3600373,2451283.0200000033,73961.51999999513,3682567.729999876,129534.61000001109,244789921.30999446
352.0,271.0,344.0,133.0,736275858.3800232,2346117.1199999633,69259.90999999827,3442815.4399997992,124065.63000000834,236912069.0099893
284.0,339.0,344.0,133.0,816669187.8800292,2407413.420000063,74052.25999999513,4062576.2999996655,139653.46000000343,262686173.36997584
443.0,422.0,27.0,208.0,1058727550.9000617,2972200.62999994,60582.42000000077,5228105.650000469,165492.30999999604,340500183.31998926
346.0,330.0,419.0,5.0,837195567.0400167,1833975.6599998693,78799.469999997,4405904.279999684,152026.02999999461,269462425.1399968
485.0,579.0,29.0,7.0,1269909822.720001,2115550.7199998023,71206.10999999804,7020014.53000115,217428.75999999887,408592556.9299798
601.0,463.0,29.0,7.0,1126462638.8700223,2200006.2499997853,62587.24000000441,5854040.930000923,191537.42999998928,362625664.18998003
373.0,359.0,364.0,4.0,856274327.0600055,1811236.2299998114,76622.64999999713,4501670.579999747,155962.10999999032,275628274.51998895
460.0,443.0,22.0,175.0,1099640126.120041,2753311.979999986,63541.169999998856,5606231.720000785,175751.82999999588,353651194.98999226
544.0,524.0,26.0,6.0,1185676817.3099897,2151919.3899998385,64764.8700000033,6295339.670000962,199768.44999998945,381615246.5899977
501.0,228.0,68.0,303.0,748817689.6000633,3354089.3399997763,48949.53999999828,2878267.0400000317,103342.29000000414,240837631.23996976
393.0,269.0,81.0,357.0,780684233.0000477,3372102.7399999266,51981.41999999889,3147128.459999947,107634.09000000027,250953758.1599688
463.0,293.0,63.0,281.0,819636666.920051,3133363.480000012,50098.429999999535,3420758.4299999475,117509.29999999938,263631337.23996475
383.0,175.0,310.0,232.0,574109397.7300423,2675508.169999904,58982.99999999872,2125047.280000293,87593.42000000428,184767889.7499856
592.0,270.0,81.0,157.0,775643525.5600075,2563847.680000037,48863.979999999385,3226999.749999808,117288.12999999992,249759584.68996277
406.0,257.0,329.0,108.0,676269546.1500244,2224948.3099999307,66835.65999999954,3030195.7499998705,113331.99000000516,217693075.97998726
334.0,228.0,405.0,133.0,638923937.1300213,2293955.059999955,66612.61999999704,2760898.9900000184,106597.8100000107,205660187.99998596
431.0,409.0,88.0,172.0,1045325514.790022,2753715.049999982,66037.79000000039,5294606.3300005905,168673.9499999911,336193019.8900051
270.0,257.0,328.0,245.0,695734665.3400637,2824899.5999999503,66741.78999999599,3039769.379999897,109357.91000001165,223695494.80999812
309.0,293.0,375.0,123.0,759735776.0200334,2283741.0799999447,72022.94999999536,3689100.5599998105,130141.31000001238,244444464.42998365
245.0,484.0,324.0,47.0,1016832153.6400414,2056278.5499998545,83377.11999999346,5625209.440000234,180479.87999998798,327061868.81997967
92.0,570.0,382.0,56.0,1140249191.7800105,1949681.5699998084,98044.35999998302,6821479.2300005015,211395.78999997574,366541229.1899589
398.0,99.0,526.0,77.0,371048217.41000986,1883435.5199999548,64676.04999999883,1093570.0399999833,67038.36999999738,119708279.82998383
291.0,574.0,179.0,56.0,1199856987.6700132,2158157.4399998467,83019.25999999196,6794305.100000845,209333.73999998992,385863902.0699795
187.0,369.0,247.0,297.0,845058026.1800643,2953560.770000004,74495.03999999232,4155324.749999957,136206.2400000101,271545312.1099969
319.0,80.0,195.0,506.0,490807656.4100593,3900815.839999678,48189.429999997184,1076660.559999872,50551.87999999509,157577483.21998602
78.0,483.0,150.0,389.0,1080165014.1400821,3566175.85999998,78224.13999999272,5637511.32000054,168768.53000000096,346837112.80999047
101.0,79.0,418.0,502.0,422375577.46005404,3661283.5599996257,64046.69999999386,1050338.6599998279,49954.84999999212,135406120.97998607
255.0,200.0,490.0,155.0,533019727.190014,2211688.569999937,74579.84999999763,2259614.7700001523,93162.11000001153,171504862.1300014
127.0,100.0,243.0,630.0,528070579.260078,4173920.9099994847,56944.019999992786,1458448.089999822,55338.59999999179,169250411.269989
236.0,214.0,505.0,145.0,574958842.3800378,2360280.0200000145,74029.50999999547,2500722.820000111,99320.66000000865,184965386.3699975
23.0,267.0,629.0,181.0,585066148.2500205,2165821.469999899,91325.04999999386,2990419.369999945,111688.7100000145,188022045.15000537
214.0,298.0,457.0,131.0,754822318.7100255,2287153.1599999187,80074.16999999438,3818539.6899997755,132124.93000000704,242730433.63999525
215.0,195.0,558.0,132.0,523340315.27002347,2128919.7099999823,78309.71999999518,2288139.8700000914,94742.83000001326,168392273.38999972
214.0,194.0,459.0,233.0,584147925.5700274,2782956.1699999794,71727.67999999698,2415278.089999992,93625.2700000075,187762171.8699971
181.0,253.0,469.0,197.0,659322757.2000433,2593210.149999964,77319.64999999378,3059300.389999881,111507.45000001376,211965303.14999494
19.0,214.0,611.0,256.0,560539175.3100324,2496688.800000001,86564.76999999519,2640539.669999963,99470.030000012,180047205.81000504
19.0,327.0,500.0,254.0,838916562.5900557,2657907.8799999496,89725.17999998796,4503166.580000102,147501.70000000545,269466237.26000357
19.0,328.0,609.0,144.0,733595401.240021,2078390.4899999136,95387.81999999234,4046391.6299998807,139024.81000001257,235768005.46001485
17.0,298.0,553.0,232.0,728659020.9400476,2479653.0699999123,89749.56999999218,3799477.619999998,129250.53000001729,234071082.00000685
354.0,341.0,107.0,298.0,931166494.7100738,3393850.5500000147,62426.129999997764,4345914.039999965,140124.11000000365,299291425.96998245
250.0,388.0,122.0,340.0,975291802.1300716,3296159.3599999165,67038.34999999497,4747439.150000304,150149.3900000016,313407872.87999165
333.0,387.0,101.0,279.0,950120146.440049,3105060.700000079,62927.259999998445,4557592.899999901,145545.0699999997,305410054.1899824
334.0,321.0,164.0,281.0,823833123.7300726,3031430.229999962,62004.75999999796,3735728.409999964,125870.85000000749,264855678.36997753
333.0,320.0,101.0,346.0,901520368.8900816,3438680.7399999504,61036.45999999667,4115503.799999882,132362.80000000753,289707302.7699711
298.0,347.0,146.0,309.0,891648461.6800636,3205303.189999954,63382.36999999716,4169782.249999838,135215.79000000804,286588708.64998406
219.0,340.0,174.0,367.0,877546276.1800771,3480402.3199999,68797.06999999429,4132152.179999918,133363.04000000912,281911821.3299919
218.0,410.0,107.0,365.0,1006453865.9900724,3447463.7000000267,69903.7499999975,4985610.560000406,153659.80000000136,323316159.6599937
218.0,412.0,173.0,297.0,994615828.1000806,3132735.790000111,75251.79999999159,5115050.370000262,162316.88999999966,319605165.3499846
205.0,387.0,163.0,345.0,960064285.1800833,3528395.7499999623,70607.45999999448,4704910.880000382,148002.61000000374,308410997.9299986
402.0,48.0,339.0,311.0,393622507.82002115,3016538.679999883,49823.78999999702,655942.5699999422,46954.22999999714,126683887.02998285
469.0,43.0,306.0,282.0,387620050.4200363,2938218.869999842,45653.38999999827,562478.0699999314,45266.68999999674,124823749.54998203
286.0,352.0,241.0,221.0,857694543.500051,2865511.099999979,69674.35999999716,4134542.78999974,137498.3000000088,275744209.3199861
367.0,43.0,406.0,284.0,353902572.5900237,2823257.7099998924,54216.25999999586,543056.8599999665,45383.79999999851,113915277.099984
365.0,43.0,308.0,384.0,405562731.90003395,3182524.6999998,47593.59999999767,673161.8999999531,45303.19999999703,130436329.62998836
251.0,309.0,277.0,263.0,780840865.5700493,2939825.9199999506,68234.71999999537,3604814.8800000073,122178.87000001498,250960198.52999085
397.0,36.0,342.0,325.0,379946397.1100219,3006510.869999808,49226.24999999635,580121.6199999561,44792.37999999682,122276480.68998393
321.0,307.0,210.0,262.0,841502379.0400467,2963733.1700000614,65455.54999999926,3908366.269999818,131003.36000000527,270538344.3699861
322.0,308.0,277.0,193.0,805304179.3900357,2586216.2500000177,69410.79999999872,3847343.5099997628,132479.98000000833,259000479.1799948
303.0,290.0,260.0,247.0,771338154.970058,2866585.800000014,66418.64999999647,3524509.9199998262,121398.9700000116,247996967.8599843
70.0,380.0,6.0,644.0,995120726.0401478,4569912.5199999,63667.729999994765,4562628.450000765,132384.51000000988,319201197.87999904
168.0,344.0,5.0,583.0,975265678.0801266,4346707.1899999585,61237.749999996515,4435453.2600002885,132481.93000000535,312996708.56999284
87.0,203.0,7.0,803.0,750744213.2201617,5175242.920000033,51156.06999999553,2587873.580000198,77012.24999999728,240532469.87997884
63.0,347.0,103.0,587.0,918089645.6701049,4122129.149999736,66547.28999999397,4208423.750000218,126012.4700000115,294571191.52000135
140.0,766.0,12.0,182.0,1568901475.050096,3168334.2100002556,93576.10999997763,9265637.170001622,271270.9400000139,504109086.9599704
176.0,412.0,284.0,228.0,907963301.0400541,2876368.3300000336,77690.83999999416,4631241.460000116,149651.32000000257,291778281.9400039
265.0,545.0,161.0,129.0,1166154057.8000073,2515812.689999872,78945.17999999435,6419917.360000838,198837.30999998943,374949312.33997965
458.0,404.0,14.0,224.0,995387341.4100456,2987244.9299999774,56580.82999999862,4740614.459999995,152700.08000000333,320156667.17998767
184.0,163.0,112.0,641.0,627819101.8501165,4502750.369999759,50669.629999994686,1909670.969999869,66141.579999989,201340450.84998342
370.0,326.0,224.0,180.0,804406615.3800402,2617329.5799999447,66401.21999999954,3789916.6499997745,130589.54000000664,258750460.7299845
70.0,98.0,873.0,59.0,316616612.52000356,1588310.279999987,90296.78999999564,1330965.3900000541,73472.48000000132,101944471.86998528
450.0,62.0,551.0,37.0,337031721.0000016,1782093.8499999812,62660.20999999801,833017.6499999284,61950.86999999818,108846893.9799844
40.0,526.0,500.0,34.0,980049943.050007,1777894.7599998182,101376.83999999068,5856193.240000205,188665.13999998476,315069729.9899867
117.0,164.0,720.0,99.0,463270569.4600164,1857256.979999939,85303.41999999619,2102097.3000001656,91369.05000000844,149065077.35999125
46.0,64.0,573.0,417.0,342756549.2900219,3213914.529999782,71727.32999999408,762892.8999999582,45541.95999999602,109883394.77998593
37.0,492.0,230.0,341.0,1086597173.060078,3198992.9900000133,85805.9799999875,5932063.17000071,179151.41000000137,348942813.5799906
418.0,57.0,252.0,373.0,429956446.47004443,3299488.7599996952,42607.09999999753,703987.8599998603,46466.43999999461,138328487.85998487
249.0,322.0,306.0,223.0,809476536.3000467,2750170.169999973,73308.07999999428,3943490.229999847,131934.190000011,260196481.53998506
370.0,477.0,223.0,30.0,1112346067.320022,2054288.8799998388,78938.56999999403,6149602.670000662,195315.7499999853,357854504.09997404
291.0,375.0,175.0,259.0,942701152.9100413,3126724.7800001013,68456.3099999963,4603769.699999887,149046.52000000695,303019527.549981
293.0,308.0,212.0,287.0,839125035.8200759,3083013.580000031,65633.21999999667,3872470.819999857,128396.6400000063,269719924.6699785
149.0,363.0,250.0,338.0,904024013.9500856,3191166.8099999405,73578.15999999442,4473198.180000153,141099.8000000086,290388938.61999077
313.0,253.0,227.0,307.0,731297732.9400617,3043277.780000027,62483.64999999704,3130009.4499999043,109439.67000000762,235065177.53998414
235.0,246.0,389.0,230.0,667363999.4900323,2597208.2699999227,70644.50999999617,2984037.980000075,108536.49000001526,214587079.88000816
359.0,377.0,260.0,104.0,915623967.290014,2282110.9899999616,71785.50999999749,4686993.73000008,155043.96999999555,294531202.1799876
293.0,237.0,485.0,85.0,603070669.7500129,2001563.9299999503,73742.47999999703,2768674.1799999774,107807.38000001099,194113983.26000464
138.0,337.0,532.0,93.0,757823327.2900178,2026719.5099998622,87982.40999999302,4071325.389999765,140672.56000000986,243690222.41000825
210.0,395.0,353.0,142.0,952994533.3000288,2413708.19999999,81879.9599999937,5126267.720000298,165757.73000000374,306391578.8999912
122.0,230.0,470.0,278.0,640403708.2000464,2821038.389999995,77600.75999999381,2923216.9400000237,105625.37000001284,205732062.98999795
149.0,279.0,572.0,100.0,669400382.3000224,2011100.7699999083,86954.49999999559,3457785.5999998827,124485.06000002129,215267883.45001015
421.0,180.0,340.0,159.0,584746728.3200346,2378340.610000004,60011.339999996584,2267382.670000255,93013.58000000982,188311536.95999348
299.0,212.0,401.0,188.0,596495428.0100262,2450907.340000002,69323.86999999678,2522579.620000065,98451.02000000811,191901075.14999303
450.0,117.0,363.0,170.0,516384399.7700288,2517777.8200000054,56928.569999997206,1703850.380000178,78274.1800000013,166303298.8799892
537.0,230.0,130.0,203.0,705473668.8600352,2782161.189999896,49479.75999999747,2717321.500000087,102350.35000000556,227102251.54997015
401.0,172.0,324.0,203.0,557132500.4100294,2584528.100000018,59420.289999998175,2015609.4200002125,85499.6400000072,179335648.22999147
548.0,142.0,133.0,277.0,600114220.4500394,3029697.899999918,42977.93999999869,1854745.9900002568,77834.17999999899,193190509.14997587
373.0,264.0,150.0,313.0,743230578.0200504,3196660.6299999757,54978.8099999973,3008116.7399999667,104716.71000000423,238955293.77997392
305.0,131.0,408.0,256.0,512206014.49003285,2788357.0399998664,62482.99999999653,1762458.5500001402,76173.98999999944,164717241.68998677
447.0,193.0,180.0,280.0,628539913.5900517,2995523.109999856,50429.65999999702,2195475.210000304,86080.53000000134,202208809.63997966
412.0,177.0,166.0,345.0,652144974.5300635,3261986.0699998275,51650.569999996944,2323614.150000152,87599.44000000056,209699294.56998295
165.0,436.0,84.0,415.0,1047472811.2300845,3691214.799999867,69596.3699999938,5199469.360000656,156218.40000000407,336391714.5200086
388.0,332.0,64.0,316.0,894496543.7300606,3179711.419999899,56360.29999999824,4029323.8099997784,131884.05000000537,287568268.0199715
177.0,390.0,90.0,443.0,972441594.2901084,3794012.229999842,67216.5399999963,4642399.49000024,141971.75000000652,312276316.0800068
132.0,349.0,287.0,332.0,875678505.190073,3180256.890000019,76497.30999999386,4352440.520000046,138856.51000000874,281252939.20999163
158.0,415.0,80.0,447.0,1034420788.9701061,3905445.1099999445,71060.50999999275,5118276.440000644,154538.05000000558,332132815.89000416
134.0,296.0,290.0,380.0,772840863.6000875,3335285.979999879,71518.61999999371,3548681.780000051,116696.12000001415,248176572.81999162
316.0,271.0,222.0,291.0,773318280.0600557,2947294.859999893,61601.56999999729,3406705.5499999505,116978.28000000647,248629929.22998548
393.0,281.0,65.0,361.0,799343904.0500712,3616431.579999811,51065.07999999818,3196684.8399999468,107705.24000000399,256924054.71996558
340.0,244.0,239.0,277.0,672328000.4500571,3037013.239999945,59731.55999999729,2686847.500000017,98178.20000000577,216171013.739992
330.0,236.0,231.0,303.0,735217040.9900647,3120281.219999916,60810.97999999716,3085799.0900001237,107907.33000000549,236352638.5899817
229.0,244.0,148.0,479.0,758142819.4800801,3655196.089999861,59836.81999999656,3128765.009999987,103356.76000000475,243447697.69997948
372.0,204.0,124.0,400.0,730401441.800079,3487131.1899998123,53219.459999997314,2826574.260000022,98720.23000000099,234732412.42998
196.0,367.0,127.0,410.0,937785544.2400687,3422590.849999903,67710.39999999602,4508405.360000155,139926.93000000351,301184034.3299973
254.0,271.0,43.0,532.0,824922639.4700878,4023572.8299998664,54369.629999998266,3357609.1200000527,107260.93000000092,264869692.27997366
327.0,348.0,212.0,213.0,843001746.0900565,2852209.770000026,67169.70999999861,3987963.0599997356,134984.51000000618,271095751.1799737
298.0,558.0,50.0,194.0,1252500746.7800722,3015120.9700000244,76955.76999999273,6820204.030001313,207574.8499999983,402628114.82000643
559.0,306.0,48.0,187.0,853633348.7500458,2850743.990000009,49514.93999999883,3688081.46999982,126877.90000000074,274715885.36996466
418.0,403.0,139.0,140.0,976247641.2900344,2650456.8299999572,64989.36999999964,4847236.670000135,157778.1799999953,314033016.21998656
352.0,339.0,31.0,378.0,938792062.360053,3420558.1099999575,57755.66999999704,4293686.099999855,136641.50000000224,301720837.1599844
462.0,444.0,40.0,154.0,1047888991.440032,2693446.1799999895,62524.68999999994,5254187.14000056,168754.8199999947,337105075.81998897
331.0,341.0,276.0,152.0,866633244.7400285,2427235.13000005,72120.70999999653,4324779.459999734,144429.83000000246,278740511.6699824
159.0,418.0,337.0,186.0,926136512.2500606,2685671.169999875,81792.50999999391,4883132.740000155,159033.88999999588,297691222.31999135
415.0,148.0,346.0,191.0,547804739.52003,2448580.179999986,57909.98999999875,1962969.7800002468,84593.68000000568,176398227.56998828
355.0,366.0,215.0,164.0,904015589.290047,2644310.570000054,67718.60999999756,4427789.819999839,146517.81999999686,290739021.93999213
297.0,307.0,248.0,248.0,826823411.0600443,2814053.6400000565,69152.82999999533,3953824.949999857,131929.74000000578,265801120.26998258
393.0,141.0,238.0,328.0,553085987.430048,3127004.819999802,50986.92999999751,1710948.6600001066,72117.23999999583,177887903.94999173
150.0,396.0,233.0,321.0,948867430.4900888,3171603.9000000367,78562.5499999885,4854966.050000307,153156.37000001135,304801086.3199827
178.0,163.0,379.0,380.0,572142610.2700446,3199044.080000004,66759.99999999643,2156004.5800000457,82639.17999999726,183753883.70998734
238.0,216.0,367.0,279.0,616148212.160034,2914297.0499999337,66561.99999999526,2494006.7700001313,94382.0600000037,198048968.14999312
197.0,179.0,305.0,419.0,600183059.6900618,3419681.549999847,62376.14999999536,2192645.7700001,81449.26999999907,192717287.51998526
465.0,151.0,27.0,457.0,626980166.7900777,3746079.5499997945,38351.3600000017,1808539.7300001578,70672.13999999511,201539597.52997217
125.0,232.0,41.0,702.0,767588138.7901258,4681450.269999843,54266.559999995014,2858390.65000024,88211.2600000054,246116648.67998353
507.0,65.0,29.0,499.0,502745380.6200538,3868359.0399996266,32267.680000003515,822370.1199998574,44363.789999995846,161623862.74997932
396.0,129.0,185.0,390.0,538948518.4100562,3379325.369999853,48643.78999999717,1495684.039999971,65581.90999999171,173264229.9499845
509.0,166.0,29.0,396.0,685019737.6000575,3595349.589999885,41459.269999998745,2256144.6700001205,83810.57000000033,220280553.47996697
464.0,59.0,216.0,361.0,467802304.5900445,3262039.8799998327,42676.009999999325,944186.3599998155,52419.7099999949,150526290.29998156
110.0,206.0,294.0,490.0,619457724.2800949,3673751.1799996956,64737.65999999389,2339041.9899999867,82870.17000000211,198765678.36999765
169.0,123.0,56.0,752.0,616709679.6801398,4841517.069999908,45634.92999999626,1657918.8799998446,56603.049999990646,197647321.69998348
110.0,80.0,292.0,618.0,465365170.13008076,4215807.659999441,56677.27999999287,1047323.8399998065,46156.829999995876,149131857.42998594
124.0,91.0,332.0,553.0,454742696.23005223,3720595.899999682,59552.90999999361,1134423.6099998439,51314.1199999923,145832978.91998744
132.0,484.0,360.0,124.0,1023741809.6900506,2339370.609999828,89172.85999998481,5778121.180000574,183914.41999998063,329094689.629963
330.0,385.0,286.0,99.0,933889015.8100277,2244033.3799999645,75296.06999999429,4872483.630000233,161056.23999999763,300424558.7599905
144.0,428.0,392.0,136.0,907676355.1600279,2275626.0599999544,87334.11999999377,4953796.900000105,162461.2499999928,291824598.7899941
113.0,413.0,468.0,106.0,899991232.1900414,2169047.899999918,88714.22999999205,4983086.170000041,161525.17000000385,289301342.41999376
144.0,531.0,394.0,31.0,1104391318.6800084,1937855.349999793,95162.36999998672,6484304.630000626,205629.48999998078,355115608.1599819
132.0,391.0,549.0,28.0,811288079.9000053,1723562.7899998408,91582.42999999173,4559950.599999834,155690.14999999452,260954204.1100036
309.0,361.0,409.0,21.0,841154468.010009,1837921.7499998666,81961.42999999398,4508906.24999965,155892.47000000163,270685638.0699907
382.0,361.0,331.0,26.0,882197090.2000062,1976981.089999874,72529.99999999582,4544782.359999809,154412.43999999962,283946994.83999074
308.0,292.0,408.0,92.0,699197645.2500184,2061333.7099999138,71688.83999999691,3343352.6399997887,121770.99000000829,225036228.199993
329.0,312.0,437.0,22.0,745436637.2999924,1813178.8599998928,77044.419999997,3753527.1199996355,135665.51000001127,239992456.68999988
145.0,311.0,110.0,534.0,913931185.6701144,4062890.069999783,66318.45999999336,4216035.660000239,128441.13000001136,293321641.5699976
189.0,296.0,105.0,510.0,794006796.0800945,3859530.789999772,58791.599999996055,3301307.3400001326,106634.49000000578,254918222.2999707
108.0,516.0,81.0,395.0,1160953778.600124,3931230.9799999567,77681.72999998846,6064030.260000901,180129.11000000613,372805834.17001027
159.0,340.0,15.0,586.0,940607813.1701441,4431169.059999823,60032.669999994374,4163388.800000334,124024.3400000114,301815144.0099953
169.0,361.0,128.0,442.0,945958045.4200851,3810343.5899999496,66867.43999999664,4474052.820000146,138181.08000000456,303734313.5099832
129.0,621.0,12.0,338.0,1373971992.8100727,3526316.2400001413,82295.21999998568,7642465.970001262,221168.05999999374,441309147.2899973
241.0,379.0,17.0,463.0,1002883348.7801228,4033273.549999883,62488.85999999713,4698798.070000313,142475.86000001006,322037304.1899991
157.0,554.0,87.0,302.0,1212198099.3200653,3266695.120000187,80242.12999998819,6596110.380001,197427.89999999487,389419258.7699913
151.0,532.0,10.0,407.0,1270271760.690123,3823794.1000000373,77821.81999999026,6792583.100001151,199251.0400000003,407964585.68000627
169.0,595.0,12.0,324.0,1353574851.4501123,3630635.179999992,81503.89999998936,7483378.300001523,219259.47000000186,434804242.48001605
231.0,287.0,219.0,363.0,809765926.5300884,3406558.3699999056,66407.94999999634,3642507.810000045,120083.75000000642,260139734.11997703
245.0,283.0,215.0,357.0,787117486.830064,3409867.5299999546,65562.58999999693,3482671.229999886,115692.54000001024,252878163.94998375
293.0,70.0,277.0,460.0,449158688.12003994,3443224.4399997843,52088.169999997546,1000626.8199998856,50726.039999995206,144248078.14998743
238.0,296.0,192.0,374.0,820360235.7600653,3268621.119999874,65025.919999996695,3729681.010000032,120836.17000000572,263534870.90998116
243.0,301.0,230.0,326.0,794153049.7200795,3209704.1999999294,65575.23999999685,3562571.1099999924,120225.19000000953,255209092.85997698
325.0,77.0,262.0,436.0,462020685.22005874,3697508.2699997253,49747.31999999579,979860.079999828,50260.239999993966,148412834.01998883
265.0,306.0,198.0,331.0,841948190.1700766,3348830.0899999766,65491.93999999816,3836088.7600001213,125251.43000000762,270517787.6399831
328.0,73.0,289.0,410.0,480109046.52004796,3592258.7599997977,51036.09999999675,1134207.1399998667,54823.12999999345,154258599.73998597
321.0,71.0,240.0,468.0,454571091.8700526,3549717.069999706,48066.73999999718,933238.2599998786,48893.70999999513,146031381.06998584
342.0,75.0,256.0,427.0,477546632.8300452,3508608.4199997843,48978.359999998225,1078571.7699998775,52913.58999999312,153433021.01998925
638.0,29.0,254.0,179.0,397413966.750009,2619605.999999982,39662.160000000076,542548.4699999111,48094.04999999852,128220497.60997656
652.0,28.0,246.0,174.0,374132705.1700147,2465978.7999999467,39501.72999999921,437389.2899999441,47319.63999999866,120828163.24998319
516.0,234.0,205.0,145.0,691467799.4900234,2458320.9500000067,53875.12000000025,2814907.36999999,107429.73000000356,222657419.97997802
678.0,31.0,201.0,190.0,392488941.53001314,2680058.089999905,34831.44000000041,420262.9699999573,45449.20999999722,126690404.89998068
518.0,23.0,206.0,353.0,395325480.6900303,3314988.0599997696,38047.75000000033,368426.4999999789,37833.349999997765,127267611.19998224
452.0,205.0,134.0,309.0,692642045.5400469,3304537.459999842,50415.20999999777,2555038.46000006,93396.66000000412,222726502.2699778
558.0,24.0,157.0,361.0,419703993.8500387,3538077.439999771,36428.61999999993,438607.06999996526,38569.55999999781,135081276.16997832
448.0,193.0,169.0,290.0,648198963.5200459,3111400.889999972,52351.569999997424,2369343.5600001784,90887.76000000462,208512781.2799784
557.0,239.0,156.0,148.0,735047787.3600222,2634517.1500000404,51443.179999999615,3015674.369999932,112118.4100000027,236651756.07997176
467.0,200.0,131.0,302.0,646276084.4200499,3052497.1499998495,49510.24999999807,2288618.5000002277,87718.26000000432,207908473.8499841
168.0,235.0,371.0,326.0,672053377.9600724,3054565.0499998326,71091.88999999473,2924153.34000005,102909.29000000945,215908673.3799935
185.0,231.0,364.0,320.0,645329678.3900658,3015632.3399999547,68767.32999999596,2720548.3600000264,98516.97000000562,207350901.0299948
147.0,343.0,325.0,285.0,793719097.6800637,2974706.219999868,76963.44999999502,3859265.6499999007,127559.60000001533,254988568.95999986
174.0,244.0,344.0,338.0,671894896.1000649,3134932.019999867,69147.45999999452,2882511.720000147,100974.8700000106,215816047.2299965
225.0,316.0,498.0,61.0,744600216.0000101,1933401.7999999097,83149.03999999636,3872343.4199997773,136585.10000000655,239557328.86001086
197.0,460.0,390.0,53.0,1093356815.5900202,2031061.239999786,90582.30999999054,6293006.4700002605,198571.23999997915,351564435.7299675
260.0,323.0,455.0,62.0,776510348.340014,1988006.4899998878,80496.99999999581,4011579.0799996154,140783.77000001082,249850247.38000095
209.0,432.0,409.0,50.0,910969101.7900001,1922221.099999828,86802.4299999928,5056178.91999992,167601.32999999504,292997061.54999006
168.0,348.0,295.0,289.0,849181877.2800709,3169734.889999997,75632.45999999286,4143126.0399998995,135811.04000001345,272804810.24999636
217.0,450.0,381.0,52.0,1008868313.3200305,2080200.6299998078,87136.83999999332,5663186.310000282,184106.34999999113,324458332.03998893
162.0,102.0,450.0,386.0,451892773.1900339,3162446.809999833,67279.67999999558,1375441.5599999535,63137.71999999309,145109594.19998878
187.0,99.0,438.0,376.0,443767799.25004834,3328724.7199997357,62508.83999999471,1193288.429999888,57193.16999999291,142496650.09998906
134.0,271.0,374.0,321.0,690061075.1600792,3104078.3399998373,74806.30999999255,3114072.890000095,107887.51000001069,221641895.5199964
200.0,126.0,297.0,477.0,516285779.2100648,3821415.0599996354,55568.589999996286,1436699.3599998949,59302.40999999176,165691191.14998755
152.0,97.0,425.0,426.0,471794686.3500476,3243277.089999816,65655.849999995,1481608.8899999058,64942.649999990266,151467178.6999949
151.0,304.0,224.0,421.0,818121333.3200791,3611638.7399998717,68274.02999999317,3712782.7600001055,119875.49000001006,262700952.00998607
214.0,114.0,268.0,504.0,509225406.6900569,3851705.519999668,56190.12999999507,1374912.5699999176,57606.42999999166,163382137.68998808
148.0,253.0,349.0,350.0,706131723.8700669,3118123.3799999016,71471.15999999459,3149366.6300000786,107757.36000000987,226803228.00999448
184.0,313.0,231.0,372.0,807282361.2800668,3327517.4999999343,67053.729999996,3680254.330000117,120993.21000001169,259311950.26999024
174.0,297.0,218.0,411.0,875599955.7100925,3557074.8199998466,70782.88999999383,4126441.5100001316,131135.30000001137,281192795.09999245
471.0,411.0,141.0,77.0,1009639586.3500277,2327331.619999962,68015.41999999959,5197410.050000171,169182.16999999806,324869430.71998173
488.0,400.0,137.0,75.0,947363899.1000155,2361211.919999956,63296.31000000072,4689722.449999924,157113.45999999897,304894125.349979
735.0,25.0,220.0,120.0,407126810.12001723,2476305.969999962,34806.390000000094,540096.7699999086,51212.53999999889,131534709.26997468
343.0,300.0,401.0,56.0,738989948.8300184,2081403.519999906,71993.07999999615,3562945.059999809,129098.68000001226,237877683.50998807
444.0,389.0,133.0,134.0,987987197.4300404,2508559.139999971,65676.5399999994,4982465.86000034,162525.869999996,317853439.6099844
439.0,15.0,513.0,133.0,282968750.30000186,2197783.830000022,56255.35999999786,257444.5999999678,43555.84999999948,91373515.42998593
344.0,282.0,377.0,97.0,709715781.2500178,2261104.339999983,68881.5799999975,3280995.169999802,120927.6800000094,228434489.14999226
689.0,22.0,194.0,195.0,391691544.9100135,2700619.5999999307,36927.04999999919,426561.959999917,44913.379999997866,126386256.34997745
482.0,16.0,528.0,74.0,273753994.219998,1953897.7700000203,57509.08999999698,285585.7099999605,46409.169999999925,88496894.15999006
456.0,15.0,500.0,129.0,288916534.5899976,2114625.9000000292,57273.7099999967,319049.929999964,46258.27999999806,93314675.78999093
202.0,165.0,387.0,346.0,581806253.8500735,3190247.6699998146,68998.16999999424,2265998.9599999925,86249.92000000636,186886881.70999584
218.0,162.0,380.0,340.0,551250636.5000576,2965411.0899999486,64916.47999999709,2045200.4900001052,81345.9500000025,177138493.61999038
213.0,115.0,408.0,364.0,446401119.78004366,3198333.479999823,61039.83999999404,1217747.8899998905,58494.41999999127,143368199.42999026
290.0,236.0,78.0,496.0,752496369.3200958,3935534.9599997196,53545.82999999686,2896306.8300001104,96171.21000000213,241626710.0499778
236.0,192.0,451.0,221.0,589660746.7800238,2595201.2200000193,69498.05999999569,2437987.8000000743,95029.03000000544,189638576.13999838
400.0,216.0,108.0,376.0,732737733.2300873,3533508.599999842,51434.68999999733,2794924.9200001867,98876.87000000518,235535648.36997098
387.0,287.0,95.0,331.0,791191722.3000784,3310545.2599998913,53946.68999999704,3302985.3599999393,112495.89000000594,254373626.63996947
268.0,133.0,469.0,230.0,479750518.61003256,2518636.8600000027,67855.60999999542,1726530.4600000728,77158.40999999944,154309561.59999406
333.0,165.0,82.0,520.0,620266930.8300982,4076589.549999685,44767.439999998685,1827941.729999973,68537.37999999577,199192080.52997473
424.0,209.0,104.0,363.0,676465908.980052,3439459.589999813,48118.919999999074,2385229.2200000635,88372.12999999947,217504077.6099797
7.0,566.0,296.0,231.0,1193426643.4800572,2697922.350000063,96157.00999998793,6943157.060000553,209774.57999998936,383377189.71996534
36.0,551.0,288.0,225.0,1154291303.6000316,2724906.1899999776,92913.17999998694,6624949.45000068,201241.98999999245,370830098.9699849
7.0,521.0,321.0,251.0,1132836292.1200526,2794969.8700001547,94184.83999998665,6493088.130000503,196484.37999998455,363882042.5299706
6.0,520.0,362.0,212.0,1076875230.6900628,2697393.0700000203,95523.1899999846,6160133.620000592,189195.97999998488,345933584.28997606
5.0,422.0,221.0,452.0,994285322.6801218,3755549.00999979,79548.8099999883,5061734.770000494,151484.0600000041,319101592.1100075
5.0,355.0,292.0,448.0,899774797.9900867,3587917.3599999165,81637.70999998711,4537041.000000235,142165.04000000947,288791052.2299984
25.0,388.0,271.0,416.0,932582556.8801098,3581801.679999937,80519.59999998628,4736411.010000343,146890.83000000933,299370345.9899962
29.0,372.0,229.0,470.0,903665143.0900842,3562153.859999909,77704.64999998997,4488998.690000268,138476.0800000078,290039288.34999114
35.0,462.0,380.0,223.0,1000524394.2600582,2696928.0400000517,92392.0599999865,5606707.270000388,176154.66999999154,321422105.90997756
27.0,348.0,286.0,439.0,890621400.7001252,3702969.999999747,79266.0699999853,4399052.140000354,136477.9600000177,285849736.659998
10.0,55.0,500.0,535.0,360624885.96003795,3646984.499999628,67417.23999999292,708360.0699999599,39765.45999999795,115464794.98998699
286.0,41.0,373.0,400.0,371001607.97003174,3225770.9299997715,54584.989999995,592052.6299999537,42231.11999999691,119205761.49998415
9.0,147.0,456.0,488.0,529820297.8600741,3602436.579999725,73781.68999999156,1962333.7299999013,74045.36000000063,169888384.41999844
14.0,80.0,240.0,766.0,489181088.9600924,4479778.019999541,53881.12999999449,1102607.8699997873,40908.21999999443,156519896.96999216
10.0,54.0,487.0,549.0,371439346.3300479,3596791.239999575,67971.52999999089,791384.9299998801,42459.70999999447,118943264.05998644
12.0,197.0,204.0,687.0,658866977.230129,4540115.179999732,64152.009999991504,2386147.299999987,77311.34999999829,211120050.089994
360.0,52.0,158.0,530.0,470978021.37005943,4047799.0899995686,42640.08999999971,818076.8299998791,41873.4799999957,151153934.87998286
262.0,110.0,342.0,386.0,489804849.91003954,3179148.6299998434,60930.809999995545,1508256.769999995,65919.859999994,157349958.57999226
337.0,143.0,148.0,472.0,586101596.9400868,3933103.499999547,48713.16999999799,1708238.609999965,65994.31999999052,188190216.78998688
330.0,139.0,145.0,486.0,603919670.6900775,3878709.189999711,49542.62999999774,1846959.8400000143,69687.59999999565,193939755.16998297
344.0,390.0,165.0,201.0,958981971.3800579,2752840.25999998,68789.8199999951,4804253.210000134,155834.27000000025,308371512.9099924
65.0,534.0,226.0,275.0,1170041153.5801172,3155253.500000128,87867.80999998697,6523727.5800007675,196300.2800000028,375824669.34998596
314.0,452.0,151.0,183.0,1070827910.1900295,2733937.6800001683,72877.64999999505,5639663.2400005935,177811.54999998916,344283509.4499769
263.0,298.0,385.0,154.0,731141876.1600243,2347343.339999906,73317.20999999624,3493937.409999749,124655.43000001348,235205794.0899954
336.0,380.0,161.0,223.0,921588138.5300589,2721573.5900000306,66226.29999999791,4521792.94999994,147614.7500000011,296366036.89998704
241.0,347.0,352.0,160.0,839220033.170019,2369182.9299999382,79265.39999999377,4322111.78999966,146144.34000000654,269866875.6999953
45.0,367.0,472.0,216.0,856694641.7900354,2555633.119999917,89756.90999998784,4611571.740000129,150084.410000004,275244368.69999623
56.0,581.0,194.0,269.0,1188725217.920047,3141891.4400000246,87120.72999998639,6627968.150000973,199868.51999999763,381845472.69998896
42.0,438.0,443.0,177.0,985371769.3900481,2409300.349999997,92826.60999998859,5572671.070000194,175784.28999998994,316613217.0699862
41.0,428.0,433.0,198.0,1002005595.0700481,2520685.1099999966,93730.64999998552,5681259.630000432,178576.44999999803,321956790.5199826
318.0,138.0,415.0,229.0,474230191.5500363,2647393.8600000152,64923.10999999485,1589779.7700001283,74161.95999999964,152587179.82998863
161.0,166.0,498.0,275.0,517122360.7000343,2705707.4399999576,72764.51999999378,2023762.650000089,83144.57000000309,166190520.26999116
255.0,330.0,332.0,183.0,861335826.6100278,2471681.559999957,75408.6599999954,4380056.329999943,145687.8200000027,276939702.53998864
510.0,222.0,1.0,367.0,747571440.2400588,3512523.1399998423,42450.61999999834,2707578.350000051,96122.77000000274,240411661.11996683
385.0,167.0,501.0,47.0,540214514.4500178,1853943.419999966,69962.8899999973,2286653.250000216,97659.77000001029,174054703.05999592
455.0,589.0,1.0,55.0,1317653882.6100008,2358470.879999985,72388.5499999973,7284589.520001201,224426.13999999504,423864991.109979
473.0,490.0,1.0,136.0,1179137384.7100224,2734198.890000002,65465.879999998935,6160273.200000964,191933.45999999862,379273792.5499962
147.0,454.0,457.0,42.0,953629568.4599999,1929274.6399998313,92015.40999999015,5446844.840000163,177748.78999998383,306662441.82998216
190.0,585.0,0.0,325.0,1318475830.5900855,3373625.410000113,77504.90999999018,7221298.040001352,211235.66999999498,423569265.80000496
251.0,775.0,1.0,73.0,1599144099.3100476,2404410.669999854,90711.41999998747,9533566.3300013,280504.4000000089,514086807.479954
177.0,557.0,333.0,33.0,1193767968.5500035,2021811.6999997636,91532.9999999891,6970249.810000808,216007.59999997244,383855612.4299635
411.0,416.0,248.0,25.0,946928603.2499954,1985209.8299998853,72009.0199999998,4950313.89999999,164866.41999999294,304770890.56997603
223.0,415.0,420.0,42.0,924539033.0000172,1929882.3799998015,85730.65999999178,5120614.429999954,169555.21999999436,297372748.9399847
177.0,556.0,334.0,33.0,1099533375.9700146,1937515.8099998063,91104.43999999261,6381085.140000604,200093.93999998076,353571814.36997354
133.0,419.0,250.0,298.0,981023953.470076,3084304.600000004,78213.17999999171,5083727.510000472,158426.3599999982,315144452.45998394
157.0,292.0,298.0,353.0,781795610.4400861,3278397.2399999746,71743.55999999437,3611066.810000036,119861.3700000113,251121567.4699895
329.0,333.0,201.0,237.0,868905057.8500403,2728787.2799999714,67261.88999999796,4198956.8299997365,139333.67000000516,279415809.88998
376.0,225.0,228.0,271.0,709690737.5400413,2930871.699999865,58437.18999999604,2913772.210000106,104766.79000000739,228244090.10998538
485.0,290.0,296.0,29.0,774377906.2500204,1982936.4099999145,65722.2199999998,3700201.399999631,134079.04000000417,249380954.64998013
375.0,225.0,229.0,271.0,700658968.4800678,3037097.3999999342,58755.749999997235,2848883.4600000805,103130.73000000804,225341539.47998053
375.0,440.0,117.0,168.0,1037622305.4900495,2700400.5499999584,69052.26999999779,5344719.7100003045,169850.49999999424,333660855.09999096
612.0,296.0,79.0,113.0,852863419.9600327,2613105.1899999916,51987.05000000041,3770599.5199997807,132529.1000000033,274596969.5999614
534.0,159.0,167.0,240.0,609323548.8500425,2937005.399999906,50812.259999997375,2099104.220000288,85967.33000000074,196125822.92997965
373.0,439.0,121.0,167.0,1101022941.9800534,2730132.9599998705,72130.02999999786,5795359.31000045,186312.58999999263,354111165.659977
361.0,424.0,113.0,202.0,1017054480.7800258,2773849.1800000714,65273.93000000036,5103182.740000193,161498.1099999956,327037077.1399781
505.0,150.0,163.0,282.0,566641586.1700372,2983658.6499998514,45229.00999999835,1696354.9600001778,74797.10000000082,182421587.53998223
596.0,288.0,79.0,137.0,825920754.1200228,2579231.2600000366,50674.34999999952,3585916.629999691,126989.05000000201,265915164.20996204
742.0,91.0,96.0,171.0,528046344.970025,2792796.699999909,34382.54000000123,1247405.130000103,66134.77999999667,170264667.2399696
763.0,94.0,102.0,141.0,533342943.1400186,2573996.069999963,34544.31000000081,1328634.7200000624,69786.70999999727,172058853.16997358
740.0,91.0,99.0,170.0,532182499.75002116,2780353.9399999403,34016.95000000165,1263496.6100000096,66471.6599999962,171610591.40997374
311.0,335.0,218.0,236.0,818654347.5800558,2903254.919999815,64831.80999999642,3787722.5699999416,127642.69000001122,263208419.78997654
182.0,390.0,253.0,275.0,924752289.950081,3236786.069999822,76975.03999999097,4653587.4500002265,149372.30000001204,297118878.6499928
349.0,242.0,244.0,265.0,702611398.570042,2966118.479999969,61372.14999999741,2935097.4900000044,105467.60000000548,225910087.85998747
311.0,335.0,218.0,236.0,853509667.200052,2737064.5400000173,67427.06999999726,4102014.439999752,137027.25000000908,274439938.9799813
307.0,330.0,215.0,248.0,818086892.7200708,3073814.0099999527,63611.57999999722,3704560.9599999133,123463.27000000772,262972214.7799745
343.0,238.0,242.0,277.0,689299384.3700459,2987650.7699999055,60288.269999995864,2833898.7800000613,101778.56000000602,221601243.58998537
179.0,383.0,251.0,287.0,957108899.5800674,3120551.5999999233,75204.56999999193,4867351.740000233,154044.74000000773,307516945.999986
204.0,282.0,285.0,329.0,774969629.1100678,3197525.490000004,69222.7999999958,3506540.589999956,117461.00000000633,248966950.62998798
208.0,287.0,291.0,314.0,789644512.7700677,3008026.519999916,72355.9299999941,3718719.739999999,125035.33000001273,253733656.05998787
204.0,282.0,286.0,328.0,734894791.6200811,3298982.0899998765,66240.61999999544,3178926.5999999903,107992.50000001145,236080876.59999165
428.0,139.0,249.0,284.0,548114335.8900502,3007282.679999836,50834.18999999646,1723382.5700001298,73846.43999999891,176346316.65998414
180.0,190.0,341.0,389.0,606341162.6800554,3289860.5699998196,65943.24999999537,2363032.0600000927,87555.98000000574,194749405.86000362
305.0,414.0,178.0,203.0,1014953599.1200521,2714683.179999989,72090.69999999649,5232003.950000443,165910.88,326331882.28999573
427.0,139.0,251.0,283.0,587483831.7000303,2960250.7300001,54882.869999999806,2039679.0700002275,82830.49999999841,188986989.84998065
322.0,104.0,187.0,487.0,520502499.2700769,3833877.78999954,47526.40999999743,1279565.1799998777,55579.4999999924,167130142.8299877
247.0,334.0,145.0,374.0,842560866.680105,3500355.659999879,63784.29999999618,3789807.390000052,122938.14000001099,270683691.5299759
123.0,131.0,237.0,609.0,579434440.4100839,4140827.6299994793,57790.55999999398,1832881.1899998954,65166.92999998692,185771488.69999373
90.0,397.0,170.0,443.0,948510519.8501078,3712837.3799998667,74611.11999999182,4669670.240000423,145178.7700000119,304537015.210001
116.0,511.0,222.0,251.0,1140153843.240084,2797415.119999956,86692.62999998816,6367677.040000928,194629.4099999971,366353254.9199785
90.0,396.0,172.0,442.0,954593932.2001305,3970166.69999971,73933.4099999914,4630551.8900004085,141333.6800000153,306427298.98000306
58.0,294.0,363.0,385.0,744971070.460076,3283445.4899998596,78256.21999998981,3505942.6900002128,116012.66000001838,239150483.65000448
239.0,243.0,300.0,318.0,691385695.4500618,3073856.6799998973,66012.29999999508,2939624.6199999945,104241.04000000651,222166529.53999594
67.0,175.0,416.0,442.0,551176555.4200684,3499180.1899997382,71503.14999999476,2062385.0299999109,77448.28000000073,176803915.06999937
58.0,294.0,364.0,384.0,710463280.3500932,3416656.579999721,76181.43999999092,3228838.37000027,108357.65000001411,228041731.1800035
70.0,356.0,439.0,235.0,834780904.8400348,2622545.569999999,86111.49999999111,4398709.260000013,144131.2900000091,268199570.9900008
83.0,218.0,521.0,278.0,598593967.7800494,2695675.0099999537,82431.63999999264,2759429.010000038,102174.50000001592,192289761.520004
279.0,283.0,351.0,187.0,771899488.5800434,2690816.069999959,72813.8999999947,3666016.889999805,127588.06000001314,248216359.78999388
319.0,168.0,399.0,214.0,578437765.7700295,2698792.0899998937,64481.819999996915,2240106.540000209,89230.93000000763,186070481.51999703
267.0,141.0,337.0,355.0,520302921.50005186,3267856.8799998113,60163.20999999722,1668567.1799999913,69686.2699999946,167138981.08999276
318.0,167.0,401.0,214.0,521250097.2100284,2519986.4299999094,63022.299999998104,1896556.780000187,81762.80000000309,167738342.1499946
146.0,196.0,224.0,534.0,671199307.0301052,4068124.989999623,61232.65999999639,2522711.2900000867,85709.45000000262,215339968.9199904
7.0,224.0,257.0,612.0,698112478.8501226,4220525.419999709,67360.4799999937,2792873.340000124,89750.38000000619,223781342.12998945
133.0,281.0,203.0,483.0,803001507.4100988,3827137.909999836,66627.87999999446,3518734.3600001056,112341.18000000826,257737989.21998522
159.0,213.0,148.0,580.0,746328971.7001088,4145255.769999665,59115.79999999439,2937308.370000157,94281.22000000744,239456777.38998216
237.0,318.0,363.0,182.0,816337952.6900417,2522735.5199999753,76372.99999999502,4108780.2099997923,137316.12000000995,262443129.64999688
228.0,484.0,213.0,175.0,1116857086.940039,2518022.879999888,81749.0599999933,6162552.090000719,191720.97999999076,359042106.52998453
15.0,478.0,333.0,274.0,1020316577.4900693,2977836.0200000135,90692.48999998819,5644434.460000455,174215.6999999992,327712201.8299776
11.0,523.0,377.0,189.0,1093789081.3700614,2530372.6300000427,97512.69999998645,6353926.600000659,195615.1099999809,351416405.5799765
7.0,346.0,152.0,595.0,906397839.1301342,4372977.509999705,72604.70999998962,4217026.390000387,126703.91000001504,290725446.3499919
12.0,604.0,265.0,219.0,1189672026.890084,2913194.290000071,95430.71999998554,6853372.8300008755,206675.84999998647,382148069.59997845
307.0,336.0,353.0,104.0,769728053.740025,2203905.5799999163,73412.51999999538,3782646.5599996666,134088.95000001029,247686072.74998903
241.0,364.0,383.0,112.0,879140990.8100184,2288461.179999936,80589.83999999438,4631741.619999917,153607.84000000486,282722966.5499879
288.0,382.0,333.0,97.0,877177702.3500283,2281056.4699999252,76006.45999999616,4539028.779999977,151789.73000000493,282138255.6799898
322.0,353.0,316.0,109.0,887629334.2700418,2321294.019999954,74717.07999999583,4562892.239999846,151985.43000000317,285512768.3999843
263.0,289.0,303.0,245.0,769277727.1700771,2942900.249999876,67787.12999999447,3519352.810000032,121096.24000001498,247310816.92998505
260.0,343.0,255.0,242.0,879996104.6000621,2826930.9700000207,72292.53999999577,4348252.3699999945,142708.1800000076,282878552.49998826
213.0,323.0,289.0,275.0,809940648.3300707,2973603.279999968,72851.06999999506,3872925.8099999474,128915.14000001125,260268174.2599845
193.0,352.0,307.0,248.0,895161028.4600511,2893247.650000059,77299.58999999132,4531143.239999982,146785.6500000039,287675068.90998536
237.0,432.0,320.0,111.0,962575479.0700295,2269543.2799999136,81491.83999999557,5208989.950000163,169182.4999999894,309561437.8599819
201.0,368.0,272.0,259.0,926601762.1600574,2958745.499999943,77457.20999999183,4726510.180000231,151422.76000000714,297761390.31999624
519.0,11.0,32.0,538.0,427639248.95005393,4010332.099999542,28040.83000000371,222108.34999998717,27167.299999998555,137402564.8299837
457.0,12.0,36.0,595.0,446579158.62006396,4248920.319999528,30856.41000000356,362929.5499999942,29326.359999997534,143400929.7099815
391.0,279.0,24.0,406.0,812413905.8101045,3712358.2999997945,50198.00999999851,3264730.199999939,108633.01000000627,261096854.69997182
437.0,9.0,201.0,453.0,385448941.2700365,3782764.8399996753,40065.76999999909,241114.3399999931,30377.729999999967,123861696.6399827
540.0,12.0,34.0,514.0,434032774.8800582,4059560.6399995633,28711.610000003617,268803.11999997037,30426.87999999805,139556888.56997478
352.0,251.0,162.0,335.0,743623911.0000553,3202704.839999906,56623.22999999674,3060395.450000023,106643.0700000066,239026698.17998058
393.0,11.0,227.0,469.0,380472638.5200332,3763463.259999543,42698.31999999851,265273.94000000163,30792.329999998114,122222389.8999839
347.0,311.0,27.0,415.0,840948057.3501004,3734273.279999889,51588.52999999824,3472405.7399999616,113543.35000000324,270183067.50996655
292.0,261.0,168.0,379.0,757508705.950079,3402129.589999911,59301.0999999964,3157730.220000133,108109.42000000809,243417768.9599812
300.0,269.0,173.0,358.0,770455762.7200686,3378108.9599998803,59232.159999997675,3247359.0899999808,110149.22000000475,247593112.0699837
246.0,284.0,305.0,265.0,713422673.3800514,2941859.819999967,69603.96999999623,3174210.789999943,112151.09000001,229318591.64998996
156.0,314.0,337.0,293.0,793706112.0400686,3021479.2000000146,74460.3499999935,3795796.5999999535,126488.81000001231,255014388.18999666
296.0,117.0,367.0,320.0,449449355.680033,2898346.7099998193,58612.70999999623,1232279.1599999352,62378.04999999252,144553726.63998607
207.0,239.0,430.0,224.0,691233672.8500472,2548862.6599999275,77592.33999999521,3276085.0100000426,116871.81000001673,222209318.1800059
257.0,295.0,318.0,230.0,758903290.5800534,2749803.7599999895,71317.34999999432,3572094.949999987,122877.69000001281,243960634.45998952
252.0,99.0,523.0,226.0,432234430.120028,2568415.899999937,66156.71999999676,1362654.4799999641,67272.75999999535,139031213.64998847
134.0,270.0,486.0,210.0,687910335.6000372,2560740.690000025,80539.0199999925,3341182.969999894,118365.65000001436,221097195.51000637
203.0,140.0,439.0,318.0,521687164.0800443,3012235.919999872,68557.16999999476,1902940.3400000536,78163.54000000264,167630333.1199955
153.0,105.0,554.0,288.0,438182084.34003335,2779798.5499999896,70494.649999994,1450358.4800000042,66894.51999999344,140787829.65998906
160.0,110.0,580.0,250.0,392045460.4000211,2485903.729999984,73813.75999999474,1287687.1300000257,65110.589999995886,126041491.49998567
203.0,91.0,581.0,225.0,406690798.62001455,2431758.829999982,73861.70999999555,1381537.1999999667,69096.1199999953,130800115.10998347
231.0,88.0,563.0,218.0,377273703.95001173,2364608.609999996,70761.7799999963,1138267.5599999544,63862.869999993294,121408440.14998616
187.0,173.0,533.0,207.0,523169515.83002734,2492441.899999953,75550.32999999572,2176987.4100000677,88355.91000000683,168177467.70999882
313.0,140.0,300.0,347.0,531586541.68004036,3093815.7399999653,56592.98999999675,1698892.1400000956,72208.58999999902,170906681.91998342
165.0,73.0,470.0,392.0,393041350.99003625,3131411.2999998303,64505.09999999354,950710.6099998915,51381.269999994525,126182742.8299867
208.0,194.0,200.0,498.0,658339698.8300945,3971749.449999638,57056.729999995594,2341010.7699998734,81484.07999999622,211279852.11998644
260.0,99.0,212.0,529.0,505271036.87008107,3841894.1599996234,50377.13999999514,1246650.9899998826,54023.68999999361,162178302.98998347
176.0,139.0,428.0,357.0,515096653.3400537,3110025.8999998104,69549.51999999234,1858993.5100000373,76192.0400000004,165454794.769991
310.0,245.0,253.0,292.0,725793950.9900551,3072094.2599999113,63826.909999997115,3125237.5400000024,109371.5000000055,233303102.05998358
237.0,187.0,194.0,482.0,659437089.7200825,3794872.549999746,57334.459999996136,2410984.7100000153,84574.56000000151,211701293.62998512
329.0,256.0,173.0,342.0,763154086.1000268,3061967.5900000115,61627.43999999829,3320608.839999925,114074.69000000671,245296628.65998694
344.0,251.0,169.0,336.0,807512063.8100795,3191967.7699998766,61684.65999999699,3573772.419999967,120734.67000000816,259574667.01998186
311.0,302.0,163.0,324.0,824201463.30007,3205642.369999836,61031.47999999703,3650588.070000078,121412.86000000773,264924564.16998103
289.0,226.0,284.0,301.0,710527743.070046,3102694.349999954,63476.52999999697,3003819.0000000442,105559.33000000883,228363852.71998915
416.0,325.0,218.0,141.0,866698741.7100377,2531595.7499999204,65382.359999999615,4170004.2499997173,141923.87000000186,278832411.1799841
334.0,325.0,328.0,113.0,801872207.9500601,2401189.0899999095,72087.3699999945,3949497.519999504,138295.61000000386,257974449.84997904
371.0,271.0,341.0,117.0,654406706.8300126,2310915.4599999716,67131.13999999776,2869346.750000177,109111.11000001043,210644190.66999197
405.0,368.0,199.0,128.0,932242130.3800268,2495759.690000025,68334.27999999736,4667260.689999896,155261.80000000386,299920126.2099807
289.0,263.0,266.0,282.0,755037053.4700563,3126843.289999878,64873.919999997306,3329499.0100000575,114593.0300000089,242683072.73998865
349.0,318.0,322.0,111.0,821556390.9800231,2252038.099999935,71338.75999999802,4079674.679999659,140806.45000000624,264332526.31998578
359.0,246.0,425.0,70.0,620013446.2800124,1993402.5199999425,71932.02999999629,2812754.349999942,110455.64000001021,199629630.35999078
382.0,238.0,412.0,68.0,639350726.8500178,2144094.0499999044,67442.79999999802,2826848.0399999707,110884.200000009,205875700.1299903
329.0,316.0,391.0,64.0,770692759.530026,2084045.0399999015,76811.28999999608,3890710.0299995653,137972.4500000038,248009522.92999354
553.0,379.0,61.0,107.0,892124717.8100387,2557389.879999951,53874.38999999945,4059328.75999952,139659.62000000037,287200084.6599724
376.0,258.0,446.0,20.0,660911847.5100082,1831955.0799999128,71941.21999999881,3111929.9799998575,118795.24000001054,212858885.32999578
519.0,497.0,57.0,27.0,1221728958.890008,2209506.22999994,72185.86999999787,6688652.830001307,211216.60999998797,393098882.4999926
621.0,387.0,62.0,30.0,967341881.4300109,2182621.8199999034,55357.560000000856,4673355.569999729,159589.51999999682,311533558.1799716
366.0,320.0,396.0,18.0,804259397.7300068,1868980.809999889,75854.93999999635,4147274.959999484,144572.17000000636,258866788.90999636
511.0,447.0,51.0,91.0,1057416572.5000285,2438378.869999972,61772.87000000157,5340709.570000369,173550.40999998694,340271386.5599804
544.0,475.0,55.0,26.0,1156190974.6399975,2212207.559999828,67208.55000000045,6142302.730000968,197620.9799999916,372087050.17999333
48.0,557.0,115.0,380.0,1211636977.7401466,3814128.8700000946,85337.42999998646,6596841.380001171,195353.72999999474,389050956.419991
81.0,539.0,111.0,369.0,1158817756.370114,3700003.3099999414,80777.37999998879,6153960.890000919,181648.7599999986,372091921.7599924
91.0,64.0,219.0,726.0,461117307.32007945,4685996.919999647,53008.77999999446,837314.8499998886,37261.67999999584,147613753.17999202
39.0,458.0,289.0,314.0,1001874273.1600703,3132084.139999902,84499.40999999085,5350609.810000462,164849.22999999457,321740515.6699876
50.0,584.0,120.0,346.0,1287163829.5600789,3532338.2400000202,87509.15999998215,7163669.700001142,209666.32999999716,413366466.8699897
69.0,48.0,506.0,477.0,371801600.9100373,3365714.819999699,67571.26999999321,839468.1599999198,46240.58999999624,119200719.41998643
69.0,464.0,292.0,275.0,1031590579.3900557,2882751.030000095,85921.16999999166,5630466.190000421,173673.91999999323,331387125.8400007
163.0,66.0,225.0,646.0,490405909.2900875,4356489.149999544,50993.83999999369,1034586.3599997886,44369.83999999247,157176222.39998952
108.0,43.0,455.0,494.0,344812607.310037,3352293.9799996843,63462.94999999331,599376.6699999564,39608.7199999982,110551675.50998648
115.0,46.0,484.0,455.0,347466651.44002324,3501797.259999679,65077.42999999371,587496.4899999987,39954.69999999875,111404734.17998785
70.0,275.0,501.0,254.0,679239020.1900468,2704213.449999895,84368.12999999407,3325914.7500000317,116925.58000002037,218194695.78001043
383.0,191.0,349.0,177.0,611674085.270024,2419504.499999938,63319.719999997804,2503276.270000064,97926.64000000709,196850383.62999022
58.0,414.0,417.0,211.0,930973797.8200321,2589010.8299999246,89974.30999998811,5102764.120000248,162706.10999998887,299094108.7999918
70.0,274.0,503.0,253.0,682318892.5700469,2729258.34999997,83770.46999999309,3342911.370000012,116394.50000001746,219183115.21000737
87.0,341.0,623.0,49.0,762693883.5900064,1733828.2499998743,94372.10999999134,4282152.909999778,147810.15000000162,245268501.570012
69.0,493.0,499.0,39.0,1080869803.1400235,1910114.009999817,100536.2299999894,6470651.220000448,204505.26999997508,347473746.91996604
442.0,221.0,405.0,32.0,597210600.0200081,1858532.2399999325,66900.91999999862,2587120.1000001086,105765.96000001015,192435129.8099904
381.0,345.0,347.0,27.0,863527451.9699987,1908653.5099998459,74452.46999999661,4470614.709999551,154521.22000000245,277964269.7799834
335.0,303.0,307.0,155.0,815970191.8400313,2443368.0999999573,70392.19999999554,3979819.119999599,136153.1900000088,262470509.28997982
380.0,344.0,349.0,27.0,845467505.0600202,1938484.159999852,75025.53999999812,4363152.8799996255,150889.8699999989,272115203.7199897
247.0,377.0,113.0,363.0,919302049.4601003,3702824.2499999823,65436.1799999954,4282498.72000005,136458.94000000806,295311760.81999785
158.0,416.0,125.0,401.0,1005956356.7501099,3746421.989999978,71046.37999999296,4950596.360000443,150753.35000000155,323026214.0899891
326.0,146.0,149.0,479.0,591855251.2800648,3793191.84999964,50129.50999999616,1833031.20000004,70112.47999999464,190085936.95998803
247.0,376.0,114.0,363.0,978262958.7700996,3512397.1899998896,69075.36999999588,4778193.950000359,149624.7400000059,314305357.7100007
282.0,429.0,129.0,260.0,1035233443.3100809,3147563.080000064,69916.80999999364,5242873.080000564,163145.92000000036,332716539.31000686
388.0,174.0,180.0,358.0,624929325.3100655,3329779.6999998433,51712.05999999738,2145082.8500001105,82700.44000000025,200906085.3299804
183.0,480.0,146.0,291.0,1035966434.9000647,3141754.0099999476,73534.59999999279,5354466.050000388,164902.20999999304,332837816.32998747
265.0,204.0,209.0,422.0,709267942.380083,3691365.539999651,59154.3799999962,2771761.310000079,95774.51000000634,227805813.09998265
215.0,167.0,172.0,546.0,613047545.4500923,3909336.289999754,53119.57999999595,1990014.400000027,72506.18999999312,196772210.74997976
264.0,204.0,211.0,421.0,663518766.5700737,3567750.3099998184,57384.82999999747,2489429.5700001004,88327.1700000064,213107193.62999296
553.0,114.0,340.0,93.0,502259425.38001126,2200356.209999971,53595.7499999975,1607657.740000319,78705.4300000017,161959780.6599823
119.0,204.0,611.0,166.0,547131436.4400162,2207177.1599999727,82705.11999999527,2540881.390000043,100090.95000001178,175905810.77000627
608.0,16.0,374.0,102.0,330131813.5400067,2227922.5100000147,46681.40999999795,351368.52999994,46994.20999999932,106686478.34998375
552.0,114.0,342.0,92.0,480005153.8800109,2234123.8899999536,52187.139999997504,1432801.3200001298,73709.14999999954,154804965.80998492
397.0,82.0,245.0,376.0,510198409.55004287,3292499.629999879,50315.24999999624,1355588.229999968,63742.65999999386,164090009.28998783
425.0,11.0,263.0,401.0,349325612.44002295,3257891.139999805,42866.81999999824,213628.8799999877,31668.07000000055,112323654.88998623
69.0,120.0,361.0,550.0,497786999.0400775,3794598.349999603,63989.629999992976,1485440.7799998547,59621.229999990166,159585595.32998985
77.0,17.0,397.0,609.0,351068582.4800245,4003097.5599994785,57437.70999999324,363522.89000005723,28475.340000001364,112364649.64998814
141.0,31.0,731.0,197.0,245025794.25999647,2151809.5100000487,77274.17999999624,474063.6300000096,47194.3600000003,78843863.259987
77.0,17.0,398.0,608.0,353632020.6800387,4257317.0099994205,57982.29999999228,309582.58000004495,26800.830000001402,113155346.31998478
231.0,436.0,18.0,415.0,1080949820.6400824,3727791.089999873,66486.86999999605,5337096.590000684,160725.0700000018,347222362.50001144
340.0,381.0,16.0,363.0,1020726000.3201165,3649149.5099999434,61166.179999995526,4842273.720000429,148809.170000007,327992759.7499973
254.0,370.0,20.0,456.0,955556872.7000959,3892059.8199997637,59098.78999999633,4343464.480000094,134638.04000000923,306911614.64999485
230.0,435.0,21.0,414.0,1077853650.4401197,3927797.3599999803,66336.77999999709,5273882.330000621,159779.75000000247,346184253.36001056
287.0,541.0,23.0,249.0,1174404445.9600687,3193299.30000007,69184.719999997,6135072.340000997,186508.1799999959,377460885.00000197
322.0,469.0,29.0,280.0,1173600391.3101008,3341108.360000103,71514.33999999265,6124203.780000936,186168.3500000045,377177897.7000085
408.0,459.0,22.0,211.0,1096525835.450041,2990038.4399999892,64247.999999999454,5537354.990000756,172735.00999999177,352576652.6799852
453.0,392.0,21.0,234.0,979582404.9300596,3193350.400000008,57208.56999999932,4614879.760000172,147604.52000000264,314968069.50998825
368.0,319.0,20.0,393.0,932081397.8001013,3691189.7599999527,56422.25999999841,4167807.560000032,132780.83000000467,299536885.679982
451.0,391.0,24.0,234.0,1026333717.8000594,3011546.8700000136,59986.619999999784,5020510.380000131,159644.13000000227,330042613.15998614
365.0,39.0,305.0,391.0,368374705.4600374,3223327.959999671,49813.80999999524,464419.86999999837,39892.97999999785,118461743.31998514
470.0,34.0,261.0,335.0,396407050.71003246,3097968.6799998707,44473.5799999985,552978.359999959,43942.18999999608,127616735.1499808
231.0,429.0,192.0,248.0,1044841248.1600347,2866957.0000000363,75061.42999999391,5481840.480000796,171005.62999999875,335836760.2000034
311.0,33.0,423.0,333.0,337413497.7200139,3022899.5899998583,57592.32999999578,470948.209999991,41823.81999999919,108498679.98998475
284.0,30.0,237.0,549.0,410954742.3000549,3965941.309999526,46748.489999995734,509814.65000001836,34858.43999999634,131858723.07998648
179.0,332.0,243.0,346.0,867267624.6600689,3026707.749999943,72870.15999999466,4258903.339999899,137867.86000000767,278661316.90998286
337.0,24.0,305.0,434.0,364385475.33002627,3360419.3599997424,50121.359999996785,420462.4900000061,37264.09999999879,117074451.32998343
270.0,333.0,150.0,347.0,875744712.2400941,3390439.079999937,65437.2799999961,4065112.7799999686,131438.32000001115,281369891.6999765
286.0,352.0,258.0,204.0,883527621.2700474,2783563.5399999293,70781.7599999974,4350043.369999886,143073.82000000472,284053613.40998816
249.0,307.0,224.0,320.0,839053045.0700717,3242570.9399999296,67483.04999999565,3907325.600000051,127198.90000001226,269596915.00998735
440.0,247.0,405.0,8.0,666089481.8800071,1795571.4799999031,69423.45999999759,3130857.5499998834,120063.41000000792,214567626.46998593
147.0,357.0,584.0,12.0,726428523.0800072,1644667.8599999154,92771.97999999257,4032515.4699997324,142514.6200000084,233698617.5300151
470.0,190.0,431.0,9.0,570565428.2400033,1818430.3599999754,63103.880000000565,2353661.460000118,100726.91000000728,183949639.57998648
632.0,355.0,101.0,12.0,944764230.4000038,2073339.8899998837,57816.69000000077,4608988.979999699,156580.15999999637,304254809.4499739
376.0,211.0,346.0,167.0,659147602.2800443,2417374.309999986,66072.86999999781,2869444.92000003,107434.23000000675,212092649.87998593
548.0,221.0,88.0,243.0,697318731.2900262,2930876.2000000174,45994.420000000064,2585877.97,97511.22000000381,224435310.11997327
182.0,442.0,126.0,350.0,1092391176.9700866,3525623.3700000495,75365.22999999081,5652604.030000984,171894.38000000134,350908498.9300019
127.0,223.0,506.0,244.0,577439709.8800321,2450380.709999979,78037.44999999533,2607952.510000025,98297.15000000795,185580967.43000212
313.0,546.0,216.0,25.0,1146641611.0200047,2087289.309999812,82589.98999998899,6446110.850000668,203290.13999999128,368830703.929983
205.0,359.0,142.0,394.0,912697405.4000865,3528498.5199998505,66665.95999999643,4299332.250000144,135593.30000000805,293179227.61998546
412.0,170.0,86.0,432.0,678806324.1200902,3832819.639999742,46485.90999999725,2271432.9100001254,82381.24000000126,218122748.23997405
309.0,195.0,99.0,497.0,708734965.2000821,3952469.1399996984,51547.169999997364,2556405.6500000665,87813.39000000214,227595681.1899771
447.0,90.0,94.0,469.0,529095340.45008457,3883463.03999966,41063.75999999797,1186448.3199998375,53689.75999999137,169992731.1699883
298.0,122.0,368.0,312.0,499467951.19005126,2993073.479999865,60566.57999999611,1607252.0099999767,70960.74999999505,160576898.5299945
587.0,241.0,123.0,149.0,730221793.7900269,2720703.520000026,49315.519999998796,2891896.4800000056,107822.80000000542,235106220.2099691
409.0,82.0,505.0,104.0,389552416.4700058,2095615.050000016,61626.22999999747,1087438.2399999138,64802.42999999603,125604206.59998369
280.0,177.0,533.0,110.0,508887949.1300147,2086621.160000013,72164.20999999675,2078111.2400001918,89958.34000000903,163838364.71999538
544.0,168.0,175.0,213.0,615710430.6800267,2762932.6600000104,48166.4999999981,2149394.6300002164,87980.68000000343,198229730.539978
228.0,71.0,434.0,367.0,401365383.2200324,3169645.0299998014,61535.949999995355,934265.3499998813,51180.13999999587,128910084.4899868
306.0,94.0,581.0,119.0,387291594.55001146,2058692.8900000234,69717.83999999697,1261906.8200000352,69259.51999999852,124766631.8499828
131.0,451.0,367.0,151.0,994365561.4000325,2336002.739999953,86234.88999999191,5512299.6900000945,174864.7299999876,319630147.7299928
398.0,327.0,266.0,109.0,827703433.9300215,2322991.6299999566,67933.7999999987,4018367.9099995913,138624.89000000566,266350274.7899805
142.0,395.0,399.0,164.0,921353638.8300552,2433597.9499999476,88250.16999998945,5060405.390000105,165329.040000005,296160079.40999293
150.0,515.0,262.0,173.0,1079292725.9600353,2602680.289999949,84543.46999999386,5971183.290000262,186891.88999998625,346899287.16998947
108.0,371.0,303.0,318.0,913469471.9300733,3032020.2000000947,82089.48999998969,4738772.380000183,153314.51000000793,293450000.9999877
130.0,361.0,227.0,382.0,935274221.570069,3359801.9799999506,76007.13999999202,4688010.030000331,147381.89000000875,300384445.08998984
374.0,307.0,156.0,263.0,830488023.7800637,2951451.3799999286,60039.88999999693,3738784.459999935,126711.08000000546,267059321.37997124
363.0,240.0,242.0,255.0,707227359.7300508,2922056.069999932,60128.249999997664,2931376.620000007,105988.04000000593,227454329.4399877
467.0,310.0,195.0,128.0,855031106.6700393,2518956.380000032,62231.53999999935,4028835.3899996835,138108.76000000516,275130894.4199829
395.0,262.0,165.0,278.0,741935781.3800503,3147795.509999979,57157.25999999938,3065507.6899997727,109286.2700000028,238586163.33997092
266.0,372.0,336.0,126.0,907909915.4000243,2364318.4999999534,78804.82999999326,4784620.3900000015,157834.33000000127,291943032.0899833
386.0,319.0,287.0,108.0,813256972.0700449,2332416.18999992,69279.21999999812,3948628.1699997396,137134.77000000668,261694871.00998685
179.0,611.0,225.0,85.0,1282769031.860042,2255938.1499998015,92328.49999998754,7531202.040001077,228768.419999984,412359849.59996206
155.0,217.0,654.0,74.0,532845073.2800091,1799275.9499999487,83675.44999999521,2547326.5099999853,103419.82000001172,171492642.10000247
116.0,162.0,146.0,676.0,617878507.2401141,4639879.4399997555,53960.429999992826,1879678.0299998536,64236.129999988945,198027851.0299879
76.0,260.0,320.0,444.0,723333045.8800902,3471708.3499997472,73106.77999999278,3230283.5200001225,108086.28000001486,232173730.61000147
142.0,117.0,352.0,489.0,492213900.85006636,3572283.4899996524,62399.02999999539,1449075.4399999052,61738.35999999249,157957642.69999355
153.0,308.0,113.0,526.0,883308908.4800988,4002435.889999853,62437.67999999462,3945527.540000143,121194.4800000091,283504180.72998315
190.0,384.0,473.0,53.0,858970224.0700291,1877762.1999998752,87416.89999999387,4723743.679999921,158513.20999999729,276296402.23999083
123.0,248.0,305.0,424.0,719198154.8800833,3383963.9499997953,72066.78999999142,3191174.5300002047,107719.020000012,230901888.6799978
273.0,300.0,291.0,236.0,743268652.6800432,2748659.1699999636,68503.49999999655,3391111.379999933,118124.15000000961,238976943.62999198
307.0,288.0,279.0,226.0,726083158.8200278,2684997.3799999673,68089.82999999622,3268810.840000001,116041.18000001124,233503003.55999196
359.0,46.0,384.0,311.0,382257553.47002167,3061399.9799998426,52781.26999999685,656023.1099999305,46372.169999996135,122966426.41998272
334.0,368.0,109.0,289.0,894855548.8700662,3255307.929999935,61492.15999999767,4136060.009999729,136692.1700000037,287671970.6399713
281.0,310.0,300.0,209.0,793333535.6600568,2711122.6399999796,69908.04999999648,3752709.68999988,127783.49000001051,255081145.28998503
501.0,63.0,164.0,372.0,481245075.06004256,3375885.5999997985,40489.410000000506,978889.5199998465,52806.959999994586,154839053.62998274
387.0,362.0,107.0,244.0,893260455.950042,2864004.4200000153,60382.809999998775,4167805.7799997143,137802.02000000403,287288694.8399859
416.0,45.0,377.0,262.0,386281142.57002044,2740569.7099999264,53486.55999999613,733558.6699999103,51844.00999999715,124415833.41998085
519.0,56.0,144.0,381.0,479467717.1100427,3381446.4299998037,38669.09000000083,903397.5899998241,50710.15999999391,154277685.57997322
545.0,59.0,152.0,344.0,471627283.1000437,3277592.7099997555,37525.00000000019,843801.4599998029,50092.36999999331,151822856.81997883
459.0,244.0,232.0,165.0,732845101.110015,2568771.4299999317,58214.09999999953,3149613.519999874,114676.15000000435,235884033.33997992
325.0,295.0,281.0,199.0,777994544.9000422,2631319.3100000527,69378.13999999616,3645401.189999808,126886.43000001283,250225714.7099865
493.0,180.0,250.0,177.0,600890504.0500346,2670379.7700000308,50320.229999999276,2095493.9300002446,88202.36999999887,193534946.65997827
374.0,199.0,393.0,134.0,627002079.7400125,2291446.059999966,66790.88999999796,2679602.9599999916,105203.6700000086,201829448.07998684
477.0,253.0,241.0,129.0,718218633.5800132,2459479.229999936,59223.67999999809,3088742.4099999066,115193.21000000784,231216144.00998616
409.0,149.0,431.0,111.0,532545603.40001214,2139889.8199999393,63880.62999999873,2045933.3400003214,89294.08000000136,171551884.17998967
264.0,239.0,475.0,122.0,589569058.2200125,2144979.6299999356,74795.81999999617,2661305.8600000865,105161.94000001544,189744266.05000103
374.0,232.0,322.0,172.0,694086062.8400238,2537544.0299999374,65604.37999999848,3050283.659999907,112446.50000001214,223334480.99999672
273.0,169.0,490.0,168.0,522844259.10003126,2363754.3800000763,71648.3499999947,2110207.8700001687,89150.21000000728,168228573.80999526
284.0,176.0,509.0,131.0,491355089.95000786,2064452.1899999932,71969.16999999637,1969185.8900002267,86897.46000000999,158217742.07999504
145.0,339.0,331.0,285.0,836710194.8200594,2945915.869999989,76699.91999999332,4162089.5999998623,134594.64000000365,268771936.48998433
16.0,385.0,376.0,323.0,899337741.100071,3000986.26999994,86214.00999998978,4745029.170000169,149102.84000000125,288782977.859989
152.0,301.0,348.0,299.0,781244109.250046,2874751.830000073,75210.26999999517,3765319.8499998637,124662.37000001036,251003455.5799911
171.0,401.0,191.0,337.0,999041903.7000732,3384908.280000084,75311.04999999263,5067735.180000375,158177.3299999998,320934186.0999847
148.0,348.0,340.0,264.0,820240199.1000447,2845709.940000069,77263.89999999091,4063351.7199998917,134011.32000001255,263533494.2699914
187.0,371.0,209.0,333.0,940372073.7900785,3405733.0700000757,75339.28999998858,4680879.710000456,147048.9300000029,302040002.2599903
20.0,484.0,230.0,366.0,1080380512.8600771,3419750.619999913,85217.51999998822,5825074.510000818,174636.44999999835,346892859.7999996
17.0,355.0,410.0,318.0,897873821.900074,3055036.4299999927,89275.44999998562,4780919.460000287,153040.2700000075,288332023.1399949
20.0,422.0,238.0,420.0,992951571.6400994,3783873.6699999887,80791.07999999034,5091643.990000433,153849.77000000255,318712020.5300013
21.0,439.0,247.0,393.0,1045206785.6601024,3538769.059999951,85447.7999999855,5552514.750000566,167824.94999999655,335565331.5099878
147.0,182.0,294.0,477.0,614590649.1400918,3767382.739999694,64532.22999999541,2255034.339999974,80864.30999999966,197230246.47999263
87.0,193.0,313.0,507.0,641472163.0700842,3723330.499999675,66005.31999999363,2491994.6800001655,85508.28000000617,205770532.76999703
127.0,306.0,255.0,412.0,828390215.9700958,3676650.249999814,72878.34999999213,3863134.4000001075,124850.4300000172,265960347.00998184
132.0,163.0,378.0,427.0,557405887.1900612,3417719.249999909,67012.11999999415,2008822.249999975,76811.45999999953,178924164.63999665
237.0,291.0,473.0,99.0,699190170.5900062,2021343.199999856,78919.71999999919,3493169.619999755,126943.5300000126,224959925.29000363
165.0,395.0,471.0,69.0,877721402.0000111,1995680.7999998739,88713.58999999409,4863339.949999885,161358.17999999408,282267693.35999525
121.0,268.0,620.0,91.0,621611454.9000165,1901905.8899998984,88443.11999999413,3211370.169999898,119555.32000001594,199923078.4100079
114.0,491.0,409.0,86.0,1016893846.9400293,2089215.5899998008,93235.45999998652,5847536.510000471,186434.20999998748,326929107.8899769
68.0,292.0,347.0,393.0,764540100.4500716,3239336.4299999247,77637.54999999139,3652125.550000068,119728.80000001815,245440855.1200012
98.0,424.0,504.0,74.0,865210520.8100111,1936255.9199998798,94462.66999999115,4909465.960000006,162512.19999999428,278180122.6199989
397.0,431.0,45.0,227.0,1067346166.700067,2859351.4800001434,64881.41999999926,5417498.350000825,171488.61999999467,343243910.5499816
352.0,458.0,48.0,242.0,1077855823.0400753,3211903.999999964,66995.13999999755,5446037.790000668,169180.85999999885,346456396.1299955
564.0,149.0,64.0,323.0,634718287.7400488,3303224.5699997903,40177.45999999975,1955696.0800003142,79426.53999999788,204265824.23997828
356.0,386.0,154.0,204.0,963364806.6800623,2793709.1899999864,67389.40999999738,4798321.9900001595,155038.1199999974,309774505.05999136
369.0,400.0,42.0,289.0,1027618338.1100814,3373068.4300000556,63104.69999999748,5005814.650000512,157766.930000002,330295808.5399933
443.0,117.0,192.0,348.0,545864368.5000515,3326114.3999998984,48678.24999999859,1557834.7199999911,68831.23999999471,175576890.49998403
293.0,380.0,152.0,275.0,954714827.8100646,2988568.9499999504,68065.19999999652,4708764.410000172,150228.019999999,306873022.6599824
460.0,145.0,63.0,432.0,644599801.2700682,3704792.6199997817,43413.0299999987,2005281.1000002576,77139.38000000078,207217376.55997172
437.0,138.0,226.0,299.0,584801708.2900509,3093679.4899998466,51505.969999998204,1925593.6200001976,78715.64000000045,188107430.34998575
397.0,125.0,206.0,372.0,523656031.3300395,3188859.7999998457,48495.64999999829,1470433.71000001,65159.60999999332,168371829.02998126
272.0,57.0,419.0,352.0,370235172.45002437,3039401.3399998345,58694.64999999396,697807.2299999483,46722.90999999655,119004032.60998635
391.0,49.0,359.0,301.0,400111719.87002957,2937332.0899998755,52556.8499999973,795099.0199999153,50924.829999996,128754387.87998165
235.0,198.0,363.0,304.0,607806491.1500506,2867441.4399999897,67557.5599999965,2472886.170000103,93362.3500000036,195340085.47999698
306.0,64.0,334.0,396.0,423543096.6900419,3362513.229999755,52466.07999999632,841892.9899998849,47834.90999999544,136086784.51998624
253.0,53.0,389.0,405.0,370871606.26003003,3221730.4899997786,56685.38999999504,657793.5299999859,44031.59999999821,119142611.46998759
243.0,204.0,264.0,389.0,689734771.8100836,3478260.5199997844,62883.86999999529,2798144.470000084,97626.03000001087,221550664.3299866
403.0,50.0,262.0,385.0,422426158.14004165,3387558.799999813,48518.19999999821,747169.439999904,46593.3399999949,135808889.50998187
326.0,164.0,299.0,311.0,613911933.6300547,2933548.6299999277,59595.159999996584,2308752.0200001844,89693.7200000081,197421780.00998956
376.0,189.0,245.0,290.0,638142836.610057,3049672.8399999365,58653.589999998105,2431287.160000104,93110.22000000553,205228814.54998857
354.0,178.0,230.0,338.0,635356629.1900448,3212801.1099998932,56545.36999999778,2330352.010000064,87883.33000000777,204242701.26998594
42.0,560.0,310.0,188.0,1191757921.2600536,2523587.859999973,94902.80999998667,6954145.990000605,210847.7099999782,382906252.8499715
289.0,429.0,238.0,144.0,1003094262.580039,2458304.7699999358,76956.79999999444,5342288.640000471,170808.89999999988,322544183.4099845
33.0,680.0,241.0,146.0,1380713596.4700742,2678087.210000024,101514.20999998286,8306863.1500013955,251349.10999996722,443634463.379924
53.0,703.0,108.0,236.0,1467689339.8000503,2998990.77000019,96069.52999998041,8671823.83000159,254863.22999998895,471509788.2099682
37.0,491.0,273.0,299.0,1107094508.1200597,3089991.510000132,89938.58999998782,6156926.460000739,187666.73999999082,355576122.7999692
34.0,716.0,71.0,279.0,1485758953.5600703,3327833.860000226,94171.53999998115,8664587.420001093,251013.36999998844,477223373.0299644
305.0,451.0,69.0,275.0,1108696158.0900679,3224834.3199999225,68489.41999999745,5665643.380000801,173073.03999999768,356333059.4800001
219.0,505.0,179.0,197.0,1148964096.7200663,2859935.560000033,81629.66999999063,6298561.130000698,193908.729999994,369264601.3899862
273.0,630.0,62.0,135.0,1384760039.3800774,2792547.0999999316,85607.87999998817,7925396.860001846,240152.36999998617,445138124.97997963
248.0,573.0,56.0,223.0,1253203788.7000847,2994225.020000034,77061.89999999385,6850576.14000128,204985.24999999464,402762912.56999594
100.0,517.0,71.0,412.0,1187602877.4400733,3769602.7100000177,76640.42999999077,6252419.890001056,183712.20000000056,381341227.4299981
591.0,263.0,36.0,210.0,809624418.0400298,2932695.999999973,46651.42000000028,3317702.319999802,116504.70999999983,260540874.86996734
58.0,765.0,41.0,236.0,1545518098.200111,3365556.770000238,95109.23999997538,9087859.170001257,264432.79000000475,496474263.3399755
57.0,296.0,511.0,236.0,732511217.2700516,2489373.1599998926,88105.41999999109,3795746.599999965,129660.79000002293,235342985.07000732
75.0,385.0,53.0,587.0,1019198981.1101518,4364427.909999873,69091.2099999923,4885779.540000678,142583.05000001178,327015157.8400148
36.0,471.0,315.0,278.0,1019340757.9700618,2888762.479999988,88183.5299999891,5600006.930000393,173792.9299999936,327411534.6399807
380.0,169.0,293.0,258.0,615943490.7000399,2881154.8999999254,57204.34999999878,2302915.2700002044,90754.26000000053,198142793.8599838
380.0,438.0,24.0,258.0,1072115766.400054,3120283.4399999958,63557.11999999897,5366469.4600009415,167521.31999999867,344659835.90000576
336.0,387.0,258.0,119.0,952973990.8900158,2344455.4799999916,73004.95999999567,4940310.830000232,162959.64000000185,306559382.6699776
306.0,352.0,235.0,207.0,809763993.380061,2689500.610000015,67657.7099999984,3828412.3699997887,130193.20000000717,260393325.9499845
231.0,336.0,224.0,309.0,878869398.3400778,3193408.8500000513,72964.68999999529,4270339.039999768,139368.3300000098,282413282.3799909
100.0,387.0,257.0,356.0,933551647.9100887,3370210.429999913,79023.29999999233,4729654.450000218,148088.46000000476,299779138.2600022
284.0,161.0,275.0,380.0,580822257.5700672,3357843.9599998556,58898.769999995915,2012110.5600001041,78271.97999999848,186594728.87998736
283.0,413.0,24.0,380.0,1067805847.1500921,3742164.709999983,64940.359999997905,5224601.860000588,158144.22000000582,343000954.2399962
213.0,309.0,206.0,372.0,826800338.2800826,3469657.699999894,66386.25999999577,3753768.490000036,122184.19000001242,265552653.77998084
323.0,184.0,27.0,566.0,698004008.7501097,4288422.489999545,45297.33999999872,2299736.2300000302,78919.77999999895,224088861.72997484
113.0,436.0,26.0,525.0,1091024504.6201234,4219899.929999933,69178.40999999305,5372748.46000083,159378.36000000592,350246555.0200077
113.0,171.0,291.0,525.0,605458294.2700862,3827290.879999698,64774.029999994156,2193450.2399999714,77623.08999999774,194227637.12999278
175.0,264.0,39.0,622.0,820970892.9401207,4493674.529999783,55947.64999999444,3298352.5000002347,100748.20000000468,263337139.2099781
149.0,225.0,34.0,692.0,828006299.870135,4701314.719999901,56070.3799999949,3282451.740000267,99137.13000000482,265555570.15997535
759.0,63.0,275.0,3.0,409368723.2899991,1915906.569999959,40790.15999999931,804242.2599998777,61932.639999999024,132405399.60997938
615.0,90.0,391.0,4.0,399099861.3799991,1804157.5899999677,52691.8999999981,1000759.6799998793,66993.51999999763,128974084.11998075
758.0,65.0,274.0,3.0,410908180.5500028,1935440.019999965,39480.989999999205,772045.7899998559,61086.569999998566,132912198.96997459
531.0,44.0,523.0,2.0,332055842.2399985,1725179.9599999688,55860.5099999978,658983.7299999235,58966.10999999718,107398768.64998457
468.0,39.0,170.0,423.0,441941254.5800483,3489910.2999996757,39774.67999999916,679879.3999998936,44257.889999995816,142147818.6099813
370.0,32.0,364.0,334.0,351914139.0200161,3008109.3899998427,51859.43999999663,435647.1499999703,41135.319999998894,113229852.48998228
247.0,36.0,426.0,391.0,337848877.9700228,3160606.5199998044,59095.579999995694,495029.7200000156,40365.559999999605,108515274.89998634
326.0,49.0,207.0,518.0,436413086.7200614,4024720.56999946,44323.98999999851,631595.2699999576,37816.709999996216,140059974.82998455
382.0,57.0,659.0,2.0,298220598.3999997,1559656.6899999685,69699.44999999831,791750.869999942,61475.54999999703,96354247.81998917
246.0,37.0,426.0,391.0,355984537.89001524,3182898.739999793,60338.68999999534,602421.9599999706,43816.3899999989,114373765.57998353
158.0,287.0,401.0,254.0,694599347.0500492,2658032.419999972,76026.25999999548,3258573.48000004,115021.29000001148,223244898.59999815
374.0,221.0,309.0,196.0,683826537.9800456,2660395.7299999944,62949.469999997906,2913227.7399998945,107959.5300000082,220015149.17998052
157.0,288.0,401.0,254.0,749452507.2400674,2882636.399999956,77182.19999999294,3604724.7300000163,123365.73000001385,240817482.22999498
204.0,372.0,195.0,329.0,887498409.1601061,3444277.1599999326,71860.10999999194,4262739.350000065,137998.61000001396,285115683.4299829
180.0,327.0,458.0,135.0,748940782.5700196,2305714.569999986,81647.78999999512,3799777.269999784,132200.0700000112,240822901.60999972
243.0,443.0,232.0,182.0,1028769020.9000527,2600148.5999999405,79825.6199999946,5534044.260000566,175724.21999998848,330719878.4199923
513.0,303.0,159.0,125.0,830997366.0700376,2543432.6599999852,58345.00999999962,3788981.6199996523,132592.4000000033,267467733.17996892
414.0,245.0,341.0,100.0,692262578.4200053,2100547.3499999302,64713.61999999986,3126038.8399998406,117128.36000001052,222902170.18999454
454.0,269.0,140.0,237.0,781476296.4200486,2895329.48999998,54774.26000000053,3307022.619999863,116873.2200000086,251444216.9199696
513.0,304.0,159.0,124.0,795201621.6200094,2448340.820000019,56185.85999999881,3528674.7499995697,126152.9700000038,256013760.7399681
249.0,110.0,382.0,359.0,449033949.58004165,3164445.909999844,62538.39999999623,1271837.82999996,60663.34999999195,144246554.08999193
396.0,91.0,316.0,297.0,461151622.1500399,2895935.8400000026,52431.72999999723,1193899.269999928,61640.55999999396,148393034.04998732
179.0,388.0,275.0,258.0,937595609.5300823,3167302.4300001236,78832.6499999878,4807012.360000484,155491.81000000087,301270088.00998384
220.0,97.0,466.0,317.0,429557444.3100251,2878799.3400000082,64953.129999995996,1250115.1899999608,62145.11999999343,138075288.91998824
252.0,111.0,386.0,351.0,471341077.1700427,3197920.8399998383,61399.409999995696,1363249.7799999923,63043.21999999241,151439178.40999225
165.0,357.0,348.0,230.0,898182981.870056,2651319.590000003,79652.63999999265,4694687.580000073,152340.9600000023,288668883.00998324
360.0,83.0,396.0,261.0,421541138.95003754,2866009.999999862,56214.37999999672,1022723.4199998239,57352.659999993164,135639061.5599846
301.0,340.0,240.0,219.0,876921199.1500341,2803936.22999993,71328.41999999613,4314897.6699998835,143064.40000000695,281931478.7599924
276.0,312.0,305.0,207.0,805038742.280046,2656974.8099999013,71664.1599999965,3881706.2399997697,132549.34000001074,258871136.64998633
278.0,314.0,306.0,202.0,803484484.6800435,2543260.9700000184,72928.29999999425,3917518.2499996955,133906.7500000105,258380457.42998946
535.0,395.0,97.0,73.0,993248899.5000232,2333922.939999927,60586.330000000075,4925332.160000089,162675.16999999504,319697583.40998524
280.0,574.0,140.0,106.0,1269136002.1700437,2404413.809999969,82792.6699999922,7200311.620001102,219385.78999999134,408070557.51997876
614.0,291.0,111.0,84.0,859157936.700024,2396187.739999942,53719.45000000049,3913980.409999565,137098.6400000029,276635672.56997496
473.0,349.0,213.0,65.0,889031305.2500056,2215076.3799999636,62884.100000000355,4330069.339999815,147699.87000000177,286180100.65997773
540.0,400.0,97.0,63.0,990395206.2600191,2404698.200000009,62132.84999999966,4934770.840000275,163828.03999999922,318754152.8299872
539.0,256.0,243.0,62.0,710112506.110021,2201019.0199999483,57158.929999999484,3061703.4799998933,115756.6700000046,228729726.65998
238.0,488.0,298.0,76.0,1068018786.5800525,2344850.6599999913,87051.62999998977,6015621.540000724,195554.17999998532,343438536.7799717
350.0,462.0,175.0,113.0,1037805574.5400383,2518427.519999912,72567.4200000003,5449325.570000314,175840.5099999983,333809263.0199777
278.0,367.0,349.0,106.0,874390226.7900393,2223002.119999978,75888.48999999366,4529142.279999982,151798.6399999995,281271678.7499826
282.0,373.0,354.0,91.0,833519954.5000057,2221032.559999922,75295.18999999756,4227684.079999643,144174.0200000073,268152468.18999067
258.0,166.0,346.0,330.0,573397645.2100534,3014389.029999902,63627.5099999962,2142430.380000128,83733.4000000021,184272375.1599972
41.0,209.0,435.0,415.0,633314424.9100783,3395150.569999799,76191.68999999223,2710121.2500000075,94626.20000000548,203223751.54999614
282.0,80.0,377.0,361.0,441140973.32003164,3105347.459999848,57736.029999996,1149770.8199999628,57989.31999999392,141816726.32998523
282.0,182.0,276.0,360.0,616882676.4200658,3259117.54999986,61161.89999999706,2318256.2300000717,88254.07000000436,198250338.38999528
314.0,202.0,420.0,164.0,627713196.2000225,2421531.9700000207,70391.25999999588,2741641.059999935,105939.64000000813,201984719.93998727
395.0,112.0,387.0,206.0,481899221.99002653,2599858.9999999693,57978.87999999624,1527195.6000000709,72303.01999999912,155133158.50998998
61.0,312.0,474.0,253.0,737026436.7800605,2659843.2699999544,86332.69999999124,3751071.630000022,127705.62000001842,236765510.6000129
61.0,137.0,649.0,253.0,441575419.7100284,2514236.95999991,81325.4299999952,1751780.4200000216,76870.85000000111,141849818.29999295
52.0,117.0,404.0,527.0,495489535.24006903,3904687.0999994576,66974.15999999293,1523483.0199998582,60599.6399999898,158816110.75998977
73.0,163.0,564.0,300.0,480504306.82004535,2663641.289999942,79701.74999999559,1947865.0000000347,81532.31000000816,154338346.13000232
107.0,538.0,239.0,216.0,1146411213.040048,2815312.7000000975,88721.36999998335,6436291.440000818,196759.1099999948,368359473.13998026
277.0,446.0,198.0,179.0,1073214714.0500518,2755510.399999966,76134.19999999319,5702729.080000616,178769.88999999722,345034798.07999015
122.0,455.0,275.0,248.0,1007240263.010062,2761976.129999995,84069.81999998963,5455842.410000499,169704.96999999153,323616909.41999024
122.0,617.0,113.0,248.0,1324077649.430063,2980110.8500000285,86957.01999998557,7526138.2200014265,222731.20999999292,425416000.7099943
85.0,431.0,192.0,392.0,998434926.1801245,3640827.179999841,78044.27999998989,5086819.670000575,155363.1800000059,320576188.16999596
107.0,399.0,100.0,494.0,995987946.5801123,4077079.2499997593,70173.76999999202,4818868.660000539,144124.74000001166,319680339.4900045
252.0,405.0,74.0,369.0,980789455.8300734,3577655.2800000724,65177.57999999971,4708827.25000029,146872.09999999992,315053174.7399835
252.0,299.0,180.0,369.0,834134973.8700688,3448554.219999921,65923.9699999955,3780482.0000000317,123935.05000001202,267970157.69997936
352.0,417.0,104.0,227.0,1038174989.5900512,2882517.1899999892,68579.04999999568,5279260.160000499,166051.77999999767,333776298.0799931
279.0,330.0,82.0,409.0,867292457.1100817,3590425.5999998963,59987.499999996304,3850777.0799999284,123019.14000000761,278591920.019973
192.0,4.0,757.0,147.0,205051324.54,1965573.400000035,75857.13999999783,213958.79999998634,42290.590000001124,66101288.769992076
124.0,4.0,814.0,158.0,181371948.00999418,1988363.1900000756,79359.77999999603,126828.84999999926,39776.57000000231,58424323.339989536
142.0,289.0,560.0,109.0,717538831.640011,2061841.839999915,87306.44999999185,3764232.3899997957,132680.11000001273,230737003.15000308
192.0,4.0,758.0,146.0,197803396.17000082,2022594.2400000745,75481.01999999763,141711.24999999753,40371.490000001235,63765057.34999108
154.0,3.0,606.0,337.0,258004060.96999663,2903256.5999998315,66019.68999999431,158458.6499999941,34404.340000003154,82890219.14998822
120.0,244.0,474.0,262.0,670754079.9800493,2662156.370000019,81285.10999999431,3211681.779999908,113772.13000001387,215536968.11000216
98.0,3.0,643.0,356.0,230254394.3999965,2773887.9299998577,69843.1199999943,105345.49999999303,32076.030000005507,73886799.82998861
75.0,255.0,495.0,275.0,627301704.7500384,2673567.769999994,78274.69999999428,2889364.319999951,104634.7000000109,201519742.43999997
90.0,304.0,592.0,114.0,740852719.450028,1987427.6399998728,91563.99999998951,4047275.4799996126,140944.8200000093,238187983.7800024
75.0,255.0,495.0,275.0,617427524.1500602,2880593.659999935,78220.16999999281,2773155.520000083,100236.58000001368,198290147.21000895
340.0,229.0,218.0,313.0,676317667.9200541,3045345.489999921,59057.109999997214,2694100.810000056,98540.77000000392,217453217.17998978
307.0,239.0,228.0,326.0,714139002.170058,3041964.2199999182,61592.819999995474,2978402.720000093,104762.5900000036,229552735.199987
427.0,4.0,275.0,394.0,348798330.05002236,3315448.489999803,44527.07999999806,203547.0599999754,33376.47000000038,112225737.07998225
339.0,228.0,220.0,313.0,706562207.2400523,3036320.219999956,57969.16999999763,2869191.3500000318,102971.78000000665,227192361.34998003
463.0,312.0,297.0,28.0,817338617.8900121,1944855.9299998928,67184.77000000009,4011705.4499994786,141994.1000000026,263183087.60999134
640.0,6.0,415.0,39.0,292821194.5000035,1869395.9800000177,48253.34999999861,212931.01999994006,46103.00000000001,94808242.58998795
424.0,329.0,317.0,30.0,798459861.8400089,1972450.6899998963,67585.98999999966,3873643.5099994256,138463.12000000168,257113993.42998865
604.0,6.0,447.0,43.0,284006859.539999,1881588.6300000055,48661.24999999689,173224.28999997847,44887.09000000105,91963991.78998859
390.0,4.0,291.0,415.0,333013756.54001725,3221634.33999981,45847.229999996416,164580.12999999392,32037.290000001085,107116953.49998587
602.0,6.0,450.0,42.0,282961591.3599978,1906591.1400000174,47277.81999999917,131634.22000000306,43652.860000000765,91638668.50998789
453.0,115.0,332.0,200.0,482837594.90002626,2481051.569999964,54422.549999997,1469611.970000068,72453.90999999951,155548622.6799847
425.0,121.0,346.0,208.0,508151909.6000347,2601750.0999999833,58136.569999996434,1667560.3200001155,75351.08000000162,163581946.78998628
453.0,116.0,331.0,200.0,497176739.5200325,2549047.3299999386,53239.609999997614,1512483.2800001765,72521.8700000018,160136653.5199831
452.0,115.0,333.0,200.0,477374179.65001565,2516712.9200000386,53596.11999999833,1397982.950000177,70314.83999999604,153789477.22998124
482.0,123.0,353.0,142.0,498114764.50002545,2404518.379999925,55664.21999999804,1608134.2000002086,76744.4299999986,160487757.78998494
480.0,124.0,354.0,142.0,481048268.26001245,2380550.070000044,55383.129999997065,1490891.2300000943,73653.8599999976,155012249.13998508
453.0,128.0,370.0,149.0,493833699.6300224,2342547.7700000387,56787.14999999821,1616733.770000095,76996.24999999894,159086732.94998747
453.0,129.0,369.0,149.0,498609626.3800217,2433124.4199999394,59480.09999999639,1656267.4000001354,78130.06000000282,160607380.87998512
424.0,121.0,347.0,208.0,476278890.66002387,2528902.9200000013,55972.33999999757,1429467.3800000092,71520.15999999641,153409731.1599847
452.0,129.0,370.0,149.0,515207293.4800136,2413554.539999971,60457.31999999799,1812561.2800002515,82316.21000000069,165934269.06999034
226.0,342.0,105.0,427.0,960793417.6601099,3798290.1899998174,64857.96999999602,4521449.510000395,139816.20000001174,308584058.8999883
189.0,357.0,109.0,445.0,942230956.8301126,3815300.2199998787,66905.94999999375,4423536.620000334,136618.10000001307,302541148.10999244
226.0,343.0,105.0,426.0,923501275.9900919,3624417.0299998624,65496.849999995895,4325071.730000201,134774.26000000516,296603248.119984
226.0,342.0,106.0,426.0,921694733.0601286,3987816.5899998946,64228.70999999686,4216083.609999929,131931.51000000577,295982765.54998285
241.0,364.0,111.0,384.0,906550350.3100915,3610171.4699999634,62561.34999999657,4160046.9199997964,131053.51000000381,291186865.9099852
240.0,364.0,113.0,383.0,901943007.5500646,3474212.6099999743,63686.62999999728,4186946.529999911,133272.49000000415,289757314.749989
201.0,380.0,118.0,401.0,959222445.2600806,3607394.4500000137,66925.95999999624,4602170.080000326,142265.7200000062,308080796.2399772
201.0,381.0,117.0,401.0,961441526.430089,3669666.5000000685,66468.4599999958,4582392.260000137,142529.71000000314,308810766.29998696
188.0,357.0,111.0,444.0,938296226.5900811,3858151.5699998704,66572.6299999967,4382883.170000225,135964.3800000079,301292357.5299937
201.0,381.0,118.0,400.0,945715000.5400825,3685022.039999872,67143.99999999443,4487980.200000211,139169.18000001082,303729295.83999616
214.0,217.0,203.0,466.0,703658397.3500663,3682812.6499997983,59940.709999997285,2782296.7900000443,94358.88000000232,225914541.7899851
165.0,229.0,215.0,491.0,727089960.7201216,3991688.3399994806,64087.45999999249,2947604.2000001306,98474.2800000123,233376886.2099932
189.0,319.0,180.0,412.0,842157385.6100929,3567354.6299998225,68437.78999999548,3869410.090000023,125954.95000001344,270483326.49998647
189.0,192.0,308.0,411.0,623385689.8800769,3535305.819999832,64231.59999999496,2361362.5900000273,85867.58000000118,200144974.6399909
269.0,273.0,256.0,302.0,757789306.440047,2994688.20999991,66770.39999999608,3380531.249999941,116620.62000001043,243589395.42998973
202.0,341.0,330.0,227.0,774460691.6300457,2709135.4399999958,75753.16999999415,3755788.0199999413,127083.65000001017,248922079.6299943
179.0,248.0,398.0,275.0,648283085.9000409,2813014.2099998756,73626.41999999336,2883333.6800000397,104001.30000000786,208328108.7499932
179.0,413.0,233.0,275.0,963601384.5400674,2941477.6899999543,77403.90999999283,4986906.16000013,157793.3799999997,309635911.7199889
129.0,298.0,288.0,385.0,800130827.3100708,3413604.219999941,70877.05999999266,3700564.630000076,119228.31000001583,256901728.3399893
156.0,359.0,346.0,239.0,882724491.3200464,2637766.519999957,80510.70999999534,4586120.020000034,149133.8500000066,283672021.49998426
329.0,331.0,322.0,118.0,816428281.1300242,2240417.299999946,73315.58999999662,4088614.479999812,140472.0300000106,262657877.7599879
301.0,343.0,333.0,123.0,811946188.1800269,2407864.9599999865,71545.81999999497,3960902.5999997733,135904.63000001045,261203295.12998608
441.0,67.0,433.0,159.0,377120243.4200169,2319460.24999998,57487.979999997595,872416.5599999098,57994.739999995814,121550580.71998562
441.0,444.0,56.0,159.0,1024643641.7900277,2656840.310000049,62510.609999999855,5120742.570000247,165636.5399999959,329633941.7399899
272.0,274.0,267.0,287.0,752829560.6000607,2957445.5699998797,67087.3199999967,3387671.0000000116,116334.85000000749,241968834.94998452
472.0,71.0,60.0,497.0,514169680.5300805,4057155.6799995014,36898.340000002034,956424.659999753,47309.97999999338,165216316.4599839
317.0,361.0,45.0,377.0,955595851.6800917,3588612.2999999635,60128.17999999774,4395149.740000132,138189.50000000646,307062207.019991
317.0,54.0,351.0,378.0,392598528.4400165,3054647.739999882,52962.269999997385,729934.029999914,47339.63999999403,126228942.24998622
640.0,109.0,91.0,260.0,553564577.94004,2969308.9399999133,37026.98000000085,1444671.2800001355,69181.36999999381,178336257.6099795
440.0,75.0,62.0,523.0,518939411.44007844,4107285.589999574,37090.9400000008,991747.0399997712,47127.44999999328,166685655.17998156
482.0,100.0,82.0,436.0,575004013.4100628,3769160.33999973,41183.19000000067,1512716.8100000024,63606.63999999181,184827653.28997874
435.0,108.0,88.0,469.0,585440889.0200565,3643234.0399997504,41398.6799999996,1591100.8900000842,64720.72999999407,188166430.55998045
409.0,250.0,70.0,371.0,744438815.8200665,3447001.289999841,49107.76999999739,2844340.1000000276,99148.65000000088,239304954.49997118
315.0,66.0,434.0,285.0,385884618.09002864,2731505.4099999066,60772.619999995906,911390.6599998509,55400.459999995444,124148183.86998457
448.0,93.0,77.0,482.0,564864064.1500529,3839239.8399997302,40499.91000000023,1437434.7999999698,60538.44999999407,181516953.859985
271.0,165.0,373.0,291.0,574862214.7300531,3051987.059999919,65137.689999996095,2162848.270000118,85709.84000000494,184792544.00999162
264.0,65.0,433.0,338.0,391713111.3700337,3030193.7899997784,59429.72999999414,869373.4199998854,51711.72999999525,125908329.34998436
343.0,249.0,70.0,438.0,797852686.4800806,3704034.049999897,53726.669999996666,3225574.450000039,107842.5100000013,256361728.2399665
247.0,180.0,406.0,267.0,568337115.0600353,2592686.779999992,68563.19999999685,2294611.1800001576,91136.0500000028,182750186.8599894
237.0,172.0,388.0,303.0,598839112.6400552,2909369.3699999354,67255.92999999516,2401112.0000001346,92363.59000000621,192489080.44999373
96.0,486.0,468.0,50.0,976215913.7399946,1890553.7499998624,95366.7199999909,5658115.310000438,181488.48999998972,313867790.38998955
20.0,523.0,503.0,54.0,1050375247.2999942,1918822.1599998334,101995.3699999862,6290528.820000303,197613.58999997747,337611280.04996544
81.0,578.0,398.0,43.0,1177804746.5700161,1952318.7399998002,99466.24999998882,7052234.270000385,219002.07999997694,378637351.27996826
116.0,587.0,336.0,61.0,1209531250.9300284,2104157.6299997927,97030.96999998744,7184342.970000695,222176.50999997917,388845198.7199669
89.0,452.0,436.0,123.0,970575091.2800472,2285666.989999974,94148.35999999034,5506892.240000304,175800.6299999927,311945036.3999909
89.0,631.0,258.0,122.0,1328504882.5899968,2388016.0399999293,97864.49999998114,7904701.890001237,238140.42999997913,426960685.36996126
23.0,584.0,334.0,159.0,1119472624.7900708,2560609.9099998954,96743.39999998207,6505996.460000737,199887.90999998167,359686965.8499766
16.0,576.0,396.0,112.0,1099722265.2300372,2249731.7399998447,100331.19999998146,6514198.09000068,202241.70999998166,353387603.17997557
20.0,728.0,298.0,54.0,1425685585.660026,2143079.8699997873,107436.94999997919,8821258.44000105,264276.1699999727,458183554.3399278
18.0,675.0,276.0,131.0,1378457624.130017,2371001.3999999147,101917.6499999832,8330468.61000097,246496.42999997296,442920076.6699471
63.0,110.0,307.0,620.0,508836840.9000817,4050254.2299995287,60043.59999999333,1427507.8699998546,54908.67999999257,163025752.95999292
435.0,70.0,197.0,398.0,464111889.45005536,3366108.679999723,45903.6399999989,980793.3499997916,52761.88999999402,149260284.71998397
63.0,111.0,307.0,619.0,502766707.6200688,4025355.029999517,60109.15999999576,1408307.4299998123,54653.79999999091,161102840.95999357
87.0,150.0,15.0,848.0,647512375.970135,5167367.259999998,46301.26999999621,1804059.6199997454,56288.309999988865,207364142.89998278
76.0,132.0,368.0,524.0,519071180.7100702,3678619.5499996906,66158.43999999281,1704637.919999948,66137.98999998978,166451484.7199956
112.0,197.0,20.0,771.0,745000187.3901676,5098306.489999992,51588.499999993415,2574045.040000112,78746.18999999978,238787055.44997987
603.0,98.0,10.0,389.0,566413436.3700557,3508778.639999864,32168.07000000348,1315014.3199999537,61206.509999993556,182312131.479972
486.0,80.0,221.0,313.0,472954717.7900253,3126538.769999866,44784.379999998986,1052161.389999822,56233.899999994996,152209770.75997868
525.0,86.0,9.0,480.0,532276585.39005667,3793251.2699996694,32303.750000003485,1054383.3599997833,50797.309999993246,171138267.2899817
603.0,99.0,10.0,388.0,565806587.2900518,3600210.509999777,33142.62000000265,1308464.3900000483,59458.77999999439,182029926.51997262
250.0,278.0,400.0,172.0,757939715.6500226,2364205.4599999296,75448.68999999556,3713116.7899998664,128702.29000001516,243741589.89999887
216.0,289.0,416.0,179.0,699097495.2600226,2349175.5999999326,77096.54999999676,3388125.339999912,120833.75000001169,224800488.45999876
249.0,279.0,400.0,172.0,735827002.8000365,2468157.9299999764,73409.17999999506,3513181.4799998445,122724.24000001064,236616639.86999902
299.0,334.0,261.0,206.0,823845247.6700445,2700462.159999984,68565.29999999634,3932626.2899998296,133528.87000000814,264923281.09997848
278.0,310.0,446.0,66.0,725472257.5799912,1943920.6499998847,79224.0599999952,3679648.5999997077,132106.5800000114,233446603.05999714
341.0,382.0,297.0,80.0,864919157.7200195,2146524.119999901,72508.75999999643,4395870.779999717,149876.01000000152,278323173.0999892
299.0,402.0,314.0,85.0,947093434.1800151,2159314.3999999254,78095.16999999595,5056096.730000269,165427.5799999979,304651276.22998804
242.0,325.0,465.0,68.0,759889398.0900061,1959549.0099998508,82911.02999999504,3957963.269999711,141215.90000001257,244509317.90999326
261.0,350.0,273.0,216.0,873209101.6400654,2815957.719999992,74809.92999999397,4368146.209999989,144068.64000000674,280697008.41999084
299.0,402.0,314.0,85.0,911970207.6700354,2182229.3699999237,75667.76999999519,4787618.190000145,159023.1899999983,293389474.7099802
439.0,214.0,104.0,343.0,728445649.7700858,3469919.0999997538,51183.37999999656,2776845.3800000483,98249.11000000763,234166375.44997376
177.0,299.0,145.0,479.0,841851742.4601109,3872610.3399999123,62232.64999999638,3691445.1300000227,116819.95000000343,270267536.7699781
355.0,384.0,84.0,277.0,1006620395.940051,3151530.6999999895,64039.30999999693,4929067.460000364,155591.18000000223,323585898.66000307
425.0,207.0,135.0,333.0,715738047.0100598,3381051.4099999634,51936.369999998074,2730470.330000009,97706.93000000385,230127302.879974
503.0,245.0,119.0,233.0,791043904.8700535,2905151.709999868,51950.1499999979,3329162.88999992,115411.05000000418,254488114.75997347
384.0,416.0,122.0,178.0,979789555.1300073,2650532.8200000324,64834.35000000048,4871900.850000233,158206.47000000044,315142590.379987
204.0,345.0,224.0,327.0,876218701.1200762,3396279.2499999274,70732.82999999444,4178910.4800000787,134634.91000001205,281486320.649989
153.0,575.0,126.0,246.0,1272343450.650069,3216873.130000218,87409.16999997597,7171721.400002041,217780.4099999895,408834856.7199856
129.0,482.0,141.0,348.0,1115845816.1500833,3542818.6100000967,78961.1899999883,5898531.760000974,177999.580000001,358363380.0499952
148.0,554.0,162.0,236.0,1248781421.3200638,2842646.4800000465,85823.59999998717,7035368.930001001,210412.60999998517,401271594.0399896
178.0,474.0,365.0,83.0,979080847.0100185,2153236.939999863,86313.23999999295,5455728.160000393,175085.11999999688,314823532.8199976
325.0,399.0,306.0,70.0,875669403.3100127,2203479.0399998827,74736.89999999467,4488969.829999871,153021.5799999979,281755725.0999822
234.0,281.0,477.0,108.0,743471077.4900178,2247764.219999961,81620.40999999453,3761515.999999859,133439.560000013,239140015.060002
173.0,460.0,387.0,80.0,959527309.290023,2046529.4099998868,89554.88999999082,5393040.030000052,173433.37999998126,308532450.3199793
133.0,352.0,271.0,344.0,878660588.8300753,3100211.269999945,76517.90999999316,4384147.820000117,139024.21000000686,282189550.20999026
156.0,188.0,350.0,406.0,594645758.7300568,3256382.739999865,68048.80999999447,2325434.8699999973,86518.64000000183,190932601.60999408
247.0,303.0,255.0,295.0,801563332.2800622,2984578.3199999672,68445.92999999512,3737115.5100000068,124547.63000000866,257623599.3999893
298.0,165.0,281.0,356.0,596271365.0600559,3301035.3099998734,58607.58999999547,2121570.880000072,82144.93999999938,191633447.2199851
393.0,218.0,405.0,84.0,586664407.3900017,2066410.8799999643,66981.32999999884,2476722.4800000614,101851.63000000836,188968093.14999256
291.0,161.0,300.0,348.0,581481124.350051,3141659.8399998904,58740.19999999701,2055393.4200000416,81301.60000000082,186921497.94999465
319.0,195.0,563.0,23.0,526965570.36000544,1726406.2899999379,77062.53999999532,2382584.6200001827,100755.54000001267,169752440.8699953
386.0,178.0,515.0,21.0,548198748.1699973,1819130.8099999467,71523.57999999866,2359932.6500001773,100590.34000001161,176645030.57999113
377.0,31.0,665.0,27.0,248453958.04999927,1607700.5400000033,65899.25999999714,383523.80999996624,50562.99999999818,80368849.66998968
436.0,267.0,365.0,32.0,741691065.3200003,1959338.3899999103,69004.89999999998,3552047.639999677,130649.78000001019,238855638.02998114
279.0,171.0,492.0,158.0,506855379.1100075,2222498.719999956,70899.55999999747,2017399.6500002577,87050.33000000862,163139011.04998887
443.0,36.0,371.0,250.0,375811156.2800138,2813924.689999929,49403.1499999979,584977.8199999211,47082.57999999746,121064668.04998197
436.0,202.0,276.0,186.0,614166871.5700204,2623969.079999957,55854.70999999948,2311861.830000147,93238.90000000462,197710948.9899897
389.0,24.0,520.0,167.0,298127321.0800022,2223638.4099999927,61693.1599999973,464325.8699999777,48486.8099999981,96160635.2699893
628.0,39.0,398.0,35.0,344313850.7699965,1885539.3400000073,49944.79999999853,582674.1499999259,55528.88999999773,111340769.39998235
518.0,32.0,328.0,222.0,364372764.36002284,2656267.229999917,47614.269999996286,502712.86999995774,46186.31999999864,117468756.35998228
407.0,331.0,137.0,225.0,895613269.9300524,2937777.9899999397,60946.94999999809,4180829.009999752,138067.5700000066,288020203.45998555
74.0,490.0,203.0,333.0,1123290514.0500777,3254606.1699999236,84423.2899999892,6132222.3400007095,184746.3799999938,360764629.35999674
450.0,250.0,151.0,249.0,780281975.1300484,2864540.629999893,55971.939999998045,3338579.4399999687,116386.71000000476,250986291.2599779
335.0,272.0,308.0,185.0,750800881.460051,2617064.819999976,67659.53999999589,3460878.1899998197,122334.3300000107,241482389.83998936
374.0,304.0,126.0,296.0,832252633.7300647,3277927.629999906,58132.52999999733,3645322.8699998623,121948.3600000058,267559271.0399658
337.0,187.0,310.0,266.0,618773442.9100417,2959785.259999928,61663.83999999643,2402912.1800001203,92299.56000000479,198974999.01999417
51.0,338.0,383.0,328.0,881947557.4000797,3135080.7299999935,82575.7199999907,4512112.08000019,143213.41000000975,283227353.3999908
74.0,339.0,205.0,482.0,851267122.940121,3925037.4099998265,71295.43999999212,3925783.210000168,121659.59000001018,273166474.87999314
63.0,284.0,471.0,282.0,734176391.1200478,2828527.6799999615,82897.949999992,3637127.829999873,123014.79000002008,235808609.45000473
56.0,256.0,424.0,364.0,713818430.7200671,3084244.5199999227,78950.82999998986,3365048.7600001195,114100.72000001572,229204840.90999883
489.0,25.0,392.0,194.0,344273188.5600176,2565052.36999993,49857.87999999767,450732.9199999663,45648.82999999827,111007155.47998329
321.0,31.0,501.0,247.0,320050590.1300147,2625218.359999959,60754.50999999647,521124.2399999901,46536.429999995744,103040228.74998505
334.0,367.0,267.0,132.0,905960450.9800335,2538729.0800000187,72246.74999999526,4577971.039999988,150781.33999999988,291355928.3799919
669.0,34.0,132.0,265.0,427392338.7900254,3042114.579999869,34722.00000000185,567733.6899998946,45995.21999999582,137756482.93997976
428.0,22.0,343.0,307.0,352569741.80001694,2995335.939999798,48839.619999996394,391622.0099999848,40798.58999999874,113507821.13998571
365.0,401.0,72.0,262.0,1012628583.0800644,3067554.87000003,63860.9899999992,4968302.070000152,157803.0500000003,325580892.789986
382.0,37.0,147.0,534.0,431021812.7200603,4042666.609999457,41251.669999997575,512934.25000001804,34624.229999998206,138378010.97998253
180.0,386.0,282.0,252.0,901553757.1600641,2853620.91000006,76645.78999999346,4580832.429999919,149002.01000000688,289741233.00997996
256.0,548.0,98.0,198.0,1176595020.8300283,2802977.9200001964,76451.36999999377,6392593.600000821,195601.02999999013,378227636.58997595
224.0,478.0,86.0,312.0,1124459580.7000723,3360237.3500001696,73016.03999999484,5847392.010000622,178894.3500000018,361315308.37998456
148.0,366.0,51.0,535.0,964324479.1501275,4251944.1499999035,65115.92999999596,4451609.960000251,134480.18000000567,309490149.2800011
422.0,260.0,37.0,381.0,791919538.6200857,3620793.5799999256,49211.29000000016,3113239.4900000086,105185.20999999851,254534153.6199718
175.0,232.0,61.0,632.0,784259596.5101361,4486423.39999977,55972.049999995834,3044788.990000097,94731.69000000424,251539424.27997282
110.0,270.0,324.0,396.0,780553623.4900597,3278091.9499998433,74097.29999999322,3648298.0700001507,121259.61000001433,250667532.3099944
284.0,699.0,98.0,19.0,1385616529.7599883,2149644.599999768,85643.54999999072,8095233.150001318,245765.34999998065,445584838.62997544
206.0,273.0,607.0,14.0,608481517.3500056,1605086.879999893,85822.98999999375,3124340.4099998623,119900.96000001674,195879745.03000402
463.0,286.0,343.0,8.0,754790271.6400136,1863388.1399999098,67896.27000000012,3630927.8999996083,132734.22000000882,243101511.16999042
767.0,254.0,66.0,13.0,760282841.659993,2123916.199999941,43750.8600000002,3105135.2899996317,119207.15999999936,245115684.8599586
370.0,123.0,273.0,334.0,528013337.5400413,3088851.3699998767,54505.32999999781,1628215.0800000895,70182.03999999372,169766653.65999013
527.0,175.0,389.0,9.0,518983213.24999714,1794609.179999947,59494.07000000012,1941095.1100003025,90472.78000000307,167416844.9499888
98.0,300.0,324.0,378.0,787579221.7300893,3283235.91999997,74578.10999999133,3712853.2300001034,121639.78000001243,252883882.96999547
235.0,259.0,280.0,326.0,758578242.4400597,3139066.389999886,67338.96999999706,3375488.2199999946,114707.59000000941,243754900.17999154
98.0,301.0,324.0,377.0,763828837.1500632,3229509.9999998324,73538.78999999481,3532212.4900000882,117076.91000001796,245244871.2400034
102.0,310.0,297.0,391.0,819309475.6200956,3375999.349999897,73924.96999999312,3897550.0900000953,125418.33000001265,263065885.67999396
116.0,355.0,384.0,245.0,868135027.570065,2798962.78000005,83640.10999999124,4536323.170000115,147300.32000000347,278929441.12999487
121.0,370.0,354.0,255.0,797344792.5200446,2654251.6000000276,77776.9499999937,3982767.8799998625,132024.24000000657,256185209.67999852
281.0,309.0,296.0,214.0,790863212.0600587,2766689.2000001282,73054.49999999515,3776486.5999997286,130772.32000001668,254272298.00999236
271.0,300.0,323.0,206.0,790041339.330054,2720703.840000022,70132.6899999953,3744912.6299999943,127444.70000001075,254001138.2399885
242.0,267.0,255.0,336.0,762836122.6300606,3085091.319999951,66895.16999999635,3422114.980000023,115713.720000007,245098297.00999162
281.0,310.0,296.0,213.0,825050716.8000429,2695135.6199999508,71548.88999999776,4001180.299999855,134929.86000000944,265291592.16998562
415.0,616.0,8.0,61.0,1331633668.8200467,2451544.9799998417,73974.95999999705,7387102.510001381,226873.42999999432,428319904.289979
508.0,532.0,7.0,53.0,1177344424.720002,2385271.459999973,64658.480000000935,6218981.6400010865,196464.99999999694,378835135.6199952
414.0,617.0,8.0,61.0,1331648268.1600387,2334067.4399998626,73852.75999999809,7419390.540001244,226508.22999999305,428326541.4199866
269.0,400.0,391.0,40.0,947647506.0500182,1951112.9899998705,83598.04999999217,5205112.790000165,172007.03999999553,304864503.26998484
292.0,434.0,6.0,368.0,1010117519.3000857,3639623.2800000114,60038.2799999976,4772204.9000001885,147182.99000000165,324537612.84999245
211.0,314.0,308.0,267.0,839805544.9200634,2897674.89999999,73661.64999999215,4109484.8599999896,135372.96000001676,269889782.5299894
278.0,290.0,285.0,247.0,776731657.1900616,2825801.900000002,67219.5999999963,3555149.599999845,122168.73000000973,249744707.76998976
373.0,391.0,5.0,331.0,1006438551.680086,3429528.0899999863,59082.679999998276,4753790.940000135,148743.71000000037,323493537.8299908
346.0,363.0,355.0,36.0,888158877.5100068,2010704.3599998713,78429.93999999462,4694596.980000071,158408.90999999805,285781626.98999465
278.0,291.0,284.0,247.0,782189819.1500585,2761617.400000018,67328.80999999652,3632057.589999953,123237.39000001011,251471249.01998335
364.0,90.0,306.0,340.0,477737172.23005104,3204659.7099998593,52558.02999999671,1229112.1799999524,60677.819999992804,153636415.91998413
298.0,98.0,334.0,370.0,458352624.40005404,3257856.2499998086,56333.819999995874,1173820.7699998354,58360.69999999202,147302940.57998466
307.0,246.0,259.0,288.0,750478298.6100541,3041837.0299998727,67143.41999999652,3350327.3400000604,116327.57000001328,241247146.98999116
457.0,113.0,103.0,427.0,557989005.8300556,3653795.22999977,40142.159999999574,1398546.7999999747,60731.03999999393,179375655.08997938
403.0,100.0,340.0,257.0,467939291.1500329,2653820.0599999465,58012.24999999653,1405041.4800000624,68821.48999999631,150613976.5999846
413.0,331.0,93.0,263.0,878801039.0800548,3237764.31999996,57456.60999999727,3930072.409999791,131004.08000000558,282587883.9499713
444.0,146.0,133.0,377.0,602115891.4300581,3372279.14999988,45495.02999999815,1860019.8100002415,75386.3899999973,193623275.29998043
273.0,291.0,305.0,231.0,775585141.4500545,2842248.4799999977,70305.49999999447,3638637.0599998785,126125.38000000827,249355333.85998768
305.0,325.0,91.0,379.0,906000669.6300744,3562062.7399998554,60983.15999999695,4108326.159999984,130298.7000000115,291091525.4499909
342.0,365.0,103.0,290.0,933403303.2800647,3196823.5999999936,63100.17999999804,4430718.269999955,142209.310000004,300039599.4899808
257.0,458.0,166.0,219.0,1085208409.5300515,2948941.030000039,76636.9599999926,5751038.760000793,180341.11999999563,348820729.27999485
131.0,526.0,191.0,252.0,1157155463.8400733,2937900.690000108,83925.94999999087,6397584.270000619,194272.95999999458,371778658.35998315
359.0,200.0,233.0,308.0,639596163.2600609,3173897.669999902,56243.27999999663,2365499.860000121,89277.13000000146,205631056.9799822
205.0,365.0,355.0,175.0,861628419.0700648,2583286.2600000873,80135.07999998788,4471658.9299999755,149163.7700000055,276988061.2899825
303.0,542.0,197.0,58.0,1187753559.1200125,2213102.2299999623,81215.4499999941,6663126.030000688,206980.05999998527,381991637.8499732
316.0,176.0,548.0,60.0,477080171.0200127,1850888.2099999462,72606.17999999697,1958253.9400002616,88035.93000000672,153693473.4499855
118.0,472.0,460.0,50.0,946987269.1300118,1907206.5199998403,93863.66999998978,5441851.730000108,177082.38999999175,304500942.18999237
266.0,333.0,387.0,114.0,749126762.1600178,2160516.479999956,76497.93999999609,3742446.999999841,132363.69000001033,240998465.4199986
136.0,170.0,532.0,262.0,512637566.0300373,2566317.4999999967,75678.52999999459,2093122.5100000938,84982.50000000658,164760000.49999413
167.0,209.0,652.0,72.0,502201249.7100141,1857225.8799999508,85453.7799999947,2365907.960000157,98648.20000000899,161607891.5799992
312.0,110.0,153.0,525.0,550035862.7300863,3843756.0399996475,48540.25999999765,1514987.5599999723,61504.119999991584,176616872.99998316
80.0,142.0,198.0,680.0,565422624.3100928,4517457.409999524,54821.76999999397,1613925.259999863,56396.64999999071,181126617.50999105
249.0,311.0,122.0,418.0,843046617.0400882,3566888.1699997354,59966.32999999408,3687646.7200001227,118076.06000001,270772344.6499826
332.0,117.0,93.0,558.0,572387369.4100784,4081846.6699995543,44939.339999997734,1499118.3999999478,60226.81999999166,183799843.9199839
253.0,89.0,124.0,634.0,518345684.0400775,4354176.909999528,45228.08999999778,1113517.21999983,46610.69999999379,166235828.79998654
218.0,273.0,62.0,547.0,818796461.6801137,4140184.439999749,56651.41999999445,3360476.7400001246,106727.9800000075,262836099.32997635
65.0,116.0,93.0,826.0,585089286.8201209,5089390.469999876,49021.159999996125,1475371.9899997606,48377.43999999012,187280309.99998686
49.0,309.0,122.0,620.0,859729180.9101229,4290503.129999686,66348.18999999434,3799962.2900002575,114703.5100000105,275749799.5599932
64.0,403.0,91.0,542.0,1024162412.9801085,4118649.949999917,71196.70999999171,5031213.1300004395,149001.91000001086,328673936.45000184
52.0,325.0,73.0,650.0,944717901.010157,4531893.199999838,67502.6599999924,4310777.06000041,127461.7400000143,303036370.7400034
287.0,220.0,235.0,358.0,707357716.3800714,3257995.0999999177,61663.78999999757,2897363.7300000847,102042.68000000232,227321823.55998066
221.0,238.0,254.0,387.0,771066607.7500769,3446784.4899998694,67018.06999999429,3384144.230000018,112702.68000001015,247679480.0599814
265.0,289.0,216.0,330.0,798471455.7600724,3273127.5299999295,65062.469999998706,3554833.9699999816,119054.2800000096,256588107.3899842
293.0,225.0,217.0,365.0,718921337.0000898,3380801.3399998466,61823.1499999958,2979434.2400000817,103704.43000001152,231003318.00998205
387.0,297.0,316.0,100.0,794378907.1800195,2229019.719999938,68576.41999999805,3850786.049999608,135116.8500000067,255647585.33998233
356.0,388.0,264.0,92.0,890101912.3300246,2352250.1599999527,71030.16999999782,4498273.189999785,151510.98000000004,286379466.57998717
316.0,340.0,329.0,115.0,795493812.1400195,2265698.1899999618,73396.53999999787,3940654.4799997187,136993.320000009,255942464.67998683
272.0,417.0,312.0,99.0,938732900.2700151,2240483.1899998705,78271.97999999551,4991208.890000022,164817.95999999202,301948643.4599805
207.0,316.0,215.0,362.0,872688488.960069,3244628.849999998,69188.80999999665,4152516.3300000094,133845.10000000443,280394477.3999862
279.0,428.0,291.0,102.0,930570324.1500223,2254811.12999992,77822.14999999676,4913711.229999908,162111.98999999076,299305333.8999824
392.0,258.0,286.0,164.0,649084814.9500222,2543404.3599999803,62418.80999999855,2677504.670000065,102846.23000000874,208889629.16998738
503.0,217.0,242.0,138.0,652206010.7500362,2543798.2299999655,56308.419999997896,2587226.800000249,100370.50000000473,209987610.20998222
335.0,380.0,245.0,140.0,913108472.1300404,2371474.6399999047,73545.04999999663,4686263.009999897,156044.5799999985,293707527.9299827
408.0,268.0,253.0,171.0,748180836.980027,2556388.1699999813,62638.519999998374,3330167.239999799,119270.98000000656,240737663.4599778
339.0,223.0,248.0,290.0,670563555.8300589,2923392.7999999225,60431.15999999778,2719184.680000094,99399.64000001074,215586127.0099892
305.0,346.0,189.0,260.0,872683464.5700492,3015430.439999973,66630.14999999802,4157283.3799997508,137350.140000004,280551676.659975
458.0,198.0,187.0,257.0,665120611.0100343,2907621.4899999825,51301.999999998945,2491390.950000138,95039.73000000522,214012254.7099824
395.0,294.0,190.0,221.0,810568906.0400431,2781770.689999953,61644.01999999805,3682192.4199999548,125464.7600000073,260703269.97998416
453.0,337.0,185.0,125.0,826174362.9900142,2460873.459999945,60083.289999999746,3797950.2899996997,131700.39000000377,265905399.67997542
405.0,302.0,166.0,227.0,840702089.6000534,2879449.2299999893,60941.74999999838,3831463.719999811,129454.46000000733,270393658.2699817
13.0,375.0,393.0,319.0,879866680.520091,3128806.189999982,88374.59999998791,4650570.080000128,149007.78000000483,282541587.4099941
122.0,338.0,353.0,287.0,853769326.1300639,2901379.1199999494,81599.83999999014,4387165.030000045,143690.92000000586,274298931.7199999
19.0,64.0,561.0,456.0,359824804.7200265,3322362.879999751,73228.59999999338,874283.7199999191,47986.91999999649,115331227.25998607
14.0,384.0,375.0,327.0,915293421.0100832,3180512.310000055,87738.36999998867,4835589.630000274,153586.25000000623,293915722.55999964
12.0,344.0,359.0,385.0,823886234.7200744,3279280.17999993,82851.86999998907,4104850.360000202,131883.73000001523,264472790.97999856
17.0,58.0,477.0,548.0,391266664.42004836,3760474.1599995955,66002.47999999153,853876.8399998951,42680.06999999541,125283611.35998882
114.0,318.0,311.0,357.0,800819625.9500725,3184523.479999915,76495.1199999931,3859307.8100000396,126982.46000001197,257174515.71999967
150.0,49.0,435.0,466.0,382274344.6000329,3346830.879999735,62483.13999999426,820382.2799999071,46162.78999999565,122655072.559985
172.0,56.0,466.0,406.0,350635652.2900232,3182834.079999763,62276.489999994934,637664.7799999623,43363.4599999965,112560684.85998607
154.0,50.0,417.0,479.0,402173020.13005775,3491490.1399996323,61246.83999999232,868350.1099998528,46772.9599999955,129033507.01998705
25.0,493.0,468.0,114.0,1025496217.1300405,2223967.529999882,101208.30999998571,6028837.820000502,191560.54999997534,329570513.7899827
189.0,418.0,396.0,97.0,940876650.7200408,2228039.939999931,86227.41999999211,5158884.569999992,169171.01999999228,302558793.6799825
29.0,396.0,542.0,133.0,866071144.2500358,2164094.1299998946,93268.11999999147,4857650.810000101,158291.91000000105,278331279.45000434
17.0,332.0,674.0,77.0,708480352.6900144,1756015.6399999023,99195.06999999084,4035413.589999714,142216.1600000062,227781347.21002614
14.0,278.0,263.0,545.0,770172972.3401346,4147686.5599995432,71910.9499999904,3365068.720000415,106176.33000001567,247000066.4899946
12.0,161.0,472.0,455.0,543704306.3300576,3500075.1699998174,72269.42999999275,2027940.6899999063,74950.27999999629,174353505.01000154
91.0,202.0,411.0,396.0,584388227.2900711,3080918.0099998666,71760.7799999932,2394688.7499999534,87157.67000000668,187616877.04000324
123.0,188.0,257.0,532.0,630446364.5300852,3842783.4099996495,62786.53999999508,2323297.9299999173,80955.53000000164,202266025.0299939
146.0,223.0,656.0,75.0,538928982.9100109,1798910.519999939,85755.64999999333,2632515.9600000163,104743.22000001151,173405262.70999894
97.0,148.0,435.0,420.0,486012998.7600475,3184962.5999998236,69049.05999999412,1653767.9499999576,68777.63999999639,155992473.70999858
191.0,348.0,340.0,221.0,821257594.3100467,2625313.280000001,77033.07999999299,4130532.479999806,137163.31000000754,263955159.31999415
243.0,328.0,320.0,209.0,787046738.9200382,2657942.269999959,72801.69999999624,3790494.3899998483,129254.96000001045,253034807.98999378
201.0,311.0,356.0,232.0,763143697.7700377,2569764.3000000045,76244.98999999344,3727993.73999977,127727.1700000126,245321813.0199892
231.0,419.0,183.0,267.0,1028978571.4400831,3071629.3800001154,76302.01999999104,5349665.500000741,168674.4800000035,330713500.03999853
207.0,376.0,366.0,151.0,886265486.0200512,2430315.8099999325,82424.02999999326,4692660.829999893,155908.2900000001,284948274.28998977
270.0,419.0,214.0,197.0,956212805.8500453,2696221.1199999456,73333.64999999582,4899139.640000272,157084.99000000136,307422212.4999871
316.0,427.0,186.0,171.0,1007823824.4400434,2687121.150000107,74287.39999999436,5242417.220000246,167345.8699999916,324043826.25998515
274.0,316.0,361.0,149.0,757098255.2600329,2360818.360000001,73711.58999999565,3679406.6099998453,129279.3000000123,243543358.84999448
306.0,352.0,180.0,262.0,900480274.9500566,3114095.1399998814,67738.27999999566,4337032.730000001,141598.67000000997,289455214.3199737
335.0,386.0,197.0,182.0,951754470.9300433,2681487.640000111,69058.46999999783,4767771.549999972,154964.6000000019,306076243.9199801
565.0,147.0,129.0,259.0,588055122.5100443,3173305.7199999257,45371.159999997835,1793165.320000196,76243.91999999875,189261049.40997496
623.0,131.0,115.0,231.0,570389468.220044,2945506.2099999655,40815.78000000015,1637547.7000001676,74037.77999999514,183714140.67997235
456.0,331.0,104.0,209.0,932423100.3200448,2745366.4399999296,60557.4799999985,4429635.379999859,145622.80000000476,299937523.26998466
426.0,111.0,367.0,196.0,478431026.2900293,2578738.9699999383,56103.01999999806,1466314.6400001058,70347.73999999909,154036186.69998845
663.0,172.0,152.0,113.0,589898146.9300166,2507018.680000029,43804.510000000584,1917692.7500004384,85184.47000000431,190152585.29997876
399.0,290.0,343.0,68.0,736852259.5900047,2173246.8999999547,67570.46999999891,3457103.7799996845,125563.7000000081,237207177.22998038
538.0,113.0,375.0,74.0,471694569.5100097,2128254.3499999815,56201.21999999731,1491512.0100001923,76417.08000000377,152106282.90998292
575.0,339.0,107.0,79.0,861207592.9800104,2290693.479999963,54300.61000000086,3940231.2099996367,138135.1499999995,277328513.2299689
414.0,244.0,288.0,154.0,690502593.1000242,2504774.7000000267,63102.5999999972,2980784.499999933,111968.65000000593,222226330.64998683
454.0,267.0,316.0,63.0,749402572.5900227,2132318.669999909,65055.66999999997,3482966.869999798,127050.35000000618,241300134.81998453
120.0,308.0,297.0,375.0,798527221.780074,3162644.9499999285,75555.52999999371,3826480.0100001437,124168.94000001236,256429352.26999667
186.0,287.0,277.0,350.0,790284637.8100762,3307820.4999998286,71379.83999999358,3659046.7000000067,120946.38000001298,253836192.12998563
161.0,36.0,399.0,504.0,346753347.6400206,3583967.5299997167,59835.439999994196,457876.9000000339,35754.390000000145,111181144.92998645
150.0,387.0,91.0,472.0,1005015901.6501133,3935874.4899999476,69165.06999999231,4865850.740000424,147840.80000000502,322670848.5599914
131.0,338.0,326.0,305.0,817694523.1000808,3168588.0899999808,78064.87999998835,4003793.8499999125,132494.65000001778,262685038.84999096
265.0,60.0,160.0,615.0,452805387.2000592,4135900.059999518,44006.01999999822,698612.6699999296,37912.399999996975,145251369.6699848
256.0,395.0,93.0,356.0,997699903.940087,3284641.290000023,65901.16999999835,4903406.3300002115,152916.99000000485,320593415.65998554
274.0,37.0,408.0,381.0,356189378.06001604,3149163.879999773,57435.34999999651,555083.1099999861,41701.13999999818,114436432.16998503
326.0,44.0,118.0,612.0,491008564.34008634,4408009.789999582,41475.67999999822,837638.9099998155,39968.78999999423,157498593.7799867
381.0,52.0,138.0,529.0,479439404.89005864,3874183.139999635,40726.22999999876,858990.4599998372,45445.55999999468,154021299.49998495
194.0,37.0,391.0,478.0,362108612.7700374,3515489.7199996724,57106.36999999494,515352.5100000307,37782.51999999825,116193137.67998418
166.0,38.0,403.0,493.0,379559555.4400432,3662416.4999996335,57538.2199999946,613998.0399999629,38735.07999999736,121699005.95998594
167.0,184.0,337.0,412.0,593406581.9500623,3298095.819999763,66261.59999999528,2273453.0599999474,83869.09000000014,190520297.32999644
219.0,42.0,298.0,541.0,413644920.770048,3925070.119999561,50497.479999997195,657487.5299999808,37150.679999997825,132615586.77998626
341.0,65.0,688.0,6.0,291884652.1700013,1535540.6299999773,73825.66999999832,816229.8299999434,62640.78999999599,94291162.21998832
317.0,348.0,430.0,5.0,824215013.4000064,1752711.1399998893,79930.8699999955,4359906.449999609,150668.34000000003,265288285.32999218
381.0,87.0,624.0,8.0,362305869.32000166,1603717.759999969,72159.88999999856,1229908.4500001026,72640.65000000103,116926766.36998276
230.0,305.0,560.0,5.0,684486430.8199885,1607176.6799998907,87267.79999999533,3654880.60999968,133829.90000001295,220301980.7200049
158.0,210.0,260.0,472.0,703105084.5100949,3733469.0699997023,64301.25999999465,2851327.4700000826,95980.23000001108,225688881.81999516
276.0,366.0,452.0,6.0,799178088.9100165,1769119.66999986,80510.95999999481,4214628.259999575,147573.50999999882,257229729.59998497
438.0,281.0,147.0,234.0,819756308.2600436,2820830.8299999586,57874.93999999698,3651468.0099998987,126606.22000000601,263734587.22997475
417.0,290.0,152.0,241.0,791793839.6100453,2943174.159999987,56153.639999998406,3428843.439999834,117833.89000000467,254648232.81997782
377.0,394.0,127.0,202.0,984636254.270036,2684931.820000094,66076.8999999995,4923097.61000003,158904.38999999504,316643807.83997405
495.0,318.0,22.0,265.0,870387305.9100562,3210226.9799999683,50120.36999999893,3725347.9799997355,124620.5100000019,279959275.55996716
433.0,277.0,146.0,244.0,739630953.4000534,3034823.050000018,54013.869999997834,3006824.7199999904,107670.20000000649,237908733.75997686
415.0,433.0,18.0,234.0,1073534724.1400522,3110811.009999958,62272.529999999286,5323681.570001031,168363.9099999947,345197623.69000506
467.0,324.0,23.0,286.0,894921311.9400748,3316037.7999999784,52863.330000000125,3940108.819999852,129647.91000000546,287783824.3499721
354.0,400.0,129.0,217.0,973800637.6900768,3029444.180000003,67523.20999999653,4832171.9100001,156639.9400000051,313112852.58997345
399.0,451.0,19.0,231.0,1082554193.7400606,3148968.9700000254,63081.07999999844,5395569.760000824,168617.63000000257,348079125.4099987
394.0,446.0,19.0,241.0,1090599372.7500734,3064778.580000092,63044.7599999995,5467703.9300007615,169159.10999999894,350609020.88999546
316.0,159.0,269.0,356.0,594714154.0700738,3379941.249999798,59116.269999994984,2094040.380000089,81452.48000000282,191104648.2499897
291.0,164.0,278.0,367.0,616449826.5600674,3298661.8299997686,61217.37999999584,2300270.0000001756,87023.18000000464,198085968.3899835
272.0,289.0,232.0,307.0,798545040.9400576,3096144.6100000124,66517.01999999778,3658977.6999999867,121777.12000001284,256629063.93998775
286.0,143.0,349.0,322.0,520888508.8200545,3066600.299999906,62334.71999999531,1757990.8300000262,74155.44999999677,167434577.2099901
312.0,157.0,266.0,365.0,594467154.7900621,3233168.1299998574,57448.54999999632,2097518.0600001263,81404.6499999982,191049520.7899896
247.0,262.0,302.0,289.0,725552729.160056,3041950.499999955,69137.3999999957,3259208.329999987,113899.14000001198,233149430.6499965
260.0,146.0,354.0,340.0,527706655.55004007,3076099.619999846,63460.47999999714,1821949.5500000766,74905.55999999937,169560083.42999738
248.0,293.0,236.0,323.0,742006717.2700542,2976273.7699999935,64960.549999997296,3272320.7799999183,112592.4100000058,238461436.16999057
229.0,271.0,312.0,288.0,724445839.4700705,2954486.4499999466,69694.89999999598,3255846.4000000623,113400.42000000714,232837034.23998955
226.0,269.0,309.0,296.0,751261589.6000797,3041987.5999998394,70500.64999999343,3442002.680000123,117116.49000001476,241401552.279999
129.0,724.0,46.0,201.0,1473650302.9200673,2960099.2200001716,89843.70999998756,8565785.280001344,249773.96999999223,473529226.9099865
73.0,766.0,48.0,213.0,1579854982.7200596,3128080.5000001914,96114.98999997723,9389980.37000109,271545.51000000606,507547870.5299711
264.0,333.0,93.0,410.0,913876350.3600829,3559209.7699998673,62938.07999999768,4223894.909999924,133686.5600000064,293588073.45997936
109.0,608.0,214.0,169.0,1251966126.4900112,2513945.130000007,90131.96999998794,7211602.660000876,217064.97999998872,402365210.92997354
127.0,708.0,44.0,221.0,1455958106.660097,3155524.7100002244,88981.85999997873,8424459.390002005,247888.0199999941,467817077.85997725
184.0,233.0,362.0,321.0,662227251.0400562,2981033.01999996,71895.11999999348,2893475.3300000215,103651.2800000119,212771319.43999505
60.0,625.0,220.0,195.0,1262995442.3400812,2692606.2600000957,93149.35999998213,7339170.25000107,218773.19999999096,405790470.04998463
152.0,357.0,99.0,492.0,955395831.8401134,3853099.2699999255,67630.52999999508,4533489.700000298,137719.19000001045,306706849.12999064
111.0,261.0,406.0,322.0,683280949.9100678,3121609.1599999745,77421.4899999933,3127680.639999969,109333.74000001074,219446601.4299999
107.0,252.0,393.0,348.0,705741923.710062,3052930.4900000175,77634.30999999256,3272943.1299999566,112624.05000001504,226665455.87000278
167.0,110.0,490.0,333.0,418099177.7100346,2841871.4799999204,70170.77999999534,1290450.4800000365,62494.68999999425,134303264.80998465
390.0,84.0,373.0,253.0,434082612.0100246,2646022.159999929,54066.75999999666,1109410.0699999686,60855.74999999382,139766078.54998636
169.0,100.0,495.0,336.0,409182936.42003894,2821130.0399999185,69240.33999999655,1240776.859999966,61963.389999992716,131469791.8799882
169.0,111.0,485.0,335.0,441539126.4300409,3056625.1999997846,69415.72999999365,1393384.0399999307,64571.319999992666,141829793.9199863
224.0,147.0,655.0,74.0,440098034.80000955,1879688.8300000022,77940.4399999969,1818206.040000135,84545.51000000426,141718596.49999192
229.0,136.0,659.0,76.0,397548804.1300018,1760105.4499999746,76597.04999999733,1515457.6300001256,77435.61000000204,128086728.06998597
486.0,104.0,457.0,53.0,464490838.34000343,1967041.9899999984,59891.71999999846,1554634.910000168,78907.48000000337,149808140.88999
487.0,94.0,466.0,53.0,384074038.46999836,1924947.0699999928,57603.99999999869,997828.7299998814,65301.54999999644,123994165.82998285
395.0,77.0,371.0,257.0,429544087.01002145,2618416.670000006,56018.99999999706,1114100.7699999148,61258.81999999403,138313537.0999811
491.0,95.0,461.0,53.0,443983966.5500069,1971726.229999987,58672.73999999778,1388181.5300001316,75327.7600000006,143249063.9299834
328.0,295.0,53.0,424.0,880996394.3201023,3779046.079999814,57302.65999999724,3832467.800000047,122379.54000000715,283003974.8999815
86.0,388.0,69.0,557.0,974255038.9601367,4399908.919999854,66261.05999999431,4511431.960000332,133275.63000000996,312600707.8299976
330.0,290.0,53.0,427.0,843980387.380106,3979725.659999683,55840.329999996764,3511262.570000129,113996.17000000786,271084101.85997784
330.0,296.0,48.0,426.0,876062208.2701194,3855365.269999744,56851.82999999715,3772960.210000021,120607.80000000702,281422223.5899808
385.0,345.0,62.0,308.0,906772536.8700664,3198502.4500000365,57677.35999999774,4124338.9199998784,134449.08000000578,291554762.8299875
390.0,342.0,56.0,312.0,932920100.8100567,3198607.579999897,57797.029999998784,4311813.989999846,138712.17000000292,299912659.299989
107.0,483.0,78.0,432.0,1091668646.1001058,3892079.8499999475,73497.3899999909,5526284.700000795,166161.4300000058,350532573.75000423
107.0,474.0,87.0,432.0,1145530712.4800944,3850245.1099999724,77247.27999999298,5971693.380000674,179661.28999999375,367855393.6099917
87.0,385.0,63.0,565.0,1032450974.8701248,4343969.799999864,69386.42999999285,4974268.570000673,146084.79000000624,331312011.7200133
108.0,478.0,78.0,436.0,1149532812.270116,4025307.349999966,77253.43999998772,5982342.840001156,178693.2100000057,369082811.85000014
444.0,179.0,400.0,77.0,560141555.1800086,2031107.8099999435,62433.77999999977,2220199.130000283,95495.19000000678,180508271.54999202
238.0,236.0,525.0,101.0,646354467.4900315,2128336.6499999305,78656.0099999965,3120164.3099999153,115149.14000001637,207919889.67000774
368.0,336.0,332.0,64.0,794873411.6500279,2129709.569999928,72874.28999999732,3927220.0599995595,137699.89000000543,255813515.16998973
446.0,180.0,396.0,78.0,584781082.8800187,2062327.3999999296,63891.359999998116,2401512.710000215,99659.40000000875,188385793.0699878
348.0,141.0,314.0,297.0,574062975.8100669,3127095.1899998775,57642.87999999694,1996962.0300001577,80479.87999999896,184557503.10998762
301.0,274.0,268.0,257.0,732131888.3200561,2789345.4399999627,63666.13999999758,3220680.86000006,113542.11000001468,235409199.0699937
176.0,174.0,382.0,368.0,562972663.730054,3077388.269999909,67102.00999999586,2120314.0100000296,82569.32000000117,180839145.92999825
146.0,326.0,322.0,306.0,827069672.4000582,2989786.699999991,77667.31999999119,4082684.0599998995,133956.1900000122,265708817.73999676
189.0,421.0,410.0,80.0,940344872.1900413,2127960.469999819,89422.45999999062,5264224.950000323,174083.87999998548,302371585.2099762
147.0,327.0,319.0,307.0,808852052.1000568,3016180.4300000174,75415.4999999936,3929262.950000111,127691.92000001397,259796958.58999974
213.0,411.0,168.0,308.0,1023239555.6300591,3192243.510000188,73530.39999999347,5266451.35000053,164364.55999999805,328785070.60998845
349.0,347.0,143.0,261.0,932135918.300069,2996167.430000114,63886.58999999863,4493783.680000079,145876.56000000358,299694703.7699817
271.0,221.0,215.0,393.0,697909562.9300665,3339004.3999999515,62103.14999999725,2850833.60000007,100241.19000000792,224239001.99999133
214.0,412.0,164.0,310.0,972578048.2500775,3142088.1199998613,71968.20999999237,4884557.160000416,154752.76999999984,312543132.0499944
249.0,481.0,197.0,173.0,1016438123.350056,2634263.8800000194,75104.01999999353,5327052.950000502,168494.7699999945,326788105.5099765
336.0,273.0,258.0,233.0,749214218.0900474,2964166.859999916,63647.139999997504,3282167.399999967,113516.63000000814,240879203.64998147
400.0,399.0,158.0,143.0,970063449.6300367,2438612.5800000075,66216.4299999999,4889483.579999969,159267.49999999843,312083667.60997945
503.0,211.0,206.0,180.0,634059198.5200344,2770440.5499999863,54131.79999999837,2363934.7200001925,93932.46000000373,204117109.53998265
429.0,180.0,170.0,321.0,653062630.4800553,3208368.5799998166,51671.639999997635,2360581.070000152,87642.7400000017,209960222.61998275
506.0,213.0,200.0,181.0,689481324.0800316,2594007.1500000004,55731.59999999893,2821403.539999911,107072.0100000035,221957655.43997887
267.0,210.0,191.0,432.0,675084674.3400947,3557947.739999786,57905.619999996125,2564855.060000122,90151.4300000064,216826964.449991
466.0,160.0,145.0,329.0,649308655.4300389,3162421.7899999674,48549.06999999927,2269850.8000001567,86547.18000000087,208829958.9699806
270.0,200.0,193.0,437.0,692108599.6900867,3672430.1099999063,57562.07999999805,2644738.9800000056,93044.07000000033,222303864.41998187
174.0,136.0,508.0,282.0,454313037.75002843,2698179.589999912,69994.4599999961,1574218.6600000705,71229.84999999648,146007783.54999033
207.0,162.0,148.0,583.0,614425159.7200896,4254781.319999569,51232.07999999564,1893466.6500000164,67915.59999999122,197140710.56998333
147.0,109.0,429.0,415.0,465398530.8300472,3127883.189999844,65295.28999999599,1452438.5299999292,63730.03999999229,149404565.00999177
286.0,98.0,364.0,352.0,464306929.26002383,3065309.4299999797,58652.9699999977,1293849.7499999898,61294.62999999398,149232113.44998813
383.0,125.0,120.0,472.0,557329218.920061,3726776.4799998007,43822.81999999778,1444209.5699999712,60917.95999999162,179076230.1699784
333.0,108.0,424.0,235.0,442872420.2800301,2611015.5499999826,62049.42999999619,1351215.059999983,68102.53999999534,142525641.97998384
287.0,93.0,366.0,354.0,443473546.3500369,3182184.789999833,57759.01999999475,1128751.8399999153,57166.099999993705,142521060.3299895
386.0,353.0,342.0,19.0,880608601.7100027,1931699.7699998552,76637.65999999772,4623031.029999621,158170.2699999954,283422908.81997913
162.0,463.0,449.0,26.0,971206739.2000115,1789966.719999828,92133.55999999252,5604026.470000233,181764.81999997926,312340174.66997796
388.0,348.0,344.0,20.0,816670432.8499987,1892978.849999873,71759.99999999872,4106267.8499994325,144679.67000000374,262942740.1299806
434.0,396.0,248.0,22.0,946026068.230013,1961745.23999985,73823.48999999744,4978996.00000002,166259.159999996,304470203.1699822
330.0,302.0,292.0,176.0,746313979.3200382,2578872.6099999924,66502.82999999853,3410872.9199998206,120947.46000001086,240058606.63998923
366.0,329.0,210.0,195.0,822492390.2500294,2560676.290000001,63783.86999999951,3862084.2899997476,132374.73000000737,264611175.00997463
150.0,430.0,269.0,251.0,978146873.9500781,2805151.2000000277,80609.34999999117,5185395.200000416,162365.08999999694,314289441.64998263
133.0,375.0,370.0,222.0,847464106.4800397,2533635.0399998426,82282.45999999593,4420514.699999888,145202.0000000059,272351837.46000093
191.0,537.0,342.0,30.0,1076298522.310011,1903715.7999997868,90530.30999999121,6213346.340000365,197341.56999998094,346143970.60996443
152.0,425.0,271.0,252.0,943632957.0300483,2792066.909999978,78974.55999999268,4910139.390000181,156789.23999999886,303228645.7999886
343.0,7.0,286.0,464.0,342205231.34001964,3331000.8799998527,46692.849999997656,227017.34999998467,32124.28000000291,109976534.9999839
14.0,11.0,410.0,665.0,318057841.0600328,4015573.929999405,61766.319999991996,225807.63000004026,24723.27000000177,101693511.8099868
225.0,383.0,188.0,304.0,944022993.2900422,3015147.1800000556,69294.51999999714,4686667.130000008,148322.56999999483,303365248.4799864
304.0,7.0,378.0,411.0,330605493.54002595,3321493.8999997247,51316.33999999664,231444.44999999698,33410.38000000125,106265865.80998401
502.0,11.0,420.0,167.0,303039317.6199966,2449370.340000031,52371.459999997714,248178.33999997663,41748.51999999997,97800965.5299861
257.0,439.0,319.0,85.0,943885624.6500188,2174267.209999889,81672.05999999413,5106362.790000076,167524.88999999067,303584360.8399889
19.0,15.0,841.0,225.0,194594210.6899959,2171518.6800000235,83922.23999999663,279786.5900000073,41036.05000000202,62499831.08998813
11.0,647.0,316.0,126.0,1370884749.78002,2374843.090000033,103994.39999997795,8346289.650001023,251067.33999996525,440507895.6699497
7.0,433.0,316.0,344.0,1011791994.5800867,3290707.750000108,88206.09999997901,5456917.890000898,168514.17999999318,324873806.10998505
10.0,567.0,413.0,110.0,1090503459.9900362,2127128.2499998338,101990.73999998301,6515271.620000502,204511.2399999726,350454567.28997076
50.0,300.0,579.0,171.0,689571976.7600307,2296366.9299999303,88172.02999999447,3561417.5999999815,125076.06000002049,221601906.66001797
246.0,244.0,471.0,139.0,634255407.3000212,2186455.8399999957,75937.26999999666,2961422.2799999216,111019.94000001253,204049902.27000228
50.0,294.0,584.0,172.0,667552075.2800232,2280389.379999948,88755.13999999315,3430232.190000026,120777.22000002187,214496090.91001412
84.0,505.0,224.0,287.0,1137442489.0400734,3085210.280000131,85459.11999998818,6280204.4200009415,190629.23999998925,365360332.0399866
41.0,247.0,477.0,335.0,608409918.7200556,2909813.4600000326,81358.0599999934,2751509.4699999862,99829.35000000884,195352188.4600033
62.0,365.0,166.0,507.0,969303874.0201024,3800698.8399999305,74242.82999999283,4771951.3800002625,144947.1200000064,311132565.9900024
291.0,289.0,128.0,392.0,788143924.6500615,3411455.4799998733,57038.04999999855,3299305.0899999454,111430.45000000428,253274785.0099816
211.0,203.0,403.0,283.0,586263722.2600564,2797084.939999997,69972.859999995,2399620.8100000457,92164.19000000827,188426699.34000206
370.0,358.0,163.0,209.0,915334686.9800394,2734389.8699999857,65454.529999999795,4464858.979999833,147076.18000000087,294368359.24997157
293.0,284.0,129.0,394.0,812998669.6600817,3453732.5899998047,59966.149999997106,3532529.2800001497,115528.90000000776,261174539.6499756
136.0,51.0,97.0,816.0,490406949.91010255,5202852.819999785,44460.6199999977,730419.0499999209,29589.819999999043,156890548.34999293
407.0,37.0,70.0,586.0,479164823.4000759,4380698.3999995245,36226.92000000267,660991.0099999077,36024.719999995556,153788499.53998333
79.0,489.0,57.0,475.0,1125324645.9301486,4140194.419999794,75053.32999998733,5752738.530001035,168582.98000000857,361224534.24001205
103.0,39.0,340.0,618.0,386860973.3400393,3975216.5199995334,55907.1599999944,562207.5600000251,33332.550000000265,123882012.39998916
273.0,103.0,195.0,529.0,522072431.2200854,4180625.719999484,51283.51999999434,1299448.5899998697,54743.14999999258,167522758.2399926
89.0,547.0,292.0,172.0,1190636779.0200412,2517444.920000061,94175.24999998733,6915975.710000819,211799.60999997996,382615701.21996796
469.0,42.0,371.0,218.0,370377238.5900157,2550848.5799999544,51512.599999997336,650327.2499999267,50566.569999996995,119357273.0399844
353.0,522.0,61.0,164.0,1206459619.7800322,2745397.0000000633,72274.60999999622,6470170.300001316,197958.76999999408,387922326.00000006
234.0,345.0,185.0,336.0,846432037.4600564,3300481.7799999136,67392.29999999519,3947273.1899999687,128701.54000001014,271941037.00998324
294.0,436.0,233.0,137.0,1042007149.4800296,2564628.909999934,78009.38999999392,5581013.480000359,177560.47999998883,335044089.4499864
349.0,308.0,331.0,112.0,789255826.7100196,2275522.8099999684,70473.15999999756,3850457.139999676,133732.41000000862,253939097.25998968
469.0,259.0,278.0,94.0,691097928.5000224,2244666.899999922,63055.799999998395,3043046.7499999893,114253.21000000849,222518316.8799825
420.0,148.0,397.0,135.0,527121998.2700183,2193054.3299999284,61184.45999999838,1935805.6200003114,86008.42000000483,169809503.74998945
302.0,267.0,434.0,97.0,689224011.2200124,2215473.7899999237,74425.72999999527,3282561.009999889,120351.23000001107,221793741.09999308
275.0,242.0,260.0,323.0,729727347.230062,3094590.1399998814,65340.56999999707,3163434.7900001085,110800.21000000808,234535463.8999914
277.0,98.0,398.0,327.0,439301383.07003844,3073490.3399997978,59358.88999999559,1164422.7399998852,59007.4699999937,141204006.85998997
345.0,191.0,310.0,254.0,602633516.8300447,2907657.569999903,60891.739999996236,2274524.84000009,89266.39000000444,193821851.0699901
432.0,95.0,255.0,318.0,453338167.02003586,3082566.1799999,47546.88999999819,1016387.3999998458,55299.64999999399,145851707.00998822
474.0,105.0,426.0,95.0,441322726.1200169,2169029.3799999696,58952.48999999877,1330658.5600000862,72004.72999999826,142305201.47998297
385.0,85.0,346.0,284.0,456832458.9000393,2946484.4999998347,57082.659999995085,1241486.2499999555,62636.72999999325,146971845.40998337
390.0,133.0,150.0,427.0,602036778.1400607,3627581.9699997865,46932.31999999878,1841120.730000047,73150.33999999626,193498621.49997896
350.0,140.0,159.0,451.0,591645941.5000654,3616623.9999996987,48527.799999997434,1816125.7900001311,70781.97999999482,190071123.3399861
364.0,197.0,140.0,399.0,664375196.5900599,3361517.079999845,51366.15999999734,2390924.0700001367,87500.05000000299,213535166.82997742
425.0,144.0,66.0,465.0,628465518.220085,3926302.2099996493,43766.089999998956,1875951.170000127,71689.18999999593,201950197.1699745
386.0,131.0,148.0,435.0,619334901.3200688,3690793.449999554,49390.829999995745,1975523.5600000438,75761.81999999945,199012492.5999824
390.0,211.0,60.0,439.0,724274989.8800979,3819978.5999996946,48033.079999997106,2613351.7200000826,90932.0400000041,232722187.0199761
378.0,151.0,69.0,502.0,633821674.6900839,4022696.249999661,44150.629999999976,1920425.4500000605,70738.0699999926,203536645.63997456
322.0,205.0,146.0,427.0,659518942.5400735,3627257.889999773,52905.44999999708,2343295.030000041,84554.87000000039,211867277.78997946
354.0,225.0,64.0,457.0,696766106.5400786,3802627.9499997864,47715.32999999911,2419720.010000153,85448.94000000229,223844951.48997658
350.0,222.0,64.0,464.0,716248053.7400918,3892546.539999536,49270.13999999653,2579789.190000186,89517.77000000402,230088073.1799838
165.0,358.0,375.0,202.0,816072188.2800622,2622547.87000002,79065.32999999305,4151056.0999998995,138950.27000001023,262303182.1699945
112.0,378.0,397.0,213.0,838006762.5800364,2467832.7100000414,85043.52999999236,4411725.39999986,146191.96000000162,269332296.0300029
154.0,407.0,350.0,189.0,912924869.7200521,2622700.6899999697,85138.07999999207,4882829.480000296,158054.2100000009,293410808.56000394
180.0,389.0,311.0,220.0,903291820.920044,2637981.2600000096,78275.02999999461,4695206.7100001145,151254.7399999988,290311493.8799952
163.0,354.0,371.0,212.0,839133507.6000311,2508853.05000006,81303.78999999247,4348298.559999777,144784.2500000057,269723909.7599929
165.0,436.0,285.0,214.0,991885403.6300557,2830579.6800000356,83411.30999998882,5318287.630000397,167456.0499999991,318698416.18998605
121.0,408.0,326.0,245.0,930624504.3800662,2890484.57000001,80702.25999999017,4857266.080000249,153787.4300000048,298991508.50999624
103.0,424.0,365.0,208.0,998617536.0300366,2694529.9299999643,85169.38999999122,5424724.450000227,170298.329999996,320872941.6799853
113.0,466.0,305.0,216.0,1020858734.7900493,2687445.5599999474,86230.88999999115,5633718.830000498,176188.67999999272,328020597.83998513
112.0,460.0,302.0,226.0,1023820401.2300701,2697951.76000001,86142.45999998979,5620178.5900003,174749.19999999716,328961639.8499775
278.0,238.0,401.0,183.0,656579704.5500197,2367708.5100000077,69979.39999999678,2946192.119999966,109309.97000000848,211210884.69999492
78.0,295.0,499.0,228.0,704095002.3400387,2532659.4899999723,82418.71999999326,3487986.249999956,120577.91000001522,226223134.87001225
256.0,308.0,368.0,168.0,757164615.030032,2376594.85999999,75930.16999999598,3718476.179999883,128546.14000001352,243495241.57999805
435.0,371.0,8.0,286.0,993797249.6300827,3240616.670000012,57270.0299999989,4674336.960000052,148273.16000000158,319516415.9099952
219.0,187.0,315.0,379.0,643702711.9700587,3329668.6699998886,63382.359999996,2545507.740000069,91751.54000000398,206763923.4799859
278.0,336.0,5.0,481.0,940648238.6201222,4147642.879999836,57863.23999999642,4166449.7200000337,129619.95000000924,302091733.4699909
87.0,332.0,7.0,674.0,967077866.3001704,4838575.790000089,63032.629999994686,4309895.190000392,126135.33000000908,310176519.8199899
54.0,288.0,344.0,414.0,760180036.8800759,3390212.4199998504,76125.60999999131,3546480.3100001244,116276.98000001042,244009464.41999963
117.0,630.0,9.0,344.0,1361566352.3701124,3451810.0600001505,81182.85999998827,7553374.200001488,219937.58999999706,437339138.46000665
78.0,417.0,6.0,599.0,1085922779.5601568,4570296.040000092,69378.82999999251,5282565.240001041,154059.38000001025,348430622.5600148
371.0,343.0,78.0,308.0,912580711.9200774,3383223.4399999604,58680.11999999821,4152671.9899998363,134474.53000000442,293352567.7699885
262.0,395.0,89.0,354.0,1000341196.3700807,3379811.9199999645,66216.74999999643,4913031.140000294,152940.70000000286,321428414.889983
516.0,48.0,108.0,428.0,452931487.2900493,3573100.7399997753,36283.66000000044,643185.9799999417,43226.64999999633,145722046.98998165
336.0,312.0,173.0,279.0,817759446.9200444,3055709.64000001,62827.98999999789,3705058.9999997457,123885.12000000937,262894146.07997543
442.0,409.0,93.0,156.0,1008598389.3500305,2722893.8600000497,63383.60999999947,4989235.42000023,160796.04999999458,324425269.37998396
561.0,53.0,288.0,198.0,415468533.71002203,2666935.1199999475,46080.64999999729,801777.9399998698,54487.62999999585,133933932.7799812
281.0,423.0,234.0,162.0,1011879090.8400348,2580743.7999999495,77412.34999999174,5378790.150000631,172958.92999999633,325351535.6999805
532.0,81.0,181.0,306.0,481605512.86002654,3019626.1399998968,43237.25999999857,1094808.709999882,58368.969999994384,155060079.7299849
330.0,50.0,275.0,445.0,411493011.0100441,3653226.169999622,47067.389999996434,594915.1699999735,39445.33999999772,132164211.8199806
430.0,65.0,358.0,247.0,398748535.7100179,2662306.46999993,54541.399999996516,858992.7799998822,54902.04999999565,128407526.58998162
420.0,96.0,543.0,41.0,400678155.170006,1824518.3199999793,66696.61999999823,1306606.6700000812,73561.67000000157,129260045.46998373
459.0,90.0,512.0,39.0,421669474.27000767,1886384.2899999714,62137.54000000017,1336102.890000107,74071.85000000113,136055827.19998127
386.0,178.0,498.0,38.0,525279216.3800114,1871986.1399999752,69623.02999999771,2171086.0400002617,95116.20000001,169274310.2599896
656.0,150.0,229.0,65.0,578310001.3900098,2222613.849999961,45098.45000000041,1919726.2500004421,88045.38000000016,186531237.27997428
414.0,95.0,535.0,56.0,402392220.8700092,1939709.9899999783,63399.85999999798,1224903.4100000302,71461.92000000043,129828997.91998352
565.0,261.0,197.0,77.0,696386951.1600245,2271600.469999931,55068.51999999921,2877811.529999941,110746.0700000051,224350140.61997104
681.0,134.0,205.0,80.0,573952386.93002,2400933.799999951,46012.40000000045,1877365.2300002787,86487.93000000286,185087839.26998222
418.0,167.0,466.0,49.0,545895782.4200099,1995962.3599999687,66062.85999999923,2221215.280000291,94988.50000000958,175881067.50998896
616.0,246.0,185.0,53.0,704359814.0700171,2244171.5699999137,52266.87999999916,2879328.799999866,112415.1500000107,226984570.7699764
606.0,241.0,182.0,71.0,744468665.6600258,2314150.899999996,53289.44999999929,3142611.31999975,117364.0900000043,239828207.76996794
137.0,379.0,259.0,325.0,910614733.0200733,3124580.7500000442,76229.78999999246,4587302.0400000885,143857.21000000724,292486564.18999803
192.0,357.0,245.0,306.0,919381819.2000715,3260285.9899999504,72935.3199999932,4529655.510000225,144893.91000000958,295388905.5599943
126.0,438.0,238.0,298.0,1019348847.340071,2977794.829999934,81424.88999998843,5414704.250000356,168651.3699999966,327502818.06999695
119.0,328.0,372.0,281.0,809696337.180061,2876510.4500000034,78993.69999999097,4014493.510000004,131893.73000001282,260121031.1499976
135.0,374.0,256.0,335.0,945135198.1800798,3200707.969999917,76208.3999999909,4792954.890000356,150761.83000000933,303587135.87999094
109.0,379.0,342.0,270.0,911185596.8200687,2876155.459999954,80917.60999999108,4748037.960000073,152208.69000000332,292741254.04998994
166.0,308.0,349.0,277.0,793591080.7500539,2816662.670000041,75414.93999999437,3856023.8199998657,128533.67000001112,255011486.2699904
175.0,410.0,223.0,292.0,963561051.8300594,3086742.56000003,75471.13999999309,4913035.280000253,154735.2700000037,309570486.7199846
156.0,366.0,329.0,249.0,894305334.9700568,2743309.9300000803,78523.1299999917,4593831.010000076,148948.0000000028,287405576.9299848
154.0,362.0,326.0,258.0,888053267.3000623,2841311.2099999767,79486.30999999329,4563309.180000069,148059.41000000757,285380561.66999817
90.0,179.0,449.0,382.0,546680944.5400506,3035349.4899998833,72841.18999999316,2151679.8399999845,82260.30000000173,175495052.0099982
346.0,134.0,335.0,285.0,514814274.00003725,3035472.339999891,57837.1899999972,1620116.16000004,71663.31999999749,165565966.87998682
72.0,363.0,360.0,305.0,857560791.6200786,2881697.2400000724,83555.69999999003,4437636.440000079,143101.5800000101,275448983.19999874
144.0,287.0,57.0,612.0,805139752.0201197,4485354.0699998,56115.59999999438,3189749.28000022,97868.53000000381,258298608.23997986
88.0,177.0,444.0,391.0,554957462.610053,3267690.6099998094,71761.06999999366,2156048.7299999776,80883.97000000376,178100305.1299993
101.0,513.0,40.0,446.0,1169137675.6201355,3970317.259999994,75008.4299999874,6083798.960001272,177809.03000000556,375354316.1100018
475.0,183.0,37.0,405.0,703012724.000073,3681039.9499998637,43525.17999999949,2404843.7200002023,87323.69999999982,226006261.44996786
289.0,284.0,280.0,247.0,750225630.5000601,2861396.6699999045,66370.07999999718,3389439.219999911,117164.41000001042,241194965.16998827
382.0,374.0,29.0,315.0,946719618.6100678,3388726.809999905,57588.939999997274,4357915.60000004,139838.24000000273,304321371.7099822
378.0,370.0,29.0,323.0,947678341.8100777,3395223.4700000254,58152.04999999817,4373289.450000124,138848.4800000024,304581419.39998215
341.0,430.0,198.0,131.0,1024591290.1700205,2436132.0800000583,74028.89999999563,5405314.120000316,173062.3999999968,329530319.33998865
240.0,487.0,225.0,148.0,1137605792.3300295,2518056.6800000197,82143.15999999082,6289474.790000613,194542.88999999102,365736674.12998146
429.0,256.0,250.0,165.0,739651470.1600312,2514271.319999982,58798.04999999815,3215646.369999972,115857.13000000786,238056779.28998014
315.0,398.0,266.0,121.0,945514809.1300162,2518573.5300000184,74214.50999999465,4877495.54000018,158850.17999999694,304065361.5299771
336.0,425.0,196.0,143.0,941056535.140052,2455005.43999999,71022.04999999775,4799864.700000167,156958.1700000012,302688430.64998937
384.0,230.0,323.0,163.0,675284117.4100415,2551266.8799999636,62966.65999999912,2884574.430000062,107836.43000000918,217304352.63998613
217.0,441.0,294.0,148.0,1009896009.6400452,2392755.0499999747,83417.33999998892,5510934.010000534,174428.61999999502,324670908.4199898
308.0,295.0,288.0,209.0,775974784.6900548,2685348.880000087,68814.46999999783,3632157.049999817,124815.38000001316,249532402.24998868
280.0,268.0,379.0,173.0,680692253.7400417,2394182.869999967,71155.94999999694,3149542.029999852,114930.71000001217,218957593.62999555
276.0,264.0,372.0,188.0,662932928.0900495,2546487.919999938,71396.8399999959,2984163.4899999737,109496.20000001199,213201053.33999398
466.0,54.0,324.0,256.0,412373779.6600264,2752483.4900000007,51114.059999998426,869377.9099998536,55071.30999999551,132830005.1499833
132.0,82.0,495.0,391.0,366352360.05002445,2956997.419999824,67039.57999999485,888435.5199998942,50448.88999999477,117603970.09998813
456.0,76.0,317.0,251.0,420596908.2900203,2838082.6899999767,52290.189999998474,923490.1499998952,55872.62999999585,135414283.42998275
547.0,63.0,189.0,301.0,473642935.19002104,2818121.249999896,44005.74999999884,1114751.0999998907,60612.45999999665,152566328.82998177
594.0,68.0,413.0,25.0,383026538.9199928,1865907.7699999781,51661.74999999883,862175.7199998936,62584.19999999887,123781328.84997842
708.0,118.0,245.0,29.0,506912895.15001255,2017259.7999999786,44036.649999998896,1465964.2900003076,77661.62999999941,163674756.53998122
298.0,183.0,553.0,66.0,536875441.710004,1840975.6499999603,75073.29999999695,2406609.730000065,99854.99000001232,172883968.3000003
188.0,169.0,702.0,41.0,505761482.6200029,1716538.6199999584,84077.27999999469,2402539.450000151,100753.0000000148,162818942.27999625
164.0,147.0,305.0,484.0,564664094.2100827,3720084.149999737,62851.989999994374,1924597.1099999284,71999.51999999642,181163932.7899927
277.0,248.0,514.0,61.0,685874656.2200029,1876829.2999998997,78307.39999999611,3396771.359999781,125327.85000001291,220757646.85999638
396.0,560.0,134.0,10.0,1189944806.2000213,2028933.6199997657,77935.35999999385,6636559.810001074,208913.9399999844,382830745.7099685
516.0,465.0,111.0,8.0,1091624448.6199994,2038068.5099998033,68850.22999999985,5799498.2400009865,186946.20999998337,351337101.899988
380.0,581.0,129.0,10.0,1232647373.620011,2052509.8199998003,77549.01999999573,6911455.210001052,214804.5199999869,396550291.20998394
253.0,357.0,484.0,6.0,848327241.4800004,1766929.2699998468,84510.07999999168,4620336.899999792,158612.06999999392,272981491.11999065
274.0,388.0,93.0,345.0,945055322.4100795,3556592.4699999476,64748.189999997965,4466977.250000037,141479.68000000605,303648332.78998685
193.0,295.0,370.0,242.0,771364954.8600425,2577278.039999932,75433.92999999625,3775606.0799999735,127346.1100000129,247919352.20000136
281.0,253.0,342.0,224.0,716220338.280036,2602809.639999912,68194.8199999973,3244289.8700000104,115721.12000001274,230332595.80999407
368.0,358.0,80.0,294.0,969976149.2700787,3497917.7099998957,62338.149999998575,4583149.270000206,147000.9300000042,311762071.5599939
343.0,334.0,418.0,5.0,798761122.7400123,1788511.629999843,76839.45999999809,4135237.639999506,145979.33000000214,257135436.32999772
276.0,268.0,336.0,220.0,728299302.0100492,2670653.480000076,70166.61999999502,3343767.2599998927,118052.58000000617,234179339.40998366
355.0,270.0,316.0,159.0,728927474.4600251,2358687.6899999236,66615.4599999985,3341403.619999785,121116.21000000926,234586043.8199831
508.0,215.0,251.0,126.0,677715904.93002,2388439.8699999847,56497.829999999,2790208.369999965,107557.53000000794,218244617.8699815
224.0,576.0,200.0,100.0,1212740617.450014,2382749.659999992,85814.73999998644,6912488.940001154,212368.36999998125,389878590.0699866
299.0,228.0,439.0,134.0,672584941.5500119,2221798.1199999237,74219.13999999678,3153111.589999846,116786.52000001151,216409286.58999398
345.0,263.0,307.0,185.0,748488149.290018,2648569.8900001384,68975.43999999602,3431870.159999777,121502.61000001097,240760445.81998593
197.0,507.0,290.0,106.0,1038939720.9300171,2233258.049999886,85242.68999999088,5794927.260000502,182593.0199999841,334023665.819982
434.0,183.0,354.0,129.0,627636191.9600294,2236817.8599999705,64145.3999999991,2656772.0000000987,104505.83000000793,202088002.96998465
342.0,487.0,169.0,102.0,1106426656.0600212,2446907.2100000847,76484.39999999385,5991350.160000735,189191.0199999871,355824562.1199882
316.0,449.0,257.0,78.0,1012587161.3200173,2235645.969999884,76218.07999999444,5417811.830000299,174772.55999999476,325709390.18998367
311.0,443.0,253.0,93.0,993854207.2100233,2320825.099999887,74567.38999999459,5257253.690000293,170325.31999999366,319694792.31998277
301.0,273.0,288.0,238.0,758949142.3800592,2742832.8499999647,68365.01999999602,3508706.6699998407,121572.63000000837,244014842.9699851
24.0,368.0,388.0,320.0,856659620.7300595,3041562.5399999297,83230.68999999197,4392996.830000155,139132.27000001477,275074815.2899965
355.0,124.0,340.0,281.0,531118500.9200265,2814279.0399999414,57748.78999999742,1767550.1500001359,76126.78999999748,170849844.42998624
284.0,258.0,334.0,224.0,703366209.0000503,2720723.1799999573,69334.45999999724,3155657.419999909,113155.49000001042,226159432.76999798
298.0,271.0,285.0,246.0,747862140.13004,2782372.0800000494,66401.40999999814,3382376.909999997,118060.39000000867,240456751.1399859
328.0,114.0,387.0,271.0,494182513.12003803,2909354.4799999115,61677.329999996764,1568181.1300000793,71495.0899999999,158952293.2599928
22.0,337.0,436.0,305.0,790523503.120065,2958588.409999836,85677.49999999195,4041709.8700000355,132422.97000001586,253841481.1999948
30.0,175.0,481.0,414.0,556002093.220078,3362562.179999812,75538.97999999419,2211821.089999929,81785.9000000058,178354591.1400084
28.0,161.0,545.0,366.0,484169537.81003433,2980980.3499999098,78619.65999999297,1905224.509999933,76841.05000000184,155377880.65999547
27.0,159.0,537.0,377.0,480718067.3600484,3059361.279999848,77437.40999999114,1824580.3799999526,74895.51000000034,154259221.70999685
423.0,367.0,16.0,294.0,939992064.3500749,3325677.46000001,55386.69999999811,4283315.60999979,138508.39000000368,302215037.52999526
276.0,447.0,19.0,358.0,1103503896.1900856,3551612.4999999395,65922.329999998,5507411.700000633,166846.25999999864,354563759.71999747
615.0,34.0,23.0,428.0,481449605.0900672,3776948.699999641,29659.030000003666,666786.7299998732,42009.66999999451,154883585.69997722
377.0,327.0,134.0,262.0,892920333.9700735,3036779.2600000254,61900.359999997854,4144096.5899998387,136984.99000000552,287133790.6399799
309.0,269.0,12.0,510.0,838339568.7200983,4005339.0799998334,51564.81999999772,3400677.0400000364,108125.69000000341,269217578.75996864
360.0,20.0,127.0,593.0,420184497.01004994,4270271.719999448,39492.4600000004,359820.5200000107,28426.249999998843,134783765.49998364
174.0,280.0,114.0,532.0,850741330.3201061,4045506.1099997316,61917.79999999389,3693149.6500001904,114697.12000001245,273040756.92997867
260.0,26.0,18.0,796.0,477376407.01009953,5079312.579999719,34327.690000005074,455065.19000004575,24465.479999999865,152905201.23998058
360.0,37.0,237.0,466.0,418831934.9100507,3672935.069999615,47301.79999999712,642690.7999999078,41742.23999999643,134559059.46998346
228.0,23.0,150.0,699.0,431417677.56007224,4803123.999999525,43242.039999997294,406063.9800000389,26298.53999999984,138190204.99998623
24.0,442.0,235.0,399.0,1027065867.540076,3372310.7599999825,82192.53999999102,5406476.9000006,163376.17999999784,329760997.26999
275.0,339.0,180.0,306.0,893884871.7600604,3076025.3499998734,66733.86999999687,4273317.059999976,138931.4400000112,287324247.63999385
30.0,293.0,288.0,489.0,759710087.040082,3709163.5499998033,74403.669999992,3419757.130000118,109854.65000001076,243739557.30000237
23.0,412.0,293.0,372.0,954269425.7900786,3302533.829999981,84150.42999998986,5002795.790000364,155695.44000000533,306383249.9100013
30.0,548.0,291.0,231.0,1168262425.360036,2781549.250000032,92069.99999998596,6668316.170000731,200478.45999998783,375288875.0199706
35.0,345.0,452.0,268.0,774922689.1400404,2680412.6999999774,87213.13999999202,4001427.8999999706,133047.75000001543,248899970.21000975
304.0,374.0,265.0,157.0,895668817.820032,2557288.750000015,71900.84999999512,4487400.449999898,147728.7800000078,288021257.3199765
388.0,258.0,253.0,201.0,754689586.590007,2602439.649999983,61373.13999999941,3352342.129999906,118593.26000000442,242807231.19998127
302.0,200.0,263.0,335.0,681571869.8000498,3174276.4499998996,58547.649999997746,2713348.6900000083,97571.8800000078,219061782.22998586
360.0,239.0,314.0,187.0,669631162.970024,2571945.719999949,64780.21999999817,2872456.8900000723,106731.89000000835,215427980.9799862
25.0,140.0,552.0,383.0,468548557.78006,3325514.119999711,78062.58999999313,1683805.5399999004,69890.63999999319,150295528.83999714
41.0,138.0,544.0,377.0,476433632.7300499,3042904.6499998597,76603.61999999321,1770958.519999945,72640.73999999605,152885628.5399925
20.0,333.0,441.0,306.0,794958089.4600677,2868495.729999931,86684.28999998979,4103561.700000007,135369.3700000152,255273946.23
42.0,239.0,166.0,653.0,738931486.3501166,4259699.089999724,63733.96999999378,2958052.4900001655,93137.46000000437,236925872.02998644
30.0,169.0,664.0,237.0,488738176.7300283,2434069.249999919,85832.43999999216,2174358.3700000574,87618.34000000816,156976156.6499997
37.0,622.0,145.0,296.0,1309378473.500101,3285133.100000258,91390.67999998087,7483763.810001278,220545.04999998998,420537369.6099766
95.0,324.0,225.0,456.0,805540129.3800893,3792264.0699998583,69332.62999999263,3616042.4800000885,114964.18000000888,258535149.59998658
38.0,379.0,503.0,180.0,900512735.8400527,2323096.3600000595,93495.91999998636,5053857.550000205,163298.7199999964,289371016.1699906
49.0,488.0,114.0,449.0,1111968276.2301102,3934828.9200000023,79526.72999998766,5788129.1400008565,171607.7300000052,356953758.66000736
60.0,609.0,142.0,289.0,1312482081.2300844,3220105.5900001153,88583.30999998566,7449657.770001237,218014.17999999248,421564582.4599882
350.0,465.0,227.0,58.0,1101805698.8900115,2183340.8499998315,79871.19999999582,6088415.550000748,193302.50999998886,354394012.73997426
361.0,459.0,223.0,57.0,981160188.4600192,2151958.809999889,72694.67999999641,5153476.560000113,169342.95999999894,315711366.1599831
531.0,138.0,344.0,87.0,521149275.9400095,2209414.149999962,54954.88999999959,1773926.6000001752,83229.74000000286,168001191.5499908
297.0,395.0,359.0,49.0,857505622.570007,2015759.969999852,78930.88999999451,4513560.92999987,152489.96999999965,275890135.9599854
246.0,327.0,159.0,368.0,831725172.0600977,3574911.559999826,62618.12999999668,3662005.5400001537,117942.26000000935,267134098.1999785
278.0,72.0,335.0,415.0,449852569.3500514,3361839.719999759,55869.91999999461,1100138.7199998745,55175.46999999352,144533351.0299837
227.0,288.0,261.0,324.0,728642175.2500668,3139863.7899999367,66646.08999999736,3207488.369999971,111326.06000000819,234142638.16998935
334.0,83.0,207.0,476.0,483567832.1200599,3839044.709999571,46753.77999999702,1035797.8499998202,50016.31999999362,155294085.23998427
430.0,106.0,496.0,68.0,475544663.01000404,1975106.3099999675,63874.989999998834,1711719.2300002682,82958.07000000439,153310630.22998935
288.0,71.0,331.0,410.0,457396841.4000487,3275059.669999769,56123.79999999455,1163094.9499998705,56616.469999991736,146943306.39998877
322.0,190.0,245.0,343.0,638022984.1000583,3245122.5699998755,59910.88999999564,2412393.5900001107,90134.09000000152,205050218.3199875
329.0,189.0,242.0,340.0,635703431.9300544,3053821.639999896,56573.269999996744,2394568.9800000633,89039.28000000627,204347657.97999027
331.0,164.0,252.0,353.0,587663928.9800543,3191288.209999969,57695.379999996214,2075762.1600002085,81943.61999999871,188892655.89998496
348.0,206.0,176.0,370.0,679820574.0300539,3225726.3899998544,55504.19999999826,2591047.58000013,94360.14000000557,218537370.08998844
360.0,213.0,274.0,253.0,626388869.6200489,2779760.86999993,57390.789999996894,2396390.1400001277,92672.98000000171,201483072.24998248
407.0,201.0,206.0,286.0,680254669.9500487,2933491.5599999265,57862.55999999914,2730418.5500000045,99909.49000000521,218760531.55998778
401.0,229.0,197.0,273.0,725417162.0200568,3086572.0499999123,57978.8799999967,2976460.1900000144,106176.17000000911,233265058.7199855
380.0,182.0,279.0,259.0,606539575.1500475,2810421.389999893,57269.799999996365,2241431.100000161,88526.06000000193,195114461.5599879
366.0,176.0,180.0,378.0,625587749.0500686,3387169.6199997673,51647.76999999621,2134389.1800001515,81767.83000000012,201111976.1999799
415.0,199.0,204.0,282.0,689318410.350067,3217362.1899998696,56589.12999999532,2694532.0900001694,98464.28000000482,221632342.4299779
187.0,628.0,64.0,221.0,1331206244.270097,3142266.8600002634,83674.23999998065,7482898.240001919,223035.97999999652,427761506.53000486
201.0,619.0,63.0,217.0,1371240704.9900496,2860960.22000012,84150.39999998982,7793863.090001366,231041.4899999917,440688417.569972
196.0,606.0,67.0,231.0,1316715435.740067,3024479.080000128,82777.90999999037,7385251.150001476,221225.59999999276,423120982.7499893
127.0,426.0,397.0,150.0,941055902.9000326,2414669.5499999137,86966.23999999356,5168325.340000102,166513.97999999524,302477258.619985
225.0,756.0,77.0,42.0,1545302880.0300105,2238433.4799997113,94356.51999998707,9317462.100001166,279574.3700000006,496807629.61993283
149.0,459.0,464.0,28.0,1013854112.2799886,1774258.9199998167,94145.96999998721,5914413.660000422,189722.1899999771,326042415.9499816
154.0,476.0,443.0,27.0,976305778.1700159,1811286.4099997997,93081.11999999323,5631873.5900000045,181221.01999998625,313963583.5899788
254.0,722.0,80.0,44.0,1487220251.580036,2215182.21999974,89692.49999998383,8805976.700001745,263236.9299999906,478184126.3699753
141.0,401.0,405.0,153.0,897396528.6000253,2273246.6499999743,87288.09999999317,4900125.980000082,160671.86999999874,288475387.09999615
160.0,454.0,459.0,27.0,950959943.4700243,1817386.0399998734,92853.48999998989,5467251.540000201,177506.69999999093,305815118.0899904
268.0,222.0,308.0,302.0,648091455.7200603,3052145.279999824,63266.30999999567,2618335.500000096,95734.82000001054,208280880.29999164
281.0,218.0,304.0,297.0,676310263.7500618,3236856.239999848,63705.06999999573,2761823.760000045,99803.7300000144,217356200.56998444
244.0,303.0,279.0,274.0,846195685.9100615,2930285.4099999997,69263.04999999625,4056763.4599998817,133226.84000000762,271985848.45998263
305.0,251.0,202.0,342.0,732211252.1700907,3422736.099999842,59350.439999995746,2983449.460000014,103662.88000001089,235324952.25998345
238.0,197.0,273.0,392.0,659061596.5900654,3414045.1999998637,62412.15999999542,2599508.8500000304,93123.98000000133,211701520.20998618
242.0,301.0,160.0,397.0,862960156.8100766,3419744.3899999587,64889.02999999647,3968900.6799999983,127433.45000000474,277229176.2799868
279.0,216.0,174.0,431.0,711215171.5400738,3584561.3499997817,57760.19999999672,2773578.6700001205,96192.7100000054,228467811.9299848
229.0,269.0,247.0,355.0,786086181.9600711,3384372.429999939,66156.62999999631,3502258.160000068,116590.81000000692,252525537.19998157
285.0,335.0,178.0,302.0,879652720.4800528,2979078.4199999985,66822.09999999708,4226072.849999858,139079.71000000322,282757371.0799809
253.0,297.0,158.0,392.0,839503993.8900717,3385595.17999992,63410.869999996175,3770541.8899999387,123129.07000000814,269710502.4599744
272.0,251.0,290.0,287.0,703806437.2200514,2993583.9099998754,66596.39999999665,3057770.760000106,109008.0100000079,226252684.1399912
278.0,249.0,288.0,285.0,714827575.2600666,2976914.080000011,66021.14999999703,3100110.0699998713,110043.21000000603,229798786.73998284
350.0,6.0,374.0,370.0,331805246.4500081,3289421.5099998373,49477.889999996565,214295.75999998458,33323.65000000142,106677284.31998508
288.0,265.0,244.0,303.0,745939537.7300558,3105065.239999973,63886.43999999742,3237739.9899999863,111424.13000000644,239742896.97998706
346.0,318.0,368.0,68.0,738700079.050023,2059385.7499998964,73109.38999999705,3608780.379999852,130124.17000001055,237762437.1599927
534.0,9.0,453.0,104.0,294342824.31000286,2090452.3500000208,49336.12999999715,203653.91999997257,44052.300000000105,95186650.34998924
378.0,338.0,312.0,72.0,856304427.0900184,2148947.0399998575,72330.44999999824,4342719.139999822,148179.50000000285,275551423.4399838
490.0,8.0,509.0,93.0,266734607.79999945,2031946.7899999896,56950.269999996846,196138.74999998402,43945.57999999873,86230112.40998842
384.0,6.0,316.0,394.0,349272312.9200291,3488030.2899996224,46221.28999999705,207486.9099999958,32775.20000000186,112297459.3399828
542.0,8.0,447.0,103.0,287875726.3200012,2196454.6600000295,49765.169999997044,140575.3899999914,41198.880000000085,93056752.47998782
612.0,84.0,207.0,197.0,497592981.42002517,2767636.2599999057,42610.60999999855,1230717.1600000248,65365.63999999568,160383394.42998177
623.0,82.0,202.0,193.0,507795335.99003804,2713743.7200000044,42703.96999999854,1327285.3300000725,67807.52999999706,163654344.18997815
534.0,213.0,180.0,173.0,659368091.1200223,2654878.0,50702.69999999837,2488875.800000156,98381.17000000521,212333460.41997448
735.0,101.0,27.0,237.0,552989754.0800418,2989207.829999888,30554.26000000197,1300689.9500000684,65241.2699999967,178230876.56997365
519.0,71.0,175.0,335.0,462008211.7400374,3189794.3799998504,41199.979999999254,885410.0899998464,52381.11999999397,148741516.4299825
528.0,211.0,19.0,342.0,721169887.6700588,3484150.849999786,43520.82999999882,2578921.95000017,95165.52000000316,231989413.84996977
614.0,81.0,22.0,383.0,529888341.34005874,3753334.1299997387,30977.98000000322,997397.829999788,51329.199999994664,170506348.5799707
472.0,181.0,153.0,294.0,665442240.3900572,2973328.4999999306,49779.809999998746,2437612.1400001436,92716.06000000481,214101942.1899827
636.0,244.0,23.0,197.0,762296990.1100335,2909840.0500000753,42974.530000000275,2942523.599999892,108171.32999999946,245445686.9899627
539.0,207.0,19.0,335.0,736146422.5000691,3438693.9499999587,43970.18000000011,2688904.6199999885,97046.74000000017,236771010.26996496
82.0,297.0,363.0,358.0,726323393.3100731,3175296.989999914,76681.76999999263,3375344.86999993,113386.95000001155,233223289.39999747
94.0,293.0,359.0,354.0,740912339.8500714,3159432.659999932,74033.40999999428,3445215.210000001,114912.6200000117,237927659.92000332
76.0,356.0,336.0,332.0,833651947.2400725,3188758.1999999443,78969.34999999592,4143271.410000011,133296.1600000144,267694621.8699985
90.0,326.0,290.0,394.0,786039933.810068,3409964.199999927,73158.6799999923,3647753.350000033,118850.32000001072,252358370.40999156
75.0,270.0,331.0,424.0,740657204.2600949,3389267.9499997916,72574.42999999317,3342705.3500000653,110577.18000001254,237748844.79999426
76.0,353.0,242.0,429.0,909507677.3901178,3940531.1899999254,75863.98999999075,4398666.900000201,136853.0900000147,291949805.1399937
93.0,291.0,258.0,458.0,767876789.5601062,3832561.8999995766,69735.05999999293,3380530.990000292,109001.86000001639,246424030.21999523
80.0,323.0,305.0,392.0,835142874.2100986,3270496.0799999377,75737.18999999229,4047922.9500001254,129660.4000000119,268160031.88998452
95.0,384.0,263.0,358.0,955444118.7800918,3166336.499999957,79702.46999999146,4930984.24000032,153907.65000000692,306861769.0999915
86.0,350.0,240.0,424.0,863230087.8401083,3721262.9199998747,74549.23999999036,4124164.480000188,130634.2800000167,277111293.92998815
147.0,262.0,105.0,586.0,839486565.820111,4177777.5699997502,60720.55999999575,3586175.2000001785,111320.3600000055,269393194.83997726
280.0,226.0,90.0,504.0,746608366.9000821,3703790.6799997645,52382.94999999649,2865098.11000009,96005.15000000394,239790220.1199791
111.0,467.0,79.0,443.0,1083778490.260109,3837992.7899999334,72387.78999999238,5473136.560000782,162685.8200000002,347960373.29999715
133.0,238.0,198.0,531.0,751036700.7000896,3970449.3999996954,62106.65999999669,3060045.090000151,98794.4200000049,240996752.80998784
162.0,290.0,116.0,532.0,864108636.6401204,3973476.8599996697,62194.66999999492,3805207.100000145,119641.24000001195,277416159.2899819
110.0,464.0,164.0,362.0,1080615035.2400873,3393462.929999942,78965.35999998922,5686283.020000751,172174.36000000013,347064915.41999215
278.0,224.0,187.0,411.0,698755180.69009,3548182.409999736,58469.27999999573,2723651.449999983,93991.65000000306,224427608.57999238
234.0,445.0,75.0,346.0,1064375831.3200892,3530242.859999953,69530.25999999444,5344810.14000056,163908.99000000165,341944201.0499971
205.0,389.0,138.0,368.0,964388189.890091,3540926.010000034,68857.95999999697,4665458.63000006,146033.94999999687,309781211.2499876
218.0,414.0,146.0,322.0,981040845.6500897,3458955.299999872,70818.6599999957,4851413.240000185,152895.51000000627,315174363.88998973
297.0,369.0,270.0,164.0,878482827.3800197,2414991.4399999906,69890.59999999727,4379626.119999859,146293.89999999976,282576617.9499818
1.0,505.0,370.0,224.0,1121905266.5800629,2701477.0300000575,96119.65999998487,6486577.41000065,198525.8099999899,360392884.7399788
356.0,222.0,325.0,197.0,669611612.9500301,2520767.5499999877,65614.26999999807,2918196.7799999253,108549.88000000568,215447261.8599869
278.0,347.0,321.0,154.0,855117020.8200457,2411883.049999977,73749.35999999515,4320545.159999907,145072.07000000664,275023376.34999394
315.0,393.0,287.0,105.0,936177493.6700242,2349256.1300000222,76577.13999999572,4905659.720000083,160153.4599999987,301068862.41998917
354.0,220.0,408.0,118.0,643723758.8600307,2166366.9199999706,70165.0399999985,2902163.5800000443,110667.78000001046,207205018.64999488
1.0,501.0,464.0,134.0,1013982030.9300294,2189807.7399998964,98649.34999998694,5951731.170000192,186643.0599999843,325822641.79998136
1.0,367.0,536.0,196.0,832912452.2600509,2462777.2499999115,95274.29999998715,4594028.0900000855,150809.65000000419,267583508.09000495
1.0,294.0,544.0,261.0,681889303.4100524,2663557.5799999563,89613.39999999024,3465341.6899999673,119766.34000002047,219000978.52000672
1.0,325.0,601.0,173.0,739859486.350049,2328053.5099999737,94165.81999999225,4008387.649999884,137023.24000001207,237703611.01001355
490.0,77.0,206.0,327.0,458033614.7600344,3137749.8699998586,43370.209999999795,922970.00999983,53471.04999999446,147442681.66997698
188.0,115.0,308.0,489.0,512818909.02006483,3576144.099999722,59394.06999999541,1551851.9299999466,62872.79999999237,164559990.9299912
479.0,99.0,202.0,320.0,530670603.95004714,3157252.0499999207,46348.30999999928,1441644.8600000818,66830.18999999388,170762491.69998446
575.0,90.0,51.0,384.0,548432524.6700494,3509795.62999976,35325.72000000141,1265251.0000000033,58960.31999999459,176456623.99997345
528.0,83.0,223.0,266.0,480829240.02003497,2959132.1799999177,43675.18999999879,1112773.5999998483,60154.229999996416,154856925.23998466
611.0,127.0,54.0,308.0,602810486.6200303,3211878.3199999165,37233.2700000016,1724073.380000199,74715.86999999727,194078246.39997482
281.0,172.0,97.0,550.0,704734346.7700971,4112492.739999601,49681.00999999748,2474265.3200001153,83521.33000000176,226223198.70998147
204.0,164.0,334.0,398.0,547893273.6400493,3232101.95999977,64762.91999999559,1951063.8700000008,76942.08000000106,175963036.74999675
232.0,187.0,80.0,601.0,683272597.1801172,4381825.439999647,49409.75999999562,2272703.7899999837,76045.7399999984,219191764.74998328
268.0,215.0,93.0,524.0,716626447.1200979,4164816.5599995772,51720.19999999605,2559037.2099999613,87134.06999999718,230058109.26997852
239.0,328.0,457.0,76.0,786661108.5400207,1986775.8999998975,81678.43999999411,4127114.9099996965,142952.03000000937,253076099.61000112
335.0,291.0,406.0,68.0,758620354.9700165,2014511.7899998792,75026.38999999655,3776837.7999996976,135017.44000000833,244164224.88998827
234.0,345.0,447.0,74.0,792165400.6000041,2043046.2699998887,81399.91999999512,4135534.599999631,142958.5500000072,254837683.49000472
280.0,385.0,346.0,89.0,868286227.060007,2187460.5999999437,78698.7499999906,4540438.1299999105,152831.53999999948,279303546.5499895
172.0,237.0,331.0,360.0,744144613.1000849,3475648.3599997954,70830.8199999919,3302624.820000152,111291.36000001692,238971077.7899922
190.0,280.0,234.0,396.0,810770437.4600775,3523314.9399998593,67246.44999999608,3641816.9900000216,118393.7400000109,260373649.09998646
277.0,241.0,216.0,366.0,713965827.6500754,3258197.719999876,61317.71999999581,2931210.8800000832,102963.67000000819,229433413.80998743
246.0,230.0,299.0,325.0,665115668.2800516,3063117.399999901,64666.15999999779,2737363.46000005,99065.37000000822,213767816.45999148
377.0,352.0,295.0,76.0,862533503.0400149,2088678.2499998945,71942.96999999892,4410311.249999886,149822.8300000029,277552041.32998574
272.0,255.0,213.0,360.0,694896910.0100558,3135036.3599999202,63162.96999999669,2892270.1400000732,102425.95000000662,223330653.20999154
410.0,33.0,626.0,31.0,280613998.31999683,1717595.160000006,66643.23999999861,558899.8999999491,54636.35999999819,90681980.27998628
657.0,21.0,402.0,20.0,321946595.10999966,1871976.0500000175,48249.439999998096,395110.5699999301,51414.269999999146,104202062.43998389
221.0,523.0,339.0,17.0,1105618673.7500024,1878860.5999997868,89403.05999998885,6397647.790000492,202467.71999998658,355583478.7699716
625.0,50.0,378.0,47.0,369941528.880007,2045952.4700000135,48643.16999999905,694974.0399999162,57264.16999999837,119549280.91998293
301.0,24.0,460.0,315.0,321223045.02002037,3125066.66999979,57324.33999999557,336778.5100000075,38127.430000000655,103274849.56998502
220.0,518.0,133.0,229.0,1168642547.5900593,2767762.420000026,78177.85999999451,6350190.230000776,192821.8299999888,375608882.81999314
650.0,21.0,157.0,272.0,394603319.8200274,3113099.4799998915,34091.06000000161,311696.2599999554,39279.11999999822,127217188.39997894
370.0,349.0,226.0,155.0,866819702.4900202,2447870.3900000243,67559.58999999796,4252151.949999652,143346.58000000243,278869814.509985
496.0,469.0,120.0,15.0,1113564060.799979,2051052.9299998314,71532.88999999852,6005419.110000435,192134.17999999181,358348661.12999094
422.0,399.0,102.0,177.0,969557390.3100382,2738157.6699999124,62505.07999999876,4730656.060000031,154705.55999999825,311882855.6799839
482.0,299.0,21.0,298.0,854239265.5800592,3258481.0999998436,49663.01999999841,3613255.4199997894,121382.21000000412,274727743.7399601
282.0,396.0,27.0,395.0,1025329260.060114,3882150.9999998645,63485.47999999584,4887486.780000527,149333.92000000807,329343821.78999305
537.0,207.0,23.0,333.0,736699577.2600538,3474502.399999876,44105.28000000006,2670361.650000067,95704.94000000114,236935096.1699709
358.0,222.0,299.0,221.0,643518907.8200324,2725275.3099999307,61205.16999999788,2587779.730000071,99189.76000001175,207026826.7699942
410.0,255.0,17.0,418.0,848921401.0100832,3677901.449999828,51313.269999997225,3523240.8299999875,115045.95000000698,272808815.0499676
339.0,131.0,284.0,346.0,487943757.07004696,3160758.9499998367,54464.09999999678,1362170.8200000043,63767.69999999177,156898715.21998972
167.0,234.0,315.0,384.0,690599473.2300782,3384460.5299998326,67864.95999999465,2894202.610000076,100426.5700000071,221789424.19999257
258.0,224.0,25.0,593.0,727177914.3101056,4404083.339999736,49531.829999998066,2549908.750000076,83650.15999999526,233355136.55997217
213.0,185.0,404.0,298.0,579279117.8900515,2935857.259999843,70208.669999996,2316060.750000036,89413.75000000675,186132424.20999855
181.0,158.0,343.0,418.0,556675467.6400604,3329278.129999863,63520.99999999548,1985503.5100000505,75803.5199999977,178713125.09999046
340.0,158.0,445.0,157.0,528733047.5700114,2324219.5699999626,66016.58999999787,2028767.8900002916,87405.95000000192,170202602.30999255
94.0,209.0,590.0,207.0,567861218.2500592,2537157.159999908,81338.08999999436,2580428.050000066,98609.33000001649,182482852.48001418
379.0,49.0,497.0,175.0,332363197.9300162,2373620.329999972,60641.419999996615,636397.7699999401,51334.16999999753,107105120.12998492
409.0,189.0,314.0,188.0,580184994.3300184,2426642.409999987,59497.529999997816,2214973.160000153,91689.20000000393,186785077.1899889
290.0,134.0,379.0,297.0,520211109.9700472,2861196.899999923,61300.96999999667,1780740.6300000807,76024.34999999843,167282188.64998683
376.0,48.0,290.0,386.0,399209557.67003673,3142646.819999832,49619.539999996465,687860.2499999363,46044.18999999517,128387407.87998341
93.0,207.0,343.0,457.0,605161367.4500774,3483791.2499997504,68258.25999999282,2341358.400000002,83480.63999999998,194177307.59999964
86.0,53.0,539.0,422.0,355149145.89001894,3189324.4399998533,69488.01999999431,819632.2499999431,47846.07999999555,113933378.01998885
147.0,90.0,540.0,323.0,413040027.8000406,2841372.069999822,71937.92999999516,1310598.4499999285,63815.499999992535,132706695.37998736
108.0,66.0,397.0,529.0,413694610.0100533,3795251.6199995913,61822.31999999215,900926.7599998619,45416.069999994645,132613304.14998595
57.0,441.0,162.0,440.0,1052003021.3200917,3548230.189999998,78767.75999999107,5475746.10000075,164836.25999999716,337753806.729987
279.0,347.0,128.0,346.0,873979254.4200703,3340331.769999843,63980.4999999966,4023785.4499999173,129785.67000001094,280819608.58999604
63.0,365.0,181.0,491.0,955858442.0900929,3781267.239999906,74062.22999999154,4680905.100000262,142757.67000000947,306813323.2099952
42.0,327.0,404.0,327.0,822607471.0700854,2993810.0299998154,84564.09999998989,4208072.850000205,135769.9500000205,264146740.47000158
86.0,668.0,246.0,100.0,1333111571.2000642,2405881.3299999335,97001.47999998402,7911012.510001052,237846.46999997977,428454180.51994807
63.0,361.0,603.0,73.0,807258764.4400198,1860542.7999998638,96094.0599999897,4586316.459999878,154685.3999999981,259547290.50001112
277.0,345.0,426.0,52.0,814184283.5800099,2002043.7999998054,81938.38999999614,4290707.869999241,152248.8500000006,261982093.079982
429.0,395.0,196.0,80.0,891547357.4100237,2345782.119999967,67971.86999999895,4446751.989999739,149813.36000000453,286877158.34997725
234.0,216.0,360.0,290.0,650114318.7200662,3031187.619999979,67025.94999999486,2705241.4199999943,97829.69000000521,208908586.27999452
302.0,278.0,464.0,56.0,680357138.5500308,1957135.0899999433,76704.96999999744,3325660.4999997597,122887.49000001556,218994533.58000532
61.0,272.0,552.0,215.0,653303231.0100349,2468674.960000046,86557.26999999309,3234795.979999948,114905.2300000112,209904914.42000604
248.0,223.0,453.0,176.0,590066176.3500307,2377382.569999985,72567.05999999456,2558570.190000133,99142.87000001034,189799518.3499936
58.0,303.0,532.0,207.0,736121643.5800471,2387312.969999922,87570.15999999369,3844173.0599999027,131975.38000001648,236530531.13001084
58.0,261.0,574.0,207.0,640197561.6700504,2472652.4799999115,86130.49999999363,3166375.2999999854,113615.93000002055,205698427.5400081
48.0,213.0,435.0,404.0,639238680.3500603,3252635.1299998458,76708.92999999269,2800010.1500000935,97847.27000001099,205155422.58999908
45.0,233.0,442.0,380.0,656811709.2900741,3207311.439999843,77655.79999999086,2945042.51000006,102332.66000001096,210843973.5000003
198.0,177.0,390.0,335.0,587694784.8500493,3124659.3199999025,69631.9899999953,2316776.760000073,88214.67000000317,188789044.33999425
198.0,206.0,361.0,335.0,653783824.9600642,3151360.369999895,69299.94999999405,2738712.369999974,98141.17000000692,210027081.9899978
233.0,242.0,460.0,165.0,649242988.4400325,2385060.4300000397,74080.26999999439,3021426.9399999375,110313.97000000834,208768931.87999675
193.0,200.0,380.0,327.0,604302094.9700574,2915894.8799999254,68533.8499999932,2484781.840000081,92470.7000000099,194164592.98999408
278.0,395.0,63.0,364.0,1012376940.0000763,3496494.0300000673,64369.51999999805,4920413.180000338,153905.2700000044,325312917.58998954
367.0,352.0,57.0,324.0,939605120.6700922,3341345.639999984,58384.04999999805,4316561.820000018,138155.18000000736,302031762.34999406
272.0,410.0,62.0,356.0,1044800945.47009,3424561.8699999833,66508.7299999983,5178718.430000791,159156.31999999896,335676112.3200093
272.0,386.0,86.0,356.0,996218104.780085,3536066.420000026,66231.15999999628,4820207.130000246,151236.39000000272,320100647.5399923
393.0,559.0,90.0,58.0,1249358713.6300106,2251011.329999784,77431.51999999413,6996674.940001958,220332.07999998782,401871076.34997904
370.0,558.0,117.0,55.0,1242637803.2200205,2191397.2399997287,80243.97999999484,7011710.020001021,220198.33999998803,399703797.35996175
484.0,464.0,103.0,49.0,1086517497.1800213,2263116.779999871,66908.43000000039,5678369.950000552,183196.13999998942,349648850.54998696
484.0,492.0,75.0,49.0,1130167169.3800108,2255289.6399998977,67618.72999999992,5989843.340000706,189819.95999999158,363650360.0799821
353.0,359.0,76.0,312.0,940771531.730075,3067543.3999999696,60701.789999998044,4442435.100000123,143672.29000000574,302460863.3999801
472.0,480.0,101.0,47.0,1117124234.060018,2245173.2899998804,69261.75999999825,5947457.490000653,190099.3899999902,359453166.1999774
400.0,29.0,429.0,242.0,338884753.5100121,2675065.639999917,54860.42999999524,488855.429999972,45684.61999999855,109169331.74998252
322.0,32.0,477.0,269.0,319107637.8900083,2665604.679999944,57379.439999996466,433872.80999998003,42580.11999999851,102706356.28998476
322.0,239.0,345.0,194.0,650694192.5700238,2542065.5699999332,66441.0399999974,2801527.509999967,105266.82000000625,209331977.65998128
391.0,29.0,444.0,236.0,327598544.140006,2547491.619999972,56926.68999999702,475360.31999997015,45702.52999999697,105534466.69998391
431.0,31.0,462.0,176.0,330769549.69000816,2335412.4999999935,55808.08999999821,543289.8099999687,49257.24999999672,106671224.70998631
335.0,248.0,380.0,137.0,660846178.7900367,2367367.489999914,68460.39999999646,2930650.400000046,110359.1500000134,212655304.1499977
341.0,34.0,533.0,192.0,322512558.8900122,2440122.6999999983,64269.27999999547,626016.4999999384,51407.689999997616,103919945.9099847
271.0,277.0,400.0,152.0,710318088.0700146,2157449.6399999736,74098.83999999684,3436186.6299997387,123318.03000001078,228504730.23000216
249.0,255.0,389.0,207.0,714610573.5700387,2679281.8099999884,72660.31999999462,3310871.2499999595,117380.95000001224,229754444.3099929
265.0,271.0,415.0,149.0,715385183.7100192,2364430.209999955,75512.18999999583,3427301.769999765,122817.59000000721,230088695.71999043
156.0,273.0,185.0,486.0,811285962.8000866,3901388.219999865,63605.99999999511,3491809.23000006,110536.64000000877,260409837.1299834
51.0,303.0,206.0,540.0,799173511.3601099,4025316.599999684,69314.3899999928,3506474.1700001587,109677.12000000851,256367321.58999327
195.0,66.0,232.0,607.0,442780655.15005654,4154135.769999486,49618.53999999741,740931.1199999154,38542.97999999837,141928983.85998538
152.0,267.0,206.0,475.0,726721539.1400952,3821571.569999749,62996.939999995324,2953276.4300001264,97555.77000000875,233244859.09998995
168.0,294.0,199.0,439.0,825742912.6500916,3533641.4799998365,67802.20999999446,3760943.080000077,120879.87000001363,265164769.15998334
208.0,70.0,280.0,542.0,435279892.3200528,3853542.1899994933,53734.26999999359,859290.5199998302,44441.019999994285,139636456.71998468
54.0,321.0,247.0,478.0,878460530.2501141,3934384.06999983,73501.2199999896,4128568.790000233,127986.09000001296,281903393.939993
73.0,84.0,295.0,648.0,467897177.6800767,4482808.149999505,56540.4599999926,1001014.8999998263,42419.64999999551,149809496.23998812
64.0,73.0,291.0,672.0,455726135.28007704,4218177.78999953,55606.31999999378,954065.0499998457,41673.37999999436,145919413.01999277
71.0,81.0,323.0,625.0,473232283.29007894,4274353.069999465,59042.669999994294,1129419.2399998202,46897.41999999287,151566862.38999242
325.0,135.0,4.0,636.0,658896006.5501088,4408127.049999628,42055.45000000074,1945171.129999996,68796.23999999069,211503622.8499765
189.0,159.0,4.0,748.0,647342898.860136,5157709.209999866,44806.78999999656,1781436.8199998029,58548.9999999885,207434167.00997946
271.0,295.0,3.0,531.0,892061040.5401417,4420088.129999789,55919.399999996844,3750465.8600000767,116415.5800000062,286379964.01997703
212.0,88.0,385.0,415.0,444852895.7200342,3320019.0199998044,59051.35999999583,1147167.0699999086,55007.31999999287,142836551.54999107
447.0,186.0,5.0,462.0,718934452.9401077,3812082.2499996843,42338.76000000071,2443891.4600000666,86217.00999999986,231047981.41997036
223.0,242.0,404.0,231.0,666088414.100039,2666076.240000015,71677.16999999517,3002525.539999951,108406.82000001169,214131901.44999352
145.0,121.0,531.0,303.0,471539019.25003904,2828506.999999927,70678.63999999448,1648979.2000000635,73230.89999999743,151512681.41999125
207.0,455.0,5.0,433.0,1069690440.5101266,4018398.979999827,65506.09999999564,5177487.280000707,154812.7600000048,343525139.47000676
102.0,223.0,373.0,402.0,653232388.500082,3348567.509999925,73249.36999999412,2781213.370000045,97596.63000000601,209706461.59999835
123.0,270.0,450.0,257.0,737367260.7900474,2714148.0599999293,81786.72999999489,3648007.869999916,125339.5000000166,236901553.82000268
415.0,301.0,222.0,162.0,785803910.0600337,2617364.95999995,62383.19999999927,3578020.1699997294,124904.20000000838,252809750.5999858
347.0,330.0,244.0,179.0,823996391.9700488,2599868.709999957,65444.939999998,3887430.2899998184,132639.94000000565,265058234.25997874
371.0,386.0,198.0,145.0,927662838.3400472,2646721.809999985,68877.09999999804,4616561.55999993,151373.87000000218,298377210.5399833
451.0,327.0,146.0,176.0,875296636.9000291,2666956.9300000384,62432.310000000434,4128626.8899996374,140323.64000000374,281608293.329972
336.0,243.0,180.0,341.0,711457356.020074,3344795.259999918,57027.569999997184,2820727.920000086,99156.04000000641,228651413.70998737
325.0,339.0,105.0,331.0,894372426.1001029,3491776.289999872,60332.349999998165,4044695.979999966,131099.14000000645,287417118.8699775
297.0,282.0,126.0,395.0,797072599.9300966,3606712.869999822,59138.21999999712,3377662.1800000276,113086.01000000509,256087647.4299765
250.0,342.0,175.0,333.0,908213211.8200743,3228031.9699999643,66983.55999999863,4348973.469999927,138615.54000000464,291818995.4099875
333.0,455.0,141.0,171.0,1049824404.620067,2736417.5399999223,70066.14999999534,5425137.290000712,170727.57999999763,337555904.1999932
267.0,364.0,113.0,356.0,976445068.0100874,3446736.249999874,67533.34999999554,4755323.5000003865,149537.92000000854,313732178.7600071
381.0,239.0,140.0,340.0,742427029.6600734,3330858.479999923,55001.96999999735,2969163.4900000794,103985.06000000754,238655522.33997583
468.0,210.0,123.0,299.0,720699261.4500687,3131691.709999878,52243.78999999779,2808942.9400001317,101817.5200000064,231813426.84997776
332.0,350.0,122.0,296.0,897063413.870054,3131582.4099999913,61681.71999999737,4186177.929999748,136506.9000000003,288368396.15997374
331.0,208.0,265.0,296.0,668756438.9100552,2921901.73999993,59570.21999999672,2676490.8900000965,98565.94000000745,215040382.929984
365.0,228.0,134.0,373.0,728157224.0700724,3443659.489999899,53487.5799999977,2835366.750000116,99658.54000000714,234032508.99997988
284.0,299.0,227.0,290.0,796740144.9700526,3021722.079999958,63446.31999999776,3591722.439999843,120871.35000000543,256096345.71997657
400.0,179.0,229.0,292.0,628436812.7200658,3134019.479999813,56450.15999999609,2311818.390000209,87842.07000000119,202066150.30998832
400.0,302.0,105.0,293.0,847629689.710067,3218004.0699998527,57479.969999998924,3747582.7899999456,125153.04000000589,272504436.1599696
371.0,280.0,212.0,237.0,785253373.8700432,2917914.62000005,61289.12999999877,3469893.899999889,120433.48000000758,252537543.50998002
359.0,272.0,206.0,263.0,751589858.6400471,3084608.210000025,61301.65999999845,3205116.4899999066,113056.75000000856,241687376.68998083
107.0,513.0,414.0,66.0,1069998191.2100296,2053688.979999816,96411.27999998924,6258046.710000339,197320.00999997952,343987687.7999767
227.0,451.0,364.0,58.0,970731878.780023,2123876.5199998636,84468.35999999323,5347920.630000139,173099.69999999725,312196279.7000008
164.0,197.0,637.0,102.0,563396019.150015,1982373.659999953,82734.72999999495,2677037.1499999715,105496.10000000894,181271619.75999606
164.0,788.0,47.0,101.0,1618605975.1800208,2591357.5700000976,96236.17999997774,9733132.140001696,285157.1000000197,520222274.28995866
102.0,491.0,397.0,110.0,1017896309.890042,2234329.0399999702,93079.04999998728,5820791.120000363,184051.66999998922,327182310.92998666
309.0,370.0,88.0,333.0,931279280.9200661,3369233.799999961,61004.73999999785,4338434.390000007,137563.54000000292,299268185.47997653
309.0,616.0,37.0,138.0,1388772750.0400512,2595048.7500000955,80687.14999998939,7887629.550001388,235444.51999999123,446472882.2799771
310.0,154.0,498.0,138.0,488386959.23002,2233170.2999999677,70158.1499999957,1862235.950000205,83972.52000000619,157238831.26999015
588.0,292.0,70.0,150.0,828553837.4400538,2718469.3299999814,51133.94999999879,3575996.5199997327,125496.66000000556,266700024.1099623
533.0,265.0,63.0,239.0,820325444.5400747,3102808.500000057,48681.61999999936,3404503.0299997893,118836.82999999922,263944630.9799531
165.0,153.0,397.0,385.0,525184595.3800671,3240778.9499998004,65133.229999993935,1815388.1100000131,73055.55999999886,168658146.0299993
563.0,88.0,228.0,221.0,479713824.63001835,2829314.93,45477.46999999871,1165767.5099999737,62601.9899999962,154530112.80998033
181.0,63.0,435.0,421.0,386191564.46003205,3141009.649999841,61629.95999999501,840103.8699998886,48420.44999999478,123994883.44998443
101.0,94.0,668.0,237.0,358247030.1400155,2312609.8599999747,77849.88999999517,1199516.9099999573,63942.729999993586,115168028.43998852
150.0,139.0,360.0,451.0,506714317.1400379,3258157.119999797,62885.649999996334,1627782.6100000106,67287.77999999242,162668665.78999805
100.0,35.0,662.0,303.0,277652059.3800032,2623857.489999948,74358.629999995,522246.7500000204,43676.589999998396,89150902.4599856
397.0,62.0,440.0,201.0,372747433.43001306,2449052.1000000047,59304.509999995,845874.4699998982,56251.979999996314,120091518.30998051
558.0,33.0,226.0,283.0,416682241.0800285,2974268.699999892,42067.60999999928,668384.8199999024,49330.79999999622,134254451.1199786
429.0,25.0,477.0,169.0,306955966.67000365,2366887.0199999786,57702.15999999773,411387.9899999728,46745.91999999932,99023886.59998895
411.0,24.0,456.0,209.0,316595374.21001095,2510445.039999907,56143.909999996016,399348.51999997266,45288.52999999676,102083255.28998448
241.0,238.0,312.0,309.0,688476203.240052,3188262.1299999524,66860.8999999964,2899560.7399999914,103481.37000000876,221249517.2999926
123.0,271.0,355.0,351.0,683580653.4700646,3114744.5199999376,72347.60999999208,3026582.4499999927,105123.18000001309,219523915.42000008
248.0,214.0,321.0,317.0,659567243.9700505,2937003.319999992,64676.40999999666,2740604.86000005,98456.10000000345,211963417.6199897
286.0,281.0,167.0,366.0,808768821.9300767,3371515.7999997884,60835.71999999499,3533576.240000067,117332.88000001514,259869913.74998617
234.0,230.0,303.0,333.0,696506146.9400587,3148534.9999999437,64922.51999999576,2932621.8100000285,102866.8100000052,223819684.01998448
284.0,246.0,166.0,404.0,715590721.9800881,3570369.7599998107,57938.24999999645,2819456.330000134,96607.54000000439,229875996.43997994
143.0,315.0,187.0,455.0,836082689.4301189,3881632.739999743,66655.40999999495,3747848.780000234,119356.36000001385,268418454.43998185
122.0,236.0,354.0,388.0,631364570.1200657,3390376.619999952,70829.94999999342,2598701.8500000318,93102.1600000032,202704650.76999038
155.0,300.0,202.0,443.0,801486943.4100921,3611817.2199998735,64841.539999996654,3533496.84999997,114450.50000000486,257353058.31998336
148.0,287.0,193.0,472.0,790936526.5900962,3911758.7199997627,65486.26999999503,3413484.590000161,108823.79000001146,253835135.96998307
703.0,297.0,54.0,46.0,832554418.3300191,2209596.309999918,47087.42000000107,3631608.479999371,132105.84999999858,268261716.64995497
67.0,773.0,140.0,120.0,1554243571.540067,2810656.9600001494,103315.4499999653,9448965.43000189,281583.8000000045,499432757.6699147
538.0,486.0,41.0,35.0,1113908066.3800025,2217474.5699999053,63132.480000002106,5803572.610000846,186361.04999999108,358507875.7899822
503.0,212.0,352.0,33.0,608753032.9300119,1960394.6499999447,59657.42999999895,2481949.010000215,102735.75000000818,196216681.34998456
493.0,208.0,37.0,362.0,684141590.610066,3541952.829999755,42442.42999999917,2303838.090000262,86614.68000000126,220041496.93996894
330.0,297.0,231.0,242.0,814503306.5800425,2902202.460000002,66319.33999999739,3774446.6599997827,129378.23000001023,261909929.70997724
21.0,245.0,407.0,427.0,681802280.7000738,3214191.119999876,78616.94999999061,3127723.8800000018,105909.28000001215,218826546.81
23.0,567.0,48.0,462.0,1255763863.4401593,4120965.36999995,80727.80999998857,6721432.15000131,193430.54000000158,403087596.1300122
24.0,582.0,452.0,42.0,1192075043.1200109,1922330.6099997016,105778.04999998078,7298883.590000598,226134.32999997144,383157339.9499547
17.0,418.0,325.0,340.0,907252114.560094,3277936.499999997,83971.39999998869,4709998.630000339,147459.24000000537,291279034.5399887
177.0,403.0,262.0,258.0,960558815.5700427,2931413.019999919,77103.96999999249,4940826.290000381,155524.63000000163,308649053.23999566
231.0,379.0,247.0,243.0,932172335.5800431,2749395.030000032,74158.77999999541,4754769.200000095,152792.8799999984,299617380.929985
233.0,181.0,346.0,340.0,590393011.7900561,3092644.379999854,64478.86999999615,2249215.4900000803,85796.21000000398,189705720.7599928
218.0,497.0,67.0,318.0,1120596780.1600711,3405200.980000098,71487.189999994,5768576.880000781,175045.99999999785,360038214.3199899
213.0,487.0,317.0,83.0,1015951176.3900241,2243321.6199998944,85780.19999999132,5664635.5400003,180991.57999998328,326666411.56998086
445.0,345.0,138.0,172.0,863071748.1600285,2644230.570000019,58290.18999999973,3986870.8499996224,134908.15000000296,277676186.1099722
351.0,574.0,78.0,97.0,1254361821.8300405,2512857.819999925,76704.63999999565,6943866.660000792,213694.74999998615,403390116.34997964
379.0,211.0,405.0,105.0,627116545.8000166,2095306.509999965,66852.42999999823,2768537.4700000104,107831.48000000948,201909876.69999498
389.0,217.0,86.0,408.0,710947388.6800662,3623665.1599998376,48457.869999997405,2570299.410000013,90567.67000000096,228474370.46997535
535.0,298.0,119.0,148.0,854398724.410032,2568867.4700000454,55320.009999999485,3881422.919999771,133336.9400000032,274993878.40996766
119.0,230.0,436.0,315.0,636848750.3200502,2924587.9999999376,76752.17999999401,2836602.6600000663,102395.96000000804,204571813.07999322
260.0,197.0,373.0,270.0,593245308.1900306,2751318.88999996,67711.22999999551,2398184.7700000317,92581.90000000798,190717155.70999634
138.0,91.0,505.0,366.0,425739824.00003546,3079642.489999856,69760.29999999529,1282247.3699999324,61079.24999999154,136688515.1999869
130.0,251.0,375.0,344.0,695076325.9500635,3095431.609999961,73776.86999999495,3124864.200000026,107124.17000000733,223234201.9199933
127.0,247.0,467.0,259.0,637874113.6800448,2648133.009999973,78289.7799999945,2939695.4299999755,106371.72000000952,204958570.30999655
167.0,111.0,483.0,339.0,428130498.44004405,2969957.5999998543,68141.63999999473,1291079.4299999678,62019.81999999201,137518146.7099916
299.0,226.0,338.0,237.0,672432104.7500464,2780263.5899999556,64601.28999999824,2844719.079999981,104291.2800000095,216236502.90999442
315.0,82.0,452.0,251.0,407752045.48001903,2711522.9399999296,61134.75999999712,1052552.7099998686,58436.8299999935,131180037.96998028
321.0,83.0,363.0,333.0,447004795.1600531,3056160.4599998463,57332.90999999495,1183550.3999999308,59615.57999999391,143734359.96998975
345.0,90.0,390.0,275.0,419749759.90003806,2904327.519999894,56759.37999999654,1025750.6899998387,57268.7399999949,135041366.60998523
350.0,461.0,205.0,84.0,1025750897.1700226,2304862.039999952,74475.34999999583,5446864.010000543,175205.90999999217,329959672.35998935
97.0,616.0,274.0,113.0,1308356489.0000262,2324889.349999948,95888.54999998039,7760523.9100012295,234858.78999998054,420524071.73995525
406.0,359.0,237.0,98.0,904954166.200022,2401519.41999994,69172.76999999843,4514656.17000005,151915.62999999948,291188295.53998774
382.0,503.0,123.0,92.0,1124496949.2900248,2412883.889999943,73044.68999999632,6048904.450000844,189961.56999998694,361689516.3599874
375.0,494.0,220.0,11.0,1089376423.4500153,2013783.249999814,78183.41999999595,6002209.640000607,192029.5899999925,350487325.72998965
492.0,436.0,158.0,14.0,990476765.3700056,2043870.5399998722,67417.85000000018,5110876.300000206,169495.719999995,318838773.54998404
122.0,773.0,188.0,17.0,1534311560.5100126,2114437.1399997054,104566.99999997675,9482933.640001515,287529.87000000186,493206467.73992735
134.0,571.0,376.0,19.0,1145371035.4600096,1888523.0799997963,96445.5399999896,6787565.990000618,212901.10999998273,368281629.5199721
138.0,589.0,213.0,160.0,1236847550.6700282,2695533.5099999676,88901.58999998734,7054541.190000989,213433.34999998534,397488168.179971
158.0,675.0,244.0,23.0,1328972920.520047,1944920.779999711,98225.71999998689,8006845.830001056,244059.2699999701,427284942.7999368
235.0,114.0,320.0,431.0,500039433.54007006,3543562.0799997277,58167.08999999342,1425352.3899998683,61321.85999999202,160568544.76998976
197.0,119.0,334.0,450.0,498527678.65005517,3527110.079999758,58956.019999994875,1434787.9199999257,61784.04999999198,160061010.2799873
183.0,332.0,249.0,336.0,825333478.7500905,3278129.6599998963,71370.23999999493,3886672.220000006,126416.15000001271,265117646.95999113
208.0,101.0,408.0,383.0,474263769.57004505,3168367.839999853,63558.71999999504,1463625.8699999866,65428.23999999179,152345408.4499927
325.0,158.0,443.0,174.0,541281175.9200082,2311023.399999947,68569.98999999547,2144824.160000162,89705.81000000899,174199852.3099939
207.0,376.0,406.0,111.0,893091863.4900237,2205214.249999949,85338.4699999924,4845210.03999992,159920.02999999907,287193433.26000094
233.0,142.0,569.0,156.0,441966293.08002293,2151031.349999939,75388.8999999954,1701076.9400000686,79021.12000000535,142223482.69998944
195.0,442.0,332.0,131.0,1030597370.7000296,2401801.959999917,85248.2299999932,5721715.880000464,181569.57999999548,331312475.8299913
138.0,311.0,336.0,315.0,822696936.7800324,2956419.550000014,76652.73999999322,4042086.0899998695,132581.7700000104,264295340.20999432
173.0,390.0,421.0,116.0,884673872.4000387,2313654.399999921,84910.79999998926,4771439.690000161,157009.52999999965,284426344.7799987
5.0,596.0,154.0,345.0,1312757821.4801207,3706719.3100000783,91836.3699999847,7410321.110001195,218092.49999999645,421521547.8799699
438.0,360.0,93.0,209.0,885779563.4500467,2858789.809999985,57119.46999999979,4052466.1199997324,134618.15000000296,284936674.6799727
7.0,440.0,201.0,452.0,1033122503.8801334,3753700.339999921,80223.47999998834,5323673.9800005555,158723.86000000554,331586092.03999
5.0,489.0,323.0,283.0,1053648585.9900593,2927020.839999975,90651.01999998651,5881538.660000517,179514.66999999929,338392183.47999024
5.0,478.0,123.0,494.0,1152115685.4301426,4139641.699999809,81186.37999998633,6059692.17000104,176903.2100000102,369767565.91000456
5.0,273.0,320.0,502.0,782440554.5900886,3672086.589999754,76196.02999999218,3633744.300000307,115780.13000001723,251029295.12000477
342.0,281.0,186.0,291.0,785544020.0100728,3131631.269999935,60159.879999998055,3419098.9599999697,117127.61000000758,252567257.67997086
435.0,202.0,92.0,371.0,679525292.4701,3628436.3299997384,47391.24999999819,2357853.660000042,86692.17000000268,218444979.2099744
443.0,205.0,241.0,211.0,640684988.1800495,2833240.6799999294,53356.549999997835,2388675.580000213,93196.41000000245,206186221.62997472
385.0,178.0,209.0,328.0,572026685.1800537,3259173.3099998967,51782.12999999739,1802123.7100001494,75092.87999999765,183967167.84998658
4.0,208.0,293.0,595.0,667679456.600084,4060974.249999628,67164.25999999284,2632947.7500000135,85999.95999999947,214026916.21999878
382.0,136.0,192.0,390.0,552664452.6400586,3465171.4499998763,49514.20999999803,1619486.0000000193,68445.21999999411,177651586.92998642
3.0,372.0,239.0,486.0,894920789.9301044,3896256.879999707,78201.91999998703,4359969.530000341,134151.75000001883,287155584.99000037
3.0,159.0,482.0,456.0,515185363.44006026,3355810.8699997454,73338.96999999344,1897926.3299999232,72569.92999999523,165194571.86000264
4.0,210.0,296.0,590.0,623309992.4601002,3978238.499999722,67641.85999999262,2372166.2600000105,80074.27000000032,199794134.99999696
2.0,299.0,414.0,385.0,765859439.5100746,3205721.4299998838,81672.0699999912,3731251.760000105,121331.17000001282,245810672.66999725
320.0,114.0,345.0,321.0,473147120.81003183,3015000.8899998576,58737.92999999738,1363866.4799999362,64491.499999992746,152130336.9299908
335.0,261.0,168.0,336.0,806837635.7400651,3290504.819999859,58395.52999999622,3492724.2400000817,116854.2500000083,259321590.31997737
284.0,221.0,306.0,289.0,689598531.190044,2932916.5699999435,62793.07999999667,2891971.7100000517,103790.53000000924,221703899.1899865
285.0,222.0,307.0,286.0,639070572.1500487,2873468.129999966,63561.679999996406,2592052.2500000447,96908.60000000782,205482659.01998603
240.0,356.0,404.0,100.0,853049957.4500406,2273327.1799999583,81261.04999999305,4466383.189999888,149781.00000000276,274344226.879993
108.0,410.0,466.0,116.0,889626730.9200362,2135907.0499998825,89050.0899999923,4929048.1399999885,160314.76999999772,285981951.3399984
345.0,30.0,580.0,145.0,298371760.67000353,2152740.9200000362,64513.39999999737,554886.0799999686,50617.72999999699,96214876.48998639
323.0,479.0,162.0,136.0,1063052908.9100475,2549388.809999994,73020.69999999508,5618881.870000539,177110.89999999382,341840864.3799765
241.0,357.0,406.0,96.0,827555026.7700331,2136496.2999998825,82244.10999999268,4373537.33999981,148941.7900000049,266172723.8199946
554.0,48.0,278.0,220.0,395479987.6000193,2625120.759999937,45049.24999999902,649715.7799999175,50662.18999999612,127518610.77998109
156.0,588.0,199.0,157.0,1271715042.9300537,2749111.8100000876,89921.33999998673,7312721.130001295,221142.96999998167,408700064.6699688
169.0,37.0,724.0,170.0,259700028.390001,2065180.350000022,75929.30999999696,557691.2699999864,50295.71999999808,83624383.59998855
308.0,68.0,394.0,330.0,395780608.1600235,2997025.059999833,58220.16999999661,851590.7099998789,52163.12999999622,127266940.17998472
314.0,69.0,400.0,317.0,413286890.4200345,2945275.919999821,56061.74999999724,939107.5799998733,54175.17999999437,132941870.55998446
358.0,237.0,48.0,457.0,806450904.4700673,3782144.7399999197,51879.71999999788,3244562.480000023,107504.53000000374,259090761.0299708
245.0,273.0,55.0,527.0,836271805.7501048,4076214.599999784,56056.74999999833,3463117.3200001237,109898.21000000362,268480960.0499692
393.0,153.0,53.0,501.0,672701241.0400887,3989736.9399996907,45246.649999997055,2177837.350000057,78278.03000000415,216093673.24996993
305.0,202.0,204.0,389.0,643955796.4000765,3555190.6299997536,56290.669999995516,2310444.3900000732,85267.86000000015,206905369.4499879
460.0,304.0,61.0,275.0,845950917.2800694,3160933.6699998807,52841.539999998786,3613783.1099999556,122950.37000000624,272110568.5099712
415.0,162.0,276.0,247.0,593895562.8100443,2814506.139999933,56651.37999999779,2143745.400000213,87507.64000000626,191125809.71997884
259.0,289.0,291.0,261.0,770637155.1900499,2798568.529999918,69323.04999999612,3578822.449999909,122084.80000001246,247748063.58999255
381.0,250.0,86.0,383.0,803801961.8900511,3504595.1200000187,53934.48999999824,3313140.44999991,111186.77000000313,258339467.2399703
223.0,147.0,251.0,479.0,567390436.7200803,3622900.7199996626,57876.84999999441,1853414.3899999855,71743.17999999694,182181897.74998403
291.0,191.0,326.0,292.0,599677210.5700483,2845488.6899999045,62990.37999999737,2326063.3700001733,90553.66000000744,192830889.35999733
121.0,475.0,285.0,219.0,1060096094.7200623,2639901.360000042,86977.46999998891,5875750.54000076,182843.9699999909,340653499.8699835
347.0,365.0,219.0,169.0,884960534.0100503,2619197.380000002,69125.13999999745,4347512.179999814,144626.9800000029,284606645.9799861
133.0,413.0,313.0,241.0,966420337.2500658,2601952.870000078,82802.97999998996,5211397.010000326,165331.930000003,310572204.48998517
163.0,639.0,2.0,296.0,1380230837.6100864,3365586.530000292,81330.5099999909,7703687.560001429,225641.1399999947,443440315.1199801
100.0,392.0,235.0,373.0,944046986.1100671,3248893.0299999476,76837.93999999281,4776569.880000321,148454.03000001004,303192561.390006
140.0,436.0,2.0,522.0,1077447816.5901306,4225439.249999887,66670.28999999329,5258010.86000107,154947.19000000937,345881842.7500246
360.0,379.0,1.0,360.0,998205299.4000819,3539872.529999993,58480.65999999834,4677171.960000167,146421.14000000336,320787016.91999686
317.0,265.0,201.0,317.0,764266391.0000618,3127971.9999998813,62203.49999999534,3308152.6900000246,113174.72000001052,245662755.3699798
473.0,396.0,1.0,230.0,1002852110.2200655,3150270.610000052,56644.999999999396,4751878.270000254,153551.01000000472,322526565.30998975
387.0,324.0,1.0,388.0,918147163.9801116,3762492.039999818,54274.049999996714,4030953.0599999833,129497.3100000062,295065480.96997714
202.0,199.0,519.0,180.0,521611248.9100272,2420913.86999998,74806.90999999517,2162837.6500001037,89269.20000000979,167755119.52999854
361.0,164.0,427.0,148.0,520455432.55002534,2347511.7399999625,64016.79999999773,1942425.2600003285,84992.79000000333,167582302.94998688
177.0,312.0,454.0,157.0,761108287.5300292,2334415.619999973,81283.96999999453,3865272.4499998568,132519.96000001632,244724594.80000493
243.0,239.0,402.0,216.0,669998983.4600332,2557101.0900000017,70777.94999999536,3003501.869999948,109552.97000000527,215457421.94999307
204.0,200.0,522.0,174.0,565215804.2200185,2283451.3199999467,77848.89999999566,2538423.4899999793,99566.36000001189,181775508.9800066
209.0,367.0,345.0,179.0,836067917.1100373,2619514.7400000226,77375.0299999946,4223911.709999653,141593.49000000727,268771648.7599828
421.0,191.0,321.0,167.0,575739067.7300265,2455372.0199999935,58005.25999999833,2154776.640000261,90032.85000000552,185364973.35998887
324.0,264.0,384.0,128.0,708322101.5600163,2339230.6599999755,69197.71999999587,3296038.9999999446,119814.12000001177,227917133.5799849
369.0,299.0,281.0,151.0,806728656.5500404,2453281.7499999395,68529.05999999764,3854861.489999576,132693.48000000848,259536853.3299867
370.0,301.0,283.0,146.0,800387926.3300109,2357860.2099998686,67274.20999999713,3807001.3499997263,131944.67000001032,257543685.96998876
316.0,313.0,171.0,300.0,813612948.0800655,3165304.929999918,62213.43999999768,3637214.9700000207,121636.85000000888,261521120.54997733
142.0,383.0,208.0,367.0,985777229.6600782,3265649.6199999438,75278.0699999918,5019193.100000486,155572.80000000185,316644644.1099935
410.0,79.0,221.0,390.0,461062068.91003996,3200919.5499998624,46126.52999999811,1011254.8299998398,53598.709999995255,148273944.2599869
356.0,354.0,52.0,338.0,938622646.2600633,3352226.409999989,58597.529999998944,4328645.679999959,137607.0800000058,301686351.9999845
317.0,315.0,171.0,297.0,798265998.8900354,3161455.1100000455,61914.82999999927,3552072.859999873,120021.43000000434,256576546.8599812
484.0,93.0,70.0,453.0,569619701.2900765,3731087.489999608,39123.26999999964,1433090.1100000613,60811.1399999945,183118708.19998032
165.0,447.0,66.0,422.0,1076379213.8801498,3973686.3399998224,70923.76999999286,5359218.460000708,160511.8000000094,345618445.32001257
198.0,104.0,292.0,506.0,498387418.790075,3734146.6699997503,58841.339999992735,1409808.8199999018,59182.82999999135,159910299.70998913
244.0,127.0,97.0,632.0,617783610.2501086,4314642.899999587,47681.96999999648,1826811.2999998704,64942.689999988565,198189480.3299895
246.0,129.0,97.0,628.0,588052768.0800937,4393558.289999679,46903.369999997456,1597881.5999998758,59333.539999991626,188625762.499989
442.0,87.0,510.0,61.0,386211731.22000295,1918095.2999999917,61899.45999999727,1102584.2499999676,67698.09999999689,124624521.88998239
80.0,135.0,790.0,95.0,385284047.7400082,1782127.1099999573,88669.3199999946,1702025.590000092,81358.68000000583,123971594.40998729
372.0,248.0,429.0,51.0,656294015.4800231,1981817.4599999348,71443.8899999974,3034138.559999981,117153.40000000915,211340513.84998903
403.0,79.0,562.0,56.0,365371431.3799987,1876159.7099999439,65251.87999999821,1031841.459999913,66449.569999997,117916938.18998432
337.0,66.0,389.0,308.0,400356531.77002835,3007973.179999835,57241.49999999487,880645.5599998974,52806.40999999595,128748638.66998583
277.0,184.0,386.0,253.0,567488585.5700378,2768474.129999975,66130.33999999752,2208624.170000087,88366.92000000473,182482923.20999107
49.0,83.0,585.0,383.0,373868481.55002123,2919275.099999842,75820.07999999505,1101038.789999895,56118.69999999394,119942136.48998865
45.0,257.0,445.0,353.0,671719014.1100522,3020788.5499999295,76832.47999999112,3071463.7600000366,104991.66000001229,215644558.04000676
55.0,316.0,663.0,66.0,674701309.1000133,1809725.7499999148,93519.81999999122,3684066.169999787,132454.1900000212,216964372.6100096
41.0,237.0,497.0,325.0,621736213.1600443,2761608.7799999607,81335.6299999943,2904013.020000061,103620.60000001077,199642401.95001048
91.0,438.0,159.0,412.0,1043679364.5100976,3783892.7999999807,76807.72999999035,5331457.6200005375,160785.410000004,335066133.42999756
314.0,342.0,123.0,321.0,888503384.6300601,3243141.049999961,62209.15999999721,4111012.78999994,133303.08000000633,285562463.04998285
77.0,543.0,133.0,347.0,1184183131.2800965,3472114.0800000066,82762.12999998832,6413105.350000916,190141.34999999643,380277178.8899916
83.0,399.0,242.0,376.0,970821265.8600665,3376337.139999884,80419.86999999256,4998045.850000306,154577.98000000403,311761874.8700019
136.0,651.0,235.0,78.0,1335749430.0700467,2405927.969999982,96691.55999998454,7935287.21000099,239299.739999985,429335721.48995775
95.0,673.0,277.0,55.0,1359807521.2199903,2088311.8399997395,100832.0299999823,8247697.82000113,249589.17999997473,437092352.26993906
382.0,416.0,252.0,50.0,961836657.0400051,2084786.0999998571,73518.79999999626,5064609.670000046,167809.39999999164,309505046.5599714
352.0,564.0,138.0,46.0,1234398639.1200147,2216055.0599998343,80217.07999999433,6927832.860000912,214812.9499999862,397025897.2199799
257.0,411.0,169.0,263.0,990709546.160043,2999907.380000006,72847.12999999447,5032577.730000188,160297.0600000031,318437845.819993
324.0,520.0,214.0,42.0,1147444445.020033,2123260.9799998063,81825.28999999056,6429745.930001187,204179.41999998217,369098738.9499876
103.0,232.0,353.0,412.0,661574120.0100676,3287625.999999899,72555.95999999228,2843480.820000043,99022.05000000868,212394087.879989
74.0,239.0,363.0,424.0,643672029.5600657,3573758.379999676,69820.11999999275,2591303.870000066,89729.80000000498,206533722.99000102
85.0,379.0,293.0,343.0,959045148.4600728,3211855.4599999175,82565.04999998979,5016089.080000318,157047.85000000705,308017547.68999404
101.0,229.0,363.0,407.0,657324497.4800842,3438207.5299998014,71286.71999999313,2756282.0200000713,94997.20000001143,210977074.4000021
136.0,309.0,469.0,186.0,728638504.7700232,2392520.2800000114,82101.6899999938,3668624.329999893,127696.82000001414,234229631.96000612
106.0,471.0,379.0,144.0,1049044299.8500307,2326631.6499998993,91976.06999998896,5980880.710000468,187146.66999998578,337152238.149973
98.0,315.0,498.0,189.0,798795344.5400493,2499308.149999906,84139.99999999555,4152728.2699997984,138387.8200000045,256704618.74999836
78.0,491.0,380.0,151.0,1024302183.4400367,2415408.159999919,93367.41999998908,5813733.300000319,183378.73999998719,329182108.8699878
61.0,383.0,309.0,347.0,901845801.3600764,3215074.5299999397,80924.6999999904,4610130.640000218,145574.43000000756,289588570.8499966
77.0,484.0,390.0,149.0,1065237018.5100416,2326685.3699998795,93995.54999998547,6118209.860000341,190727.76999998116,342356458.6799616
369.0,498.0,87.0,146.0,1160694297.7400558,2777179.5000001728,72225.53999999381,6180685.000000996,193920.15999999046,373284710.4799744
348.0,513.0,89.0,150.0,1154502255.6100445,2765123.500000073,72320.09999999503,6139390.2100008605,190717.7099999916,371237826.9199863
512.0,264.0,121.0,203.0,773607904.0700454,2823595.509999939,51327.67999999853,3207160.8799999114,114369.99000000615,248975156.7199744
364.0,492.0,100.0,144.0,1157041668.9500642,2695010.77000009,72938.22999999502,6198694.65000044,192061.27999999328,372022860.8199799
298.0,403.0,70.0,329.0,1053611485.3601085,3530076.339999984,67093.79999999782,5219395.600000864,161659.33000000138,338548906.46000075
380.0,196.0,105.0,419.0,699176534.1600685,3788027.009999825,50820.62999999791,2519905.6500000027,89933.50000000068,224659987.1199818
277.0,408.0,83.0,332.0,1023305781.3701018,3474267.0800000685,67108.2599999975,5037594.760000382,155820.3700000033,328813535.98999316
365.0,204.0,94.0,437.0,687898308.2700746,3588364.9099998875,49314.95999999806,2467920.780000159,88449.29000000317,221059376.81997353
480.0,269.0,144.0,207.0,776495160.0500463,2888394.530000022,55541.22999999831,3301743.7699998836,117088.58000000697,249827035.40997452
359.0,202.0,108.0,431.0,687687775.1900487,3533106.879999945,50889.009999999136,2510024.859999964,88998.46999999724,220962670.82997766
404.0,80.0,391.0,225.0,395755920.1500167,2509745.68999991,55497.82999999678,901691.3299999052,57071.68999999748,127511849.97998247
388.0,82.0,400.0,230.0,428367506.0700196,2567132.3699999056,58447.65999999726,1168357.6799999762,63737.29999999536,137920847.36998314
417.0,47.0,404.0,232.0,367770804.2300197,2637727.929999939,53816.81999999571,655217.2799999019,50213.659999996795,118490002.16998604
400.0,79.0,399.0,222.0,412602767.7000143,2550797.249999975,55917.41999999766,1024647.469999873,59415.95999999686,132886372.26998013
406.0,80.0,393.0,221.0,431194218.13002324,2596177.539999967,56101.659999997115,1133369.1899999087,62140.04999999493,138829084.3599843
414.0,47.0,414.0,225.0,378622164.15001714,2660615.959999925,54700.41999999658,739814.9499999325,51531.20999999714,121935485.28998032
386.0,81.0,410.0,223.0,407699875.13002336,2578928.8199999714,56824.96999999761,992368.2999998837,59460.94999999497,131306459.82998404
403.0,49.0,415.0,233.0,348002582.0100122,2492590.229999948,55039.2499999978,600631.8599999546,48854.67999999723,112118872.59998344
396.0,48.0,421.0,235.0,350446392.4200128,2645306.739999928,53799.38999999754,551117.0699999648,47619.309999997306,112897845.22998698
398.0,48.0,423.0,231.0,375635322.6900149,2637381.3299999894,55201.68999999757,726119.6399999193,52381.42999999725,121015946.51998183
311.0,482.0,290.0,17.0,1046373288.7500101,1908525.899999849,81261.54999999408,5809973.170000402,185976.16999998823,336639002.7599799
281.0,500.0,301.0,18.0,1070951335.1999925,1910899.9999998382,84200.86999999316,6048084.600000521,192700.00999998362,344496383.84998024
327.0,449.0,306.0,18.0,987001843.6700072,1943929.2299998808,77589.88999999435,5333925.2700002175,174669.3499999871,317598106.9899793
305.0,474.0,304.0,17.0,1045366419.9800009,1875621.9599998426,85007.96999999054,5887866.790000338,189629.3599999856,336290093.4299788
313.0,486.0,292.0,9.0,1096944006.5199873,1903974.2799997975,83656.76999999164,6215752.150000619,196992.01999998695,352864150.3599832
324.0,444.0,323.0,9.0,1023391662.9300104,1866783.6199998516,81361.64999999426,5670915.340000305,183726.83999998876,329270809.7799897
278.0,495.0,318.0,9.0,1031559824.1600025,1885476.6599997825,85179.10999999323,5805112.490000452,188009.09999999104,331843321.68996996
299.0,471.0,320.0,10.0,1069796333.2100055,1907376.0299997865,85720.57999998926,6065373.680000551,197056.7499999859,344147426.0099751
291.0,458.0,333.0,18.0,979821862.1500001,1888111.2899998447,79679.44999999642,5381326.680000009,175721.29999998581,315244562.3499787
294.0,461.0,335.0,10.0,1071544099.4599888,1946880.209999824,85325.5499999906,6051685.8800005205,193846.17999998352,344691086.48997146
616.0,120.0,74.0,290.0,568210884.9500495,3230715.1999999136,38167.200000001125,1520228.2100000966,69167.20999999676,182938368.89997756
563.0,133.0,82.0,322.0,599577797.5700465,3327672.7199998936,39638.709999999795,1722868.2800001712,74054.45999999986,192982006.76997623
235.0,726.0,28.0,111.0,1543106569.7500403,2630033.549999958,90964.90999998664,9108976.530001013,270231.7499999999,496040788.12996286
260.0,50.0,668.0,122.0,292998433.4899971,1987036.760000016,71644.36999999729,707083.8599999703,55131.359999996625,94430805.82998723
331.0,64.0,40.0,665.0,511619815.6400872,4559068.379999621,37034.49000000228,851401.239999794,39323.569999994485,164131815.34998176
127.0,392.0,326.0,255.0,943351374.0900649,2916405.9100000747,80991.81999999072,4943745.090000269,157090.64000000208,303094633.44997686
162.0,38.0,505.0,395.0,342433620.6100219,3257827.0999997784,63132.34999999466,554839.509999997,40918.889999998515,109893179.00998518
149.0,563.0,22.0,366.0,1273331336.430085,3660985.1400001785,78170.84999998989,6878505.40000103,203575.64000000135,409000827.8599957
130.0,489.0,406.0,75.0,986956416.3400084,2018280.479999827,92785.4699999894,5660271.690000222,182894.04999998154,317323176.5799751
106.0,401.0,333.0,260.0,920927664.6400663,2898816.810000026,82039.66999999135,4833314.110000235,153612.8700000018,295875822.91998905
350.0,241.0,231.0,278.0,718102306.7400448,3080178.9399999953,59566.049999997114,2989713.499999993,106133.10000000155,230867595.40998
333.0,246.0,236.0,285.0,707875997.6900574,3077724.029999896,60554.67999999675,2925642.2700000927,104212.84000000551,227571531.5699824
362.0,213.0,238.0,287.0,663171687.2900505,3133425.4899999998,58114.16999999797,2557976.520000013,95667.85000000196,213252232.51999235
384.0,263.0,148.0,305.0,800192461.2200663,3231893.0099998075,56474.649999996174,3414309.2399999257,116469.5000000101,257274837.71997058
437.0,301.0,288.0,74.0,761380389.4600117,2155103.1599999354,65406.84000000053,3585852.229999717,129260.46000000607,245116943.80998665
513.0,302.0,198.0,87.0,784792315.6700171,2298820.4200000484,58134.38999999931,3532759.349999522,126893.65000000336,252686047.60997856
471.0,348.0,196.0,85.0,866312648.8200179,2285221.0999999703,63213.95999999992,4172681.9999996196,142776.79000000336,278827202.4099759
436.0,276.0,309.0,79.0,714149807.120001,2161010.1899999203,61819.43999999931,3198634.58999991,119205.0400000067,229959303.08997914
379.0,240.0,157.0,324.0,751076073.0700626,3238256.329999936,57502.40999999717,3097084.6799999624,109266.24000001077,241516431.1199756
494.0,312.0,205.0,89.0,775387780.9200301,2324831.389999995,60405.600000000086,3492474.019999759,126777.77000000552,249669751.1699733
398.0,219.0,202.0,281.0,693497702.4100512,3021950.7799999584,57829.4699999976,2770706.9700000864,102133.69000000553,223039771.51998216
372.0,227.0,210.0,291.0,668080716.8200521,3048967.919999998,58466.77999999689,2624685.2000001348,96841.7500000041,214799628.86998546
420.0,171.0,213.0,296.0,586309716.0900383,2946726.8699998683,52864.479999998024,2004339.6200002234,81964.13000000079,188626493.80999264
339.0,186.0,337.0,238.0,584640433.2700475,2747547.9899999187,62695.87999999578,2243112.0300000906,89018.98000000777,188053822.8399974
402.0,220.0,204.0,274.0,698318725.0000407,2966672.5499998326,56291.10999999729,2782647.0500002,101994.04000000954,224632097.10998246
356.0,145.0,355.0,244.0,551167379.990049,2791442.9099999857,61952.34999999602,1983101.8100001246,84201.99000000324,177342910.11998928
317.0,193.0,350.0,240.0,569540687.3600485,2974876.849999871,63639.6399999973,2118245.3200000874,85673.1400000059,183148103.55999386
396.0,180.0,223.0,301.0,638139162.730052,3043352.559999958,55134.5799999974,2375036.880000166,90457.34000000403,205206381.11998063
329.0,149.0,364.0,258.0,502188733.83001864,2671113.189999974,61009.519999997225,1696698.7700001188,74780.03999999653,161545413.63998723
331.0,150.0,367.0,252.0,524275760.9300302,2723983.889999935,61290.93999999659,1794924.1000000967,77627.479999999,168658415.76999074
29.0,348.0,338.0,385.0,834950841.8700968,3440456.1899999077,80413.76999998993,4118902.640000123,131361.64000001817,268014294.29000205
5.0,356.0,345.0,394.0,860185080.6700956,3521378.799999774,82109.85999999051,4288938.210000209,135440.5200000152,276088891.8999961
30.0,323.0,349.0,398.0,831804682.3200873,3246595.2000000146,81134.81999998722,4159261.9200000735,133616.67000001832,267036574.99999112
40.0,484.0,39.0,537.0,1196533668.8501518,4315043.09999985,77664.35999998666,6236005.57000114,180825.80000000756,384016847.5300087
29.0,350.0,339.0,382.0,868739308.6700798,3331226.559999842,81123.51999998756,4364174.490000178,138463.66000001403,278886620.6399996
42.0,459.0,41.0,558.0,1098846184.960105,4153154.9899999187,72471.72999999234,5508119.7200006945,159303.27000000502,352635123.0900088
7.0,503.0,40.0,550.0,1202575588.2601666,4310591.0699998345,78663.89999998739,6290332.070001064,180820.42000000743,385938400.52002126
5.0,333.0,358.0,404.0,807124598.3700976,3564670.6499997554,80834.60999998814,3902612.0400002324,124144.17000002385,259024353.22000715
7.0,471.0,42.0,580.0,1098073404.500172,4534587.649999991,73314.4999999905,5447566.170000889,156693.83000000677,352280880.78002185
7.0,475.0,42.0,576.0,1142343013.590138,4329086.519999897,74525.9999999886,5806200.71000094,166881.7700000071,366522575.07000715
172.0,490.0,231.0,207.0,1081995550.8600647,2720823.4200000544,83786.34999999031,5953507.650000538,184665.019999992,347724418.8999786
714.0,204.0,96.0,86.0,696371598.7400072,2428054.810000013,42895.64999999979,2615994.3100000476,104225.01999999993,224451126.20996326
136.0,620.0,181.0,163.0,1319542231.8800476,2668604.950000116,91755.91999998175,7672014.3400011845,229254.3499999811,424051073.56996846
139.0,395.0,400.0,166.0,856970798.2600294,2475553.2099999893,83297.39999999136,4498266.640000089,148127.85000000877,275460708.3299921
117.0,331.0,156.0,496.0,819617203.0700967,4006687.7999996776,64931.1299999951,3574422.550000375,111876.97000001217,263006588.90999013
87.0,395.0,250.0,368.0,935434445.2200885,3388157.179999877,76295.54999999343,4689033.720000277,144568.08000000587,300342706.8199918
549.0,157.0,159.0,235.0,574853952.3300413,2954507.689999951,44512.32999999883,1744221.1900001226,76406.81999999701,185095171.69998083
544.0,250.0,73.0,233.0,739608568.6000589,3023222.1099999654,46916.40000000003,2863129.779999908,104472.73000000083,237999776.8999683
588.0,270.0,171.0,71.0,767327835.7199999,2254010.259999943,55979.99000000011,3370138.0399996624,124291.6200000038,247143237.0299707
505.0,232.0,147.0,216.0,706484253.5500495,2829093.259999916,51603.179999999025,2777560.799999972,103720.10000000516,227377030.86997995
250.0,327.0,264.0,259.0,844708731.3000522,2948693.20999996,71416.2999999964,4081238.129999767,136013.8300000083,271511090.239981
210.0,342.0,277.0,271.0,866138440.5800762,3073934.55999988,73990.84999999109,4253602.169999997,139232.30000001035,278335910.2899888
235.0,374.0,248.0,243.0,921944924.000063,2780951.2500000345,73043.5999999942,4665630.320000185,150157.28000000564,296340722.3199828
237.0,309.0,310.0,244.0,781685076.2500498,2762800.119999984,72811.87999999401,3735486.6299999333,127079.40000001337,251292390.8399949
225.0,293.0,237.0,345.0,817074228.1400812,3415435.089999919,64918.18999999637,3668543.7499999413,123108.3100000105,262571922.3999783
203.0,321.0,265.0,311.0,823265585.3300598,3026860.9800000237,72064.77999999422,3936236.0299999462,130755.82000000827,264556013.06998742
178.0,290.0,291.0,341.0,757747234.4100713,3183090.679999931,72360.49999999334,3490493.749999994,117198.47000000889,243397703.9599905
177.0,351.0,233.0,339.0,871578417.5700654,3234562.9599998575,72002.83999999244,4182435.2999999924,133991.6700000145,280000730.50999
186.0,369.0,305.0,240.0,852307257.0600568,2995476.1600000174,77514.9599999942,4256310.449999981,139648.9300000076,273872495.84998906
168.0,334.0,275.0,323.0,823235082.2900784,3377516.209999941,72210.44999999276,3877044.2700000126,126926.15000001405,264413677.4099896
573.0,20.0,258.0,249.0,375332830.06001174,2863951.0999998613,40182.72999999984,374461.67999995657,42485.9999999976,121029823.57998323
250.0,33.0,416.0,401.0,333653482.31001997,3168405.0299998084,56917.35999999471,403134.1300000132,37892.64999999962,107181854.69998632
406.0,335.0,183.0,176.0,913768749.8200351,2578484.600000004,66681.56999999937,4497403.219999854,150037.92000000164,293930363.74997866
729.0,26.0,29.0,316.0,444796128.43003,3276565.9799998295,25676.300000002768,419671.94999994733,41170.269999996504,143393585.57997903
484.0,17.0,218.0,381.0,396848999.75003326,3485820.459999658,39771.69999999795,377329.69999997836,37578.069999997686,127700556.04997914
414.0,342.0,17.0,327.0,957893710.5200802,3443493.5599999074,56495.08999999883,4401965.130000074,140148.5600000037,307893008.919989
262.0,35.0,39.0,764.0,481744761.2400965,4780499.059999744,37169.0900000022,633700.3999999359,30031.39999999859,154326690.66998523
127.0,389.0,212.0,372.0,969107697.6700726,3316402.200000016,75155.9199999924,4906159.770000455,152078.0000000056,311259567.45999706
190.0,578.0,28.0,304.0,1339608377.5700605,3195362.590000086,80132.09999998935,7432675.28000139,219740.29999999653,430444479.8799931
154.0,472.0,23.0,451.0,1135799177.6801205,3896826.209999883,71028.06999999126,5797056.400001037,171617.29000000955,364697740.8199994
146.0,222.0,369.0,363.0,664281188.8200791,3247700.089999984,70939.69999999502,2844798.190000027,99525.86000000499,213318020.0599911
267.0,194.0,322.0,317.0,629961713.0600607,3083499.009999897,65045.529999996295,2507827.9100000905,92997.22000000422,202435688.5799958
167.0,96.0,422.0,415.0,432440451.2200415,3263265.0699998634,65057.60999999452,1193829.9399999473,57397.589999991746,138832355.78998667
168.0,256.0,257.0,419.0,733803689.24007,3430011.049999849,68334.82999999383,3201725.2300000587,108108.88000000923,235639685.26999342
199.0,302.0,503.0,96.0,690627594.8000159,1994185.1499999275,83497.25999999403,3534786.849999818,127760.18000001601,222165557.48000696
306.0,176.0,469.0,149.0,555102161.5400422,2407375.4199999804,68965.89999999599,2261107.3600002197,92938.94000001032,178623782.83999813
409.0,297.0,299.0,95.0,771501644.680014,2240184.809999927,65518.40999999976,3623438.679999764,129166.17000000627,248343403.1499862
405.0,111.0,490.0,94.0,428206529.3700085,2053555.8899999775,62021.40999999855,1344662.269999987,72297.17999999755,138059706.4999825
344.0,94.0,252.0,410.0,474234235.99004424,3477699.209999759,50781.58999999624,1109113.779999882,54151.21999999459,152380815.7699864
491.0,135.0,360.0,114.0,502511701.5400107,2171282.139999984,55695.03999999817,1689221.2000002426,81087.07000000168,162004904.20998532
245.0,80.0,262.0,513.0,479192185.19006944,3814202.0999995894,51217.46999999526,1127287.9999998556,51442.9099999937,153797673.8999899
294.0,76.0,247.0,483.0,447382142.4400506,3656302.679999629,49313.319999996034,874858.8099998771,46918.879999995406,143694582.5799837
227.0,156.0,242.0,475.0,629149075.360094,3805026.419999632,57294.46999999576,2209241.0199999795,79317.33999999793,201953907.83998573
293.0,96.0,98.0,613.0,569272672.8700929,4449624.379999599,45031.739999998055,1414574.359999887,54241.25999999036,182598792.5499825
310.0,102.0,332.0,356.0,494353051.4700566,3188015.8899997906,55702.95999999472,1416074.570000025,64732.57999999234,158919987.01998785
347.0,238.0,117.0,398.0,730193036.8400564,3490563.609999847,53277.119999996845,2835132.8200000203,97864.66000000272,234619400.7499792
454.0,117.0,120.0,409.0,593296155.6500496,3518740.8299998404,44220.609999998785,1739519.4100001657,70595.25999999669,190740403.58997744
336.0,181.0,281.0,302.0,602515650.4600497,2992230.279999881,59727.70999999744,2245588.6500002034,87151.51000000468,193734676.28998977
319.0,172.0,84.0,525.0,649396577.1200956,4124374.059999665,47849.17999999752,2063988.819999996,73530.2599999935,208489578.95998076
407.0,219.0,107.0,367.0,741841428.2000618,3421558.64999989,52220.849999997154,2918584.2199999862,102285.07000000548,238499156.5299758
503.0,339.0,3.0,255.0,960940008.8100524,3235748.649999997,55037.41000000003,4419565.520000065,147019.04000000207,309101235.3799677
91.0,572.0,6.0,431.0,1307864352.1001363,4042776.3999999966,80835.24999998303,7094007.10000178,206521.75000000242,419933235.2700334
466.0,395.0,3.0,236.0,1047834016.1300468,2915379.5799999023,58466.379999998666,5123406.820000637,163824.15000000113,337051772.04999876
385.0,259.0,261.0,195.0,740819398.9700441,2547641.79999999,64184.28999999855,3331513.989999836,117684.94000001016,238318007.84998795
638.0,429.0,4.0,29.0,1083314059.3100007,2260216.3599998686,57357.360000003035,5436767.300000463,179024.41999999003,348777192.23997235
428.0,363.0,290.0,19.0,882960384.1000017,1933016.0599998275,73348.06999999873,4560004.229999901,155963.6199999983,284212256.1499885
78.0,493.0,496.0,33.0,983013267.1800148,1765476.5799998601,100496.75999998981,5827781.280000079,186829.5499999819,316038050.32998323
117.0,926.0,8.0,49.0,1806484005.7700214,2477432.1999998284,105479.11999996609,11218961.920001708,330336.2700001141,580595947.2099646
55.0,436.0,348.0,261.0,962944672.3900253,2787726.229999986,88613.55999998537,5252477.110000352,166226.3199999967,309351513.3599803
70.0,556.0,444.0,30.0,1086848824.2600331,1867323.0999998217,101378.50999998946,6514511.530000393,205674.51999998125,349405576.62997127
303.0,169.0,317.0,311.0,574481342.860046,2951442.4799999557,61010.109999997236,2107544.19000014,83196.83999999984,184679987.0299908
173.0,197.0,368.0,362.0,615859765.9000684,3020758.029999866,69083.62999999593,2527474.519999986,92704.84000000847,197830013.36999443
284.0,226.0,298.0,292.0,678247630.8900455,3029304.35999993,64120.25999999641,2812124.2100000763,101436.73000000577,218016260.25999933
349.0,196.0,197.0,358.0,652077868.7000806,3416202.9299998833,55195.22999999596,2372022.0900001195,88310.39000000272,209597375.65998283
365.0,205.0,382.0,148.0,640796107.3300258,2377037.3199999663,66814.23999999867,2776290.9100000155,107155.68000000934,206243150.54999813
398.0,316.0,225.0,161.0,848320949.940048,2572126.8900000197,63933.06999999958,4005606.079999705,136564.06000000724,272939376.6399822
266.0,305.0,308.0,221.0,789234454.3700367,2693528.7100000153,70749.4999999957,3751749.9999997043,127366.8100000087,253723218.5599844
197.0,320.0,420.0,163.0,807142075.0500269,2373808.0599999153,82910.50999999438,4194753.799999815,141276.81000000416,259502746.62999666
187.0,304.0,216.0,393.0,803373959.7000846,3534211.58999989,67852.05999999441,3602847.640000058,117456.60000000929,258002360.9299815
239.0,387.0,276.0,198.0,915786510.1500436,2659647.400000032,75894.11999999383,4671489.800000024,151607.29000000088,294405291.70999545
151.0,611.0,174.0,164.0,1273221038.5100355,2723715.750000042,89519.59999998851,7284588.840001204,220756.35999998587,409187814.4499733
416.0,441.0,125.0,118.0,1030993420.4900243,2543482.779999916,67642.51999999944,5267224.690000291,169116.14999999187,331663016.38998204
308.0,103.0,354.0,335.0,450417261.8000417,3064277.349999838,56910.8399999968,1205809.6799999021,59970.7599999937,144818210.979989
108.0,437.0,438.0,117.0,956849021.1800586,2363241.2399998363,91830.21999997742,5407088.020000404,179518.29999997388,307571248.4299744
113.0,457.0,129.0,401.0,1082119622.3800905,3714280.0199999227,75847.2699999918,5546304.470000535,164854.85999999635,347449300.46000326
123.0,41.0,500.0,436.0,351640850.10002714,3311148.1799997105,63749.48999999439,646214.7299999393,41685.74999999756,112767928.72998936
271.0,288.0,289.0,252.0,744507735.4400555,2765027.5399999935,69263.77999999591,3407358.269999994,118626.99000000911,239378678.1399879
474.0,42.0,143.0,441.0,440157965.36003804,3643561.4299997613,38004.68000000138,567136.7699999535,39311.28999999737,141507653.53997976
451.0,40.0,480.0,129.0,351706062.7900097,2162377.5399999963,58620.319999997744,761276.9299999155,57117.629999998324,113458952.13998586
357.0,31.0,380.0,332.0,349495363.1400255,2963629.8099999055,52404.35999999681,447424.41999998124,41082.249999999396,112440680.68998633
118.0,68.0,599.0,315.0,352680949.220017,2715109.5199999106,72928.49999999545,965066.6899999242,55598.75999999386,113303099.47998756
261.0,58.0,512.0,269.0,361115845.93002206,2719624.0299999234,64354.77999999727,850501.3199999053,53964.78999999601,116150259.18998495
114.0,98.0,582.0,306.0,443056998.1100354,2844424.5899999305,73641.22999999532,1549167.8800000185,70119.90999999834,142318999.2299916
195.0,113.0,269.0,523.0,523452966.860072,3676089.989999702,56746.93999999479,1518609.37999995,62181.98999999112,168010800.74999115
105.0,61.0,537.0,397.0,360195419.6900247,3282422.779999775,66873.16999999389,762313.0599999238,46054.689999995775,115567715.53998542
157.0,135.0,216.0,592.0,594490881.7200867,4054131.699999677,56345.36999999397,1914090.059999964,69303.53999999103,190681951.9399876
343.0,76.0,182.0,499.0,493233045.9000604,3675366.9999996317,45224.639999997016,1092322.2099998305,51975.58999999376,158447897.7999894
232.0,76.0,455.0,337.0,413599478.2400375,2991535.3199998643,63447.37999999468,1085178.8899998586,57612.11999999293,132934999.84998393
380.0,126.0,202.0,392.0,529138843.8800527,3366190.3399997647,49066.289999996865,1463701.0000000445,63905.38999999324,170082897.8299846
332.0,110.0,176.0,482.0,532375339.61007077,3722961.5299997153,48368.85999999672,1386854.2599999097,59379.459999993036,170989854.2099802
291.0,260.0,140.0,409.0,726732380.6100706,3559595.9399997797,56158.189999996895,2862622.420000163,98513.66000000633,233495231.6999869
366.0,236.0,127.0,371.0,728454994.6400789,3577549.8199998573,53546.309999996345,2799629.4500000905,97539.13000000615,234096144.01997587
285.0,275.0,138.0,402.0,820928356.950087,3634994.1699999855,60423.86999999912,3552245.0399999036,116351.80000000432,263699884.47997922
250.0,225.0,273.0,352.0,710258540.850071,3393252.929999909,64206.959999997285,2941719.819999994,103467.61000000901,228193891.8799886
433.0,388.0,209.0,70.0,953501791.7600099,2175186.6499999007,70346.31999999753,4916244.990000079,161811.63999999707,306813415.1699822
342.0,330.0,373.0,55.0,777005321.3300173,2014892.3399998918,76229.98999999592,3916806.309999776,137821.58000001224,250064760.67999896
431.0,279.0,340.0,50.0,740489369.7000078,2028671.79999991,66828.25999999829,3509506.039999737,127441.62000000823,238421261.70998326
509.0,354.0,178.0,59.0,962605373.9000312,2233033.5099998405,65748.56000000071,4858807.2999999095,161438.61999999563,309815349.45997405
314.0,219.0,248.0,319.0,731647606.9400609,3308146.0799999237,61245.70999999752,3035701.13000001,106239.100000007,235163317.7199839
423.0,295.0,333.0,49.0,754390175.890014,2022903.449999904,69018.16999999854,3624080.8899996732,130847.70000000737,242884412.4999839
500.0,188.0,313.0,99.0,600758947.1600072,2148036.3799999454,57718.23999999888,2363302.27000016,97743.43000000322,193570806.61998332
417.0,214.0,356.0,113.0,604426854.2900083,2240072.849999999,62551.46999999923,2466557.0500001954,99845.27000000468,194634843.6499885
393.0,383.0,246.0,78.0,978958674.200005,2149980.869999877,72694.5199999954,5140148.170000293,168754.87999999578,314993968.6399941
526.0,198.0,272.0,104.0,581575429.760012,2288360.330000024,52823.019999998876,2095212.8400004103,90520.28000000687,187425885.86998114
460.0,173.0,287.0,180.0,591537482.4700259,2532131.9100000868,56834.65999999837,2203402.39000031,90059.2600000052,190441594.49998215
382.0,372.0,197.0,149.0,907985855.2100263,2535135.6399999615,64877.38999999994,4428642.959999853,147904.37000000093,292111566.469976
399.0,205.0,282.0,214.0,636566265.0200336,2660599.2499998948,61255.549999997646,2557088.6000001603,98777.13000001157,204839769.59998775
296.0,394.0,252.0,158.0,946846978.8800328,2678831.9400000195,74507.68999999465,4860168.010000129,158273.02999999796,304450902.87998563
332.0,443.0,235.0,90.0,1031901044.4700316,2185749.0099998815,75939.05999999477,5547474.1100004995,178243.3199999918,331949503.3899926
308.0,410.0,218.0,164.0,991482478.3400217,2511923.760000111,73891.10999999457,5173968.510000429,165485.74999999715,318827759.02998376
226.0,462.0,38.0,374.0,1131676206.2001057,3532437.610000032,69793.56999999532,5802933.1400009,174396.8699999972,363545340.8800034
104.0,527.0,43.0,426.0,1221786643.680092,3656098.3500001137,76806.58999999115,6507097.500001217,190280.0099999961,392354913.7699996
292.0,275.0,49.0,484.0,837512292.0200889,4028054.9299997296,54569.8799999958,3452655.5700001963,110954.9100000085,268973597.35997003
155.0,319.0,368.0,258.0,815915106.3700503,2960567.4000000334,78081.18999999115,4035359.960000002,134343.8200000161,262160374.99999544
208.0,425.0,35.0,432.0,1093050233.6600895,3782578.569999921,68050.03999999443,5444018.840000927,162402.36000000118,351045231.62000906
172.0,162.0,407.0,359.0,539214665.120041,2987743.439999845,69380.97999999502,2038607.7300000512,80612.25000000192,173211091.8199945
65.0,327.0,376.0,332.0,834259136.8300631,3164537.099999956,81317.5699999909,4192045.2999999323,135581.84000000922,267902656.4599917
124.0,288.0,52.0,636.0,890084890.6201453,4495029.9499998335,61042.64999999263,3845431.560000391,115417.27000001448,285543322.2699905
83.0,193.0,485.0,339.0,540173718.3600334,2847256.639999998,76936.55999999522,2223935.0500000403,86224.19000000312,173463985.07999834
77.0,179.0,449.0,395.0,579153090.6000574,3330488.4299998116,73518.07999999315,2324996.820000056,85715.37000000785,185879428.82000297
179.0,293.0,279.0,349.0,783136201.0300646,3159385.34999987,71367.86999999481,3624669.979999966,119393.38000001264,251565078.1699935
30.0,341.0,324.0,405.0,892143276.2200936,3507344.169999958,81685.5499999869,4531590.100000317,142585.65000001446,286377465.4099863
242.0,11.0,376.0,471.0,336104707.5700227,3546005.9899996463,54493.37999999571,285123.8800000067,32485.950000002686,107871561.82998547
190.0,311.0,230.0,369.0,830060696.1500822,3304616.639999921,68085.61999999531,3837379.6300000697,124832.86000001279,266648333.56998348
188.0,306.0,291.0,315.0,819651646.2400717,3122230.5899998904,72377.26999999386,3903307.479999903,129080.58000001419,263344842.07998878
279.0,13.0,338.0,470.0,351806346.2500317,3627181.599999674,51368.67999999651,311944.63000001287,31856.620000002596,112895512.7699874
34.0,385.0,285.0,396.0,943795175.0000983,3533319.489999868,82334.29999998721,4831028.590000328,149427.65000001094,302989076.5500019
47.0,14.0,499.0,540.0,303794345.3600119,3616329.079999586,64656.48999999246,282317.4000000279,29113.45000000208,97226094.53998874
48.0,15.0,398.0,639.0,328880335.4900321,4058315.139999478,57823.49999999363,215657.5300000064,24041.800000002106,105195182.4199867
52.0,16.0,432.0,600.0,323572852.8400189,3833762.08999962,61535.85999999346,317312.6800000378,28520.17000000196,103550677.87998697
314.0,387.0,377.0,22.0,871327131.2500002,1907949.3499998844,78406.5899999953,4581335.929999919,156412.0599999979,280423834.1099874
238.0,424.0,414.0,24.0,910468647.7700055,1855899.1199998541,86661.61999999432,5057680.050000177,167763.81999999165,292887092.77999496
376.0,245.0,452.0,27.0,648050067.880017,1801358.5399999109,74070.22999999775,3079012.9999998347,118603.93000001436,208708058.85999292
325.0,401.0,351.0,23.0,940827518.330008,1929489.5699998534,81287.88999999478,5106929.449999795,169633.3599999955,302723636.36998063
235.0,289.0,282.0,294.0,784987788.9200718,3042218.1200000197,68691.92999999512,3628178.6699998304,122688.5700000095,252275513.91998646
277.0,180.0,298.0,345.0,588470134.2700703,3217917.689999765,59356.08999999428,2083526.4200001308,81223.45000000256,189135607.12998587
179.0,319.0,279.0,323.0,791178337.0600575,3037615.6099998895,73020.9499999952,3746714.6000000993,124348.07000001267,254187010.6399939
200.0,189.0,349.0,362.0,580144093.0500536,3282881.679999816,65396.68999999536,2150909.48,82427.81000000358,186358119.95999753
305.0,288.0,476.0,31.0,718118792.4400125,1816634.389999904,77633.4099999963,3624603.8899996947,132334.9500000092,231168565.29000288
207.0,196.0,323.0,374.0,601979135.7600608,3185258.2599998233,63490.57999999677,2274139.1800001357,86033.31000000513,193389443.05999723
336.0,137.0,122.0,505.0,610800291.0200682,3766032.2699996955,47268.53999999833,1877637.400000057,71450.84999999481,196216895.03998533
434.0,119.0,106.0,441.0,541226762.8600508,3566345.3299997533,41036.009999998496,1326451.7799999742,59931.579999993686,174027114.59998247
257.0,365.0,93.0,385.0,986250083.8100766,3394613.7499999744,66282.21999999695,4774263.830000322,148452.91000000454,316864124.73999125
356.0,145.0,64.0,535.0,644256395.5400795,3944843.119999739,45195.519999998985,2004342.3800000928,73661.23999999465,206931136.0099782
351.0,143.0,127.0,479.0,634365386.7400862,3749858.159999792,49151.69999999746,2060634.5500000739,77654.36999999688,203815307.199981
277.0,395.0,50.0,378.0,1035474523.7301047,3663988.3499999666,66371.49999999377,5074144.610000547,156024.38000000952,332639568.8600026
474.0,130.0,58.0,438.0,595998087.3300532,3660768.009999647,41102.94999999909,1653625.1800001198,67298.31999999288,191592259.51998138
351.0,338.0,86.0,325.0,925230174.1300572,3155790.8200000287,61174.61999999631,4324377.680000039,138796.8000000029,297390753.1199803
355.0,341.0,43.0,361.0,898822573.3300927,3589265.3299998697,56425.99999999701,3968285.470000124,126367.20000000768,288814150.9199808
365.0,352.0,45.0,338.0,919981270.2300881,3422953.1999999783,56232.14999999913,4143516.059999864,131956.79000000126,295684985.17998356
23.0,450.0,435.0,192.0,957761546.390063,2551088.520000038,92368.28999998975,5353249.740000312,169007.59999999436,307700170.66000044
160.0,393.0,380.0,167.0,838954625.9200355,2435276.219999934,81957.55999999134,4387155.1099998895,145549.51000000475,269673415.3099983
31.0,222.0,588.0,259.0,572175433.6800401,2573908.3800000777,84095.94999999157,2643322.1899999706,99049.49000001025,183774602.95999923
24.0,477.0,396.0,203.0,1005200430.7400477,2710457.8900000188,94195.6499999874,5653852.900000418,176690.37999998988,322921122.51999396
24.0,470.0,455.0,151.0,1005643109.4400407,2339780.6299999007,96296.68999998807,5781337.160000476,182480.10999998238,323142854.3699848
35.0,257.0,582.0,226.0,605279634.4600482,2442278.1199999433,85972.97999999182,2949177.800000093,107269.25000001829,194438989.55001011
175.0,430.0,357.0,138.0,939173707.1900228,2350723.209999953,83485.19999999064,5070263.090000036,164296.01999998922,301936697.1199775
217.0,195.0,516.0,172.0,560956886.1600349,2345510.180000019,76855.55999999434,2459534.4800000954,97657.48000000855,180418222.63000104
220.0,198.0,451.0,231.0,601449583.8200425,2598652.339999997,73238.25999999563,2621655.1900000265,98749.40000001049,193350186.1500054
232.0,209.0,475.0,184.0,577691455.5700352,2438304.9199999515,72797.52999999608,2475922.520000092,97691.81000000863,185812572.53999698
34.0,314.0,604.0,148.0,676401029.7700012,2125768.169999905,92995.74999999415,3605850.4099998036,127549.69000001984,217376505.6200164
291.0,239.0,458.0,112.0,647896020.1000216,2166134.1699999943,72983.45999999625,2995450.2799999486,113543.37000001028,208520184.27999145
36.0,275.0,634.0,155.0,664241778.1600215,2101691.529999931,92392.61999999212,3523727.3599998783,125789.62000001641,213505019.57001254
70.0,655.0,67.0,308.0,1393109375.4500866,3396273.6600002595,89547.2399999805,7971051.820001596,232804.0999999947,447447204.37997895
36.0,335.0,644.0,85.0,727814486.6200144,1811375.189999921,96651.55999999231,4088150.999999723,142108.06000001173,233995219.1000108
91.0,708.0,87.0,214.0,1447514603.5900414,3013942.240000129,90984.16999998342,8427596.090001423,245450.40999998988,465037284.2499868
521.0,427.0,44.0,108.0,1083131805.070027,2507062.069999954,61118.59000000016,5483782.890000632,175416.48999999615,348512988.2899999
317.0,217.0,500.0,66.0,593489212.5200032,1982511.9199999343,73539.73999999619,2675958.6699999445,106990.86000000907,191099488.20999202
510.0,350.0,43.0,197.0,924296543.2100475,2957217.3000000576,55052.95999999907,4227605.689999782,140675.1800000027,297353077.69997704
557.0,381.0,47.0,115.0,977900495.0600153,2514288.360000128,56276.310000000325,4709788.710000124,155892.83000000054,314732667.709974
226.0,402.0,175.0,297.0,947656210.1000596,3096614.8399999817,72584.40999999462,4727557.350000101,149311.83000000316,304494677.28999513
44.0,485.0,212.0,359.0,1029171922.6200968,3221988.549999863,82119.04999999046,5453308.470000484,164565.34000000253,330475791.850006
232.0,381.0,181.0,306.0,928286424.5300798,3181879.12000001,68822.60999999626,4515187.990000326,143233.4000000076,298296933.55999345
216.0,385.0,215.0,284.0,943076328.6000735,3104979.900000047,72878.30999999595,4731624.130000224,150088.92000000106,303037345.98998684
235.0,418.0,182.0,265.0,1032640865.4200749,3095642.430000027,74884.99999999361,5338492.480000504,166371.7000000007,331869128.13998586
231.0,378.0,230.0,261.0,909075275.1600562,2953813.059999946,72952.64999999509,4527644.5700001735,147270.4700000074,292187170.48999155
44.0,482.0,269.0,305.0,1048171988.3300745,3153059.290000065,88440.98999998499,5733384.040000731,175712.88999999268,336630244.65998656
48.0,486.0,231.0,335.0,1090819724.2000651,3599581.1300000837,85053.03999998914,5838611.890000666,176302.89999999636,350257062.34999406
43.0,438.0,266.0,353.0,968244536.3300732,3388033.1599999885,80812.31999998941,4987228.240000463,153154.17999999927,310867368.1999923
45.0,459.0,280.0,316.0,1019505744.5000777,3231582.8700000364,85807.01999998219,5486139.860000695,169792.53999999477,327408877.6299831
402.0,117.0,341.0,240.0,475135328.76002926,2618382.889999981,57060.16999999648,1426263.3499999994,69579.99999999609,152949858.37998754
216.0,148.0,432.0,304.0,544790179.3900534,2946980.7399998913,71345.97999999467,2126815.3100001123,85340.49000000759,175052142.56999967
338.0,275.0,286.0,201.0,748061108.5200596,2711227.969999879,65311.789999997935,3366844.8399998685,120454.27000001581,240659596.31999168
486.0,142.0,182.0,290.0,568029925.2100437,3024363.459999963,47577.77999999903,1740571.6700001578,75209.71999999581,182821055.23997712
341.0,99.0,289.0,371.0,490166583.9900444,3258308.2499998165,53513.43999999765,1330604.4699999136,61965.43999999216,157570246.1099885
336.0,274.0,125.0,365.0,772468752.4900974,3376668.9499998335,56819.65999999663,3224674.350000019,109527.10000000936,248257075.449984
214.0,147.0,189.0,550.0,584762911.5700823,4034248.109999702,54834.50999999508,1791131.6799999934,66470.41999998955,187611861.10998857
146.0,283.0,294.0,377.0,756655677.140066,3459229.119999861,71875.08999999364,3416200.2599999746,114292.14000001163,242961252.5999874
211.0,406.0,186.0,297.0,949877851.1000792,3169370.609999909,72762.5299999948,4725963.980000359,150704.10000000312,305214198.3400011
172.0,332.0,153.0,443.0,908694994.7601025,3759856.599999764,68666.88999999307,4264911.700000226,133075.61000001407,291790059.659986
151.0,368.0,90.0,491.0,976050094.290102,3887020.5099999,67505.48999999436,4663927.890000564,141829.0900000118,313373207.89001113
338.0,296.0,72.0,394.0,872131550.9601051,3639830.139999927,57220.52999999675,3809360.560000029,122993.33000000754,280218252.8499768
206.0,105.0,122.0,667.0,587924094.9101065,4538131.52999959,47345.00999999564,1561553.0499998606,56508.009999989634,188497662.97998267
118.0,287.0,313.0,382.0,738605431.5600686,3163770.939999908,72293.50999999286,3358579.200000215,112578.05000001256,237191886.69000304
209.0,509.0,124.0,258.0,1204379752.5800834,3266438.580000072,79878.19999998387,6537315.780001112,198476.67999999438,386993901.55999476
204.0,104.0,541.0,251.0,409529757.56002206,2588417.3199999155,69903.59999999567,1292423.6799999936,64628.05999999341,131664097.59998716
336.0,294.0,321.0,149.0,747955201.1900252,2279313.9699999476,68486.84999999807,3521221.1299998243,126017.28000001055,240703419.46999106
598.0,109.0,128.0,265.0,564675383.0200448,2966186.7699998384,41166.85999999765,1613044.800000196,73335.70999999926,181856587.88998336
333.0,61.0,318.0,388.0,428395349.0000457,3320711.5499997796,53275.659999995,913206.0499998336,50808.929999995,137702762.26998228
426.0,78.0,407.0,189.0,441868221.7200252,2487067.7300000032,57589.389999997984,1250532.0599999952,66463.81999999599,142333825.84998643
278.0,70.0,198.0,554.0,481166067.06006837,3959446.209999616,48598.47999999652,1009334.5799997988,48323.08999999421,154447173.6699842
476.0,53.0,150.0,421.0,454754523.85004085,3382732.279999813,38995.07000000051,773597.279999895,46242.20999999526,146260312.18998018
252.0,164.0,180.0,504.0,591059889.4300828,3686893.349999654,51349.96999999621,1851499.7400001222,70869.24999999467,189816414.1199912
259.0,66.0,258.0,517.0,444923646.33006936,3835745.359999603,48089.8299999963,805814.7699998905,42607.65999999468,142789534.18998694
256.0,65.0,182.0,597.0,476945070.28006077,4127476.679999537,45368.97999999839,890206.3499999176,42210.74999999604,152980127.22998974
221.0,144.0,220.0,515.0,588482393.4800712,3786084.829999731,54935.04999999644,1883508.4899999816,70442.16999999294,188883136.50999275
425.0,48.0,187.0,440.0,432070449.5200457,3553669.7899997006,39878.48999999882,593894.1699999409,40000.59999999638,138882032.14998364
417.0,121.0,131.0,431.0,572836293.9900688,3653463.1799997226,44679.10999999887,1595114.0400000508,65786.1299999923,184098813.21997812
421.0,122.0,185.0,372.0,552069662.1200643,3470975.4199997503,48038.79999999715,1552657.5600000536,67280.26999999334,177513262.02998787
398.0,115.0,175.0,412.0,569572991.4700567,3530474.4199998,47008.159999997944,1642223.9300001105,67579.53999999442,183068397.9899862
379.0,249.0,328.0,144.0,678263642.3100268,2437632.1899999576,65975.66999999953,2995734.6500000153,112410.0000000069,218266649.4499797
229.0,300.0,397.0,174.0,769292212.3800273,2385040.519999934,76873.42999999497,3819781.1299999002,130675.63000001348,247368603.7199973
356.0,299.0,309.0,136.0,759520832.4600165,2458854.809999973,67588.52999999693,3547772.779999821,124371.19000000592,244346082.76998466
362.0,238.0,362.0,138.0,692693624.1200155,2268947.7699999413,70671.46999999821,3213091.5199998654,118082.82000001147,222895759.78999466
359.0,236.0,312.0,193.0,622611864.1600373,2497723.3299998865,62482.32999999738,2521076.700000137,99407.94000000683,200389272.60998398
326.0,274.0,325.0,175.0,689029787.4800388,2625876.3799999272,67718.61999999775,3058203.3699999275,112230.15000001191,221632020.6499881
205.0,268.0,408.0,219.0,684456083.660041,2622485.0400000117,75500.04999999392,3193194.9099999787,114066.76000001428,220035489.52999958
200.0,337.0,348.0,215.0,780861906.3000472,2607633.7699999744,74146.51999999244,3805197.6500000264,128937.53000001457,251000667.50999257
202.0,340.0,404.0,154.0,817860110.140044,2472422.4000000325,80364.50999999285,4190481.2499997136,141846.28000000468,262960955.19999912
192.0,321.0,382.0,205.0,782720674.2400482,2562115.449999956,78661.40999999277,3902348.599999964,133401.5900000173,251629873.96000245
440.0,233.0,35.0,392.0,770130760.0300751,3520245.1099998257,46866.08999999915,2943324.070000063,101761.29000000411,247592523.7899661
191.0,321.0,48.0,540.0,929009832.9001105,4218983.689999784,61336.159999994205,4156460.4700001944,127110.02000000938,298214488.5399967
400.0,312.0,32.0,356.0,883187076.0900742,3551363.8699998246,54412.97999999772,3856490.3999999147,124867.99000000539,283834853.08998585
411.0,217.0,106.0,366.0,701617848.8600692,3370904.1499999035,49362.99999999891,2597831.59000022,93911.22999999925,225576024.11997706
557.0,295.0,44.0,204.0,878596053.2300436,2918999.759999911,52076.1399999988,3863781.709999674,131124.9300000047,282711939.81997955
458.0,357.0,118.0,167.0,929079036.6500478,2598225.4399999417,61339.17999999978,4471246.549999685,148153.81999999555,298913214.4799817
237.0,397.0,193.0,273.0,1045619024.6200551,2982203.1100000287,76556.18999999127,5482142.920000581,170657.35999999553,336018160.03998303
225.0,557.0,57.0,261.0,1270636937.2900963,3301696.570000075,79652.82999998708,6948245.580001663,209503.15999999447,408329897.14000905
155.0,382.0,127.0,436.0,974519096.1001004,3733983.729999876,70513.84999999385,4743862.880000488,145206.17000000816,312931078.0000041
202.0,499.0,165.0,234.0,1178709752.6500463,2869875.600000122,81808.16999998929,6483642.590000843,197208.97999998933,378774699.55998206
115.0,558.0,360.0,67.0,1190704515.069999,2004724.3699997517,97664.33999998866,7086545.710000755,218919.08999997974,382786824.6199572
352.0,424.0,273.0,51.0,1008661368.0300132,2132458.0199998515,77628.75999999436,5442961.430000414,176239.8899999949,324487588.1499841
226.0,36.0,707.0,131.0,278646252.7399991,1982418.6600000174,72271.68999999652,613362.1499999681,52719.17999999572,89805011.86998932
107.0,521.0,410.0,62.0,1084386768.9000268,2019065.4399998228,95338.08999998939,6347482.750000628,199120.9399999786,348616584.00998056
83.0,404.0,261.0,352.0,1030853988.9300892,3384888.0800001468,82914.43999998817,5455281.220000582,169177.99999999825,331077522.9299761
120.0,19.0,456.0,505.0,321909693.8000181,3713512.109999541,60306.68999999355,287022.1500000407,30366.020000002136,103147170.96998608
262.0,315.0,248.0,275.0,846430401.4400686,3038723.429999978,70668.09999999481,4045330.299999897,132912.87000000576,272006791.77997667
385.0,15.0,298.0,402.0,360081256.5000143,3320579.9999997714,47147.219999997455,333303.6899999953,36160.72000000033,115800284.66998263
517.0,21.0,488.0,74.0,298973865.9799975,1999034.4100000325,54572.37999999857,347785.6699999501,47769.02999999925,96623845.85998628
363.0,14.0,343.0,380.0,338157468.2200166,3061500.8299998892,50472.59999999613,334518.449999976,37066.02000000018,108757216.12998363
322.0,230.0,157.0,391.0,721196042.2900687,3444212.659999837,56592.909999996016,2876703.230000067,99568.71000000786,231738841.059988
48.0,311.0,212.0,529.0,836072633.9801043,3856100.329999779,70783.73999999232,3826997.370000248,119027.55000001367,268248674.16999045
306.0,276.0,148.0,370.0,794367121.1700735,3461613.469999818,60811.61999999693,3426156.840000144,113261.87000000858,255192459.46998915
222.0,158.0,451.0,269.0,501826794.53004485,2728586.0999999405,67412.05999999575,1812955.6100000723,77655.26999999947,161368266.81998953
180.0,129.0,87.0,704.0,622914348.6401023,4602260.789999722,48119.74999999648,1793128.3699998308,61274.82999998892,199681904.52998483
140.0,126.0,286.0,548.0,541886101.7900879,3978905.2699995125,58973.80999999437,1644055.3099998992,63678.30999998982,173802451.0899879
18.0,116.0,331.0,635.0,454477369.9800621,4137367.669999572,61228.09999999241,1087495.4799998696,45110.969999994966,145489689.56999198
22.0,184.0,99.0,795.0,721016941.1801586,5003161.0499999095,57322.31999999401,2568812.580000186,78240.5000000001,230970710.00999233
28.0,233.0,526.0,313.0,592046667.0900545,2695770.489999984,81296.91999999288,2695676.930000067,98107.81000000991,190112582.640004
17.0,143.0,322.0,618.0,560986190.7800888,4161128.029999526,65284.47999999328,1868699.1499998262,66829.02999999015,179765035.7000039
289.0,262.0,241.0,308.0,734041812.2300625,3027434.9599999487,65932.78999999599,3222273.840000002,111380.99000000907,235933633.05998278
222.0,284.0,260.0,334.0,794397689.3700678,3185806.92999999,65792.34999999838,3574391.289999985,119949.97000001013,255280318.27998823
284.0,275.0,237.0,304.0,744680367.4000722,3158392.9099998213,64950.68999999514,3251478.4100000276,112334.88000001496,239313510.2899943
255.0,231.0,341.0,273.0,676130268.3200362,2879533.4999999,66045.15999999648,2883309.8700000327,103697.32000000984,217339728.53999674
330.0,300.0,276.0,194.0,787068002.6300405,2658032.129999972,67812.54999999738,3677826.3399998797,127313.50000000707,253117066.209984
283.0,274.0,377.0,166.0,725557567.5400382,2499878.949999944,71337.03999999462,3396940.919999951,120942.2300000095,233374818.66998848
221.0,282.0,415.0,182.0,704874066.0200337,2480795.7599999146,75644.05999999672,3343698.3499997957,119236.02000001419,226653638.39000067
253.0,343.0,296.0,208.0,826529621.3000534,2678338.6399999573,72819.38999999512,4039605.439999823,135089.69000000687,265718790.5599873
192.0,261.0,359.0,288.0,641304608.0500598,2916596.8299999135,71797.14999999362,2777055.580000021,102455.18000001331,206114347.11999837
217.0,296.0,408.0,179.0,711266571.5400331,2414405.4799999385,74058.13999999585,3381601.579999917,119490.27000001389,228725878.22999772
599.0,255.0,222.0,24.0,768413638.7399946,2091522.679999874,57240.19000000113,3432228.3699996765,127405.57000000295,247569286.66997102
533.0,289.0,251.0,27.0,781287163.2400044,2048321.9099999012,60396.13999999996,3602064.369999521,131442.35000000292,251669748.4899715
461.0,450.0,170.0,19.0,989471099.4700125,2051854.1899998854,67164.01000000109,5105029.810000408,169657.74999999153,318508698.1999877
645.0,274.0,155.0,26.0,734958746.3500092,2128064.9799999353,49391.46000000062,3041920.7299999506,117940.17000000532,236909485.30996102
555.0,236.0,205.0,104.0,685061110.0800174,2332821.7999999947,51740.03999999953,2753652.560000056,106747.48000000254,220693857.79997313
458.0,447.0,110.0,85.0,1126661791.4900193,2379690.4599999306,69573.99999999981,5976831.520000649,189532.82999999926,362469374.3099908
528.0,286.0,161.0,125.0,794771322.1600273,2484886.8399999887,54907.199999999226,3488021.0199998096,124720.81000000604,255872124.7299736
372.0,463.0,176.0,89.0,1074626767.2100267,2312384.999999931,74878.46999999402,5794693.260000644,185169.87999999317,345658183.6899865
423.0,526.0,129.0,22.0,1195929085.9499953,2120684.589999731,74407.87999999977,6572440.000001163,208311.07999998765,384787314.1499707
395.0,491.0,120.0,94.0,1114500929.0200422,2405704.699999949,70927.82999999811,5933970.010000901,187805.3799999938,358505793.59997904
191.0,360.0,338.0,211.0,872200317.9300419,2729037.890000088,79955.96999999112,4489639.109999989,147397.4000000044,280318612.6199812
117.0,389.0,366.0,228.0,886248913.6200612,2734727.819999996,83370.43999998945,4668905.700000172,151768.44000001025,284785375.32000643
228.0,217.0,403.0,252.0,662246274.7200414,2696430.0000000177,74180.04999999388,2986819.8500000522,108637.3400000097,212884764.16999075
200.0,377.0,302.0,221.0,951868838.8000293,2795219.519999975,79927.57999999254,4984211.040000221,160067.0999999981,305906347.8899919
182.0,342.0,322.0,254.0,859543970.680061,2843367.6599999773,77126.5699999946,4317421.019999919,141041.01000001284,276218261.1899919
226.0,216.0,341.0,317.0,666140093.5000534,2996107.3599999067,67618.4499999951,2817992.780000057,100898.72000001032,214050747.7199869
116.0,387.0,310.0,287.0,964571305.1000718,2893685.280000052,82253.06999999148,5088335.810000309,159857.06999999928,309894183.75998485
133.0,223.0,416.0,328.0,614407732.4900463,2995816.5499998615,74258.96999999287,2631051.100000112,95294.40000000995,197327461.34000346
150.0,254.0,402.0,294.0,695106208.860063,2932432.1199999293,74112.2999999926,3173534.3199999277,111478.73000001356,223311803.65000045
140.0,237.0,375.0,348.0,656995363.3600754,3208329.649999827,71221.14999999116,2813063.420000121,98687.83000001065,210986463.8699912
194.0,157.0,395.0,354.0,560238295.7100443,3126953.0499999104,67516.65999999616,2109736.1200000383,82222.30999999952,179971174.26999387
210.0,155.0,387.0,348.0,501373395.5800427,3028105.139999925,64674.12999999785,1677957.150000069,72244.6599999976,161107749.42999944
215.0,54.0,438.0,393.0,387500562.24003017,3356000.799999738,59716.169999994694,781632.4399999517,45653.159999997726,124377813.03998567
279.0,226.0,86.0,509.0,712775758.5600852,4122342.009999744,52406.25999999703,2573861.7000001897,87172.28999999841,228818997.48997834
274.0,223.0,558.0,45.0,624928354.4600062,1894701.9999998983,79576.49999999537,3035234.129999946,118168.53000001409,201178749.8500048
639.0,159.0,197.0,105.0,615490947.8300297,2399107.179999949,46214.58999999827,2156709.540000457,92285.79000000638,198411215.13997996
508.0,375.0,142.0,75.0,974828515.3600023,2323536.509999914,63519.04000000042,4878009.550000062,160975.00999999684,313730781.6299862
341.0,77.0,631.0,51.0,348661054.0400028,1723479.9599999944,69882.25999999867,1084763.1799999455,67826.14999999863,112498928.18998472
348.0,79.0,97.0,576.0,505417633.980087,4198558.949999394,40003.339999999705,933095.8399998096,44571.72999999333,162227977.9599858
665.0,150.0,186.0,99.0,589732687.8100137,2397894.8699999736,43612.19999999921,1935878.9600004917,86090.6300000031,190123870.3399756
460.0,424.0,128.0,88.0,994663854.1300282,2435300.0000000508,64642.640000000414,5023206.650000218,165095.44999999792,320062888.87997854
472.0,416.0,126.0,86.0,1017400078.9900289,2303479.5399999344,65908.59999999931,5227401.950000282,170376.60999999588,327392212.16998273
511.0,349.0,143.0,97.0,923453508.010013,2369137.8499999796,60904.57000000027,4482918.72999981,150751.7799999999,297224311.78999037
390.0,359.0,276.0,75.0,904517554.4000221,2288055.9299999196,72218.93999999597,4625113.529999955,156266.26000000074,291042704.5599818
386.0,356.0,108.0,250.0,928666025.8400495,2974039.539999988,63324.69999999787,4449275.369999961,144163.8800000026,298571292.8799793
362.0,248.0,256.0,234.0,719638396.4100378,2728373.95999999,63513.119999996554,3129069.8900000057,112313.16000000687,231466982.1399805
346.0,305.0,235.0,214.0,801748994.1800532,2835487.359999891,65099.49999999748,3693193.4499998265,126198.9900000094,257834702.97998017
432.0,283.0,116.0,269.0,851613193.4200528,3061498.3100000164,57689.949999998986,3787780.239999704,127335.59000000315,273869180.4299715
437.0,286.0,297.0,80.0,762882185.8000091,2193158.8599999663,64484.72000000014,3557412.059999713,128363.56000000566,245608742.4999834
372.0,244.0,253.0,231.0,703483772.6600456,2847627.679999927,61155.469999997345,2947883.6999999736,108253.38000001085,226323234.8999887
263.0,20.0,425.0,392.0,319555254.94001603,3190582.769999711,57663.479999994204,321419.00000000495,35485.85000000115,102630357.59998646
275.0,19.0,419.0,387.0,338722114.31002194,3171178.8599997847,54098.8999999952,374792.5099999975,37346.01999999879,108858685.27998517
201.0,275.0,324.0,300.0,701736295.0200366,2834723.5799999987,70697.17999999547,3164152.739999862,111645.16000000613,225545311.33998737
349.0,26.0,206.0,519.0,421501218.1400483,3749278.0099995667,43732.36999999872,556858.9599999838,37716.08999999745,135373493.59998232
275.0,20.0,443.0,362.0,322104396.5800191,3134306.759999814,56424.41999999533,332996.9600000024,35844.67000000044,103469908.27998504
257.0,352.0,152.0,339.0,915950120.8600881,3382298.8499998413,67127.4899999956,4364966.28000013,138337.04000000842,294291886.6499957
383.0,27.0,213.0,477.0,417358292.13005275,3649939.699999643,40687.3199999984,494172.7099999928,36449.47999999754,134091933.30998266
218.0,281.0,331.0,270.0,739734835.0900548,2908178.779999968,71333.14999999558,3401169.429999905,116920.47000001172,237733390.06999755
259.0,334.0,144.0,363.0,865108212.0500685,3485743.279999938,64077.02999999627,3936139.229999995,127224.65000001027,277917136.37998396
269.0,347.0,150.0,334.0,891934196.7500514,3201808.6699999357,66583.93999999699,4233720.909999997,135785.77000000075,286592933.80998206
80.0,383.0,345.0,292.0,866716456.1600747,2963417.319999986,82819.32999999393,4448070.580000108,142779.43000000593,278366804.25999
104.0,374.0,337.0,285.0,897077978.520075,2924910.419999931,79904.99999999344,4615492.730000194,147064.26000000373,288174348.6299925
92.0,276.0,397.0,335.0,748807236.3500549,3043947.5199999004,78029.68999999456,3583592.360000059,119568.120000016,240485668.82999897
65.0,310.0,489.0,236.0,712348262.3400441,2612350.1599999997,85130.30999999154,3598480.419999913,123077.20000001528,228816368.99000397
86.0,411.0,370.0,233.0,951759588.7900472,2655039.590000051,87109.73999999031,5177678.340000342,163537.1700000003,305788242.58999115
77.0,231.0,583.0,209.0,568950972.3000308,2441221.129999966,83173.64999999442,2642919.1600000113,100074.64000001251,182824616.4899987
89.0,321.0,508.0,182.0,744569584.010031,2391635.61999998,85271.72999999642,3849883.2699999213,130937.01000001612,239282098.88000736
129.0,290.0,418.0,263.0,737610080.9500363,2802528.8399999253,79562.41999999281,3578007.6500000237,121945.50000001275,236972949.6499945
94.0,212.0,536.0,258.0,557595518.5200326,2658707.3899998795,78811.11999999407,2441110.810000046,92931.01000000739,179115653.77000016
100.0,225.0,570.0,205.0,569919215.9400287,2290626.6400000905,82791.2899999917,2688537.2399999355,102177.33000000693,183173338.55000058
73.0,13.0,513.0,501.0,293096851.3100059,3433551.3099996923,64419.839999993754,234288.7300000167,29636.980000002597,93880058.6099876
469.0,8.0,315.0,308.0,346400729.5500245,3192580.0399997067,47399.399999995054,266112.9199999832,36136.35999999857,111473444.72998403
49.0,368.0,346.0,337.0,930464641.0000764,2991813.140000049,85149.87999998755,4912338.370000284,155038.0100000008,298828358.88999236
77.0,14.0,480.0,529.0,297368632.48000956,3685491.3899995186,63070.559999991594,180500.05999999872,27499.440000002636,95216140.55998614
63.0,11.0,440.0,586.0,319444854.1200206,3884953.5599994333,59344.829999992064,223756.98000001677,26302.32000000215,102246330.01998392
45.0,342.0,285.0,428.0,845077741.0800905,3562966.489999892,77904.16999999239,4091716.480000124,128998.84000000909,271253475.1099948
439.0,7.0,262.0,392.0,348509996.5800231,3239284.8199998187,43509.6099999981,194881.89999998704,33056.1000000006,112138411.97998448
335.0,240.0,225.0,300.0,725787010.1300467,3008503.509999967,60722.34999999696,3072572.879999994,108555.73000000816,233355122.88998812
371.0,265.0,221.0,243.0,752146462.4200453,2896158.699999915,58990.38999999724,3216293.9999999986,114245.57000000961,241941995.04998788
343.0,245.0,205.0,307.0,728740212.1100603,3152587.2899998995,60320.74999999696,3046249.819999928,106653.65000000731,234264461.79998592
511.0,451.0,75.0,63.0,1085913716.3600166,2278157.8600000273,65304.050000001815,5635142.750000592,181072.14999998896,349453793.80998164
391.0,544.0,90.0,75.0,1213855393.1600053,2340821.239999897,73936.3999999965,6642248.560000907,206000.3799999884,390446227.46998006
745.0,156.0,108.0,91.0,600148182.8500144,2460320.4800000275,38531.770000001095,1883022.8900003803,85228.7200000019,193546063.94997016
540.0,477.0,17.0,66.0,1127911017.6700437,2445853.749999971,63249.830000001784,5862281.470000671,185200.42999999764,362907778.09999055
439.0,387.0,64.0,210.0,971009671.8600576,2977337.430000076,58818.04999999887,4620725.240000031,148417.67000000202,312270249.54998726
640.0,134.0,20.0,306.0,624271167.4400666,3225458.749999873,34829.6100000023,1835898.5000001905,75883.53999999804,200960201.35997406
345.0,479.0,17.0,259.0,1129691922.4400265,2993872.7900000014,65749.14000000014,5807289.37000084,178511.6999999935,363181710.3699928
476.0,157.0,109.0,358.0,600697778.9100667,3447643.6999997743,44433.240000000165,1794809.180000135,73784.28999999464,193203146.85997593
699.0,231.0,35.0,135.0,754621256.1800135,2554563.179999993,42174.430000000866,2961357.889999977,110747.26999999917,243093385.76996255
516.0,170.0,26.0,388.0,659839112.1400818,3670474.619999795,40681.96999999935,2076243.2000002237,79143.62000000049,212154055.60997462
333.0,106.0,333.0,328.0,471281617.430043,3112345.34999983,58146.98999999503,1336643.7699999488,62318.04999999281,151466673.0999925
65.0,143.0,450.0,442.0,481304450.4900648,3384014.6599997478,70409.77999999363,1615672.989999891,65759.92999999115,154377993.4299941
320.0,143.0,321.0,316.0,559388321.2100488,3001116.639999855,59110.30999999603,1958181.3400001498,79270.94000000088,179828379.85999078
341.0,108.0,315.0,336.0,503008523.03004026,3104372.15999987,56274.24999999749,1506629.7300000477,67128.81999999362,161718468.95998803
467.0,149.0,468.0,16.0,443602901.2800032,1782158.3299999482,61140.87999999894,1489170.5100002144,79466.85000000018,143164610.58998454
458.0,204.0,422.0,16.0,556134932.9900026,1796907.0699999284,65204.9199999997,2308914.510000212,99807.54000000803,179278466.07998934
112.0,246.0,716.0,26.0,587605839.280006,1572288.2299999048,91977.6799999935,3130232.4399998332,118921.4800000224,189074935.1800135
97.0,302.0,678.0,23.0,688953478.0700108,1651259.4699999092,93908.28999999455,3822426.2999998704,136497.92000001203,221611400.2900133
63.0,197.0,406.0,434.0,593724576.0500693,3272281.5299998717,73602.97999999252,2422632.0900000264,88036.19000000221,190546085.5100025
102.0,318.0,656.0,24.0,638100447.5800008,1635713.8499999042,93006.41999999851,3471213.839999782,127723.84000002226,205276434.2000211
209.0,480.0,210.0,201.0,1072920743.5600575,2740195.5000000796,79713.85999999022,5779694.640000603,180624.64999999513,344844521.73997635
334.0,412.0,181.0,173.0,978005170.850033,2654405.060000051,69782.36999999655,4965613.800000232,159286.76999999819,314494636.0999817
197.0,515.0,198.0,190.0,1155938490.2300444,2617352.1700000362,84078.20999998755,6451580.74000078,197252.23999999458,371523563.4499932
217.0,499.0,175.0,209.0,1078156730.0700884,2858186.940000087,78550.09999999103,5779325.260000579,178607.86999999368,346513515.78999114
187.0,429.0,188.0,296.0,982982140.5100863,3274083.1099998746,75419.68999999421,5001424.340000379,155437.13000000463,315798528.7599944
183.0,479.0,148.0,290.0,1126145623.9300718,3191956.210000081,78985.91999999035,6029634.040000956,183492.4099999955,361798707.20999014
313.0,386.0,135.0,266.0,981949918.6500567,3076560.040000049,68511.19999999588,4878165.040000334,153180.59000000102,315595097.909979
290.0,407.0,156.0,247.0,994975451.3900384,2850489.549999976,69088.32999999607,5035500.110000126,159703.61999999848,319875022.859987
327.0,461.0,142.0,170.0,1091503601.63004,2838613.7800000017,73790.28999999524,5739146.420000636,179794.99999999205,350936286.7799843
298.0,419.0,129.0,254.0,1053560698.8700614,3082779.0300001134,72855.75999999544,5429385.040000532,170111.77000000005,338626632.7799996
335.0,285.0,154.0,326.0,804892394.9000679,3264917.079999906,60277.8399999969,3513163.7000001017,117686.02000000907,258712611.84997526
458.0,239.0,129.0,274.0,775931158.7200662,3255487.229999984,53790.31000000033,3167439.8500000034,112602.07000000603,249604420.0399691
271.0,441.0,124.0,264.0,1036831293.9000639,3218009.9600000284,70150.53999999477,5249845.3400005745,163108.99999999953,333190635.25999045
230.0,196.0,449.0,225.0,576914031.0000336,2494161.9000000064,72173.90999999309,2454849.32000005,95572.56000000762,185509330.04999557
416.0,354.0,191.0,139.0,861180830.5000364,2526024.089999945,63306.47999999936,4108157.469999516,139675.41000000117,277082315.94997966
224.0,365.0,436.0,75.0,856154493.4200063,2046920.8699998814,84371.07999999274,4617288.929999849,155499.83999999738,275372640.0200023
376.0,196.0,451.0,77.0,540831693.8200192,1944436.7199999655,68806.32999999715,2243148.150000192,96300.85000000922,174234874.5999972
442.0,443.0,124.0,91.0,1057086601.3700211,2365842.2199999588,67915.92999999938,5514797.540000438,177467.8399999865,340093495.1299786
290.0,290.0,347.0,173.0,783644680.3300369,2522198.2800000072,72092.37999999491,3771950.2599997628,130907.7700000104,252029526.56998548
323.0,324.0,387.0,66.0,778480461.6600044,1968613.259999906,76677.94999999365,3938870.999999597,139131.3300000083,250547950.0299909
301.0,279.0,223.0,297.0,772270862.740063,3009197.569999938,65264.97999999739,3454267.460000032,118457.18000000954,248245741.43999034
96.0,351.0,280.0,373.0,887681285.2800883,3430707.35999983,75494.09999999095,4340739.110000209,135591.82000001566,285007407.23998934
368.0,95.0,273.0,364.0,460781906.66005546,3359396.709999772,48307.99999999711,1006363.0399998219,52840.169999993916,148146823.03998655
331.0,307.0,136.0,326.0,838113178.4900744,3354852.8300000187,60535.87999999785,3721216.4999998743,123570.42000000484,269369837.2499736
328.0,305.0,243.0,224.0,785736096.6800493,2761484.7000000454,64662.21999999783,3581052.3699998376,124268.11000001176,252707914.15998688
468.0,121.0,192.0,319.0,543701136.5300382,3076194.8499998753,47180.729999999436,1563414.6600001447,70478.76999999465,174971662.539983
124.0,449.0,198.0,329.0,1055676384.810092,3142977.1100000157,79539.8499999901,5582585.51000073,171839.519999996,339132907.60999405
145.0,147.0,421.0,387.0,529127655.4100497,3330108.099999795,67695.47999999486,1874215.909999964,74976.63999999779,169885067.14999428
147.0,149.0,236.0,568.0,561537738.7400905,4020117.55999957,56378.24999999391,1710121.9699999038,63737.029999989325,180122518.8699944
175.0,177.0,281.0,467.0,588758247.5900652,3604700.6799997,61988.209999994826,2077368.4599999497,77225.53999999835,188985272.26999402
518.0,102.0,336.0,144.0,500367205.88001335,2400409.5599999567,52999.729999997864,1553056.9300000793,75405.76999999734,161252943.31998247
422.0,119.0,392.0,167.0,485118112.7900228,2521731.3399999617,58273.5399999976,1548445.2500001092,73805.7399999979,156228488.7599843
418.0,294.0,272.0,116.0,799475429.780025,2301636.0799999684,65673.33999999965,3794766.3899997487,132059.65000000905,257283495.92998663
462.0,91.0,419.0,128.0,398473052.4300159,2177838.699999989,56859.79999999807,1025772.9699998561,63739.86999999516,128522458.8599803
352.0,70.0,229.0,449.0,462785245.770048,3616952.8199997684,49183.58999999681,986129.0699998161,50413.83999999344,148666108.27998766
283.0,199.0,257.0,361.0,616659233.3000592,3278866.6099998266,60893.41999999547,2310535.940000188,85498.34000000614,198122332.92999133
250.0,70.0,325.0,455.0,439288043.2500502,3419992.769999746,56271.9399999954,1012812.5099998423,52208.239999995116,141079273.71998912
231.0,232.0,215.0,422.0,679498362.7600694,3442377.9899998764,60956.32999999575,2667315.620000033,93521.13000000095,218228029.98998436
297.0,299.0,386.0,118.0,728014027.0500218,2287052.4199999743,71961.53999999509,3479371.949999739,124084.58000001212,234218421.86999124
215.0,215.0,279.0,391.0,655224685.6600798,3393724.029999797,63333.339999994954,2588570.8300001444,92958.0500000064,210463798.51998895
91.0,281.0,422.0,306.0,751492155.4000632,2862198.5399999,79343.09999999158,3666537.5699999076,122953.4900000145,241381221.43999562
332.0,214.0,321.0,233.0,647963390.0300409,2702475.199999967,64269.05999999772,2689251.3300001007,100621.63000001149,208395820.38999766
80.0,383.0,369.0,268.0,892904290.3900633,2787295.1200000173,84853.69999998796,4745854.550000118,153165.81999999986,286840701.4199823
136.0,417.0,93.0,454.0,1034392277.3901055,3756975.509999908,70701.19999999194,5131061.270000629,154137.69000000937,332128072.13000077
103.0,318.0,478.0,201.0,750077648.3400495,2558524.1800000737,83818.38999998834,3811728.829999855,130137.90000002111,241038622.53000438
131.0,626.0,90.0,253.0,1343227962.3900964,3107843.070000076,85958.59999999026,7608316.900001208,223273.68999999407,431526786.35000044
502.0,323.0,72.0,203.0,862336484.390038,2901002.45,52873.139999999104,3806160.2599998233,130042.67000000022,277472145.77996796
326.0,327.0,315.0,132.0,805214920.9100162,2248391.809999928,74087.11999999676,4012860.7599997893,138409.16000000451,259042962.01998776
387.0,387.0,56.0,270.0,974357750.7000479,3143882.3199999584,59732.37999999816,4626237.950000065,147085.32000000164,313260187.57998747
431.0,432.0,62.0,175.0,1101290641.6100464,2825305.3300000927,65092.7199999986,5634745.710001148,178436.10999999678,354203832.66000795
91.0,205.0,249.0,555.0,701179977.5001172,3974924.4099995624,66457.91999999108,2843635.9300003466,93812.9200000096,224928092.14999238
177.0,188.0,228.0,507.0,641277424.9200838,3928172.7799996915,58339.379999995246,2287752.359999949,80311.28999999698,205787222.63999012
72.0,398.0,195.0,435.0,943519963.0300801,3588553.670000011,73957.5599999911,4659227.240000305,142594.92000000633,302910752.27999085
69.0,156.0,455.0,420.0,525851054.22005147,3303541.0599999456,72396.36999999202,1950970.9599999483,75647.05999999416,168741522.80999273
147.0,331.0,403.0,219.0,808438955.4200392,2738995.830000035,82733.55999999197,4122855.6699997396,137620.73000001351,259778667.52999777
75.0,419.0,494.0,112.0,946032204.7600329,2129431.7799998736,95200.15999998909,5406716.960000223,174855.3099999887,304089283.37998366
187.0,199.0,582.0,132.0,565111586.1700163,2042208.659999923,81656.12999999373,2652584.6100000655,104197.43000001319,181804100.44000053
195.0,515.0,253.0,137.0,1115020709.0600169,2376844.929999969,87104.71999999149,6293491.080000526,196353.67999998515,358434421.9899746
114.0,301.0,356.0,329.0,794146909.6600527,3039955.98999993,77257.36999999195,3863256.340000027,127803.85000001318,255081894.09999174
148.0,389.0,459.0,104.0,823630480.0000373,2155357.3299998855,88627.91999999009,4477052.619999905,150983.95000000903,264807261.329994
258.0,330.0,359.0,153.0,829870166.3500566,2455052.0499999872,76267.02999999272,4180682.249999761,141591.100000009,266868148.40998858
305.0,312.0,338.0,145.0,772600352.1000172,2392330.1999999746,71518.609999996,3715225.349999856,129899.88000000875,248530673.67999077
318.0,152.0,441.0,189.0,530055736.74001616,2418899.720000025,68523.18999999764,2080338.32000013,87106.84000000554,170534072.31999457
307.0,393.0,217.0,183.0,928513231.1200492,2527737.750000057,70303.32999999584,4703596.450000128,152782.14999999752,298579350.2499861
230.0,295.0,320.0,255.0,787667327.5700598,2828391.1600000462,72902.75999999435,3766229.939999809,127914.8300000111,253195768.3099855
334.0,160.0,236.0,370.0,602162588.5800682,3382930.489999822,54230.81999999624,2040183.9800000868,78947.84999999814,193513451.26998422
316.0,324.0,179.0,281.0,863064868.6700641,3233981.909999891,65529.31999999704,4019361.1099998998,132189.63000000958,277395475.2899875
325.0,125.0,362.0,288.0,480489372.1100342,2820938.819999854,59214.3199999954,1478825.8500000883,68434.40999999417,154528513.3699917
454.0,174.0,256.0,216.0,583344365.9700377,2925816.5899998494,51645.63999999811,1959538.1100002457,82565.20000000218,187772003.32999367
388.0,149.0,219.0,344.0,544299044.0800358,3139043.329999873,52030.749999997606,1678407.2400000687,71664.16999999719,175031530.43998867
562.0,48.0,92.0,398.0,457029986.880049,3485700.629999815,34569.28000000178,677564.7399999109,43973.979999995,147045292.84998286
433.0,60.0,115.0,492.0,480838047.25007445,3864492.88999956,40956.66999999921,877602.7799998315,45498.769999994074,154464938.91998112
567.0,38.0,93.0,402.0,450450071.3900324,3399230.509999735,33374.36000000221,608717.8199999094,42817.30999999581,145003928.18997568
426.0,37.0,336.0,301.0,368239957.79002076,2931894.3499998846,47615.63999999778,464174.5199999651,42817.71999999846,118572799.10998727
472.0,41.0,78.0,509.0,447370381.83006835,3821475.7899995027,34494.42000000305,511807.77999998926,36229.96999999691,143779999.67997947
375.0,25.0,296.0,404.0,374663121.1600416,3461819.0299996827,48215.73999999574,417791.30000000173,38184.91999999751,120457394.41998447
266.0,37.0,337.0,460.0,374372628.7700396,3391935.129999727,52853.95999999487,546716.1299999794,40516.89999999603,120268060.49998374
354.0,38.0,94.0,614.0,480576060.55007863,4339335.659999547,36708.460000002175,697239.5799999159,36351.349999995975,154194849.65998524
313.0,34.0,397.0,356.0,335765217.1200175,3034129.2299998254,55828.689999995724,431569.92000000214,39788.839999998665,107936427.70998752
268.0,29.0,339.0,464.0,370836463.12003386,3513326.4099996528,53565.70999999554,490512.5300000186,37259.86999999954,119044489.75998618
248.0,362.0,406.0,84.0,826137008.3500073,2086517.149999864,79526.57999999497,4306467.249999787,146530.72000000213,265748738.6999953
45.0,448.0,503.0,104.0,976333409.1800146,2086609.349999841,97699.1999999896,5676863.760000029,181597.9599999872,313807050.91998166
251.0,354.0,410.0,85.0,853041310.1000193,2036588.3299998783,81446.30999999454,4526014.409999884,152040.61999999845,274405800.3899927
331.0,484.0,173.0,112.0,1114678745.5000362,2523259.8099999265,75232.79999999587,6007631.390000734,188287.67999999275,358465948.60998225
209.0,304.0,341.0,246.0,831392476.0300584,2749140.2799999905,75290.82999999603,4120905.3299998925,136810.39000000898,267232467.52999118
268.0,378.0,139.0,315.0,942754363.6300954,3310183.8999999175,67564.42999999673,4552128.2800002,146848.37000000762,302999432.2599871
49.0,486.0,173.0,392.0,1126243335.6401021,3746076.6500000325,84168.0299999858,6047799.430000938,180948.4599999999,361600527.76998115
37.0,356.0,411.0,296.0,816156401.4800668,3047491.3399999957,83080.8499999886,4150812.2599999746,135025.25000001743,262096739.87000027
66.0,643.0,237.0,154.0,1299644644.660028,2543602.7699999306,97081.81999998009,7691173.940001281,231955.26999998002,417629365.9099573
49.0,477.0,176.0,398.0,1051729697.990108,3582275.8900000486,80931.79999998679,5518897.960000723,166831.41000000978,337674738.83999944
237.0,177.0,678.0,8.0,501963015.50000095,1588716.859999937,81310.6999999982,2343062.830000152,99918.26000001255,161699183.4199985
172.0,191.0,729.0,8.0,490565220.7700047,1531362.019999941,87074.02999999581,2388906.880000081,101867.58000001339,157978560.7399986
150.0,517.0,428.0,5.0,1092236153.9500008,1735735.5699998264,96315.1599999848,6490587.400000473,204393.33999997427,351226415.3399594
280.0,209.0,602.0,9.0,548147080.0800009,1633130.7099999355,78025.62999999561,2549483.5000000186,105939.10000001128,176590517.78998896
143.0,107.0,407.0,443.0,480797339.1100658,3438127.6299997056,66360.44999999374,1503456.639999923,64292.2399999909,154317906.53999278
113.0,392.0,243.0,352.0,937239091.5600864,3399114.249999916,76012.83999999215,4701099.910000269,145497.14000000842,300957765.7799953
111.0,123.0,354.0,512.0,516947187.3200619,3775737.7999996394,61182.73999999458,1558207.9599999413,61719.60999999122,165805566.57999364
74.0,376.0,311.0,339.0,902905965.6800994,3178190.0599998995,79584.22999999241,4581078.1100003375,143459.86000000974,289955839.97999674
118.0,602.0,374.0,6.0,1251043431.9299946,1835826.7899997688,99833.89999998522,7565618.050001051,231825.9499999819,402221762.3599496
79.0,405.0,252.0,364.0,959355486.7100981,3527000.889999943,78874.05999999004,4876495.15000055,152313.93000000797,308055510.7199973
376.0,343.0,133.0,248.0,925052796.2700622,2945769.979999946,65502.849999997205,4468907.16999999,145645.92000000423,297429892.49998504
347.0,357.0,138.0,258.0,930526753.3200597,2992261.1599999685,63939.85999999727,4472936.739999936,145396.52000000354,299189209.4799784
427.0,240.0,151.0,282.0,753253935.1600603,3063717.249999972,55403.81999999794,3101404.539999961,109780.90000000579,242276881.3099748
411.0,375.0,43.0,271.0,986213325.2400484,3070646.04000003,59728.68999999941,4719509.410000234,149674.14000000025,317076815.4999899
406.0,370.0,144.0,180.0,933971725.3100523,2730385.7500000256,64042.089999998876,4545530.559999919,150076.32000000114,300414249.6799825
521.0,294.0,55.0,230.0,871517343.4300389,3037343.6499999287,52550.539999998364,3795160.3999997536,128742.02000000382,280384984.96998096
416.0,428.0,49.0,207.0,1056193923.3100406,2778467.50000008,63190.19999999982,5330564.740000524,167092.5299999982,339662392.7899976
434.0,276.0,173.0,217.0,766800501.1200533,2868403.00999987,57948.37999999693,3300180.8199999374,116056.14000000425,246678558.22997957
440.0,280.0,52.0,328.0,861138219.4200598,3333564.4599999227,53573.87999999818,3720841.809999888,123342.34000000288,276857102.8999761
488.0,311.0,58.0,243.0,841877031.8100593,2992067.8500000243,53356.21999999885,3675164.8299998394,124930.91000000612,270825540.95997375
326.0,284.0,328.0,162.0,705974398.6800282,2610000.0799999763,67219.22999999787,3153508.5799999326,114319.48000000816,227103796.26999226
474.0,230.0,265.0,131.0,690857542.2400261,2428281.059999971,58359.23999999916,2894925.229999921,110223.95000000768,222447178.11998785
385.0,137.0,387.0,191.0,508016088.88002944,2614943.3799999813,59538.28999999806,1705077.4200001452,78002.42000000189,163553919.9999914
278.0,241.0,443.0,138.0,688438691.3800225,2195203.459999932,73180.55999999511,3261315.109999704,120018.31000001464,221511865.1599938
361.0,314.0,362.0,63.0,771364231.5500075,2036970.0599999093,72609.6499999975,3816414.999999626,134810.5500000091,248270243.24998865
352.0,125.0,562.0,61.0,416968384.74000865,1857780.7799999916,70420.91999999777,1498353.5300001095,77375.34000000161,134408683.5199837
445.0,216.0,396.0,43.0,609481732.4400133,1908966.9799999124,66347.41000000073,2655281.2400000403,107299.1700000113,196369965.95999244
593.0,117.0,332.0,58.0,488968197.6000041,2091225.1699999634,49875.96999999878,1454385.0500001805,76549.74999999904,157787795.60997793
465.0,92.0,414.0,129.0,403570626.6400126,2243164.720000032,57760.99999999718,1050528.179999863,63715.18999999336,130126418.979985
503.0,100.0,448.0,49.0,446143301.01001054,1968097.4899999814,57922.94999999828,1399121.6400001412,74522.20999999969,143936165.89998403
13.0,597.0,14.0,476.0,1277602991.1601076,4061897.689999937,79716.83999998884,6869320.880001231,196571.61,410089285.0400121
220.0,484.0,11.0,385.0,1177851699.7900887,3775619.969999775,70989.459999992,6062387.190000982,179187.18000000456,378328387.92000747
15.0,507.0,17.0,561.0,1161270711.660167,4616672.2200001655,74676.69999998824,5886427.580001121,169557.50000000864,372606645.4700265
11.0,508.0,176.0,405.0,1200978806.8601317,3836912.370000101,86774.3099999862,6568838.350001282,194882.66999999472,385559802.3099891
14.0,660.0,16.0,410.0,1448933694.4001882,4448621.990000528,92842.06999996795,8191069.180002675,239689.19000000742,465203267.9599838
14.0,463.0,224.0,399.0,1087566162.320086,3408408.260000015,84840.15999998858,5860190.260000527,176148.67999999688,349178701.91999435
206.0,454.0,158.0,282.0,1031770286.2500756,3121393.260000053,74561.44999999215,5315325.570000706,164402.24999999892,331510781.4700032
275.0,435.0,14.0,376.0,1083996271.4200823,3543674.1999998833,65242.399999997215,5374371.970000678,162684.97000000154,348223650.55999285
216.0,341.0,165.0,378.0,878560551.3900735,3358984.469999849,67465.54999999626,4131237.550000039,132295.91000001016,282210527.539991
233.0,369.0,179.0,319.0,928922108.0500659,3223785.1099999645,70257.7699999954,4547471.340000257,144192.33000000037,298447949.2999846
24.0,296.0,462.0,318.0,713185033.5600655,2958518.2699999344,83038.21999999206,3471639.060000063,116831.31000001686,228987169.95000702
66.0,285.0,444.0,305.0,712281111.6000507,2750488.959999897,81901.88999999288,3494229.459999994,119937.62000001843,228794406.2500069
16.0,557.0,312.0,215.0,1127056785.8100536,2719739.440000015,94272.76999998526,6471145.190000579,196975.56999999128,362047431.0199807
27.0,329.0,391.0,353.0,812203085.6400619,3120446.310000004,83207.03999999084,4110468.8899999172,133869.62000001388,260787764.74999514
22.0,267.0,415.0,396.0,731580198.4000796,3277528.3700000006,81093.48999999283,3472061.05000001,116127.41000001437,234823103.6699955
16.0,552.0,237.0,295.0,1185399180.2700937,3066133.0600001267,91536.06999998844,6688359.52000075,199665.63999999323,380716845.15998584
65.0,282.0,335.0,418.0,767324578.4000721,3395092.659999945,75007.15999999299,3549740.000000079,115805.94000000916,246324844.30999506
42.0,505.0,283.0,270.0,1107589477.2400503,2938347.9799999483,90494.15999998826,6217152.340000545,189478.95999998858,355771748.41998655
48.0,580.0,248.0,224.0,1252157633.0000339,2722002.610000024,94300.79999998544,7272254.180001035,217587.50999998592,402280499.03996
45.0,538.0,230.0,287.0,1157473956.4500659,2977570.3999999887,88454.22999998902,6477477.860000708,193538.35999999387,371780144.29999113
252.0,407.0,22.0,419.0,1061071278.0900918,3616061.1000000276,65869.62999999733,5229224.270000689,159099.1600000026,340857506.5800011
272.0,398.0,21.0,409.0,1037701867.200062,3539220.739999994,63619.17999999866,5050378.870000373,154829.17999999822,333377752.8999981
302.0,271.0,26.0,501.0,792709115.180141,4400324.599999637,52071.18999999563,3020293.3400001307,100306.44000000859,254568981.80996194
183.0,295.0,318.0,304.0,757072026.430052,2960009.9499999327,73267.21999999438,3556570.9799999734,119694.03000001085,243256187.3299935
402.0,647.0,35.0,16.0,1380095422.269977,2147681.119999768,78037.45999999298,7856969.090001349,238276.75999998752,443927500.22997856
300.0,268.0,520.0,12.0,685103664.5800023,1724384.4999998969,79610.64999999665,3460862.2299996885,128915.19000001284,220581045.11999997
270.0,395.0,426.0,9.0,854455062.2200197,1765543.639999868,84228.77999999633,4663483.539999836,159632.47999999288,274951975.22000015
570.0,465.0,45.0,20.0,1129937699.0500035,2206847.20999982,64931.82000000166,5943352.390000626,190548.09999999162,363661397.3999833
225.0,183.0,354.0,338.0,566882607.440051,3116091.0399998305,62473.77999999472,2050797.5300000827,80565.9300000018,182144832.22999358
321.0,262.0,506.0,11.0,634247346.0999826,1717907.849999928,77423.90999999785,3085979.86999993,118489.16000001205,204249254.7599985
475.0,62.0,486.0,77.0,353359873.46000284,1984577.6800000272,57588.69999999775,794659.5099999108,59257.75999999727,114092284.16998373
493.0,60.0,472.0,75.0,349565360.59000343,1969700.5199999942,56156.07999999865,726360.369999926,57641.299999995485,112902124.1599837
445.0,128.0,455.0,72.0,516499294.8900038,1974459.5499999586,62529.82999999942,1966609.5700004206,88757.43000000443,166476276.21998745
731.0,94.0,157.0,118.0,509278098.1700149,2438842.639999982,38123.070000000065,1288003.7900000887,69940.02999999847,164322115.15998244
440.0,57.0,450.0,153.0,367068606.2100155,2361833.62,56929.70999999572,779459.4299999058,55553.13999999652,118335547.50998548
595.0,171.0,127.0,207.0,626341534.3300438,2827240.969999961,43833.39000000007,2091443.6400003673,86290.04000000037,201697264.89997882
668.0,81.0,134.0,217.0,501629334.300031,2876755.149999906,36526.64999999964,1116032.9699998768,61799.55999999464,161700429.23997635
431.0,116.0,413.0,140.0,456502565.71001846,2232977.1000000145,57586.41999999733,1411323.9100000642,72965.47999999914,147136470.55998957
678.0,183.0,136.0,103.0,652858750.530021,2434301.510000104,43940.64999999932,2340063.860000111,96773.08000000197,210422429.02997047
613.0,165.0,123.0,199.0,590827683.0200405,2785171.439999953,41979.01999999979,1828204.8500003149,81005.08999999956,190363479.749978
170.0,367.0,181.0,382.0,930573486.3600849,3327158.949999847,71831.77999999293,4571633.080000299,144303.4700000071,298918988.37998855
196.0,356.0,176.0,372.0,931964759.0400926,3479006.319999938,70363.50999999483,4518493.630000233,141435.82000001072,299343314.2599915
159.0,414.0,169.0,358.0,974674041.4000809,3499418.609999897,72176.60999999387,4814698.030000361,148092.65000000547,313021679.77999157
141.0,304.0,338.0,317.0,746914795.5300512,3095047.5400000243,74384.15999999313,3481416.939999925,118138.90000001263,239916488.51999334
157.0,340.0,167.0,436.0,891322391.3300978,3728434.5099997837,69323.74999999483,4189839.2200000463,131320.70000001133,286195911.46998566
126.0,326.0,301.0,347.0,832315410.4500761,3450626.34999997,75440.43999999273,3962054.7499999227,128458.73000001155,267276842.6299859
154.0,279.0,309.0,358.0,781436664.1800797,3269029.5499999127,71358.63999999192,3607925.5300000724,119835.64000000973,251001215.48998746
172.0,375.0,153.0,400.0,940313491.7401013,3618697.8599998425,69015.18999999548,4515674.670000326,139211.8600000136,301953722.8500028
155.0,339.0,313.0,293.0,818561182.8300544,3005743.3399999887,75329.52999999402,3973704.029999892,131105.0900000135,262988303.69998562
146.0,319.0,295.0,340.0,826596334.4100786,3052644.789999921,74264.99999999435,3995255.449999887,130226.69000001426,265556416.67999247
341.0,191.0,144.0,424.0,680430153.9000788,3672691.929999781,53520.9199999964,2472537.0800000136,88097.9800000034,218606230.5499824
371.0,183.0,139.0,407.0,679157054.5400712,3490216.539999733,51068.75999999713,2479669.190000114,89862.53000000268,218290110.63998282
231.0,485.0,98.0,286.0,1123964403.700103,3391680.4900000375,74368.06999999321,5860784.680000867,179520.13999999367,361146173.319995
379.0,212.0,39.0,470.0,722954013.1900947,3882764.459999717,46203.62999999847,2547986.4700000696,88745.29999999852,232293987.29997936
371.0,208.0,157.0,364.0,658232709.1300722,3399593.809999771,54017.99999999604,2409690.82000002,89147.8300000065,211586460.97998163
263.0,553.0,27.0,257.0,1278691328.1800902,3157423.730000034,76685.03999999263,6960832.980001533,207133.60999999373,410933752.8600083
448.0,222.0,41.0,389.0,735703770.7500808,3622694.219999743,46341.499999998516,2687630.500000194,94531.27000000238,236508163.0799776
268.0,499.0,100.0,233.0,1156008264.220034,3113113.980000099,74135.09999999481,6114232.3900010865,187993.86999999647,371562966.73999184
272.0,505.0,25.0,298.0,1162085737.6700606,3260061.4800000153,69749.38999999693,6045522.920000691,182519.02999999523,373423209.429987
288.0,536.0,26.0,250.0,1192735399.5900621,3177531.6500000325,71271.43999999424,6306876.760001235,190725.61999999234,383336616.9900049
432.0,347.0,321.0,0.0,868516694.6600034,1832034.6999998963,73369.31999999806,4505056.979999751,154117.74999999764,279593525.5299883
447.0,339.0,314.0,0.0,822723766.9500058,1864773.4599998728,69592.25999999812,4123373.1199994716,145899.5100000022,264925368.35998052
516.0,199.0,384.0,1.0,595028907.980007,1791005.7499999462,61819.020000000215,2488257.670000194,104021.61000000742,191831132.5299771
458.0,367.0,275.0,0.0,872720751.9900047,1899526.5099998547,69633.67999999972,4420827.3599995505,153449.5700000008,280998193.32998574
311.0,250.0,231.0,308.0,746052448.2800704,3165432.629999963,63271.05999999753,3209877.5699999323,111668.77000000983,239799522.69997534
369.0,143.0,222.0,366.0,579119001.3700521,3441256.279999876,51260.40999999768,1806991.9700000975,73518.91999999499,186146253.27999043
337.0,256.0,191.0,316.0,765190878.6300822,3193296.01999983,60402.49999999679,3279167.010000035,113802.56000000688,246007618.24997735
366.0,134.0,257.0,343.0,535837241.3300575,3194112.829999876,52430.07999999748,1610324.210000072,68801.42999999122,172249036.05998826
569.0,207.0,323.0,1.0,627209654.1500063,1878119.33999994,58525.95999999972,2599910.8000001097,106919.24000000695,202210688.00997865
384.0,140.0,217.0,359.0,569693621.3200531,3300649.279999793,51803.34999999693,1798165.8500000776,74261.2899999974,183172237.31998655
312.0,228.0,201.0,359.0,737098136.6300706,3403088.879999785,58871.5599999968,3023677.0600000354,104682.3300000072,236854584.84998468
330.0,222.0,197.0,351.0,719684153.2200696,3256328.149999941,56731.559999996745,2884011.370000172,101657.46000000762,231319368.5899775
374.0,56.0,241.0,429.0,441801755.11004156,3384369.7099997415,48210.45999999672,871806.2999998928,48551.029999995386,142003352.61998847
331.0,241.0,148.0,380.0,722111910.840072,3534939.0899998206,56087.879999998084,2821924.770000055,98687.99000000412,232049992.01998225
327.0,238.0,211.0,324.0,741305369.8000634,3192399.2699998436,60119.44999999682,3099807.1100000264,107434.92000000841,238253341.91998872
426.0,64.0,190.0,420.0,465311085.27004874,3483993.96999973,44932.1399999975,951577.239999826,50109.65999999377,149577058.67998472
366.0,247.0,152.0,335.0,776425580.1800623,3365076.5999999703,57303.61999999768,3233690.7999999262,111875.72000000547,249599630.14997482
415.0,58.0,247.0,380.0,446625307.560036,3237693.989999762,46030.529999998354,879283.5399998325,51513.42999999358,143683338.01997945
420.0,59.0,174.0,447.0,474251382.4600594,3630877.26999969,43293.68999999733,912021.3799998708,49233.99999999459,152457492.92998362
446.0,62.0,184.0,408.0,483578375.1600461,3476150.2899997747,42225.619999998395,1000591.2599998305,52447.99999999556,155505222.16998112
73.0,467.0,440.0,120.0,972166539.6000118,2135451.6399998213,94308.65999998903,5561856.890000209,177894.7399999925,312479132.3299871
96.0,456.0,431.0,117.0,981614117.8100493,2222935.769999865,93206.77999999111,5602001.080000137,180635.30999998798,315542460.35999703
88.0,342.0,527.0,143.0,756513281.1700399,2218675.5999999545,90207.67999999154,4056061.839999811,139021.57000001144,243162357.9900086
78.0,494.0,401.0,127.0,1081206373.4400342,2326473.249999905,95869.10999998702,6271151.480000605,195834.92999998134,347479447.10997504
77.0,489.0,461.0,73.0,1018902426.5100329,1959384.8299998348,96684.34999998525,5966866.140000401,189885.17999998276,327554656.53996485
100.0,390.0,515.0,95.0,825580764.3300171,2007104.6099998688,93696.93999999328,4617555.799999831,156769.33000000022,265445171.2600171
107.0,506.0,411.0,76.0,994191144.3300227,2049519.2499998198,93274.57999998966,5709220.250000262,182605.84999998138,319632483.63997984
121.0,352.0,541.0,86.0,757354496.4100173,1997445.1899999364,89288.87999999245,4097251.5999998054,141286.23000001136,243537133.9300071
123.0,356.0,472.0,149.0,802144650.9500316,2214951.029999935,88130.72999999482,4287228.38999978,144275.91000000472,257847414.06000617
130.0,378.0,500.0,92.0,856626912.0499907,2021586.2799998713,90153.52999999223,4733731.629999887,157530.02999999828,275438866.07000315
297.0,52.0,664.0,87.0,280613118.3699966,1834618.4699999776,74294.34999999731,697991.3399999484,56813.63999999679,90523350.87998885
517.0,38.0,482.0,63.0,347112068.8400027,1980597.7700000075,56240.799999997536,695942.5099999065,57282.17999999806,112116981.36998269
167.0,511.0,373.0,49.0,1077253631.2900288,2035598.0299998445,90571.62999998698,6172275.090000543,195496.22999998656,346422018.08997196
563.0,99.0,272.0,166.0,471512895.46002287,2576775.12999999,45715.61999999719,1175399.6500000048,65706.32999999568,152047508.25998297
199.0,35.0,445.0,421.0,352467426.2800228,3138024.709999741,60276.26999999564,599852.5099999934,41953.25999999841,113169550.42998725
165.0,505.0,80.0,350.0,1158441700.310104,3492357.9800001597,76230.25999998793,6135997.720001158,183305.13000000044,372105500.8299827
510.0,37.0,103.0,450.0,458492588.9400451,3567895.4899997893,35517.14000000114,670197.9599999203,43613.60999999659,147498196.03998032
269.0,343.0,251.0,237.0,854572986.2200469,2643896.4700000593,69613.61999999636,4183572.9999996554,139527.07000000286,274800218.9399797
423.0,540.0,85.0,52.0,1194797819.3400025,2195285.0999998227,72596.04999999804,6529864.700000926,204529.91999999236,384388015.8000036
327.0,418.0,66.0,289.0,1033100965.2300758,3353477.619999958,64913.16999999812,5093014.790000463,160429.11000000202,332035983.9499856
281.0,212.0,386.0,221.0,626309562.7700509,2597092.010000021,68448.19999999595,2677136.8999999547,101137.69000001067,201430382.39999235
10.0,281.0,514.0,295.0,708765105.8400599,2742884.5799999083,88403.50999999138,3593397.1000000727,122535.60000001635,227618442.54000738
325.0,73.0,446.0,256.0,386972818.11001855,2784477.439999913,60430.289999996436,923006.5799998966,54984.56999999567,124479407.6199825
325.0,244.0,275.0,256.0,718370860.8100538,2801915.4599999893,64695.7099999982,3119620.529999952,110887.51000000676,231012313.0999824
246.0,185.0,339.0,330.0,596029446.6600395,3023865.2299998705,64072.56999999802,2274089.820000032,87091.04000000372,191545893.5299941
323.0,73.0,272.0,432.0,429756602.0600445,3535149.779999702,49426.30999999704,800755.2199998834,45209.88999999599,138020858.66998187
10.0,279.0,314.0,497.0,722119312.8301036,3537427.5199998342,75601.25999999032,3241055.500000137,105164.99000001299,231659583.50000387
10.0,83.0,510.0,497.0,417214829.80005103,3516547.0099996664,71860.67999999202,1203837.5899998776,54602.31999999301,133709831.79998465
15.0,132.0,493.0,460.0,484505542.5100584,3445060.0499997213,74363.51999999034,1681264.479999885,67639.29999999117,155355955.95999587
12.0,102.0,381.0,605.0,449700844.57006675,3809301.5599996042,65476.869999992865,1230790.4499998214,51816.8099999911,144042287.1099875
590.0,176.0,143.0,191.0,654123810.0900396,2866709.1199999307,47076.37999999942,2324964.5500001605,93567.96000000343,210640821.77997723
268.0,287.0,233.0,312.0,770456687.3000617,3126569.039999933,66269.37999999696,3474118.9499999327,116948.35000000904,247566194.12998766
552.0,235.0,134.0,179.0,766014358.6500275,2688101.6300000036,50799.20999999839,3182733.9099998856,114125.31000000091,246553695.30996755
553.0,165.0,203.0,179.0,575654932.3200198,2654739.939999971,48176.959999998806,1891361.6700002432,82585.33000000304,185436882.8199773
484.0,144.0,117.0,355.0,589502205.4700541,3521106.5399997826,44160.1599999994,1720237.2700000873,70719.25999999553,189535745.03997976
436.0,185.0,160.0,319.0,677659349.040063,3364869.1499998244,52586.79999999654,2498453.950000089,92861.32000000468,217907196.31997743
182.0,196.0,241.0,481.0,689216154.3700978,3780110.7799997074,61687.949999994475,2694535.380000123,91477.70000000944,221203450.22998944
182.0,279.0,158.0,481.0,816452852.0801095,4012930.849999715,64151.559999995654,3523767.3900001068,113013.76000001004,262101035.13998365
219.0,336.0,289.0,256.0,861953592.8200595,2959881.870000024,75916.31999999056,4293786.499999938,141051.7100000058,276992033.3799933
169.0,260.0,224.0,447.0,734658015.2601018,3609057.0999997193,65703.70999999299,3101867.6100001247,103629.33000000883,235870589.51999226
183.0,310.0,288.0,319.0,768520681.7700571,3088690.400000012,71216.4199999962,3553268.449999971,119706.13000001162,246903166.05999413
273.0,279.0,260.0,288.0,782306998.8700378,2918677.1999999546,68045.91999999608,3606221.6499999124,122679.48000000988,251457981.00998408
175.0,343.0,276.0,306.0,824792000.780054,3016633.449999992,72720.40999999421,3968777.349999887,130625.23000001194,265007387.56999123
175.0,297.0,322.0,306.0,743737535.8300676,3131188.8899998856,72530.44999999435,3395337.840000012,115001.24000001248,238922107.6699978
233.0,395.0,368.0,104.0,909351014.7600193,2324580.039999974,81482.9599999944,4847508.480000091,159691.63999999783,292424286.6299935
210.0,411.0,385.0,94.0,927153016.4600172,2073095.9799998438,83755.73999999398,5058982.680000105,165647.08999999485,298172271.369987
323.0,331.0,359.0,87.0,792924349.720012,2036923.1699999021,73599.66999999664,3975787.809999606,138722.84000000838,255173858.1899963
323.0,382.0,308.0,87.0,852203525.5700165,2176318.4699999266,76621.26999999699,4381542.53999973,150246.0299999929,274184042.01998425
253.0,299.0,281.0,267.0,786746454.57005,2861532.4599999567,71221.45999999416,3704581.8499998916,126133.13000000945,252895757.6599863
308.0,366.0,343.0,83.0,872998162.0500207,2198282.3799999286,76008.48999999564,4521089.939999618,152072.9300000048,280834306.939987
147.0,178.0,370.0,405.0,593665408.8200523,3255001.8199998313,70463.47999999319,2373115.04000004,88296.70000000657,190630902.44999304
317.0,146.0,304.0,333.0,554304509.4000478,3032803.7199999536,57708.009999995484,1874299.8600000236,77817.5999999994,178232150.45998833
140.0,221.0,353.0,386.0,687102335.2400875,3407900.659999841,70276.86999999365,2922725.8200001265,100549.91000000921,220618013.9299974
173.0,209.0,243.0,475.0,654562569.2100735,3606558.5499997223,61995.2599999957,2513279.9700000295,88747.47000000284,210160496.48998728
171.0,207.0,430.0,292.0,628204937.9400371,2774970.4299998796,72406.17999999499,2730208.260000061,100159.29000001219,201872122.97000128
193.0,304.0,272.0,331.0,853435754.7500926,3140171.8999999026,71905.83999999326,4119150.500000017,134393.8100000178,274205346.6699898
415.0,192.0,222.0,271.0,622005134.8600407,2855136.5099999346,53397.919999998856,2261709.8800001536,88718.09000000411,200107415.6799844
342.0,206.0,329.0,223.0,599445239.500044,2688465.1599998814,62492.63999999802,2349872.43000021,91824.90000000826,192814238.6499909
345.0,207.0,185.0,363.0,701002903.3300582,3223761.6599998353,56636.18999999648,2781536.7099999883,98349.73000000614,225312302.59998947
394.0,237.0,212.0,257.0,719296027.3300308,2827077.0599999307,59343.45999999878,3024321.209999986,108769.03000000621,231369426.19998556
363.0,394.0,154.0,189.0,1002566929.1300462,2791772.9400000502,67746.77999999827,5063874.010000302,161924.58999999575,322388113.24998415
206.0,478.0,187.0,229.0,1072492214.3300272,2852427.0000000675,80151.07999999006,5768965.930000523,178607.66999999227,344690616.4899828
553.0,24.0,235.0,288.0,375121107.27002877,2971456.2599998247,40120.36999999963,342699.9799999601,39807.569999997984,120883382.50998005
291.0,317.0,340.0,152.0,799321332.3300321,2512027.7500000126,72729.3099999964,3903255.299999856,134431.9100000103,257073109.60998756
421.0,457.0,180.0,42.0,1071314109.2300019,2139625.9199998286,72734.52999999942,5748721.570000561,183966.11999999222,344688360.4399796
477.0,20.0,556.0,47.0,283107939.9499966,1863893.5100000403,57115.88999999763,349179.5899999594,48658.229999999276,91553099.4999889
183.0,424.0,455.0,38.0,931693018.7200215,1915484.0599998536,90461.56999998911,5263132.690000063,173164.68999999433,299639859.3699938
497.0,46.0,452.0,105.0,363791047.170009,2107913.0400000177,55988.589999998185,775929.1199999045,58194.619999995986,117417135.16998413
234.0,22.0,583.0,261.0,271666703.41999733,2604030.5999999205,65815.6499999949,315464.07999999396,40104.580000001224,87390252.53998728
290.0,27.0,722.0,61.0,224654702.5499951,1707334.2800000014,71403.49999999846,310262.84999996546,48490.53999999841,72607660.21999085
317.0,88.0,326.0,369.0,475641375.83004254,3184697.649999814,54863.32999999566,1283906.699999941,60623.35999999289,152878187.23998657
99.0,112.0,417.0,472.0,513297057.4000687,3576885.349999671,65747.75999999476,1667377.989999916,65977.01999999168,164660849.04999617
299.0,145.0,308.0,348.0,525646461.4600523,3098270.649999864,58781.319999996005,1695790.9500000437,72158.33999999445,168948017.17998865
389.0,107.0,151.0,453.0,514534494.2400508,3559686.6299996735,44931.999999998625,1233033.819999942,56480.26999999408,165366148.14998636
383.0,106.0,395.0,216.0,461877536.4200234,2563062.919999997,58095.47999999635,1394120.2399999835,69066.49999999607,148692453.07998508
452.0,219.0,175.0,254.0,662572763.2100333,2858531.399999926,50524.45999999837,2464939.9500001245,94187.33000000459,213213163.78997946
182.0,206.0,290.0,422.0,625145261.4100738,3416791.4199997624,65908.63999999547,2437734.6700000465,88162.65000001014,200741316.13999167
115.0,230.0,488.0,267.0,618280420.7300284,2521193.4599999385,78691.60999999385,2870090.050000031,105101.55000001237,198674068.1400013
117.0,234.0,187.0,562.0,732160474.1200995,4161618.559999684,62695.049999993826,2900150.8400001777,94156.75000000745,234898088.0599871
159.0,317.0,255.0,369.0,799075492.6300598,3310360.390000049,70522.98999999654,3682596.2299999204,120792.64000000487,256644737.57998264
95.0,694.0,114.0,197.0,1439529250.7200887,3029245.529999982,93441.17999998447,8416286.940001564,247670.76999999146,462491462.53998065
442.0,455.0,74.0,129.0,1091149555.2800107,2612797.2300000405,67476.18000000053,5654189.270000463,180414.3699999907,350990955.41997623
85.0,737.0,101.0,177.0,1514027328.9700518,2818461.6100000665,95836.7299999762,9013135.88000132,263873.45999999595,486478865.2899644
60.0,436.0,480.0,124.0,921469442.4500147,2166185.679999873,93967.22999999074,5229142.820000017,168953.90999998702,296149961.74999505
59.0,430.0,70.0,541.0,1061761682.1301254,4254560.149999835,72259.65999999069,5237587.460000661,153083.03000000442,340718568.65001315
41.0,354.0,329.0,376.0,899892841.1300715,3123787.379999983,82478.79999999223,4638021.530000201,145489.31000000774,288950826.4100116
247.0,254.0,280.0,319.0,741508279.4900637,3084344.639999857,68487.45999999608,3320430.090000046,114253.30000001215,238279579.58999407
299.0,365.0,50.0,386.0,966485172.3601031,3751288.279999902,61745.559999995785,4491930.930000055,141082.72000000716,310522886.8499727
302.0,368.0,342.0,88.0,844805266.6100377,2105138.1799998884,75097.92999999621,4329408.439999755,147045.45000000164,271811599.7999921
237.0,289.0,268.0,306.0,783119210.370048,3013845.629999969,68302.14999999684,3614768.2299999683,122766.6400000102,251688787.30998757
67.0,73.0,527.0,433.0,371581851.1800223,3137053.899999865,71980.57999999527,981181.8299999189,51834.57999999462,119181976.45998809
179.0,65.0,470.0,386.0,390927043.0300314,3097470.179999784,65106.83999999599,958781.6399999071,51996.20999999507,125501682.13998674
72.0,3.0,563.0,462.0,253319705.96999913,3053089.7199997236,67756.65999999217,146566.9000000013,30367.070000004394,81196217.35998656
70.0,75.0,507.0,448.0,388863926.63002497,3161167.8599998495,68355.79999999538,1005688.8599999136,51475.81999999558,124746896.38998778
86.0,92.0,667.0,255.0,359839637.91001844,2533992.3799999612,79138.1099999942,1162008.3599999258,62100.36999999254,115612904.30998585
97.0,4.0,708.0,291.0,219123409.26999438,2558550.84999995,75700.22999999434,175433.76999999877,36545.58000000361,70384952.95998828
228.0,83.0,559.0,230.0,382350355.87002045,2429004.0100000156,70174.62999999605,1163178.6999999622,63192.38999999196,122989482.13998553
237.0,3.0,622.0,238.0,242806567.42999437,2475272.4099999135,64959.02999999587,122604.3999999967,35602.50000000267,78128849.62999135
196.0,2.0,479.0,423.0,287691850.3600025,3199686.8399997978,57576.88999999428,130394.83999999138,29541.500000003434,92331129.84998655
246.0,3.0,603.0,248.0,246014380.06999862,2606053.5199999786,65854.2399999945,131802.31999999413,35997.65000000406,79162453.88998936
344.0,350.0,250.0,156.0,911589514.0600362,2583760.660000001,72150.80999999723,4608754.3600000655,150839.21000000238,293160242.309986
426.0,312.0,223.0,139.0,789275680.9600358,2490853.3899999303,62860.42999999887,3638699.1199997254,128420.5100000074,254002231.54997623
368.0,298.0,267.0,167.0,781894807.3500423,2623809.5099999527,64070.769999998796,3589642.949999724,126631.9100000114,251557264.29998127
356.0,362.0,221.0,161.0,854488480.8800436,2576959.900000015,66191.049999998,4093870.079999655,138419.7100000033,274861480.5699693
266.0,270.0,194.0,370.0,731197289.7000962,3448257.9599998174,59663.75999999583,2995899.740000098,102266.95000000861,234900050.58998936
288.0,234.0,178.0,400.0,746387760.4400855,3442214.869999834,58647.40999999637,3069144.860000042,103842.65000000673,239776273.15998462
346.0,253.0,155.0,346.0,790613644.3000618,3375900.3999999347,58954.79999999655,3359579.1699999147,112875.05000000876,254082687.23998472
354.0,207.0,185.0,354.0,672447545.1800728,3407597.849999893,55972.52999999804,2533359.5800000974,92042.58000000624,216113289.16998535
466.0,273.0,208.0,153.0,728830263.9900346,2520703.369999964,57918.3699999997,3114884.1199999945,115380.32000000609,234630042.50998527
363.0,212.0,162.0,363.0,710194945.2700695,3246088.4999997993,54432.28999999692,2775504.070000029,99216.45000000522,228311323.43998644
386.0,169.0,310.0,235.0,558404558.6500391,2701195.1099999524,57454.769999997035,1980857.770000253,83264.5000000069,179711173.83999425
302.0,188.0,347.0,263.0,550725915.1700301,2762238.689999955,62870.429999997534,2044413.1000002024,84244.0500000037,177136390.55999207
335.0,290.0,270.0,205.0,761264511.4700416,2690151.1399999536,68083.53999999721,3523004.089999837,123695.52000001025,244842326.34998414
396.0,173.0,289.0,242.0,562627496.2700483,2874044.9599998714,56428.48999999707,1951519.1300002453,81484.43000000545,181032040.99999064
373.0,163.0,301.0,263.0,626300543.4500437,2753718.1600000705,58864.49999999876,2426807.8200001256,93482.03000000186,201462010.71998313
333.0,289.0,243.0,235.0,778429574.5200436,2775814.4999999455,65151.279999998915,3542567.44999975,122611.00000001186,250313945.66998953
300.0,187.0,312.0,301.0,656829753.5600497,3077669.5699999565,63347.29999999699,2644636.450000085,97591.3600000054,211137833.33998975
251.0,309.0,288.0,252.0,813304248.6100376,2772385.6299998825,72191.16999999621,3937052.299999872,132488.39000001343,261436248.7599911
266.0,327.0,276.0,231.0,811426289.8300565,2857113.109999931,71257.92999999555,3872005.4099998977,130412.5900000122,260854889.2499935
258.0,317.0,267.0,258.0,848497627.6800292,2712164.1900000307,68383.60999999779,4086081.979999676,136017.35000000888,272809970.0699875
275.0,652.0,149.0,24.0,1306798054.5300179,2097194.689999692,86478.93999998749,7590549.090001155,233092.5699999826,420266855.5099702
100.0,790.0,181.0,29.0,1534943428.1700048,2112321.6599996584,102076.5999999789,9415785.290001197,280234.31000001926,493389690.18992233
475.0,326.0,258.0,41.0,827362424.1500134,2078679.4499998745,65978.89000000038,4024710.3799994765,141123.50000000358,266370083.5599767
288.0,682.0,105.0,25.0,1414578002.7800164,2142104.6999997855,88682.62999998701,8334982.220001485,251736.39999998835,454859803.4299785
261.0,618.0,141.0,80.0,1349780788.010045,2362856.849999938,88410.32999999043,7833722.740001148,236898.98999998358,433964959.3499582
467.0,320.0,170.0,143.0,804364959.5200406,2639464.8199999854,59725.27999999862,3642125.119999679,127759.5300000065,258859912.52996683
99.0,780.0,120.0,101.0,1553491214.2600093,2574981.400000025,100626.66999997602,9423732.920001382,276433.3900000049,499220912.5099536
181.0,410.0,325.0,184.0,957505582.7100354,2543165.5100000296,82357.68999999177,5134067.270000275,165325.9699999971,307791098.70998454
231.0,524.0,279.0,66.0,1102407851.6200147,2129814.4799997974,85876.87999999299,6217661.090000652,196273.86999998434,354518577.3499852
200.0,454.0,242.0,204.0,1032849863.8200489,2832068.449999929,79213.7899999911,5493907.320000246,173088.16999999402,331957212.04998183
441.0,228.0,291.0,140.0,683275620.9600229,2297677.1299999887,61164.16999999909,2959854.3799998695,111013.66000000562,219968705.46998763
267.0,288.0,368.0,177.0,725141184.3900394,2474290.9599999767,72234.48999999725,3431127.5600000094,121162.78000001259,233217975.11998868
492.0,128.0,324.0,156.0,519617619.240021,2384803.4600000028,55568.94999999797,1735270.3900001943,79663.98000000017,167397894.00998712
384.0,199.0,395.0,122.0,603056213.4200063,2139483.0699999295,66210.05999999802,2574136.4600001047,102847.72000000853,194177837.07999432
300.0,155.0,198.0,447.0,556632232.5100698,3564638.179999764,53498.69999999734,1692083.5699999542,67344.62999999298,178760674.00998816
291.0,76.0,300.0,433.0,476243558.5200635,3503360.89999969,51589.349999996484,1152997.0999998858,54585.74999999232,152979662.52998748
150.0,162.0,322.0,466.0,574352547.0000815,3619907.2299997197,62732.00999999463,2015941.619999932,74579.6499999958,184299131.1699975
182.0,100.0,251.0,567.0,501661845.9800672,3885457.2899996233,54535.82999999396,1291677.1899999056,54191.209999990206,160913849.63998604
252.0,138.0,543.0,167.0,439562176.79002386,2231506.7999999803,70541.43999999666,1599372.0200000948,76771.1000000001,141500461.32999286
162.0,88.0,347.0,503.0,471940872.2600615,3868583.859999589,56322.83999999545,1159739.5699998268,51655.90999999236,151371045.6599941
339.0,257.0,281.0,223.0,732468473.9300321,2729993.4799999795,64555.679999999265,3237009.859999861,114702.11000000703,235567239.1899871
272.0,280.0,305.0,243.0,740386597.7300451,2737041.270000024,66300.39999999802,3324259.399999933,116536.49000000722,238068684.36998814
353.0,223.0,292.0,232.0,624291764.0000387,2787781.3199998564,62386.589999997006,2493399.020000064,95151.89000000828,200782152.87999332
453.0,344.0,5.0,298.0,970645390.810043,3208247.130000075,55312.05999999996,4469749.889999859,143819.57999999885,312111495.9099819
389.0,295.0,323.0,93.0,750622557.2900176,2181832.0599999456,67532.97999999876,3548622.8799998187,127147.87000000976,241606342.42999133
585.0,369.0,6.0,140.0,973620720.4900125,2636043.340000144,52405.68000000028,4562146.819999817,151311.42999999717,313362700.2399896
465.0,477.0,7.0,151.0,1119846254.7400422,2718894.6199999964,62264.590000001794,5697611.520000558,180216.02999999837,360233007.89998794
333.0,285.0,374.0,108.0,726724312.6600212,2216112.7799999877,71144.18999999795,3463933.289999754,124910.65000000657,233860684.04998147
399.0,340.0,6.0,355.0,931940808.2600862,3528468.1899998435,54709.78999999768,4171397.5899999337,131768.93000000648,299506656.6599953
502.0,428.0,7.0,163.0,1038395268.4100401,2749026.3600000064,57321.389999999104,5080448.000000491,163783.06999999538,334081437.1799942
664.0,6.0,68.0,362.0,399956926.78003407,3411998.309999745,28378.440000003175,181376.25999997047,33188.70999999845,128867403.07997704
735.0,5.0,57.0,303.0,412053606.87003535,3318925.819999723,26438.48000000254,226243.00999995382,35825.339999999,132857360.72997583
389.0,459.0,40.0,212.0,1077397646.5300248,2888331.3099999246,64677.75999999852,5459915.560000526,172040.04999999655,346467315.3600027
428.0,4.0,435.0,233.0,290608920.30000687,2597397.0499999817,52611.8399999969,156201.3199999936,36829.64000000135,93666171.18998873
622.0,6.0,64.0,408.0,409361774.9800324,3382649.479999743,27524.00000000177,218191.85999997455,34052.65999999826,131878306.30998033
286.0,336.0,291.0,187.0,847280021.3800246,2654672.7700000624,73203.86999999697,4191090.2699997197,141019.98000000534,272447465.28998655
484.0,3.0,373.0,240.0,321155524.25001323,2708493.799999871,47404.38999999693,196901.03999998388,38800.930000000386,103572348.43998134
446.0,398.0,35.0,221.0,1018703746.3500614,3092198.6999999387,60598.32999999796,4946993.8100001905,158775.07000000062,327585680.5099795
358.0,319.0,276.0,147.0,801304549.900038,2574079.2700000564,67729.78999999717,3779560.619999699,131515.50000000856,257775720.03998643
348.0,311.0,268.0,173.0,804624663.0200318,2638955.5400000457,67743.32999999757,3790066.1699995957,131880.87000000916,258847139.19998065
121.0,249.0,284.0,446.0,734844848.9900829,3541863.9199997876,68848.1499999937,3201274.970000223,105469.84000000995,235882649.61999378
216.0,225.0,256.0,403.0,683060171.1900617,3290025.029999821,62079.1899999974,2780921.280000086,96362.56000000938,219394986.34999123
129.0,198.0,301.0,472.0,605341041.8200808,3554024.539999871,64878.63999999533,2261738.470000044,81551.9099999982,194277302.54999456
142.0,290.0,149.0,519.0,813544218.0501069,3882695.96999985,62794.22999999612,3505680.8300000746,110874.09000000791,261116880.48998168
117.0,240.0,274.0,469.0,721647499.9300858,3587098.9199998546,68512.9499999931,3075831.3800000623,102617.34000000791,231609690.83999485
145.0,222.0,153.0,580.0,693028375.2301116,4367570.959999677,56784.909999993746,2481416.2899999977,80749.86999999777,222240058.3299831
239.0,248.0,128.0,485.0,762864085.9800838,3856568.2899998412,57461.8999999965,3084511.890000095,102068.46000000209,244935973.14998046
220.0,172.0,261.0,447.0,635045336.9800764,3608959.7699997392,57726.98999999455,2297601.950000075,82004.56000000195,203903533.15999243
264.0,205.0,141.0,490.0,675042096.7300894,3944978.4499997008,54729.80999999463,2406592.310000163,84957.32000000121,216737388.47997424
253.0,197.0,136.0,514.0,670259378.6900946,4019075.6499996595,53415.76999999609,2309290.980000039,80713.30999999805,215194159.2399755
149.0,358.0,12.0,581.0,953330422.6601274,4458851.099999928,60820.489999995734,4251646.980000227,128038.37000001209,305968359.8699958
445.0,247.0,8.0,400.0,795090150.5000844,3731687.3699996867,47266.7399999982,3075857.750000139,103199.83000000652,255523130.98997274
164.0,283.0,13.0,640.0,860689720.8601197,4645136.3299997635,56137.03999999414,3500410.650000277,106731.49000000888,276137046.6599754
106.0,254.0,328.0,412.0,712401067.4000682,3279681.3499999205,72442.36999999493,3196118.0599999996,109057.99000001051,228755826.9700021
154.0,370.0,12.0,564.0,1007243976.7601321,4296247.629999913,63693.59999999419,4719493.530000476,140261.58000000883,323280461.07000035
116.0,199.0,360.0,425.0,627603754.6000783,3216578.519999818,70650.8099999939,2608517.27000011,92773.5600000085,201479862.02999792
353.0,196.0,253.0,298.0,641304316.4000427,2967309.269999956,57062.279999997314,2430637.040000093,92415.0900000042,206250606.89998847
486.0,193.0,9.0,412.0,707845565.78007,3650566.0799997733,41587.09999999933,2399177.0900001777,86308.46000000114,227548250.1199739
365.0,145.0,262.0,328.0,563176059.2200552,3186753.649999857,57278.949999996505,1876153.070000098,76355.72999999767,181054684.27998698
372.0,148.0,266.0,314.0,543386706.1500325,3063667.53999992,55952.62999999647,1761369.0500001034,74516.55999999827,174753208.0999871
319.0,439.0,240.0,102.0,1047189349.240039,2311210.749999937,80100.15999999107,5716111.270000527,182876.67999999112,336790191.88997847
167.0,525.0,286.0,122.0,1129633891.3600364,2341360.6099999268,88632.72999998374,6426820.080000951,200059.0099999887,363121061.0799764
337.0,402.0,253.0,108.0,965480944.3600211,2231942.279999989,74791.93999999553,5105932.020000133,165663.15999999418,310548133.27998126
392.0,540.0,42.0,126.0,1237486571.5400505,2696167.2800000403,73148.44999999636,6720833.330001282,207517.6799999909,397955684.19998896
324.0,448.0,244.0,84.0,1069484946.7800225,2183756.149999908,79077.40999999155,5869632.4300006125,186042.9199999962,343973055.279978
430.0,513.0,46.0,111.0,1149624042.230035,2599987.7900000317,66879.91000000025,6021952.440000828,189869.06999999168,369810817.6899916
221.0,695.0,54.0,130.0,1439743762.6600373,2528022.6900000246,86307.22999999039,8355091.120001566,248304.85999998488,462813748.3099665
182.0,497.0,313.0,108.0,1066105414.2800329,2274566.6599999676,87578.07999998836,6017725.820000624,190015.14999999056,342735660.92996466
234.0,638.0,57.0,171.0,1316842174.2700796,2840978.800000062,79083.37999999226,7349999.400001279,220614.40999998455,423262949.43998986
241.0,658.0,59.0,142.0,1407586464.4000616,2646992.800000077,84067.97999998987,8066209.950001622,239522.1199999908,452440022.3699819
435.0,91.0,123.0,451.0,524824916.6100659,3712756.369999672,42928.96999999946,1231496.3699998735,56054.939999993134,168667075.1899843
37.0,145.0,197.0,721.0,628116720.8001323,4839900.7099998435,57505.05999999351,1982846.879999774,64756.20999998936,201181345.18999046
376.0,228.0,106.0,390.0,722907616.1200854,3434704.159999809,51474.43999999801,2761734.9900000743,96263.14000000317,232332373.64997905
352.0,73.0,310.0,365.0,434649455.7700435,3091895.5099998564,52140.77999999502,974015.2899998613,53563.51999999505,139770318.9999886
565.0,117.0,160.0,258.0,548034672.6900302,2925368.75999988,42708.15999999961,1522062.5600001481,70927.92999999675,176498690.7099785
373.0,227.0,329.0,171.0,671723683.9100194,2375144.099999918,64097.75999999899,2913340.869999846,109566.34000000864,216186111.69998083
37.0,143.0,606.0,314.0,435611895.20003855,2708693.879999924,80198.66999999475,1658696.599999975,72443.20999999935,139853456.46999273
42.0,477.0,222.0,359.0,1101074237.3801062,3455964.9699999583,85829.98999998198,5967285.4800009895,179821.64999999787,353572040.2500036
23.0,259.0,376.0,442.0,741894028.3601002,3518747.6699998467,78105.81999999251,3428421.590000171,112350.39000001072,238080625.789993
29.0,334.0,485.0,252.0,794467104.9000643,2774914.989999942,88456.78999998949,4130336.610000061,136949.2800000121,255173260.150003
202.0,323.0,356.0,219.0,796149914.2200257,2622361.069999989,76224.63999999406,3934032.4199997433,132975.670000012,255940793.3199899
244.0,308.0,339.0,209.0,763432875.0200361,2659866.5499999747,72435.41999999704,3657453.1899997965,126405.86000000898,245458175.26999417
275.0,43.0,484.0,298.0,323873464.8900062,2766849.5899999244,63933.34999999623,573921.1399999796,46267.50999999712,104168813.60998252
249.0,397.0,185.0,269.0,972711208.4100497,3043518.749999998,72219.91999999358,4929313.940000278,155641.71999999604,312596612.4499974
170.0,271.0,298.0,361.0,763400746.0800614,3210046.2699999087,71882.54999999468,3503970.2899999944,117200.96000001463,245208201.37998927
273.0,42.0,203.0,582.0,431683795.0200577,4228655.269999467,47254.40999999688,626064.9699999585,35490.189999997325,138398302.96998575
242.0,306.0,143.0,409.0,840807304.1800817,3446709.0799998725,62584.5799999959,3749004.010000058,121135.4800000096,270127474.4899831
262.0,32.0,364.0,442.0,354576853.0000203,3266441.1199997514,56935.45999999525,515014.50000001874,40170.36999999789,113894670.25998458
429.0,53.0,252.0,366.0,417328447.81002903,3266066.5899998266,45650.759999997674,695188.669999933,45529.90999999631,134216578.7899831
324.0,40.0,190.0,546.0,435874432.7200617,4021433.1199994655,43570.659999997704,588248.3599999823,36511.32999999616,139891798.5199852
250.0,56.0,516.0,278.0,333572776.660012,2723659.85999991,66545.99999999553,692441.2599999428,49894.97999999645,107280544.63998488
430.0,44.0,407.0,219.0,357689230.0900123,2456297.5899999756,56804.93999999703,674365.9599999161,52457.7599999955,115291959.55998597
196.0,280.0,405.0,219.0,735532313.1200511,2660585.8099999903,76015.30999999351,3527409.5899999747,122156.94000001125,236437260.3799941
204.0,45.0,624.0,227.0,294493017.50000817,2467337.7600000026,70290.78999999515,596668.6699999776,48639.309999995654,94748049.19998498
258.0,58.0,533.0,251.0,361886924.2400146,2573663.16999996,63747.3799999948,848390.8199998941,54456.399999995396,116451814.90998374
170.0,243.0,521.0,166.0,642220190.6600404,2426940.760000006,78885.58999999307,3025225.9299999713,111879.32000001492,206498604.22999722
372.0,38.0,523.0,167.0,317663446.47000664,2286887.6299999957,62640.719999997775,584932.4599999777,51117.099999999555,102405769.21998589
361.0,236.0,342.0,161.0,650432310.4900289,2516205.040000024,64908.93999999776,2756495.3300000257,104756.16000000836,209310692.6099927
308.0,202.0,433.0,157.0,592917405.3200283,2351562.4699999657,71535.87999999472,2565984.2000000067,101412.20000000953,190799301.54999462
314.0,205.0,441.0,140.0,575090175.170017,2264074.699999971,68505.90999999874,2401016.7700001276,97065.70000001173,185094326.03000003
377.0,265.0,65.0,393.0,848600235.0200744,3489633.2499999315,54962.25999999654,3644963.609999983,120320.61000000838,272729021.6799687
111.0,362.0,89.0,538.0,974002096.8201389,4015201.6999997636,67498.80999999355,4624450.4300004635,137756.4200000109,312605347.4599983
325.0,379.0,56.0,340.0,987501548.0000713,3425283.8600000925,61731.339999998956,4692744.33000015,148442.16000000123,317378893.1699818
333.0,234.0,185.0,348.0,699083327.5200644,3186289.0299998675,55869.099999996644,2745019.0100000273,99201.66000000676,224772401.4899887
384.0,270.0,66.0,380.0,840664554.4300584,3616440.8399999216,55446.999999998,3544477.9099999815,116522.53000000294,270142283.60997385
297.0,345.0,164.0,294.0,875961192.0400581,3224110.25999999,65117.22999999845,4097926.699999787,134399.1200000072,281532905.0699825
97.0,314.0,247.0,442.0,776607425.0700992,3588665.5199997947,70818.10999999214,3500744.320000238,113507.90000001459,249288418.0699876
93.0,504.0,75.0,428.0,1195894103.5301213,3834474.8400000157,78663.19999999007,6366144.000000978,185820.75000000434,383962727.4199892
80.0,430.0,205.0,385.0,1053990078.1100829,3309989.819999924,78900.65999999242,5528202.520000701,166165.50999999806,338470872.58000135
81.0,438.0,208.0,373.0,1035269669.6901098,3460386.0900000813,79768.70999998909,5408075.150000527,164900.30000000057,332434283.14998937
330.0,189.0,525.0,56.0,526035338.0400027,1903750.589999967,72096.7899999964,2236347.980000165,95701.15000001159,169442298.87999436
271.0,203.0,566.0,60.0,551081611.9800047,1865592.3799999647,75252.65999999616,2470123.3900000984,101811.74000001106,177467716.7999919
275.0,340.0,438.0,47.0,766898025.4400084,1889703.5399998764,79459.569999996,3967445.9399995185,140183.59000000358,246790903.7099935
368.0,210.0,460.0,62.0,615283531.7200084,2019475.369999924,68301.96999999834,2697603.100000065,107496.27000000834,198164249.38999194
265.0,151.0,422.0,262.0,505429152.8700381,2740631.399999937,67752.08999999479,1836204.0600001225,78536.39999999994,162531047.0299889
246.0,304.0,307.0,243.0,829071259.3400677,3065786.8799999948,73209.4899999948,3963371.069999971,132036.72000001243,266442197.58999166
234.0,176.0,385.0,305.0,538497310.0500448,2951052.1499998723,64680.06999999464,1949769.1900000747,78974.21000000142,173061295.59999493
183.0,298.0,382.0,237.0,772084926.0000677,2750509.8899999573,77727.06999999305,3797007.639999926,128479.91000001751,248124368.9100019
245.0,399.0,402.0,54.0,905123029.000006,1930823.6699998383,82219.08999999384,4927473.100000087,163692.719999988,291168141.809983
197.0,322.0,325.0,256.0,795097260.5100528,2862274.9899999266,75221.83999999259,3835512.349999889,129348.68000001677,255537289.72998172
35.0,484.0,230.0,351.0,1068078336.6800673,3264918.3800001163,84353.29999998951,5760093.590000526,174183.56999999672,342969517.16998255
373.0,330.0,157.0,240.0,877763935.3800514,2851445.2499999353,62920.43999999843,4135853.9699997716,136517.46000000514,282252445.7899849
53.0,171.0,347.0,529.0,602355488.4500837,3954000.919999679,66996.56999999408,2199581.489999883,76816.8799999945,193149043.94999525
39.0,539.0,131.0,391.0,1234368700.4301426,3927403.3800000697,88152.14999997453,6791628.37000171,202477.06000000378,396349990.5400065
50.0,682.0,325.0,43.0,1358521478.5000105,2061857.6299996844,104666.29999997752,8352121.4300014675,254114.8199999657,436650794.1699318
131.0,422.0,434.0,113.0,921651222.3100461,2153056.7299998724,90237.23999998903,5157283.530000134,168579.00999999928,296307797.9900026
510.0,452.0,109.0,29.0,1053151243.4200245,2177161.799999878,67636.43999999978,5513615.710000512,181238.04999998846,338960932.9199743
653.0,136.0,275.0,36.0,533542631.5700149,2026545.3699999726,48408.389999999876,1744923.3800003324,84203.25000000336,172170271.66998598
533.0,111.0,114.0,342.0,545804063.9100507,3291395.9699997865,41864.94999999918,1416424.2299999949,65646.87999999308,175653110.9099786
744.0,155.0,159.0,42.0,592540916.3500026,2167354.2899999553,42526.83999999943,1955634.7300005357,89358.57000000248,191180766.43997067
36.0,96.0,206.0,762.0,519973313.6501284,4808631.6999996705,53631.74999999304,1203174.6899997538,43775.52999999248,166395761.27999192
142.0,86.0,185.0,687.0,502324750.4300965,4398255.779999551,51089.5499999939,1126929.6099997705,45038.04999999346,160919200.78998858
37.0,70.0,211.0,782.0,479075432.48009884,4878957.379999665,52072.60999999351,901780.1799998312,35668.09999999451,153246413.2399903
28.0,74.0,413.0,585.0,414949221.88006085,3876244.4399994905,65464.4299999938,977707.2799998778,45937.869999994706,132924756.38998914
85.0,224.0,480.0,311.0,636847509.0200471,2868330.1099999156,77629.16999999335,2878491.0700000427,102485.52000000777,204535732.1300002
51.0,97.0,763.0,189.0,341200587.9300086,2099376.630000023,85715.90999999261,1298041.159999973,67390.1899999955,109672999.73998949
187.0,114.0,640.0,159.0,397123221.71001756,2245394.0899999817,75133.739999995,1400587.6700000295,71285.15000000136,127785623.98998964
306.0,134.0,401.0,259.0,460301665.5500378,2773693.899999873,60937.71999999495,1385565.1399999906,66845.68999999389,148069446.249989
113.0,49.0,388.0,550.0,375325237.2000313,3581654.9499996225,61414.3799999942,699994.0899999548,40824.65999999667,120325294.18998702
193.0,84.0,660.0,163.0,341675819.9600068,2146282.63000001,76802.22999999647,1069327.3299999246,63907.02999999273,110002467.87998714
257.0,291.0,353.0,199.0,753195638.6800445,2580307.639999944,73311.48999999579,3596232.2799999104,124902.38000001019,242193386.8399898
306.0,274.0,332.0,188.0,710582046.0100347,2525427.7100000447,67243.25999999797,3237310.8199999104,116281.72000001043,228590625.73998567
260.0,279.0,359.0,202.0,718655397.0300392,2636728.4900000095,69587.87999999602,3284170.179999875,116493.11000000944,231089322.29999167
345.0,391.0,96.0,268.0,974004775.5100646,3088429.9100000565,64192.78999999833,4724759.120000246,150824.68000000514,313120008.1299918
233.0,264.0,320.0,283.0,696004333.1100451,2992062.3399999645,67077.62999999592,3012838.6299999896,105759.10000000945,223673566.1499882
308.0,331.0,86.0,375.0,918765196.9101123,3608205.239999712,62393.849999995255,4217524.300000032,133610.42000000752,295178496.7699786
358.0,320.0,79.0,343.0,856630363.3901116,3683417.1799998013,59038.949999995944,3747228.0200001374,122282.45000000822,275267401.38998085
283.0,239.0,307.0,271.0,688615121.100056,3039191.989999912,64080.14999999653,2887280.910000098,104715.30000000945,221387827.39998966
411.0,347.0,90.0,252.0,940973017.2300462,3131646.880000027,60872.15999999932,4415860.219999945,143465.71000000616,302564965.1499772
364.0,307.0,80.0,349.0,854323139.2700678,3365343.309999792,56351.23999999747,3752087.9199999073,122695.58000000459,274584819.529977
375.0,173.0,235.0,317.0,588400183.1100581,3273266.9499997655,53584.2999999977,1940942.0600001165,78467.13000000054,189206952.56998727
417.0,163.0,221.0,299.0,613724564.1600424,3111363.309999911,52843.39999999836,2144536.070000098,84245.94000000147,197397880.2799838
312.0,327.0,196.0,265.0,794126925.2200478,3001610.8299999745,64137.039999997854,3594502.289999877,121745.77000000761,255269001.40998062
319.0,147.0,363.0,271.0,539201168.5400448,2882157.439999961,59936.87999999654,1855655.120000128,78338.02000000159,173416589.62998796
340.0,157.0,213.0,390.0,579872765.7600567,3459070.549999825,51624.66999999742,1834937.5600000878,73160.5399999984,186366018.83998576
254.0,267.0,288.0,291.0,769798665.7300634,2996529.6799999685,68665.5499999956,3533871.8100000555,120590.20000000914,247406079.41998455
332.0,129.0,318.0,321.0,535755509.0400538,3119365.009999912,58227.23999999486,1742955.230000057,73625.51999999591,172246005.6499873
325.0,288.0,172.0,315.0,825960434.570076,3486714.6799999494,62082.70999999599,3643031.1999999695,122100.85000001347,265461425.65997168
309.0,274.0,296.0,221.0,751426451.1900383,2791856.9099999224,67355.01999999583,3406811.1299999696,119258.97000001032,241635579.42999
288.0,256.0,277.0,279.0,713053667.3700477,2914469.8299999526,65704.58999999893,3105676.5600000415,109514.61000000632,229226107.1599869
139.0,409.0,471.0,81.0,849899095.3300316,2135446.4099998805,89153.95999999065,4662626.699999915,158232.87999999707,273301795.41999197
196.0,384.0,443.0,77.0,848058941.4400179,2054335.9199998481,86045.78999999228,4594304.819999762,156764.1700000068,272768279.6800018
180.0,203.0,611.0,106.0,583965297.9200144,2014590.5299999774,83498.85999999338,2849092.2299999124,109902.81000001363,187850806.31000045
186.0,549.0,255.0,110.0,1170628905.0900214,2414122.4899999513,87985.14999998917,6662672.690000645,205888.61999998434,376312825.6599601
126.0,371.0,427.0,176.0,862548559.0400262,2365912.269999853,85427.03999999403,4624322.8000000045,152145.49000000628,277242873.5699992
225.0,254.0,307.0,314.0,700316710.6200565,2991312.8199998885,68948.8599999956,3080807.870000016,108194.42000001106,225041197.45999476
229.0,450.0,208.0,213.0,994519018.4900409,2853233.9600000246,76196.0399999914,5169795.670000419,162910.16999999888,319637811.85998863
222.0,168.0,503.0,207.0,519448598.1500256,2350480.6199999694,72624.13999999697,2115855.2500001197,87936.33000000508,167085923.25999326
359.0,272.0,328.0,141.0,745494307.4900211,2369821.9099999084,67384.00999999864,3455865.779999889,123549.00000000768,239885847.2999863
306.0,231.0,278.0,285.0,705132590.420062,2996716.409999904,63240.95999999665,2991534.030000056,106331.56000000714,226685435.52998486
291.0,342.0,434.0,33.0,821076151.6700227,1885950.7499998664,83640.89999999366,4419400.819999671,152570.76000000304,264177924.92999217
235.0,365.0,464.0,36.0,784285623.700001,1840114.1199999023,85465.9999999968,4202822.079999763,146583.1200000069,252348168.14000273
355.0,176.0,528.0,41.0,539860577.670007,1795593.109999937,73388.88999999728,2397019.0300000934,100040.17000001179,173903239.42000443
266.0,312.0,492.0,30.0,709436525.3500098,1779553.589999909,81044.34999999672,3658944.7099997164,132796.37000001172,228344321.2900021
198.0,233.0,296.0,373.0,722560106.2900704,3234474.569999892,67356.73999999509,3137974.909999997,107164.71000000859,232092294.22998965
210.0,105.0,390.0,395.0,459827986.85004896,3189766.9499997622,60920.96999999377,1308029.5599999533,59981.66999999325,147678850.70998773
146.0,228.0,361.0,365.0,676862373.9800688,3201288.2799998755,70207.87999999463,2908312.2400000724,101333.11000000901,217369678.96999705
180.0,118.0,355.0,447.0,488145228.0200559,3267312.049999843,60648.689999994545,1469389.419999942,63218.88999999089,156736279.56998923
257.0,170.0,634.0,39.0,474471957.92001235,1708705.1299999945,79282.89999999768,2083068.0700002552,93234.44000001183,152840151.92999148
166.0,110.0,409.0,415.0,475020408.9900537,3220528.649999775,65163.57999999453,1509768.2799999418,64905.97999999176,152505456.65999314
392.0,422.0,53.0,233.0,1005814900.6300341,2914230.600000052,62003.50999999799,4916719.01000042,156621.4400000015,323447625.9299925
362.0,440.0,55.0,243.0,1083924420.7600589,3105644.0200000796,67304.20999999816,5509214.220000583,173133.88000000216,348487909.7399897
440.0,339.0,59.0,262.0,948322126.7500528,3022501.3500000536,58705.909999998235,4469846.319999848,144415.76000000528,304944388.75999033
370.0,399.0,111.0,220.0,991102043.9900758,2914172.28,65698.9199999989,4931241.410000387,159908.4900000042,318717158.45999604
435.0,470.0,59.0,136.0,1175164939.8900166,2550354.1499999333,69478.6499999983,6265820.770000726,196091.90999999188,377983215.1999833
461.0,356.0,139.0,144.0,901620252.8300292,2608746.7100000405,60241.119999999195,4267544.029999776,143139.70000000397,290098224.9699786
379.0,460.0,128.0,133.0,1111761928.6400223,2582274.9999999665,72065.069999997,5902443.130000508,186106.92999998934,357543174.7599755
464.0,403.0,70.0,163.0,998510418.2200419,2717668.7600000734,60600.80999999966,4862050.91000019,157541.7300000008,321230902.4699751
382.0,332.0,129.0,257.0,883477590.1800634,3048859.299999904,61706.249999997664,4099530.4999997206,135836.1100000071,284079834.5399773
430.0,373.0,146.0,151.0,947639099.8200287,2604910.4699999467,65034.850000000544,4683051.469999834,155665.99999999502,304870722.54995865
353.0,128.0,462.0,157.0,491091091.07001764,2308779.360000014,65584.97999999668,1785016.6900001792,81420.67000000269,158122009.4799892
314.0,134.0,486.0,166.0,452760925.16001916,2278146.890000014,67904.5699999956,1603865.5200001379,76630.99000000326,145764784.17998585
263.0,377.0,343.0,117.0,877354001.9400089,2225533.3299999083,79878.32999999433,4605681.669999768,154967.21000000168,282201971.4699849
424.0,153.0,334.0,189.0,524420632.17002666,2507464.9599999846,55599.059999997924,1738351.1200002376,79060.09999999982,168877739.24998474
404.0,146.0,528.0,22.0,501395455.68000525,1699641.889999966,70427.3099999978,2051655.5900003687,93565.44000000761,161656788.11998948
336.0,481.0,265.0,18.0,1035545956.8000034,1946901.7799997786,80790.39999999465,5726583.2800001325,187207.769999986,333177333.239964
454.0,194.0,423.0,29.0,595250997.26,1855659.8099998941,66629.749999999,2578129.9300001077,105971.59000000532,191808928.2799853
256.0,433.0,395.0,16.0,1018241464.3800122,1859965.479999814,88209.03999999016,5796793.100000439,187879.08999998352,327524133.9199729
265.0,449.0,247.0,139.0,1056161760.8000472,2521943.4500000146,81897.30999999406,5777963.240000435,183442.1299999937,339568127.64998114
298.0,505.0,278.0,19.0,1076677142.109994,1941066.5299997784,83020.80999999135,6038462.0100005595,192591.2199999838,346351026.03996426
89.0,392.0,198.0,421.0,943098067.5400766,3634696.8499999396,74005.0599999915,4627697.620000287,142925.85000001188,302778920.21999085
36.0,412.0,208.0,444.0,998512890.7301216,3664887.129999939,79417.46999998772,5106706.720000638,153863.9100000077,320510133.3700089
103.0,280.0,229.0,488.0,779110899.6001115,3959070.8899997263,68625.86999999297,3382790.3700002106,107971.39000001193,250005941.44999573
107.0,470.0,17.0,506.0,1144464874.1401505,4039971.440000101,71688.84999999232,5829637.480001049,171167.19000000114,367404151.4199966
102.0,448.0,226.0,324.0,1021210132.9500774,3244188.4600000796,78981.1199999885,5330352.02000043,163827.21000000223,327996182.9899852
156.0,424.0,24.0,496.0,1062009761.5601302,4152776.429999795,67778.1799999956,5186925.560000729,153906.94000000975,340947609.39002025
53.0,595.0,21.0,431.0,1321067711.6301274,3945318.2300001187,82364.8799999857,7253870.930001417,211624.8000000036,424158795.7399929
50.0,352.0,287.0,411.0,863199890.65011,3638357.3699998474,78643.58999999087,4231129.160000309,135141.99000001475,277087136.4299973
53.0,374.0,22.0,651.0,994837664.4401423,4576886.300000069,65554.94999999522,4601490.650000457,134372.69000000609,319117715.8200014
66.0,464.0,27.0,543.0,1097418411.0601337,4382279.870000022,70521.2999999906,5410651.190001023,156857.6400000106,352163051.96001035
130.0,171.0,456.0,343.0,587794013.5200652,3002127.1499999217,74150.90999999356,2459891.280000093,92055.50000000827,188799879.0300031
294.0,142.0,379.0,285.0,529487086.7800329,2795373.850000014,64193.819999996835,1900992.4700001122,79695.66999999824,170244583.78999242
132.0,155.0,464.0,349.0,498015704.2800434,3013592.3399998834,70020.65999999504,1776275.24000001,74460.48999999688,159949370.90999904
128.0,169.0,465.0,338.0,528942616.1700621,3120160.049999813,71365.03999999474,1988203.5599999742,79402.2300000008,169862811.3199962
116.0,152.0,407.0,425.0,545574667.8100702,3421844.5599998417,67804.82999999412,1955916.839999974,75125.76999999856,175103620.09999162
116.0,136.0,422.0,426.0,503752074.05004376,3190879.3599998225,68339.50999999595,1744188.3099999789,71589.51999999463,161710059.73999682
264.0,128.0,352.0,356.0,522042334.8400371,3263780.14999986,58352.77999999633,1643956.469999946,69449.2899999963,167750184.86999047
270.0,116.0,349.0,365.0,519669046.61004853,3274694.1399997794,59640.14999999474,1656307.8900000604,70725.83999999799,166968668.73998824
294.0,127.0,393.0,286.0,489530218.56003916,2832484.9599999026,62228.61999999647,1599589.0100000785,71344.6499999981,157421935.77998585
267.0,115.0,357.0,361.0,529771055.5200632,3184439.279999831,60011.8899999952,1738606.7800000221,73146.17999999948,170249967.95998976
411.0,452.0,175.0,62.0,1044193368.7900078,2271668.4699999164,70840.86999999831,5487966.170000217,177283.02999999252,335977310.3399837
104.0,653.0,253.0,90.0,1313973874.340036,2327889.800000001,95308.89999998464,7808243.790000926,235110.75999997585,422307238.91995627
418.0,441.0,178.0,63.0,1065396796.7100213,2249632.519999869,71418.28999999822,5644484.000000749,182690.7199999927,342791826.5499882
405.0,446.0,188.0,61.0,1013279393.0300231,2240817.4699998847,72400.86999999566,5334166.120000529,174259.89999999435,326011445.1899863
366.0,403.0,156.0,175.0,1003365564.7200366,2763081.4900000575,71069.89999999771,5136487.429999974,167340.25999999724,322713486.91997063
368.0,387.0,170.0,175.0,940760792.1500453,2721585.50999995,68574.3599999977,4672448.890000127,152315.54000000437,302548598.76000553
87.0,546.0,230.0,237.0,1183867418.4300687,2866911.860000084,90177.63999998306,6713082.42000099,203578.39999998812,380361037.6199714
90.0,544.0,220.0,246.0,1174816863.5900745,2995841.6400000365,88229.41999998766,6581230.07000083,198471.98999998166,377429687.59997886
104.0,629.0,277.0,90.0,1280958136.570039,2215695.0099997846,97859.65999998272,7639828.710000827,232878.38999998054,411729319.119954
89.0,534.0,235.0,242.0,1157401343.530074,2933905.3200001162,87240.8899999877,6471052.090000664,195822.8299999937,371818686.8899787
439.0,24.0,252.0,385.0,379969653.58003324,3262138.8099998143,43052.49999999762,389034.3399999824,38245.86999999827,122257087.52998067
224.0,32.0,333.0,511.0,389075602.6800577,3632896.4699996007,53622.76999999564,598714.4899999576,39064.02999999694,124846223.11998361
369.0,196.0,211.0,324.0,650538906.330063,3240862.7099998905,54012.25999999618,2384362.980000175,89774.88000000447,209173782.87998444
434.0,24.0,261.0,381.0,374384494.0600348,3346963.589999744,44984.799999997325,364930.7899999886,36999.58999999856,120406937.33998433
637.0,35.0,364.0,64.0,346549048.5699981,2025751.7900000117,44031.73999999793,452828.4799999066,50995.07999999879,112071312.94998261
493.0,261.0,296.0,50.0,707270888.0499973,2069487.1099999226,61650.22000000025,3156611.5199999497,118874.56000000883,227820916.5499858
371.0,53.0,579.0,97.0,332047213.9400029,1974130.530000006,66639.68999999676,827041.1199999278,59244.68999999694,107099271.03998448
267.0,367.0,396.0,70.0,864249171.5600032,2009166.859999856,81384.6499999917,4632200.0499998685,156603.21000000281,278026227.6499921
177.0,244.0,276.0,403.0,734309947.6800773,3314371.249999848,67295.62999999603,3187363.820000109,107063.37000001015,235811832.3199945
262.0,361.0,409.0,68.0,891633202.4400202,2019788.039999907,82233.11999999503,4800068.420000155,160350.3800000012,286830953.4799925
364.0,418.0,46.0,272.0,1033674674.3800569,3303063.6600000733,62750.84999999823,5040694.210000549,158897.04000000167,332298201.5699864
521.0,329.0,36.0,214.0,919026611.7900251,2906115.170000029,53070.43999999873,4181361.579999606,138785.91999999763,295671519.3899729
573.0,25.0,73.0,429.0,438354194.3200479,3737030.2399996845,31739.800000003164,417487.83999997214,35820.829999997506,141003906.97997877
357.0,410.0,66.0,267.0,998813291.2000722,3316579.749999939,63583.74999999756,4838808.830000295,151644.87000000686,321036408.87999374
312.0,359.0,40.0,389.0,948334888.9800783,3625369.459999936,59902.01999999799,4382747.3600002155,137463.11000000717,304699322.40999204
445.0,19.0,82.0,554.0,435965173.65006524,4118867.499999502,32666.05000000435,344096.4899999972,29604.81999999824,140015784.23998013
456.0,287.0,46.0,311.0,881421195.1900615,3154074.2199999867,55050.12999999832,3922217.2099998486,129568.94000000118,283408965.44997644
620.0,14.0,43.0,423.0,448877975.92004675,3661344.2499997304,28025.48000000279,427113.7699999655,36683.17999999647,144459984.17997774
717.0,17.0,72.0,294.0,429221029.37003,3191715.9999998575,28091.080000002094,409223.7399999488,40830.73999999734,138367794.00998014
609.0,14.0,62.0,415.0,439158516.8400456,3763452.5199995986,29305.49000000311,351952.1199999686,34970.84999999818,141323145.56997928
269.0,135.0,330.0,366.0,530413185.2200388,3135597.709999923,59228.239999997786,1738808.7499999816,71394.55999999825,170418274.48999318
447.0,106.0,259.0,288.0,484885607.3500386,3074114.659999823,48738.26999999734,1209338.8999999326,61324.069999994,156039817.32998356
234.0,260.0,287.0,319.0,738805583.9000788,3146274.679999913,68140.04999999517,3282009.459999962,112020.96000001325,237378688.1099909
226.0,113.0,453.0,308.0,464913150.05003196,2824196.2899999795,66091.09999999506,1532003.0099999947,68904.76999999379,149407990.86998674
328.0,164.0,402.0,206.0,534865020.300052,2613391.4699999653,63817.53999999685,1963947.4400002083,83423.86000000614,172093841.089998
232.0,257.0,465.0,146.0,666077585.6200241,2272600.529999975,77586.67999999545,3189194.3399998676,116334.91000001808,214238980.4399963
443.0,105.0,420.0,132.0,456684675.6900179,2175065.6799999992,59553.249999997635,1474283.7400001572,74162.95999999983,147168363.6899859
458.0,241.0,265.0,136.0,685384026.7200093,2522758.86999999,57690.3399999991,2830006.7299999488,108357.41000000702,220667450.38998657
353.0,185.0,335.0,227.0,597072220.2700447,2723361.689999935,63482.34999999752,2348355.0800001468,92312.3700000061,192070274.62999648
397.0,209.0,376.0,118.0,629685090.3500227,2174757.0299999644,66809.44999999812,2714241.6400000565,106361.32000000941,202741637.45999077
272.0,216.0,298.0,314.0,659399234.3700603,3152058.319999834,64580.65999999534,2666679.650000155,97272.15000000797,211920707.4699931
97.0,262.0,361.0,380.0,732063733.1600983,3267150.8899998264,73450.63999999268,3347577.6000001067,111720.45000001427,235040737.81999645
257.0,268.0,280.0,295.0,733288787.0900613,3146796.2699998943,65081.509999996306,3189386.18000007,110989.32000001101,235667696.66998565
345.0,273.0,86.0,396.0,788418540.0500757,3548492.039999798,55500.24999999762,3251009.380000177,109384.13000000952,253361505.76997408
295.0,234.0,322.0,249.0,688959672.5100628,2976663.359999919,64798.94999999617,2915134.5900000953,104603.94000000453,221490436.44998053
350.0,366.0,88.0,296.0,934424429.6600608,3092910.289999877,63198.8899999973,4466132.950000013,143064.99000000235,300361841.53998494
149.0,399.0,126.0,426.0,1027773188.0400957,3722166.9400000484,72305.59999999286,5110853.250000361,155463.89000000348,330054721.5099956
99.0,351.0,367.0,283.0,869978440.6400526,2862720.779999956,82574.94999999032,4492919.570000044,144598.61000000773,279484084.95000046
118.0,420.0,100.0,462.0,1052222140.4901189,3904114.529999884,71758.30999999393,5242303.33000071,157564.17000000676,337847696.07999796
133.0,472.0,113.0,382.0,1119034685.6200895,3502742.9699998726,75916.96999998947,5853770.250000946,175141.15999999858,359391844.6300098
458.0,323.0,141.0,178.0,841721052.7500501,2813537.789999971,58664.329999998496,3794817.9099998595,129086.52000000699,270787246.7099739
4.0,553.0,240.0,303.0,1170871379.3700676,3138010.9000000963,91296.42999998714,6596362.500000791,196744.4499999936,376023638.9899907
398.0,424.0,123.0,155.0,974951345.9900264,2599234.2799999574,65308.96000000077,4848143.520000253,157810.8099999999,313615289.6499851
299.0,211.0,474.0,116.0,611493212.8200166,2207542.7999999733,71198.13999999625,2700441.43000004,105824.19000001228,196824039.5600015
304.0,215.0,93.0,488.0,733618057.9300889,3936007.089999678,52686.899999996866,2738791.110000131,93713.72000000467,235633539.04997256
209.0,223.0,332.0,336.0,631962054.1100565,3200174.719999951,66279.48999999603,2538568.7200000687,92689.12000000534,203003756.76999575
1.0,199.0,448.0,452.0,615690012.5000839,3349280.8499998343,77603.72999999223,2625552.450000007,91964.29000000605,197515258.06000486
2.0,393.0,113.0,592.0,975021657.3901361,4423271.3399997195,72083.92999998995,4628001.360000574,135579.2400000131,312749547.81000686
2.0,384.0,574.0,140.0,849602352.1800381,2152255.1299998765,97249.26999998931,4815899.300000086,157230.78999999657,273009437.65001416
1.0,275.0,410.0,414.0,722486036.8800864,3460279.8499997742,79363.82999999059,3343301.370000142,109901.97000001313,231828441.45999902
48.0,416.0,307.0,329.0,917214406.9100577,3147344.8900000444,82625.6199999901,4767387.820000247,150734.46000000258,294556282.1699939
194.0,358.0,265.0,283.0,886770510.2200857,2980916.1899999036,74437.99999999501,4396359.560000023,141784.7700000133,284930432.6699964
70.0,96.0,451.0,483.0,459379768.90005404,3457924.499999687,68904.0199999942,1406295.1499998656,60290.879999990335,147327520.28999263
53.0,457.0,228.0,362.0,1040058540.4201009,3446035.500000073,83101.32999998677,5497525.0600005975,166952.46000000736,333965226.95998514
53.0,466.0,344.0,237.0,1034881739.8400676,2721751.360000084,91138.54999998813,5773236.51000043,179591.94999999288,332478121.78998303
98.0,135.0,429.0,438.0,513409679.1800461,3359720.109999815,67619.44999999437,1758911.7999999423,70342.13999999288,164735124.89999783
234.0,431.0,215.0,220.0,1002923545.1000583,2846656.2999999933,74762.4299999931,5202155.290000473,163552.39999999787,322356198.6699947
306.0,88.0,418.0,288.0,434098945.790023,2795297.0299999807,56844.98999999829,1139939.7999999444,59465.859999993605,139634595.05998477
299.0,87.0,276.0,438.0,491101410.4700551,3641683.2599996896,53733.12999999586,1256394.679999898,56789.47999999281,157700187.01999262
349.0,101.0,322.0,328.0,508100898.4300435,3079048.7999998773,57209.25999999581,1563418.3900000358,70001.05999999495,163387929.80998528
81.0,429.0,302.0,288.0,985646513.0000755,2987526.3300000257,83801.02999998943,5268938.660000422,164143.60999999975,316598722.5999892
366.0,309.0,218.0,207.0,780214533.6800464,2735453.3899999387,62980.689999998984,3525034.769999792,122600.9400000084,250929095.9499867
54.0,658.0,199.0,189.0,1309364342.5600538,2688244.360000008,94402.24999998519,7653140.240000881,227170.00999998618,420663386.33997226
90.0,474.0,218.0,318.0,1098936771.070066,3170853.0300001097,84662.71999998885,5979065.160000687,181208.41000000125,352970227.87999207
49.0,258.0,182.0,611.0,747120955.4401251,4432044.689999722,66475.76999999149,3031514.9200001424,95451.87000000486,239554258.23999032
39.0,479.0,95.0,487.0,1117623842.230117,3941575.939999942,77321.83999998904,5795277.000000642,170016.91000000134,358731541.0400048
260.0,219.0,101.0,520.0,731913216.100102,4111288.6499997536,55023.91999999681,2745324.6000000318,90964.92000000153,234937956.6899789
198.0,389.0,118.0,395.0,987461010.5000716,3534828.070000017,69539.1299999957,4835380.760000332,149568.74000000785,317202854.75999683
281.0,552.0,108.0,159.0,1184805142.6800323,2657732.449999981,76058.68999999405,6434413.100000843,196909.24999999185,380944161.4499921
206.0,404.0,79.0,411.0,1047298064.9600688,3539221.360000022,69649.12999999447,5234326.640000686,159686.33000000115,336422468.9399966
210.0,327.0,284.0,279.0,839195971.1500735,3026249.339999927,74618.07999999185,4107975.789999853,136236.9400000119,269693848.66998917
313.0,289.0,251.0,247.0,763974225.6900454,2937884.369999977,65054.76999999784,3422824.7199999075,117746.15000000711,245605124.0899822
248.0,184.0,337.0,331.0,549339318.7200269,2977045.099999991,60297.11999999787,1936463.9000001403,77997.93999999789,176552379.19999102
216.0,338.0,257.0,289.0,827415128.1800632,3037025.4799999218,71645.58999999515,3956402.9299998404,130746.98000001034,265882844.86998752
235.0,366.0,318.0,181.0,860251280.8500292,2572948.29000003,77955.32999999332,4400616.689999986,146054.8800000055,276573629.859992
297.0,221.0,353.0,229.0,641524824.670045,2727293.209999979,67418.04999999727,2702349.910000067,101766.05000000828,206315540.4599967
357.0,330.0,251.0,162.0,855620323.3300469,2510133.96999988,67447.93999999721,4171421.349999846,140120.11000000613,275219180.5099898
408.0,179.0,327.0,186.0,584574592.1300206,2525404.9300000407,60433.089999998425,2242407.780000198,91506.31000000605,188151559.93998688
375.0,165.0,264.0,296.0,606566415.0100578,3059126.889999878,56886.19999999664,2207637.040000152,85756.06000000823,195043810.7999927
424.0,186.0,297.0,193.0,585142003.9300331,2738516.569999894,57165.09999999833,2132089.890000184,87994.42000000607,188322228.31999007
890.0,159.0,33.0,18.0,662762456.519988,2181525.899999956,34168.05000000005,2219182.9500004603,96155.35999999964,213884793.17995945
867.0,177.0,36.0,20.0,630828121.78001,2163671.7699999753,32470.22000000154,2045803.4000004418,92109.37000000132,203615846.879971
866.0,185.0,32.0,17.0,672911039.7299974,2284877.359999967,33680.07000000079,2264104.7500003804,98349.700000001,217141593.8499621
638.0,114.0,335.0,13.0,464656716.51000595,1902225.9699999948,53497.639999999694,1436418.9700001334,77459.18000000184,150005989.7599873
759.0,136.0,28.0,177.0,610880523.6900252,2771182.130000045,33819.53000000184,1783972.8300002587,80246.26999999679,196925620.239968
558.0,120.0,292.0,130.0,500998105.99001664,2325753.950000021,49922.549999997755,1518184.1900002062,74516.67000000004,161487526.53998277
531.0,109.0,318.0,142.0,447593261.6300103,2405990.479999995,51326.01999999882,1178864.169999969,66279.3399999964,144306339.12998387
708.0,173.0,30.0,189.0,698505755.1700314,2903982.3100000094,39707.05000000192,2437323.720000205,95133.17000000043,224967128.49996284
589.0,144.0,353.0,14.0,524540302.72000164,1887430.1799999431,55362.86999999933,1853497.6000003454,88611.14000000668,169238864.61999014
521.0,128.0,312.0,139.0,478702068.84001184,2316038.9899999206,52366.999999998516,1412303.2200001387,72540.48999999819,154325899.37998074
177.0,353.0,289.0,281.0,855233785.5000637,2874223.8799999547,76039.73999999253,4258046.960000001,138576.59000001146,274814713.77999604
127.0,372.0,304.0,297.0,917437033.9700882,3067119.8300000792,80207.45999998883,4727782.309999959,151087.73000000435,294729514.8699999
175.0,363.0,285.0,277.0,866338456.3600519,2933631.8400000613,76694.48999999245,4339112.009999907,142287.1400000095,278394462.46998644
148.0,294.0,423.0,235.0,743224806.7800573,2647262.3200001116,80139.9499999907,3670211.1799998847,126745.57000001127,238852542.36000133
163.0,324.0,266.0,347.0,802504034.2201041,3069501.3699998627,72652.34999999336,3813317.420000061,126120.09000001494,257828540.10999548
136.0,283.0,391.0,290.0,748262213.0400612,2761015.2499999655,80119.00999999256,3681253.239999906,125412.32000001715,240418543.30000573
98.0,286.0,411.0,305.0,722466831.2100621,2919113.8899999103,77911.31999999307,3429131.9599999934,117571.74000001424,232085655.6400019
115.0,351.0,275.0,359.0,891761432.2200791,3303948.5499999262,77518.82999999175,4439949.040000221,140929.9600000136,286394736.9699916
104.0,317.0,437.0,242.0,756437743.9100361,2595051.51999982,82913.8599999935,3821168.339999877,129350.5000000154,243051735.04999897
97.0,295.0,406.0,302.0,717839279.450081,3030147.9199999375,77292.2999999924,3376108.6400001505,115502.87000001487,230556976.880003
245.0,12.0,493.0,350.0,287749779.5500028,2906091.479999834,62560.58999999601,268807.2800000021,37027.800000001494,92489756.77998824
64.0,15.0,598.0,423.0,271984664.1599963,3200182.7399997506,69423.01999999331,263077.41000001185,33139.43000000237,87166656.61998749
177.0,315.0,356.0,252.0,834964915.8700427,2856979.260000111,77494.12999999439,4181454.599999771,139130.05000000322,268304765.96999323
348.0,18.0,238.0,496.0,383570017.1800409,3747239.429999556,43970.03999999742,317131.94000000623,31477.399999999063,123167197.79998372
343.0,17.0,689.0,51.0,225826320.4400003,1696637.3000000191,69222.5299999978,266444.2599999682,47284.489999999925,73027356.6799922
304.0,542.0,208.0,46.0,1116490949.0900187,2168236.6499998434,82713.9099999903,6229697.070000807,197326.64999998733,359103293.0399828
215.0,50.0,685.0,150.0,283306750.86999553,2051464.890000004,75448.16999999741,693910.8099999797,54101.76999999723,91251778.94998744
57.0,471.0,532.0,40.0,998126399.2500213,1760972.6399998353,100489.76999999079,5935025.750000215,190621.1599999787,320905988.9599726
58.0,477.0,183.0,382.0,1044957179.5500793,3592388.820000047,77899.0499999911,5401360.630000597,162215.76000000263,335500847.86000025
83.0,693.0,266.0,58.0,1384028522.9400287,2149614.4999998324,102844.98999997067,8431351.470001454,255398.34999997244,444871818.18993855
517.0,285.0,221.0,77.0,767383369.880026,2251643.889999945,58271.85999999992,3437036.3899996975,124399.90000000494,247112674.46997857
394.0,345.0,268.0,93.0,881058613.7700214,2245433.2599998997,69685.90999999816,4430852.279999725,150220.85999999798,283502323.9499782
581.0,184.0,248.0,87.0,611915792.850016,2221536.8599999608,53059.33999999881,2316702.2300001965,96545.56000000479,197193874.39998487
432.0,237.0,367.0,64.0,701187446.9900154,1997028.7999999071,67621.38999999897,3263408.08999975,121379.26000001054,225787041.71998787
428.0,235.0,182.0,255.0,741614155.0800471,2903518.0799999535,54985.20999999859,3071756.509999912,109541.48000001108,238563760.04997778
398.0,126.0,338.0,238.0,524298898.5200336,2641280.0499999663,58848.67999999656,1796265.3000002191,78613.01000000212,168730841.7699926
263.0,231.0,356.0,250.0,620855518.9300292,2665642.939999974,68260.37999999648,2631930.510000074,98745.09000000627,199613947.39999306
351.0,177.0,238.0,334.0,586086351.6000551,3210564.5599998506,54602.10999999708,1987647.7300000999,79400.88000000075,188434565.0399865
355.0,180.0,481.0,84.0,525522478.08001494,2011508.7899999672,71784.87999999836,2185285.6700002714,94029.3000000101,169259050.58999896
289.0,146.0,391.0,274.0,505215298.4700334,2653276.7899999316,64413.84999999648,1791943.4700001082,76884.36000000185,162474842.53999576
306.0,119.0,286.0,389.0,517955546.33004254,3331884.1299998364,54462.01999999648,1500791.5800000024,64820.319999992964,166440980.32998762
349.0,113.0,270.0,368.0,503164825.36005217,3171751.9499998307,54131.08999999622,1457851.79000002,65222.209999993516,161759580.9299908
335.0,25.0,313.0,427.0,349978210.68002576,3396073.0199997234,49371.47999999628,311650.89000000537,34745.83000000083,112468022.63998425
401.0,156.0,33.0,510.0,651387502.8900886,4008998.479999564,42128.380000000114,1972302.7300001185,73430.17999999577,209282047.5899721
315.0,122.0,295.0,368.0,527533113.98005325,3443863.0099998238,56770.229999995725,1599475.4400000272,68262.21999999508,169512558.63998866
473.0,35.0,39.0,553.0,482138764.1200642,3966524.0699995956,31616.05000000407,675987.9199999067,39363.519999994984,154939133.84997985
467.0,150.0,32.0,451.0,637900327.1300647,3667890.0199997863,39587.90000000107,1917618.0700001614,73863.44999999387,205047937.03997758
393.0,24.0,304.0,379.0,350621882.9000304,3313504.369999738,47695.869999996205,291493.4199999892,36183.17999999992,112795989.95998314
504.0,31.0,34.0,531.0,448501685.8800714,4204358.979999401,30418.5100000043,389519.6799999988,31460.589999997108,144097091.97998285
525.0,32.0,36.0,507.0,457297628.2100557,4042453.119999557,30698.49000000443,452685.8399999783,34310.70999999594,146989026.93997806
145.0,559.0,112.0,284.0,1197021867.3400667,3189256.070000148,80500.32999998926,6528624.820000896,197033.75999999704,384604583.9299817
229.0,510.0,102.0,259.0,1161296222.130076,3123190.1400000216,76267.84999999173,6194941.930000982,187997.30999999327,373185824.5200101
170.0,467.0,131.0,332.0,1070132697.5500873,3297872.699999973,73885.43999999281,5554954.540000513,168167.0700000012,343736235.6599913
115.0,442.0,319.0,224.0,974172194.4900612,2691368.51000002,84785.63999998853,5271400.760000434,167544.55999999752,313069290.01999
152.0,588.0,118.0,242.0,1308976129.9000595,2966486.3400000874,84921.07999998826,7390977.660000916,218911.04999998858,420594424.4799865
135.0,373.0,377.0,215.0,854547049.2000407,2623786.109999937,81559.75999999433,4433606.279999991,145532.58000000453,274638828.11999685
191.0,426.0,308.0,175.0,941020490.440039,2632606.9500000067,81016.3999999939,4995734.710000082,160834.85999999772,302447584.5599815
278.0,443.0,124.0,255.0,1014086722.2600596,2995028.49000002,69845.48999999609,5162433.160000426,162095.77999999654,325948311.95999014
206.0,329.0,332.0,233.0,822866682.7200538,2749814.0099999527,76319.17999999406,4073999.0299998443,137063.90000001216,264507454.2299864
215.0,342.0,346.0,197.0,826402511.1800328,2541158.779999976,76799.32999999578,4147582.7999997213,139276.40000000616,265685919.2999842
119.0,182.0,622.0,177.0,494303040.2900291,2275668.509999963,83319.96999999433,2182279.9800000857,90192.95000001263,158911732.76999798
490.0,113.0,387.0,110.0,494274750.84001195,2190513.610000005,57203.84999999805,1635158.5100002214,80067.6400000015,159351399.04998773
84.0,452.0,439.0,125.0,918326477.4700221,2142266.9899998694,93241.72999999089,5194253.360000136,168864.08999998838,295175481.8100012
164.0,250.0,442.0,244.0,676268996.270048,2705341.940000021,76075.14999999439,3152355.539999981,111825.12000001213,217333617.09999833
141.0,216.0,738.0,5.0,530307406.37999755,1495431.729999941,90429.8099999956,2740647.419999915,112226.42000001813,170726038.1300051
121.0,650.0,325.0,4.0,1284941188.169997,1828964.509999692,100532.06999998541,7822091.520000738,239893.9699999724,413114752.43995196
669.0,155.0,272.0,4.0,586625132.1099945,1948877.389999965,49161.15999999943,2123848.790000516,94546.32000000187,189261043.81997952
422.0,343.0,333.0,2.0,798214327.0499979,1839029.1899998777,70961.33999999923,4006777.2299995176,142534.68000000212,257022672.57998648
450.0,366.0,183.0,101.0,859939577.4000202,2376267.8999998905,64762.09000000077,4151752.49999948,143155.1500000028,276755308.6499718
494.0,402.0,201.0,3.0,958657358.1799941,1994331.6599997992,67009.8700000015,4913138.120000008,165952.83999999412,308637277.88997793
309.0,344.0,106.0,341.0,950452353.9700723,3317056.1399999196,65174.809999997444,4566760.8900001105,144617.8800000032,305443935.72998416
221.0,383.0,117.0,379.0,1009844035.9700975,3480605.0699999873,67783.85999999504,4968228.520000411,151545.86000000197,324368325.64999896
390.0,146.0,133.0,431.0,603479339.9400868,3622824.6399996546,47553.41999999594,1869741.9900001045,73469.74999999841,193940671.41998032
240.0,267.0,328.0,265.0,721029998.1500536,2830399.5899999905,69255.72999999665,3262050.149999988,114406.07000001363,231773183.5999937
339.0,377.0,116.0,268.0,1001829936.4800415,2967850.130000029,66201.32999999766,4978018.64000035,158437.0000000007,322096724.5699851
311.0,117.0,425.0,247.0,472716138.0300285,2840095.7299999525,64169.579999995134,1515403.8400000532,70098.90999999693,152015359.06999135
180.0,313.0,384.0,223.0,750376435.0100385,2613995.8700000043,77174.38999999376,3658457.3199998485,125161.14000001035,241195332.2799908
328.0,192.0,175.0,405.0,681917316.9500666,3500356.3999997857,55215.77999999587,2562458.650000112,90335.3900000042,219081784.21998322
203.0,118.0,431.0,348.0,473559258.1400488,3057404.979999868,65365.60999999514,1541877.8899999862,67652.54999999379,152124861.42998677
222.0,130.0,473.0,275.0,491411833.67004526,2661651.4799999143,69520.03999999561,1796080.3100001002,77572.43000000257,157990035.89999506
353.0,183.0,384.0,180.0,578503358.4800228,2528797.0599999563,64693.58999999868,2297749.240000138,92484.44000000585,186139340.19999573
86.0,248.0,521.0,245.0,653875311.8100514,2683445.950000004,83102.16999999259,3134168.6999999816,112393.85000001815,210063901.7600004
349.0,192.0,380.0,179.0,593832272.7900114,2452144.0700000077,63522.59999999882,2370635.0800000955,94763.75000000652,191117668.01999167
508.0,263.0,69.0,260.0,802917633.980047,3129815.989999963,50985.599999998434,3327512.8599999472,115201.43000000477,258282285.589973
318.0,165.0,347.0,270.0,583302554.7500479,2917726.6099998704,61536.8599999965,2169708.120000179,86866.20000000714,187573194.02999192
433.0,239.0,59.0,369.0,744429372.5000608,3405667.4099998707,48781.06999999835,2845387.91000001,100519.83000000019,239370048.3399778
117.0,339.0,88.0,556.0,964264052.6901093,3961727.6999998027,67294.67999999502,4556655.920000379,138538.01000001162,309549898.0699956
74.0,227.0,449.0,350.0,606615025.8100557,3092150.6299998676,77330.86999999202,2634612.9900000314,95556.73000001114,194763964.55000138
143.0,440.0,108.0,409.0,1074518322.7100794,3503499.0700000115,72958.74999999112,5496247.930000782,165358.2900000009,345082310.93999845
115.0,353.0,87.0,545.0,895675116.4001161,4233061.749999762,64544.52999999432,4024647.650000258,122412.70000001176,287389178.94999313
154.0,381.0,186.0,379.0,949222024.2800763,3318877.5399999754,73461.17999999136,4730863.050000374,148048.74000000412,304862924.5199925
239.0,347.0,169.0,345.0,887471955.4700698,3277960.4299999173,67017.86999999697,4197562.459999957,134608.50000000885,285129476.7499833
152.0,389.0,184.0,375.0,926356443.4501017,3642422.0299999854,72533.09999999081,4481259.970000315,139892.70000001002,297470554.0699871
146.0,361.0,234.0,359.0,908918866.930083,3415129.7200000403,73940.499999994,4448650.850000212,138575.1600000062,291864173.1299895
206.0,510.0,249.0,135.0,1112659751.0700204,2429279.869999964,83254.82999999102,6170649.970000802,191302.22999999268,357708615.15998316
189.0,483.0,303.0,125.0,1076741735.5400293,2446928.510000071,85079.18999998728,5970787.040000491,187711.18999998792,346165138.9799714
291.0,423.0,274.0,112.0,1033155264.4100225,2339805.0999998874,81165.62999999478,5633015.380000601,182109.56999999157,332267014.57998717
306.0,459.0,217.0,118.0,1029016079.5300343,2385041.47999995,77143.54999999741,5517747.830000257,175110.23999999007,330892933.1499932
225.0,337.0,212.0,326.0,873809125.1100919,3280255.1100000027,68702.00999999512,4155583.5799999824,135391.50000001426,280770987.79998934
288.0,431.0,270.0,111.0,1021890451.8800281,2379162.9099999536,77340.89999999442,5463671.420000285,174755.9299999898,328647511.7699748
190.0,243.0,67.0,600.0,794827191.8401434,4367407.28999969,54855.289999993714,3128187.990000239,97660.08000000965,255032577.10997814
328.0,206.0,57.0,509.0,739939905.6100969,3941058.359999657,50154.58999999709,2725042.6400000793,91423.07999999939,237622148.95997888
161.0,375.0,57.0,507.0,986071184.89013,4192742.4099997184,65665.83999999592,4642964.210000369,139244.40000000794,316528902.8399964
173.0,220.0,161.0,546.0,717526287.9800941,3880259.449999718,59286.17999999497,2806277.3900000276,92181.809999999,230263225.3699829
184.0,235.0,65.0,616.0,733945202.6001271,4392722.669999679,53478.87999999401,2676765.0800001374,86008.53000000225,235431791.20997766
144.0,338.0,135.0,483.0,940161219.0201111,3862944.689999956,69446.44999999508,4469159.520000235,137285.51000000487,301813884.80999565
295.0,185.0,135.0,485.0,679060246.8100951,3826013.839999716,53257.00999999594,2449465.560000014,86049.40000000234,218081668.86998495
277.0,319.0,48.0,456.0,887949448.2701187,4064820.89999974,57670.69999999446,3836058.5500001223,121198.54000001105,285162632.24997467
265.0,304.0,121.0,410.0,842955623.9700731,3549744.2699999195,60268.57999999749,3701455.7499999315,120156.98000000676,270806954.08997154
258.0,297.0,119.0,426.0,817416680.6001068,3521254.5799998157,58335.079999995374,3512632.0300001525,114624.60000000824,262596124.76997343
333.0,364.0,259.0,144.0,864592156.6900325,2570528.9799999683,70327.34999999459,4260908.309999717,143610.38000000484,278084401.139983
21.0,513.0,364.0,202.0,1107466288.7000763,2756236.8900000844,96723.30999998412,6370733.340000699,195857.10999998532,355781407.12996835
466.0,70.0,363.0,201.0,426705306.3300213,2606775.3599999617,51519.50999999925,984457.639999865,59906.76999999538,137513947.38998443
314.0,344.0,307.0,135.0,839460759.250025,2262494.8799999766,72054.50999999598,4202189.95999965,142280.00000000055,270064663.1899875
326.0,357.0,254.0,163.0,898997091.7600397,2539917.3400000166,72065.30999999808,4511586.839999873,149744.30000000587,289137736.33998346
419.0,63.0,409.0,209.0,409861062.23001426,2699885.3299999316,54075.67999999689,911655.4999998783,56728.31999999443,132017128.5999792
19.0,461.0,411.0,209.0,995930140.3300574,2639678.879999961,92665.08999998758,5599870.180000378,175425.23999999225,319934271.8999921
33.0,112.0,582.0,373.0,401613174.9300352,2956410.1999998237,78479.46999999239,1345853.3499999112,63796.789999989785,128875512.38998519
31.0,103.0,670.0,296.0,401567589.05003226,2509611.099999963,80445.44999999354,1500064.0399999535,68793.7599999937,128924052.50999126
29.0,99.0,644.0,328.0,372782462.6100211,2769475.729999905,77667.7799999936,1191917.649999915,59889.85999999077,119625421.21998577
371.0,62.0,248.0,419.0,436587795.86004955,3684385.4199996437,46327.87999999496,741641.0399998857,44394.83999999535,140294978.82998165
242.0,72.0,292.0,494.0,456457538.33006877,3856024.2399996123,55863.649999993824,1035693.8299998218,50339.5099999937,146496739.499985
313.0,223.0,210.0,354.0,716061768.0700585,3152577.1699999226,61725.95999999746,2982691.0200000172,104155.79000000854,230134819.4499869
337.0,56.0,326.0,381.0,417043232.0200387,3318569.939999781,52386.97999999652,815151.5499998735,47962.479999993615,134029052.22998089
527.0,87.0,352.0,134.0,448954156.81002086,2365503.7699999856,52740.52999999773,1216467.90999999,67113.14999999634,144726005.01998138
375.0,267.0,363.0,95.0,665527123.9000252,2164432.659999997,68250.33999999853,3004876.1299998392,114238.54000001139,214252437.65998623
314.0,94.0,548.0,144.0,392223604.8200124,2278175.259999996,67570.57999999596,1177079.1499999764,66432.89999999452,126337829.76998442
279.0,357.0,336.0,128.0,836043113.6500181,2343568.0499999574,74193.56999999483,4218607.689999791,142565.18000000538,268911992.99998707
181.0,233.0,316.0,370.0,649693028.7900667,3135761.279999924,67151.9699999958,2680161.4000000935,95000.7300000046,208665105.44999513
245.0,315.0,428.0,112.0,784804225.1400144,2184462.9799999334,78336.84999999423,4003113.429999656,138869.48000000961,252440232.98999012
9.0,424.0,610.0,57.0,837294612.8300073,1750923.9299998616,99828.49999998815,4903951.380000046,162500.5799999982,269157227.53000987
376.0,281.0,405.0,38.0,689984730.4400189,1920113.1399999205,72900.16999999847,3296635.729999711,123839.55000001185,222183157.15999782
8.0,529.0,515.0,48.0,1046939797.100014,1888087.2399998298,103915.98999998206,6309767.170000351,198761.14999998768,336504640.81998736
8.0,385.0,655.0,52.0,867338523.5300244,1793431.9799998694,101173.86999999172,5112745.27999993,167937.54999999166,278808839.65000725
7.0,311.0,448.0,334.0,763104925.8500762,2975015.619999931,84160.22999999455,3822860.600000004,125803.1400000185,244996866.040011
6.0,380.0,437.0,277.0,835976946.7000635,2835949.5999999363,89883.96999998814,4434502.1000000555,143558.5200000115,268474209.3500065
288.0,215.0,366.0,231.0,660747362.2800381,2751702.1199999503,69862.2899999975,2870571.4999999823,105805.61000000716,212444112.82998663
276.0,305.0,297.0,222.0,797916228.9100387,2736457.4100000127,68838.10999999811,3766372.279999838,127589.53000000698,256549270.55998534
317.0,349.0,402.0,32.0,831216343.2799984,1904365.4099998714,79446.91999999515,4358115.789999586,150196.5500000018,267497379.5999922
264.0,290.0,334.0,212.0,773845874.800038,2569837.059999963,70503.81999999739,3669328.4499997357,127742.4200000119,248869396.05998904
9.0,447.0,78.0,566.0,1055303382.8501381,4505030.420000079,74458.63999998731,5216179.4600006975,152914.88000001025,338573200.5399944
272.0,339.0,60.0,429.0,935506670.4000822,3742647.9999999497,60895.729999997006,4268428.670000061,133417.9400000066,300506042.69998485
13.0,216.0,106.0,765.0,708276343.6301339,4916886.069999774,58271.18999999286,2522538.410000052,76641.73999999804,226881012.7299888
9.0,429.0,119.0,543.0,1017769270.1701027,4114173.419999883,75661.43999999015,5071225.11000065,149955.6700000064,326561876.5199983
9.0,438.0,77.0,576.0,1086735496.6701264,4247970.159999955,74232.67999998944,5462709.890000858,158563.8200000021,348692525.8700029
12.0,200.0,155.0,733.0,716661309.8901255,4663262.729999742,62267.84999999314,2695109.4100001445,84239.31000000033,229640386.97998968
260.0,324.0,90.0,426.0,910436327.9900775,3661898.6199998497,61643.53999999758,4152692.200000131,131397.3000000033,292444645.0799807
333.0,149.0,73.0,545.0,643444405.5700966,4122609.7199995355,46392.21999999832,1978273.1000000471,71310.19999999419,206575284.1499809
326.0,146.0,113.0,515.0,639863320.2000921,3879819.8899995983,48495.21999999637,2071155.190000103,75618.06999999742,205484989.44997922
321.0,143.0,111.0,525.0,617460004.1200756,4028142.719999631,48742.269999996715,1893489.2000000076,69825.86999999263,198226966.0999899
276.0,498.0,311.0,15.0,1068726446.359988,1954393.2899998315,86302.44999999295,6061140.500000676,194823.70999998378,343772183.3799757
390.0,429.0,268.0,13.0,989550830.6500138,1936557.4099998511,75985.27999999696,5309562.6100003645,174764.4699999885,318456760.309978
318.0,406.0,358.0,18.0,907785934.2700155,1911723.4999998251,78422.50999999192,4861953.310000014,164408.47999999858,292136277.1499871
270.0,487.0,328.0,15.0,1028954205.5300001,1905856.0199997877,83007.91999999483,5741944.390000304,185474.12999998304,331012378.479979
273.0,493.0,308.0,26.0,1086005533.170015,1967844.1099998334,85308.31999999033,6140473.010000464,195845.1499999863,349330692.82997584
307.0,392.0,372.0,29.0,871707962.1100044,1955376.209999886,78990.78999999758,4625841.549999793,157449.10000000038,280498664.04999536
380.0,417.0,281.0,22.0,920249882.4200104,1947081.4199998612,76644.40999999798,4886448.809999852,164147.3699999914,296142338.9999868
436.0,339.0,300.0,25.0,827327576.5300182,1949751.3699998164,71076.56999999764,4155790.2899994464,146022.35000000466,266351743.9999839
431.0,336.0,318.0,15.0,810256183.5899942,1879395.089999924,70900.95999999881,4064421.249999492,142567.57999999987,260875856.0299852
427.0,332.0,316.0,25.0,787428161.3400007,1949212.4699998414,69062.20999999953,3858145.6899995017,139079.01000000312,253550367.0499825
412.0,91.0,175.0,422.0,513687196.6500564,3602557.119999764,43987.3499999982,1198103.0599999225,55827.67999999379,165111826.67998284
347.0,99.0,192.0,462.0,522876887.69005877,3683788.9099996965,48235.78999999745,1325953.349999955,59074.32999999232,168017620.29998264
302.0,359.0,129.0,310.0,893182423.7700951,3345243.7599999513,64296.019999997254,4148403.5399998287,134030.82000000088,287046796.4999832
403.0,89.0,195.0,413.0,520906372.52006686,3475531.61999969,47820.8699999975,1357894.5199999912,60707.8099999929,167410723.2099814
539.0,119.0,230.0,212.0,537357144.7600349,2768716.029999991,48476.25999999851,1610372.7100001504,74623.5199999978,173072115.53997886
359.0,426.0,174.0,141.0,977753701.7600205,2503435.4000000255,69902.44999999725,4984624.660000115,161629.85999999865,314488497.4899843
454.0,130.0,285.0,231.0,535403914.7600312,2667926.549999965,53122.47999999899,1731727.8300001528,77572.46000000225,172384516.38998428
305.0,470.0,169.0,156.0,1086061756.7500293,2530975.500000012,76364.77999999323,5845463.090000459,184073.26999999402,349223833.8399739
245.0,376.0,153.0,326.0,966830745.8500903,3367770.160000022,70831.31999999267,4797363.330000393,151183.7100000067,310627803.04998124
299.0,460.0,188.0,153.0,1042097916.4100432,2666857.4199998984,75790.0299999962,5491373.54000038,175225.55999998716,335086625.86998373
140.0,362.0,447.0,151.0,843757001.7200469,2364654.719999953,85793.5199999921,4502648.000000002,150141.2800000035,271253780.15000075
50.0,396.0,489.0,165.0,814893579.9100583,2436840.339999954,90424.7499999912,4405621.080000034,144842.150000004,261837493.1900051
162.0,250.0,514.0,174.0,654683048.8700323,2362297.4399999916,81305.53999999346,3183174.579999884,115042.04000001407,210462103.0300025
138.0,354.0,460.0,148.0,775612353.1300244,2171843.4299999075,81938.03999999246,4024843.8599998597,136839.75000000754,249368012.63000035
112.0,288.0,355.0,345.0,682918977.7000532,3058738.3999999226,76113.07999999293,3090648.83000009,106742.04000001495,219325958.42000112
123.0,189.0,410.0,378.0,575048237.4700607,3227199.159999877,69866.89999999352,2241005.989999993,84250.56000000685,184638912.33000258
39.0,304.0,394.0,363.0,766045562.3000672,3101984.809999991,80785.42999998906,3731450.319999875,123688.67000001122,245959373.11999854
44.0,209.0,430.0,417.0,625942794.0200722,3318053.18999988,74553.83999999393,2643585.7700000196,92960.27000000677,200875464.70999524
57.0,270.0,585.0,188.0,690933234.5400424,2373943.8499999666,88145.98999999424,3552055.8499999824,123648.88000001878,222018086.45001337
43.0,204.0,444.0,409.0,634019779.5300722,3391173.149999723,74572.9699999929,2695692.4900000067,93830.41000001262,203460678.91000527
276.0,30.0,503.0,291.0,311657290.7500087,2732696.9499999094,60881.44999999558,443012.5699999975,43232.39999999735,100290758.76998639
171.0,34.0,567.0,328.0,302400744.3600041,2865568.519999865,65360.03999999563,448094.6000000111,40381.70999999908,97111127.46998638
279.0,18.0,509.0,294.0,309204758.0100065,2776274.6299999203,60331.909999995965,379801.2599999901,41512.68999999801,99505070.06998925
320.0,35.0,409.0,336.0,354372339.3400175,3072330.3099998576,54030.89999999649,485826.6800000028,41049.309999999714,113943583.05998571
273.0,30.0,496.0,301.0,327819994.59001535,2719503.929999844,61379.94999999404,548308.6799999657,45856.5299999955,105474942.05998829
319.0,20.0,409.0,352.0,330572096.1200103,3142780.1399998274,55156.03999999541,345827.68000000104,38021.43999999879,106296407.70998682
198.0,40.0,463.0,399.0,358995583.89003223,3165057.929999725,62040.6999999943,677367.6999999632,44601.849999998325,115274086.79998302
170.0,20.0,567.0,343.0,286930023.8200074,3012201.3899997585,67456.40999999187,353947.25000001496,37819.58000000107,92115877.25998734
204.0,24.0,479.0,393.0,315126436.270013,3105683.059999804,63513.76999999463,418969.0500000238,39115.51999999925,101201036.96998592
201.0,23.0,471.0,405.0,304141600.6900186,2990877.7499997993,59981.32999999484,321198.1800000117,35909.949999999866,97674917.87998903
385.0,236.0,86.0,393.0,773572488.2300906,3553370.829999737,52766.139999996754,3099139.7500001327,105532.5500000058,248588366.32996982
332.0,253.0,93.0,422.0,740332724.5400782,3537350.1199999163,52743.38999999652,2871753.6700001005,97408.18000000421,237845130.5799763
387.0,230.0,87.0,396.0,708725911.1900972,3724880.699999632,50150.47999999649,2575445.82000014,90702.0000000039,227744941.9299816
293.0,180.0,328.0,299.0,589284362.8300498,2990497.039999912,63446.829999995236,2228351.800000161,87354.04000000186,189463160.50999245
382.0,234.0,86.0,398.0,791362283.0400697,3564664.0699998126,52899.189999996874,3220821.859999959,107661.78000000499,254318419.9599748
293.0,174.0,328.0,305.0,600495142.2900437,2996422.869999888,62011.07999999734,2290536.460000111,88172.7000000057,193031645.25999215
247.0,188.0,344.0,321.0,626644834.3500487,2977508.3799999203,65621.7699999959,2531736.770000037,93736.04000000587,201381119.60999373
331.0,245.0,93.0,431.0,732552988.2400846,3651310.559999875,52590.65999999695,2801708.1499999943,96263.61000000554,235370445.46997103
250.0,184.0,348.0,318.0,577245553.4100335,2897842.6299999794,66952.39999999598,2242009.43000001,87309.48000000088,185534423.46999156
248.0,183.0,346.0,323.0,598756936.9100785,3247235.9999997714,67110.16999999448,2320011.3500001156,88238.2500000078,192370591.66999477
344.0,158.0,515.0,83.0,447047160.0000096,1964175.7499999984,68476.65999999606,1636225.830000196,79853.69999999968,144053680.10998526
449.0,136.0,443.0,72.0,475624133.2000018,1983110.8199999705,61400.379999998535,1676290.4700002049,81422.79000000312,153329994.8199863
278.0,339.0,416.0,67.0,804354573.8300047,2118892.4799998864,78931.72999999713,4126870.3999998006,142750.71000000378,258784126.7699926
528.0,243.0,201.0,128.0,712253982.0200148,2430278.890000012,54528.98999999806,2954287.0499997823,110786.20000000748,229356152.36998367
274.0,126.0,409.0,291.0,486649085.57003254,2946370.8199999523,63396.68999999645,1590910.2699999644,71380.47999999805,156462955.09998724
300.0,367.0,114.0,319.0,931472278.7500726,3238509.1699999515,62313.359999995846,4410961.420000067,140154.4600000007,299367949.70999837
488.0,148.0,122.0,342.0,599171343.7200694,3477671.079999752,42773.26999999891,1746155.9900000875,72203.69999999524,192706950.56998166
315.0,254.0,311.0,220.0,655490573.4300475,2646547.58999992,63729.809999996054,2747106.429999983,102497.24000001073,210834352.55999517
496.0,400.0,125.0,79.0,920820433.9700241,2395761.9399999045,59610.43999999992,4420811.319999667,148986.930000001,296399305.3399871
399.0,322.0,100.0,279.0,875265447.4000608,3072203.039999972,58153.229999997915,3962464.2199997786,132641.20000000845,281485559.98996884
73.0,430.0,243.0,354.0,985297870.0201037,3283633.4399999673,79400.44999999131,5095918.730000411,156483.42000000353,316411271.86998904
215.0,370.0,210.0,305.0,930228226.9600701,3175807.469999986,73514.13999999205,4633950.3400002215,147072.31000000483,298856987.8299902
97.0,200.0,327.0,476.0,632169623.8600798,3693188.429999722,66958.86999999444,2444736.509999946,84666.77999999891,202814190.98999977
63.0,376.0,351.0,310.0,874556586.0000613,3037835.939999964,80493.62999998976,4467950.280000148,141326.8000000085,280854404.469995
95.0,563.0,319.0,123.0,1166748364.030056,2560872.8099999637,94279.40999998189,6745336.240000855,207488.39999998355,374941626.1999773
111.0,228.0,617.0,144.0,584520835.6600162,2094677.039999971,85508.38999999464,2866144.289999844,108992.41000001143,187960663.62000346
234.0,402.0,376.0,88.0,935529918.6500238,2133394.0799998534,84403.01999999273,5117808.940000061,168024.6399999932,300851027.9599714
373.0,223.0,364.0,140.0,663703372.2600269,2315178.6899999892,67504.60999999722,2935006.7799999686,110476.06000001088,213613042.689986
238.0,142.0,383.0,337.0,517688748.0900506,2979588.0899998504,63987.81999999642,1793154.4900000845,75090.12999999628,166369954.9499899
307.0,183.0,495.0,115.0,545592565.840007,2195466.7199999904,72349.69999999568,2289696.790000174,94340.04000001,175600422.03999475
95.0,111.0,428.0,466.0,446613045.6300614,3470490.849999689,66256.92999999457,1291449.8199998913,57357.74999999114,143237079.88999304
298.0,89.0,341.0,372.0,427978334.4000512,3180858.209999812,57527.01999999509,1035772.2799998316,55093.80999999398,137563645.68998376
86.0,203.0,388.0,423.0,637446580.0500572,3286617.409999869,73899.46999999313,2714829.819999957,96445.71000000782,204623165.31999847
118.0,139.0,259.0,584.0,557629569.5400954,4138470.9799995436,58448.2999999948,1689725.0899998434,61942.84999998912,178735184.9299913
120.0,141.0,542.0,297.0,469490430.22004795,3001868.259999841,73503.7499999932,1686063.289999951,72520.54999999805,150777789.56999657
137.0,323.0,300.0,340.0,880277978.1400666,3082996.049999923,76920.89999999413,4408418.350000169,141528.5500000034,282757565.269995
443.0,132.0,246.0,279.0,559276440.2800386,2923253.049999967,50589.249999999214,1790444.630000256,76322.55000000054,179961425.17998028
326.0,195.0,374.0,205.0,623720062.580028,2656585.9499999657,64367.609999997134,2557689.320000064,98128.24000000715,200644633.51999256
323.0,193.0,180.0,404.0,662295915.6100732,3606533.0199997583,54601.89999999696,2396976.690000046,86942.84000000107,212789759.78998145
395.0,236.0,220.0,249.0,715677521.7800417,2950186.3100000625,57495.939999998234,2926524.1100000115,106310.25000000579,230201553.0899756
336.0,353.0,186.0,225.0,907047757.4800593,2956230.5899999645,66530.46999999756,4368035.370000018,142752.9100000088,291611558.1999859
162.0,433.0,229.0,276.0,963492737.2400757,3036915.369999918,78367.60999999166,4999757.960000337,157608.45000000426,309551281.92000157
305.0,422.0,169.0,204.0,990415588.2900519,2603662.6799999555,72161.14999999548,5103493.530000203,163845.97999999937,318464540.93998647
272.0,284.0,362.0,182.0,749585443.2800512,2632818.3499999437,71875.58999999586,3501874.6199999126,123993.23000001448,241089329.81999427
274.0,287.0,152.0,387.0,797804907.7400836,3415351.359999876,60492.91999999609,3433584.7699999907,114062.23000001008,256344391.03997937
214.0,296.0,286.0,304.0,752321535.410044,2968275.8799998877,70404.52999999329,3459902.029999975,118197.05000001307,241732767.62999418
103.0,275.0,350.0,372.0,716982963.4500749,3202499.9999999814,75881.76999999031,3296639.430000076,111661.98000001088,230204682.1899967
115.0,406.0,163.0,416.0,1008542410.9900969,3665008.399999959,74644.89999999205,5073432.460000575,152908.17000000481,323815284.7799959
114.0,402.0,389.0,195.0,872840048.5200347,2473857.1100000306,86406.4399999887,4688935.740000075,153226.52000000558,280503405.0899964
95.0,336.0,325.0,344.0,852466948.3300622,3155263.329999963,78838.31999999081,4253085.530000038,136808.15000001178,273779611.6399983
375.0,190.0,252.0,283.0,631616890.7400485,2926122.6299999645,56852.96999999639,2401056.030000158,91981.75000000733,203147752.05998775
13.0,285.0,377.0,425.0,727329711.4600686,3281409.9999999357,78481.8399999923,3409900.1900001606,112892.16000001603,233423191.8100083
346.0,260.0,232.0,262.0,785503508.7900486,2796299.5999999866,63563.06999999707,3550422.319999863,122435.94000001128,252607700.74998423
449.0,227.0,85.0,339.0,704979953.0000743,3434730.8899999186,47240.169999997524,2548782.430000207,92789.92000000371,226697952.51997408
372.0,189.0,250.0,289.0,640033670.4200541,3096829.1999999606,56254.929999997126,2393209.230000071,91713.77000000203,205829488.34998414
405.0,304.0,76.0,315.0,902627737.590058,3307836.6899999897,57659.36999999693,4070965.469999827,132207.91000000725,290180388.69998044
17.0,373.0,139.0,571.0,932817691.5301291,4304824.129999794,71948.12999999081,4393758.140000571,130903.93000001808,299215721.03999937
12.0,372.0,332.0,384.0,909021413.7300754,3261203.859999967,84080.21999998778,4695640.200000459,146175.1000000085,291824987.7599969
15.0,481.0,121.0,483.0,1149145770.0300856,3951808.1199998604,80008.82999998884,6022744.190000944,174990.10999999935,368831980.57001394
15.0,475.0,119.0,491.0,1111448408.4601326,4112789.6699998267,79754.08999998678,5752196.120000871,167714.23000000583,356702010.90000564
276.0,606.0,84.0,134.0,1305370125.6400454,2557117.6999999573,80877.58999998868,7342481.240001628,222748.03999999564,419696922.5599881
310.0,581.0,81.0,128.0,1235387060.120035,2587195.0400000745,76282.88999999527,6777356.330000935,207560.80999999188,397235189.3599987
486.0,231.0,148.0,235.0,705978428.8800579,2991109.9799999907,51025.109999999,2721456.579999977,100927.48000000001,227165366.68997642
212.0,464.0,322.0,102.0,1030042549.4800341,2241389.5699998965,83633.08999999137,5694280.280000324,180524.62999999046,331216851.5099917
273.0,600.0,83.0,144.0,1268514940.3600326,2709826.059999947,79206.5399999917,7035745.040001135,212955.97999998915,407808224.53998977
312.0,148.0,475.0,165.0,471664933.3400332,2273654.569999988,67224.40999999736,1711800.5100000924,79262.01000000366,151850303.58999246
238.0,446.0,309.0,107.0,981712301.860016,2325982.3599999766,81459.62999999333,5318520.350000146,170519.4499999931,315650043.3799762
520.0,211.0,135.0,234.0,700263437.3300476,3051246.7999999006,49324.39999999812,2632304.0800000476,99596.55000000463,225365484.7899672
353.0,143.0,458.0,146.0,515093799.52002007,2315654.8900000197,65037.809999997735,1936896.2200002375,84609.32000000284,165819371.78999364
349.0,141.0,453.0,157.0,507560596.1100194,2348091.9299999424,64731.94999999782,1854551.7100002198,82414.08000000473,163406763.59999418
344.0,380.0,279.0,97.0,886119665.6699979,2331235.7499999804,72125.33999999826,4495848.499999797,149430.8800000011,285053576.8199841
526.0,288.0,212.0,74.0,759899002.6200094,2229926.2299999753,56313.91000000053,3350178.089999742,122714.46000000271,244731830.32997757
350.0,367.0,284.0,99.0,918485430.3900266,2301918.6399999578,70850.74999999742,4677122.729999964,155944.0099999965,295505138.8899778
431.0,475.0,72.0,122.0,1110090056.570032,2553490.6100000245,66601.43000000049,5773362.600000701,182296.51999999044,357091344.39997554
229.0,252.0,185.0,434.0,750369903.2700709,3470491.1799998954,61299.00999999576,3135202.8300000182,104404.13000000826,240986744.94998062
267.0,280.0,45.0,508.0,847501482.650105,4100656.7099997415,55989.13999999606,3536767.3400000785,112153.34000000311,272119698.2999743
428.0,234.0,35.0,403.0,772877764.0800722,3624754.3999998425,47639.59999999871,2959171.6600000416,102241.13000000046,248446345.66996813
384.0,200.0,154.0,362.0,686947197.9000688,3573919.019999791,52220.19999999708,2524506.7500000168,91906.20000000448,220803384.0599789
631.0,328.0,52.0,89.0,893601666.6700076,2446316.760000044,50845.47000000144,4061778.509999429,140933.92999999848,287741072.4399706
432.0,225.0,36.0,407.0,720322454.0400665,3689911.769999842,44791.16999999939,2532540.3100001104,89483.34000000171,231528162.06997496
298.0,311.0,276.0,215.0,758404301.4900397,2644750.700000044,69588.26999999575,3555130.3299998143,122784.98000001024,243856448.50998777
69.0,399.0,356.0,276.0,920294838.5000712,2998074.769999998,82963.64999998831,4813615.280000355,152737.74000000278,295605714.1999885
300.0,306.0,278.0,216.0,759362896.5400469,2654640.4500000468,70496.43999999588,3554148.269999896,123948.62000001314,244196693.0599912
320.0,333.0,216.0,231.0,859308497.2000372,2956424.3200001023,66352.0099999986,4066982.369999704,135082.7600000083,276253123.0699774
355.0,369.0,328.0,48.0,899074881.3700087,2015728.9599998372,75529.88999999744,4712373.599999954,158324.15999999334,289304757.22997385
389.0,397.0,262.0,52.0,915683010.2600276,2123572.33999989,71074.90999999644,4673509.019999715,158186.05000000694,294708791.91997033
97.0,564.0,366.0,73.0,1206285347.5099952,2088661.6999997224,97994.18999998378,7167953.820000986,221251.35999997266,387768402.3599561
88.0,496.0,451.0,65.0,1001596011.5000209,2037977.0899997982,95086.07999999305,5798431.84000011,186248.89999998375,322003223.38997656
76.0,433.0,286.0,305.0,953644864.0800695,3022191.239999947,82659.72999999125,5044440.750000322,156841.30000000392,306284897.73998505
98.0,558.0,370.0,74.0,1135976882.8900318,2086298.7499997565,95797.76999998729,6686238.460000526,208437.35999998354,365180873.25996584
612.0,112.0,11.0,365.0,623321250.650056,3351977.3299998385,34717.090000001415,1771238.9200002633,73053.10999999799,200586673.72997117
512.0,135.0,14.0,439.0,611825907.5600773,3757497.439999748,36116.40000000372,1613797.1400001126,66912.14999999414,196765487.23996958
416.0,428.0,8.0,248.0,1061194154.9900488,3157456.499999962,61022.78999999925,5219852.710000512,164342.0299999989,341232639.02000093
476.0,87.0,253.0,284.0,448612483.6200294,3051807.2999998834,46269.55999999837,947530.3799998492,53948.27999999632,144385433.76998168
600.0,110.0,11.0,379.0,567879504.2600456,3496649.419999789,32212.640000003445,1332762.420000037,61919.68999999546,182793329.26996747
345.0,354.0,183.0,218.0,901282451.7400451,2889934.1499999925,65010.38999999973,4334179.529999749,142876.50000000306,289818781.85997605
375.0,99.0,286.0,340.0,514664558.3700487,3209006.489999845,52649.369999996445,1455563.740000013,65910.85999999326,165492728.38998812
323.0,476.0,9.0,292.0,1196615555.280086,3306400.4300001273,69642.58999999492,6245352.160001241,189683.9900000001,384612183.60000217
269.0,396.0,205.0,230.0,941135305.0200853,2925784.1200000895,71269.11999999605,4681663.530000084,149981.3400000038,302515000.00999045
265.0,392.0,203.0,240.0,976552719.2300602,2845745.8399999975,73667.66999999696,4991140.850000264,157503.07999999708,313866823.6599872
39.0,328.0,277.0,456.0,803305634.8501031,3662889.709999907,74440.15999999353,3738755.2900001137,118544.36000001206,257781638.37999505
346.0,233.0,197.0,324.0,703068754.700067,3103627.4199998556,58570.51999999644,2852884.810000004,101585.70000000816,226005504.68998963
52.0,63.0,372.0,613.0,405088937.78005403,4105324.91999953,60244.93999999382,752643.1799998912,38349.67999999585,129695035.8399884
34.0,286.0,381.0,399.0,798721350.4001099,3532805.8499997957,79741.13999999067,3839150.6700002956,123060.82000001846,256375169.4899976
38.0,325.0,275.0,462.0,855734944.7900987,3571913.82999982,75448.14999999088,4121684.1200001766,128639.14000001377,274636264.53999364
43.0,53.0,485.0,519.0,372301353.77004033,3519884.9699995904,66812.53999999276,806292.8099998808,44300.61999999544,119302683.15998757
312.0,210.0,279.0,299.0,682078343.0800575,2972112.909999947,61545.439999997616,2815998.9500000835,101735.62000000614,219288895.29998574
419.0,41.0,238.0,402.0,410523311.3100435,3425733.7499997416,47256.02999999697,643005.5599999205,44259.88999999648,132020324.60998215
376.0,36.0,336.0,352.0,370657129.83003134,3171336.19999981,50773.63999999613,521652.95999999956,41962.45999999861,119214673.36998591
373.0,36.0,334.0,357.0,378002547.50003,3034642.4599998756,51267.60999999691,596787.5899999281,44991.85999999629,121592466.09998305
145.0,104.0,590.0,261.0,381411894.35002774,2532418.1799999382,73820.18999999529,1175338.1599999454,62716.51999999309,122609488.64998512
161.0,102.0,580.0,257.0,426658819.2700217,2686000.5799999894,72381.00999999477,1442606.5500000115,67593.87999999509,137100780.51998562
72.0,607.0,292.0,129.0,1241453454.4900384,2394510.069999964,95939.88999998261,7316408.690000972,221983.21999998658,398957011.36996835
119.0,85.0,681.0,215.0,361962732.99000216,2205692.1099999514,77950.51999999615,1250826.8800000402,66639.64999999662,116401038.31998658
122.0,87.0,498.0,393.0,417830623.64004153,3174011.429999842,68886.74999999466,1201616.0699999211,58408.47999999198,134126311.31998426
60.0,507.0,341.0,192.0,1034750327.8800691,2650677.590000144,91145.509999987,5799269.740000718,181374.61999998364,332459715.8399738
116.0,73.0,583.0,328.0,363205823.7700271,2771151.7999998815,71520.11999999483,985665.029999905,55540.09999999337,116654750.12998424
74.0,552.0,265.0,209.0,1185067939.9600537,2747193.689999909,91021.21999998526,6768176.350000526,203505.909999992,380740993.99997914
73.0,544.0,367.0,116.0,1131284773.0700316,2300517.7299997946,98929.77999999095,6711551.600000456,212956.0099999763,363569895.25996214
67.0,503.0,339.0,191.0,1092112931.8400662,2626816.3300000946,91175.74999998779,6190727.580000531,190300.62999998816,350900496.53998244
239.0,227.0,363.0,271.0,666513494.730048,2945033.68999996,68090.07999999533,2847655.880000026,103158.4000000105,214233207.12999666
243.0,226.0,361.0,270.0,660676378.5700555,2927131.4099998823,68587.05999999466,2836195.2300000614,102469.20000001142,212364800.27999303
258.0,157.0,392.0,293.0,540257198.1000475,2969681.649999948,64338.689999997725,1940536.7200000694,80460.07000000177,173679767.45999077
341.0,324.0,48.0,387.0,913409895.350086,3464910.8799999896,57863.03999999916,4144854.5599999386,131137.44000000486,293511651.1899765
227.0,216.0,345.0,312.0,613676860.8200442,3042355.279999918,65524.79999999679,2423838.6200001133,90577.46000000638,197212024.12000027
352.0,215.0,49.0,484.0,772666312.7401068,3931723.4699997553,50639.44999999684,2956522.7700000624,97926.40000000497,248151637.82996878
322.0,300.0,44.0,434.0,842037019.3700844,3826058.2399999,53855.279999999104,3486926.479999984,112484.70000000134,270497021.90996987
248.0,148.0,370.0,334.0,531611280.5600464,2966865.9899998293,64025.12999999618,1864522.8600001219,78326.33000000143,170885621.6799951
387.0,231.0,53.0,429.0,730922270.8601004,3811679.639999695,47846.77999999804,2654959.8300001817,92564.13000000433,234872053.4199695
357.0,213.0,49.0,481.0,733752055.0801011,3938387.439999705,47915.8399999969,2667012.740000122,91746.62000000672,235687757.5099737
528.0,200.0,103.0,269.0,671761941.0400441,3170610.089999865,46109.88999999746,2374981.7300002184,91039.17000000276,216158331.3199673
532.0,198.0,103.0,267.0,686057676.5600644,3079545.849999873,47541.14999999843,2487645.7100001206,95060.78000000527,220797874.91996953
596.0,83.0,117.0,304.0,509940450.42004716,3239289.8199998434,35719.24000000194,1066756.5899998315,56816.439999995455,164200272.82997584
384.0,145.0,376.0,195.0,518992734.3000263,2505894.169999931,58045.91999999771,1776117.4500001986,79627.70000000029,167086913.36998764
488.0,185.0,96.0,331.0,651610913.8300489,3358502.2299998864,45921.89999999894,2194558.520000164,84457.2899999965,209599329.00997546
393.0,55.0,385.0,267.0,376105559.7100162,2721000.739999951,53120.95999999679,692504.419999924,49733.59999999568,121119940.21998101
366.0,136.0,353.0,245.0,496851238.7800386,2789029.8899999587,56527.02999999614,1526838.590000045,70486.79999999685,159878420.68999293
551.0,75.0,106.0,368.0,499247346.6700462,3350080.8499997575,36072.050000001145,999473.0799997995,54130.00999999596,160704876.6099792
423.0,58.0,407.0,212.0,384013560.5400089,2480959.629999952,54902.04999999699,828882.4099999205,55439.72999999626,123733832.53998579
397.0,54.0,383.0,266.0,415742093.8500182,2761023.0099999583,52412.069999996216,924202.4699998654,55238.89999999497,133837512.7299829
140.0,326.0,264.0,370.0,866628967.9600735,3318023.379999966,75474.60999999192,4234440.929999994,136423.82000001348,278347712.88999486
144.0,325.0,263.0,368.0,830757792.160105,3265408.77999981,72246.35999999364,3956979.270000085,127056.44000001442,266789530.20999062
151.0,264.0,285.0,400.0,729775888.6200658,3454292.249999906,68388.24999999306,3170165.310000031,106626.48000000932,234322600.41999096
159.0,370.0,151.0,420.0,936081712.2900877,3585753.2699998813,70210.27999999264,4529432.070000317,141061.7000000085,300604312.90999514
202.0,471.0,382.0,45.0,1040046373.1700006,1963987.5799998434,88682.01999999225,5903745.810000223,188187.46999998225,334489703.13997966
280.0,491.0,266.0,63.0,1102873607.0900068,2248874.9899998372,82454.41999998965,6139703.850000766,194244.3199999929,354681679.63998985
251.0,565.0,230.0,54.0,1212087708.980016,2059568.4699997373,88406.829999988,7031344.250000769,218363.73999997618,389759345.2299562
233.0,393.0,424.0,50.0,808890378.7699958,1868160.3499998657,83111.59999999419,4338804.779999727,149156.8800000007,260246063.32999548
179.0,302.0,163.0,456.0,859113805.0700814,3661291.699999939,65099.17999999692,3890903.779999978,122425.59000000669,275828453.72998524
288.0,486.0,264.0,62.0,1081103727.7600243,2241141.58999988,81981.09999999212,5997747.540000897,191121.8099999799,347685235.2499753
208.0,195.0,345.0,352.0,618251380.4300599,3210538.719999948,64503.10999999739,2395757.3700000723,88823.33000000224,198620374.12999243
213.0,194.0,343.0,350.0,594972930.6700541,3132113.529999875,65084.249999996675,2268907.5500000655,86737.58000000751,191174758.3799964
171.0,356.0,283.0,290.0,864884527.850078,3115975.7599999825,77703.76999999052,4320448.950000017,141786.5500000118,277879455.91999185
195.0,183.0,392.0,330.0,596292317.3300503,2960431.8799999217,70013.77999999512,2438155.190000075,91982.41000000497,191575739.3899983
217.0,203.0,360.0,320.0,619602824.6100593,2938632.6299998886,67370.73999999641,2534652.590000058,93001.74000000652,199090716.73999846
168.0,348.0,337.0,247.0,818827252.0300522,2824895.0600000042,76203.76999999356,4053671.25999971,135238.42000001084,263144273.089992
208.0,189.0,406.0,297.0,575319874.2200509,2839041.7999999635,67592.73999999651,2275161.120000098,87700.58000000715,184899449.34999755
181.0,367.0,292.0,260.0,876714158.5400594,2897635.089999965,74239.93999999497,4333502.989999999,140701.32000000493,281770863.2899859
166.0,336.0,324.0,274.0,817515789.3200581,2945579.740000044,75890.92999999203,4008035.4299998125,132836.2100000101,262671059.55998063
172.0,347.0,335.0,246.0,848497830.4000492,2664048.740000004,77541.77999999671,4289403.339999765,141105.81000000893,272697946.7999899
425.0,413.0,127.0,135.0,979239846.0600342,2616431.600000006,65734.64999999909,4897762.440000082,159383.05999999677,315015445.6999805
429.0,411.0,126.0,134.0,996576811.5600263,2556416.3100000713,66795.2499999979,5029796.020000287,163894.4199999973,320582069.03998744
519.0,262.0,155.0,164.0,766475375.020064,2827489.259999961,54186.219999997156,3204404.5599998087,116118.70000000976,246693889.92996743
399.0,387.0,188.0,126.0,937385488.2000465,2547697.390000032,67557.72999999917,4654363.399999968,152870.86000000525,301552608.86998683
444.0,431.0,132.0,93.0,1030988349.5000327,2421712.8799999547,66895.85999999996,5297958.260000201,172741.38999999288,331741158.3799737
504.0,254.0,237.0,105.0,735503549.7400166,2308405.659999976,58652.250000000764,3224539.1400000313,119635.35000000663,236843277.95997682
419.0,401.0,194.0,86.0,967893417.2900181,2309452.809999926,67818.78999999868,4940231.8799998965,163099.3999999981,311436031.5199773
551.0,274.0,162.0,113.0,752816396.4000461,2529339.9799999744,54910.439999997936,3199120.7599999052,117742.22000000718,242422433.79996857
484.0,241.0,224.0,151.0,698430225.1900177,2457695.970000057,57402.669999998114,2953550.8999999855,110705.36000000601,224844527.16998443
507.0,252.0,236.0,105.0,720641237.8600255,2348396.769999972,57363.7299999995,3087431.2099998123,115556.61000000597,232061246.82997712
395.0,107.0,294.0,304.0,507197479.18003887,3103320.609999904,54564.379999996105,1481342.3200000594,67592.34999999538,163103158.02998683
399.0,107.0,292.0,302.0,492182326.09003294,3103265.1799998498,55171.5999999959,1408054.4899999278,65900.6199999938,158273356.1199889
386.0,129.0,288.0,297.0,507872304.35003537,3045829.5099999094,53187.61999999716,1477341.8100000492,67619.93999999411,163352152.26998815
365.0,99.0,356.0,280.0,444101205.9100259,2819337.379999898,55205.48999999741,1148306.3299998832,60364.7699999946,142902916.87998414
416.0,114.0,310.0,260.0,524743855.89003676,2774377.7399998647,55375.54999999678,1698750.590000099,74952.97000000007,168875962.77998734
375.0,125.0,366.0,234.0,478904966.57003117,2762567.479999972,56574.74999999628,1422360.4400000055,67749.19999999621,154109623.20998585
388.0,104.0,371.0,237.0,467866460.9800255,2603845.89,57703.13999999723,1392200.1800000663,68427.849999996,150600507.34998453
412.0,135.0,301.0,252.0,523492546.24003434,2772661.169999983,54256.46999999702,1669982.4900000994,74948.92999999855,168491116.70998886
362.0,119.0,346.0,273.0,512170624.8400314,2780535.319999991,58287.00999999671,1658505.6000001193,73811.68999999727,164771891.95998845
379.0,124.0,364.0,233.0,508611917.7400323,2667640.179999966,56855.409999997544,1637357.5800001435,74342.72999999706,163696256.7599858
244.0,747.0,45.0,64.0,1484061160.2600334,2448093.7099999734,88454.9299999809,8716568.95000191,260086.78999999768,477115561.2399761
255.0,738.0,44.0,63.0,1500088351.07002,2442189.250000025,88225.5299999863,8817999.740001192,263022.5899999898,482273605.02995914
234.0,762.0,43.0,61.0,1595320089.8400233,2417824.7999997893,93966.6599999802,9567507.700002583,287776.0700000138,512874819.43996537
209.0,643.0,193.0,55.0,1301125442.1700113,2282388.3399999198,90197.26999998039,7594858.450001481,231343.4199999855,418304616.519966
130.0,400.0,24.0,546.0,1063601604.3701266,4357964.7400000645,68719.73999999571,5144371.890000636,152603.70000000778,341390552.1400068
117.0,383.0,108.0,492.0,1006626774.5601134,4031307.819999842,71925.91999999229,4938559.430000389,149686.0000000043,323155039.86999786
126.0,365.0,110.0,499.0,908544517.4701226,4171291.4899997413,65563.21999999456,4134787.9600002836,127797.86000001345,291610418.38998586
134.0,413.0,23.0,530.0,1068002520.6901418,4133426.649999795,67517.16999999389,5202605.840000815,153288.6700000057,342809186.70002
212.0,652.0,184.0,52.0,1380300366.8600276,2130753.6699997485,91571.69999998236,8180649.630001373,247814.169999983,443792433.029954
123.0,380.0,108.0,489.0,981770125.5901096,3986985.399999677,69160.23999999247,4731203.5200005835,142532.7600000042,315149595.50000006
129.0,205.0,474.0,292.0,616967645.0700499,2726088.2199999117,76348.99999999479,2750474.3700000816,101211.13000001192,198233598.16999787
340.0,160.0,371.0,229.0,565172076.6500458,2703205.2899999446,60874.10999999653,2102737.950000204,86231.20000000641,181851652.5299922
107.0,360.0,392.0,241.0,853412263.4800383,2711873.079999963,82515.81999999285,4416445.569999926,143728.43000000392,274203639.93999255
107.0,169.0,582.0,242.0,518590917.20002925,2485041.6600000155,79775.50999999348,2222765.4000000623,89161.48000000532,166646506.9999962
109.0,171.0,398.0,422.0,550565488.0500675,3414796.9499998293,68632.02999999264,2003107.1999999864,76629.22999999778,176704887.48998427
80.0,271.0,437.0,312.0,739099510.2700341,2789319.6999999676,80241.09999999402,3613272.880000112,121139.97000001653,237415891.61000296
259.0,122.0,419.0,300.0,501176058.1800426,2888117.3099999344,66976.83999999626,1755032.900000069,76239.82000000039,161097648.15999442
259.0,259.0,282.0,300.0,744529219.6400628,3129963.9099998944,66838.45999999603,3284023.5699999915,113095.23000001573,239285387.03998932
256.0,257.0,415.0,172.0,663060208.2400267,2361536.5099999597,72957.20999999464,3059268.7699999237,112405.24000001524,213280958.59000003
230.0,231.0,373.0,266.0,624383068.510045,2748771.9199999496,68635.36999999659,2638690.640000026,98692.32000001083,200710670.2200006
305.0,348.0,48.0,399.0,969797374.52009,3728819.449999874,61081.7899999971,4500134.410000178,140170.2800000083,311582426.8199951
33.0,467.0,64.0,536.0,1134915576.5701213,4189556.359999733,75424.05999998924,5795195.630000882,167485.17000000205,364216093.95001686
431.0,36.0,68.0,565.0,468205494.3800669,4183419.0999994543,35195.030000001876,598823.1599999296,37007.41999999632,150383664.59997925
271.0,311.0,162.0,356.0,840487748.6300766,3575766.199999819,63107.92999999647,3763800.56000005,123163.39000001331,270028354.77997655
438.0,500.0,69.0,93.0,1145432625.4400277,2431555.250000003,69293.84999999907,6100361.34000069,191893.82999999356,368443033.9599935
581.0,48.0,347.0,124.0,365206446.4200006,2292368.6000000066,48216.82999999806,591664.7499999134,52583.2999999977,117937616.53998306
44.0,618.0,323.0,115.0,1260313992.5800407,2491573.0799999735,100130.56999998215,7491371.100000897,227139.1499999803,404986249.1499693
166.0,172.0,324.0,438.0,589432700.2100729,3496468.969999764,63594.19999999473,2160709.850000021,79785.11000000066,189194976.42999682
43.0,44.0,317.0,696.0,405400004.8600723,4466033.499999604,54906.65999999229,580987.6700000177,30303.580000000456,129666393.34998918
91.0,95.0,674.0,240.0,355749601.6200164,2472682.83000001,78208.90999999423,1140627.539999923,61451.74999999254,114307262.85998912
529.0,6.0,494.0,71.0,274054137.4000024,1997961.0300000112,53200.92999999841,170796.75999997696,43807.32000000016,88654747.3799887
259.0,9.0,728.0,104.0,226415049.0000022,1889533.7900000291,71079.20999999742,269281.72999997303,45144.76000000018,73082788.66999091
458.0,153.0,428.0,61.0,518059226.4900094,1967016.6299999533,61720.799999999355,1939407.4700003683,88813.750000005,167015518.93998575
594.0,7.0,420.0,79.0,304862528.7200007,2115813.0900000357,48595.10999999739,227229.52999995576,44747.280000000064,98590345.10998857
464.0,5.0,433.0,198.0,293305501.0400034,2486028.96999998,52191.399999996014,177703.89999998506,38606.10000000169,94597222.17998765
445.0,149.0,315.0,191.0,527824927.38003635,2569786.739999948,54031.91999999785,1726447.2900001595,76958.13000000168,169930066.2599876
247.0,9.0,526.0,318.0,255660403.52999413,2643740.4899998875,63156.54999999639,146310.1200000005,34814.51000000197,82221637.42998986
180.0,181.0,507.0,232.0,539100835.3000246,2474528.6899999767,74490.61999999487,2262673.6600001375,90067.57000001267,173306114.72001058
242.0,244.0,517.0,97.0,606901436.0700244,2064680.3599999556,77432.27999999422,2835740.629999938,109557.31000000959,195309623.02999502
203.0,204.0,432.0,261.0,611380242.0600439,2715583.330000006,72405.91999999735,2628803.840000077,98712.64000000707,196510215.39999908
240.0,295.0,205.0,360.0,845073668.0700942,3554370.8299998944,66128.12999999587,3842889.1300000134,124708.07000001181,271463453.4199801
386.0,245.0,170.0,299.0,730224887.6100657,3179613.8099998487,55949.3799999982,2938123.660000064,104200.53000000652,234812221.03997558
208.0,403.0,178.0,311.0,980286014.250072,3220460.7499999395,72418.41999999544,4925144.000000212,153922.5000000026,314983683.58999175
269.0,331.0,96.0,404.0,920075536.8700931,3489162.3500000676,62579.699999997356,4269500.309999773,135025.10000000536,295595924.74997663
210.0,259.0,179.0,452.0,770978314.1500864,3678933.0499998094,60883.809999994155,3224086.62000009,105448.33000000332,247544607.3199829
202.0,392.0,72.0,434.0,965625876.6000977,3884600.5899998383,65336.179999995074,4529296.560000461,138989.61000001294,310086135.9399924
375.0,239.0,69.0,417.0,724552441.7500913,3747989.219999726,49151.189999996226,2658139.830000155,92008.41000000868,232823481.74997532
310.0,310.0,137.0,343.0,910955743.6200825,3327761.04000002,63204.089999997035,4255091.589999834,136857.32000000463,292734727.02997285
372.0,372.0,68.0,288.0,916387950.590056,3213074.800000111,59085.7699999975,4215383.949999604,137358.50000000224,294604325.3799773
334.0,335.0,61.0,370.0,944831810.1700737,3489368.7699998715,59661.77999999823,4366550.960000151,138371.75000000576,303619414.59998524
228.0,106.0,180.0,586.0,538962723.8200836,4068591.619999552,50396.4399999966,1424128.4199998933,55616.359999992084,172878723.82998797
500.0,73.0,124.0,403.0,495985809.630035,3437548.6999997827,41232.48999999928,1061929.7999998305,53520.06999999422,159487277.19998497
164.0,384.0,130.0,422.0,912764669.6201062,3825191.8499998013,67948.17999999327,4257809.850000238,133440.54000001395,293081241.7099892
188.0,88.0,339.0,485.0,453381333.19004416,3582312.1399996844,58829.7399999956,1132342.3499998471,52819.27999999249,145477065.73998925
346.0,162.0,274.0,318.0,581164198.9300431,3038045.639999959,58309.84999999807,2069255.9900001904,83394.89000000308,186877717.2699891
181.0,425.0,327.0,167.0,981757321.9200312,2409516.139999945,84649.48999998903,5349640.07000022,171448.99999999767,315607792.7399818
551.0,81.0,310.0,158.0,426253949.97001606,2369240.150000008,48640.219999998706,997581.5799998947,61861.799999997136,137488061.92998305
485.0,356.0,120.0,139.0,911440748.130028,2533631.009999947,58485.609999997985,4313422.659999681,144347.9500000021,293304697.18998903
355.0,260.0,200.0,285.0,713890610.0000583,3013102.8399999435,60986.77999999734,2988665.3000000333,106940.44000000771,229556150.2499837
426.0,312.0,240.0,122.0,806994823.20003,2332351.439999942,63700.81999999982,3792188.939999799,132349.20000000764,259728223.28998214
362.0,291.0,334.0,113.0,795476930.1000268,2283865.880000025,71286.03999999745,3887454.8799997233,135887.05000000913,255956445.1499814
231.0,343.0,393.0,133.0,793101793.4200329,2316867.7499999255,79260.18999999411,4035137.1499996884,138701.4000000046,255065399.4299945
446.0,102.0,412.0,140.0,435700586.2800289,2323737.3999999873,59721.28999999782,1303439.3100000194,70186.71999999642,140420438.88998446
513.0,412.0,15.0,160.0,1017864759.9000442,2813130.280000082,56447.78000000026,4903976.1700000735,158479.96999999942,327476805.41997725
297.0,239.0,275.0,289.0,716901675.8900412,3047406.0199999604,64854.99999999783,3088174.349999931,108243.07000000392,230414593.13998544
494.0,113.0,14.0,479.0,607904702.140083,3916048.049999626,37487.71000000128,1622907.330000052,64360.85999999179,195336681.94997975
255.0,377.0,13.0,455.0,1003210203.6601168,3935605.3199999747,61551.37999999719,4689474.420000306,144305.51000000388,322214805.70998573
224.0,94.0,381.0,401.0,435130940.6900495,3235067.1699998365,61142.76999999606,1150002.0399998543,56608.25999999271,139739833.50998348
537.0,226.0,28.0,309.0,747145913.1300737,3397539.979999954,44027.0699999998,2768057.830000039,99054.96000000092,240310350.11996734
337.0,142.0,18.0,603.0,601631888.5801059,4428982.5599995265,39649.12000000073,1516349.559999994,57590.669999990314,193112337.4099749
247.0,177.0,220.0,456.0,631053284.4200871,3685443.8099997793,57915.28999999746,2251795.570000071,81080.78999999858,202601738.17998728
96.0,208.0,259.0,537.0,686411364.0000952,3886517.5399997337,65282.80999999326,2726187.7200001273,90621.07000000667,220197770.9099894
243.0,194.0,215.0,448.0,665499029.7000791,3571551.4499997357,59281.72999999607,2536003.7400000268,89622.80000000462,213726424.84998995
220.0,158.0,315.0,407.0,573883087.7500677,3419578.379999806,63332.65999999453,2042084.0600000627,80593.53000000225,184358731.68999332
309.0,221.0,274.0,296.0,665181559.060053,2885810.429999897,61843.829999996866,2717314.8200001474,99504.46000001175,213854949.18999544
263.0,210.0,376.0,251.0,579786395.8500463,2753145.690000003,67366.02999999633,2309502.5500000766,91530.85000000548,186443042.52999482
106.0,229.0,458.0,307.0,655467368.0500573,2935769.959999925,76417.09999999272,2950388.060000062,104529.63000000999,210540724.53000233
122.0,295.0,329.0,354.0,810169329.3000695,3293896.779999982,74655.4399999929,3858481.3800000693,124612.71000001214,260153586.6899966
83.0,199.0,357.0,461.0,597367030.7000828,3756326.2599996626,69035.2499999922,2267512.7900000443,80605.4000000018,191623672.209993
104.0,249.0,448.0,299.0,626113028.5300428,2975972.169999943,77752.38999999323,2794117.4100000295,100407.92000001042,201069043.310003
18.0,406.0,448.0,228.0,904899774.8100626,2719292.419999945,92259.74999998814,4950856.090000239,157921.97000000186,290665357.82999516
246.0,320.0,354.0,180.0,777418448.5500413,2486095.3699998884,73980.69999999662,3786674.6399997426,131352.70000001116,249995138.489988
18.0,418.0,440.0,224.0,934049402.8700482,2561293.1699999264,91726.28999999208,5186475.250000242,162910.18999999843,300042750.77999836
26.0,575.0,177.0,322.0,1230316036.9200923,3235496.5900001074,89121.37999998764,6910050.350001102,203004.94999998956,395114079.1599784
23.0,507.0,561.0,9.0,1049854759.8200154,1665217.859999795,105670.34999998372,6418103.220000311,204660.5999999732,337510771.3999705
35.0,813.0,238.0,14.0,1545979716.4800096,1972542.1999996582,108919.72999997404,9681005.270001216,287530.0300000098,496890846.3099079
403.0,525.0,162.0,10.0,1182943622.660016,2041404.4199998146,77907.12999999434,6578085.160000696,206342.70999999178,380582137.28998417
287.0,393.0,413.0,7.0,885924300.6400057,1794681.219999842,82289.96999999565,4815501.049999913,162301.62999999494,285081625.059984
314.0,430.0,126.0,230.0,982331152.4100704,3126213.6199999424,67936.13999999648,4884134.550000369,154773.47000000824,315763002.71999174
393.0,539.0,158.0,10.0,1164873428.9400098,2027351.0799997412,76675.9799999957,6474254.680000911,205246.84999998502,374778870.5999713
66.0,215.0,767.0,52.0,521912403.72000515,1577069.449999916,94012.10999999274,2748267.9599999944,109420.32000001769,167907809.92000932
370.0,152.0,542.0,36.0,449010084.70000654,1805403.7399999863,68641.27999999876,1695015.3900002292,82408.91000000833,144751232.13999045
40.0,564.0,465.0,31.0,1096837882.290033,1887917.0799997754,103585.81999998388,6624082.690000577,208871.29999997155,352590262.72997
56.0,182.0,818.0,44.0,453109465.89001465,1654653.6299999435,92216.99999999383,2244059.700000145,96274.64000001871,145786819.52000076
60.0,198.0,706.0,136.0,523318875.04001766,2005477.669999951,88092.15999999376,2548405.87000007,101081.5200000152,168262089.95999867
34.0,485.0,503.0,78.0,1003770086.580031,1985473.519999775,101197.14999998668,5947826.010000382,190432.58999998067,322636250.8299812
311.0,128.0,573.0,88.0,454100817.5100055,1945524.2999999675,71900.97999999746,1741982.8400001882,82648.01000000848,146287639.83999282
243.0,432.0,356.0,69.0,941347614.0700178,2011555.4799998375,83653.77999999396,5153470.700000102,169925.01999998395,302799739.56998044
233.0,414.0,430.0,23.0,909107746.2399862,1838289.9199998954,84462.36999999272,5004591.810000203,165863.31999998903,292467821.80998325
224.0,399.0,413.0,64.0,863834015.480016,2066876.0299998617,81663.35999999566,4600070.119999971,154711.11999999528,277870333.2599897
316.0,388.0,86.0,310.0,975703029.0700743,3347618.9300001217,63140.900000000205,4651719.9700001385,147991.45999999772,313586297.4099802
447.0,323.0,72.0,258.0,888259312.2600666,3208412.3100000895,56488.40999999849,3991313.749999594,132839.64000000383,285654618.89996254
397.0,207.0,108.0,388.0,682195959.250074,3615572.219999769,49382.56999999783,2407153.7800001535,87715.16999999761,219278360.28997704
291.0,357.0,167.0,285.0,901029079.3000509,3097814.220000082,68329.35999999708,4348966.299999917,140440.21000000674,289580401.1199818
303.0,372.0,83.0,342.0,944924963.4700876,3403105.389999879,62696.8999999972,4445395.80000023,141943.78000000602,303670049.1899955
341.0,178.0,196.0,385.0,667698207.5400677,3233810.9599999636,56107.539999997854,2523691.5500002014,92384.5300000036,214638562.38997912
404.0,292.0,136.0,268.0,764370464.8900559,2961707.060000016,57058.55999999856,3247186.999999946,113357.15000000357,245826280.55998388
516.0,159.0,83.0,342.0,639057321.6600368,3212026.109999929,42042.62999999902,2071083.4800002999,81812.99000000034,205618224.6799771
495.0,152.0,168.0,285.0,591602508.980049,3063651.11999996,48249.6199999988,1916634.930000314,79780.38000000223,190387060.83997843
477.0,146.0,161.0,316.0,591222902.3600581,3252621.139999864,46504.439999998336,1853870.1800001732,77133.65000000125,190199146.7099824
364.0,196.0,407.0,133.0,592553059.1300231,2247061.4899999453,67631.849999998,2497424.2300000973,100370.8500000048,190759158.9399928
329.0,205.0,427.0,139.0,617844564.3400148,2287423.9999999544,69323.5199999993,2684847.0399999977,104047.20000001251,198825082.19000462
434.0,22.0,486.0,158.0,299339308.7900103,2322538.2799999975,55459.80999999715,343029.2999999658,44660.019999999415,96579770.96998434
422.0,226.0,298.0,154.0,674479694.4800187,2354217.92000005,62477.78999999827,2908921.10999998,110134.41000000955,217125133.3399818
294.0,158.0,329.0,319.0,568989236.200051,2986366.7999997935,59881.95999999525,2047618.2000001203,81764.31000000301,182901915.9699938
387.0,19.0,273.0,421.0,371393074.32003146,3364452.3399997274,45755.40999999686,368074.43000000075,36172.520000000026,119398027.00998415
297.0,185.0,243.0,375.0,604415199.2800436,3158169.2799999043,57091.69999999655,2170317.560000165,83405.81000000183,194261084.6499863
304.0,17.0,395.0,384.0,325568138.550015,3242560.529999812,53394.259999995105,257077.99999999226,34393.63000000083,104634646.44998547
478.0,28.0,392.0,202.0,332456652.6100105,2495486.6699999697,53075.119999996765,442834.5499999665,46121.369999999064,107206682.3999835
351.0,20.0,287.0,442.0,365190489.47003216,3515566.5899996827,45008.399999997346,286821.7399999952,32979.89999999982,117366722.04998541
138.0,422.0,181.0,359.0,976279581.8700804,3444779.140000026,74638.44999998962,4898317.660000551,151892.09000000072,313572938.8400001
92.0,442.0,190.0,376.0,995040638.1500775,3391247.5299998927,75801.11999999022,5063708.330000467,154572.7000000035,319543732.8200031
165.0,291.0,216.0,428.0,811448257.8501081,3630433.2199998144,69064.50999999445,3675955.930000137,120122.67000001438,260566321.84998462
160.0,488.0,36.0,416.0,1203723559.0800948,3633612.780000074,73977.07999999232,6327428.000001047,186595.65000000037,386606565.4400042
167.0,509.0,219.0,205.0,1104350902.9600406,2748918.68000008,85086.62999998419,6102271.300000943,190454.62999998915,354912189.8099774
261.0,460.0,59.0,320.0,1120558664.190071,3422869.4300000193,70856.70999999472,5746331.160000961,174441.04000000143,360042090.95000464
136.0,652.0,49.0,263.0,1401658883.9600725,3194562.6600001445,85761.24999998504,7967790.560001517,233509.30999999476,450342349.0599788
141.0,393.0,292.0,274.0,921768377.9500649,2912602.400000013,79627.18999999404,4764350.980000125,152053.4799999994,296171570.0099873
134.0,372.0,48.0,546.0,974358361.8401352,4447798.409999947,65050.21999999394,4481978.790000499,133843.0600000124,312667508.980009
181.0,503.0,65.0,351.0,1174910953.110111,3663103.799999961,74449.03999999195,6140407.010001199,182854.490000002,377394501.1400166
281.0,201.0,17.0,601.0,745247124.6201011,4397958.109999816,48192.559999996956,2634879.500000088,86773.04000000184,239202615.76996908
58.0,256.0,22.0,764.0,825207884.7601907,5006133.54999994,57470.08999999306,3258767.6900004065,96121.20000000756,264485521.4099691
207.0,439.0,13.0,441.0,1076036582.5601141,3792732.180000032,65600.5199999968,5274594.870000649,157493.85000000813,345589347.7200018
201.0,144.0,325.0,430.0,545939051.3700789,3412862.089999761,61777.40999999375,1838714.6699999755,72792.49999999875,175282718.37999785
313.0,223.0,19.0,545.0,773952985.2201283,4310767.109999652,50115.35999999525,2886944.3500001156,93442.84000000487,248447908.68997395
170.0,360.0,274.0,296.0,865175669.2500706,3063827.489999941,77116.28999999304,4319669.3800000865,139228.35000001054,277954040.729997
42.0,186.0,419.0,453.0,567500614.0300725,3351027.349999761,71416.06999999368,2194313.7699999795,79570.72000000121,182036780.68999845
43.0,571.0,17.0,469.0,1324617049.1400843,3789485.9300000793,81293.39999998978,7250493.540001153,208707.00999999364,425276897.7499854
29.0,388.0,294.0,389.0,929694076.4400921,3322821.1200000024,80761.57999999014,4775408.780000355,147688.40000000547,298464422.5700068
32.0,414.0,314.0,340.0,981645681.4500806,3126017.6299999314,84458.75999998818,5256245.170000472,161816.25000000678,315228446.9999982
381.0,331.0,216.0,172.0,818869059.8000271,2593885.9799999907,64687.95999999737,3833090.1699997173,132008.44000000684,263425822.02997482
270.0,383.0,249.0,198.0,846365963.9000392,2691686.4900001,71313.73999999627,4162478.2399996896,139631.76000001133,272133213.2199828
447.0,199.0,253.0,201.0,642706309.2000355,2688751.6699999874,57161.079999997324,2495735.890000089,97668.60000000485,206869713.54998317
435.0,378.0,91.0,196.0,975986803.6500379,2715218.6200000183,62017.33999999903,4761701.98000012,153760.1399999991,313911493.1399747
407.0,353.0,230.0,110.0,882845030.630022,2437679.3199999793,67953.14999999934,4341414.199999914,146708.7900000039,284054053.5199818
572.0,255.0,119.0,154.0,754985189.6500336,2744192.8900000276,49195.570000000705,3043820.549999872,113142.05000000245,243094833.63996446
344.0,488.0,117.0,151.0,1111326570.6500142,2540161.909999872,73351.48999999599,5944731.940000808,186356.58999999083,357380488.5299841
355.0,259.0,329.0,157.0,751501502.8500177,2473619.379999999,67159.20999999772,3464077.249999756,122975.04000000388,241793332.58998942
392.0,286.0,134.0,288.0,831713910.9100469,3061245.879999932,57522.7599999987,3686722.6799997953,123859.63000000396,267446561.8899669
438.0,319.0,150.0,193.0,833419054.2100382,2810461.0299999868,58712.60999999943,3764381.4599998933,127989.29000000168,268107501.28997046
445.0,38.0,180.0,437.0,414442620.5800427,3534067.5899997577,41789.549999997966,519245.92999999365,39257.5299999988,133254003.59998363
494.0,35.0,167.0,404.0,431353977.8200547,3487022.2499995995,39436.93000000033,585238.9899999228,42431.159999996395,138778403.3599807
418.0,101.0,170.0,411.0,569065795.7700456,3570492.539999813,47008.829999997484,1604581.3200001088,67265.39999999291,182929156.919987
318.0,27.0,442.0,313.0,342449396.8800241,2871908.819999849,55821.01999999571,494954.57999998244,43094.06999999752,110189278.77998264
737.0,63.0,299.0,1.0,416494733.20000446,1908256.0799999896,43585.29999999903,888019.209999881,64391.009999997885,134671549.78997964
418.0,101.0,580.0,1.0,388238497.16000456,1612320.79999997,69574.9199999976,1337455.8800001019,75566.33000000055,125302618.99998178
494.0,35.0,570.0,1.0,292440230.08000374,1611637.5799999852,61198.10999999898,566461.379999928,55709.31999999965,94592170.72998573
714.0,144.0,241.0,1.0,562577137.289998,1941943.8999999785,47176.229999999276,1933757.3200005337,90322.43000000593,181564706.52997932
347.0,70.0,400.0,283.0,426626228.3900288,2682470.4799999758,57747.519999997305,1112413.2699999018,60723.70999999451,137298748.03998277
467.0,94.0,538.0,1.0,392985060.6199999,1652280.9299999652,64847.41999999779,1272497.6100000984,73868.63999999978,126876397.07998239
118.0,364.0,507.0,111.0,792730891.3000203,2049580.0699998967,89757.85999999006,4328000.569999783,147133.8900000067,254880721.1000017
193.0,336.0,469.0,102.0,757281816.2700301,2167582.869999944,81805.00999999447,3887350.419999788,136029.65000001166,243545480.78000924
111.0,408.0,477.0,104.0,867254747.8200351,2070223.919999921,91018.6999999923,4825463.600000139,159527.52999999412,278814370.86000663
147.0,454.0,362.0,137.0,992183508.4400563,2341300.2199999983,88467.58999999119,5515692.270000343,175153.47999998418,318913967.7199896
99.0,304.0,424.0,273.0,763393581.6300333,2595966.249999939,82577.54999999318,3865047.5599999498,129749.87000001462,245243062.4600035
111.0,408.0,273.0,308.0,965001923.1000669,3115289.510000036,80638.26999999116,5027869.360000272,156245.4399999994,309954071.69998676
193.0,337.0,268.0,302.0,838006767.9600544,3108996.180000015,71815.1499999951,4006119.1299999976,131127.720000015,269259283.239991
155.0,323.0,378.0,244.0,783125163.4200611,2665890.1600000034,78167.2099999948,3880033.929999949,130381.71000001408,251658763.89000466
220.0,458.0,306.0,116.0,1049419391.0200404,2310898.5799998795,83494.4999999909,5808963.720000532,184564.68999998487,337446719.3299778
182.0,379.0,253.0,286.0,885545991.8800708,3166051.8599999286,72497.45999999378,4310048.129999947,139785.89000001267,284523712.3399931
172.0,349.0,239.0,340.0,898166372.120071,3117092.5199999507,73948.57999999062,4453880.009999992,142015.60000001284,288558325.48999876
441.0,248.0,170.0,241.0,736315596.8400512,2928483.8199999197,56392.84999999961,3069891.530000049,110442.23000000913,236882883.95997867
160.0,398.0,224.0,318.0,911435343.8100781,3187619.5500001176,73548.42999999235,4522209.480000148,143803.5200000086,292790194.20998037
145.0,294.0,375.0,286.0,767419380.0200497,2872581.07999996,77977.17999999232,3745921.3499999368,126513.65000001041,246594288.65999058
142.0,288.0,197.0,473.0,807272510.3300793,3569599.2499998966,67220.58999999409,3633458.090000104,115651.86000000831,259134695.519987
117.0,289.0,303.0,391.0,738517508.9800705,3438793.68999988,73034.0299999928,3322737.9199999534,111191.9600000136,237123684.3600048
344.0,193.0,246.0,317.0,653193264.6900612,3071836.1599999308,59063.24999999713,2530483.4100001147,93640.27000000508,210006378.4499858
368.0,251.0,141.0,340.0,737273234.6700579,3164471.419999935,55317.2299999975,2977975.3299999908,104592.70000000273,237042414.01998153
373.0,255.0,268.0,204.0,736969990.8000406,2656816.200000071,63241.22999999828,3251957.65999983,116993.24000000657,237106834.5299803
331.0,226.0,237.0,306.0,703493187.430039,2934608.639999927,58435.84999999713,2890469.7399999634,104065.26000000456,226195558.48997858
230.0,308.0,259.0,303.0,828086254.8500404,2882867.899999969,70106.25999999634,3952301.479999844,131084.39000001064,266156307.84998518
131.0,342.0,289.0,338.0,850786846.9600796,3223334.369999958,75293.61999999138,4138714.3099999703,132417.8200000144,273238274.0199957
307.0,42.0,346.0,405.0,356685857.4200251,3310822.71999978,53936.95999999508,458302.57000001846,38937.969999998866,114601180.46998577
287.0,384.0,51.0,378.0,962675684.9500895,3774950.0999999824,62286.809999996825,4488065.280000156,141641.2700000052,309280800.30999243
283.0,379.0,319.0,119.0,907446016.5100232,2300412.7399999234,79174.97999999572,4779740.1599999,158794.64999998937,291851956.0999819
633.0,88.0,112.0,267.0,512565378.8300363,3150079.4399999063,37700.21000000034,1153370.9699998628,60770.569999995634,165105298.2899768
230.0,601.0,80.0,189.0,1340264098.440048,2805261.5400001877,82499.1599999846,7582410.960001599,227349.07999999114,430796494.7600021
256.0,69.0,564.0,211.0,370351936.7000235,2573739.3399999295,67395.9199999958,974162.3599998481,57915.72999999325,119155387.42998438
263.0,70.0,91.0,676.0,501752857.210093,4502281.979999686,42174.51999999864,913009.7599998118,40203.019999994525,160869205.45998573
452.0,121.0,156.0,371.0,552917691.9200543,3455313.6899997876,43418.73999999873,1465318.28000007,64608.42999999384,177824338.3799828
701.0,173.0,63.0,163.0,638713719.6700435,2751136.209999913,36840.06000000117,2039344.9300004563,87461.54000000365,205859285.14996517
208.0,387.0,140.0,365.0,956723226.4400983,3475390.4499998074,69006.39999999397,4634014.4300003145,143829.8500000092,307300281.40999365
656.0,233.0,58.0,153.0,756426039.2900277,2656534.489999955,44749.00999999966,2980357.6399999512,111491.52000000126,243631033.40996742
465.0,115.0,412.0,108.0,475248093.1500072,2225372.0499999956,57220.469999998124,1506776.6400001629,76225.659999999,153206872.3499884
786.0,194.0,70.0,50.0,688243057.9400152,2311164.9199999515,40107.81999999943,2498977.4100002134,102686.62000000298,221936926.64996722
477.0,169.0,423.0,31.0,527902693.40000075,1871858.93999994,63104.259999998634,2049238.8900003948,92723.81000000583,170216946.16998464
110.0,204.0,733.0,53.0,482398195.3300085,1660873.6299999412,88927.85999999504,2366586.450000091,99304.04000001344,155258744.24999174
228.0,609.0,153.0,110.0,1309195299.0300434,2584847.03000001,85873.04999998711,7483692.850000998,227786.46999998062,420868876.539959
91.0,243.0,607.0,159.0,577907273.9300255,2153223.14999993,85743.45999999456,2812453.5499999938,107052.06000001365,185804504.39000311
101.0,271.0,679.0,49.0,574938801.1400104,1615965.3299999577,91099.78999999636,3026454.4699998493,116108.47000002449,184985249.89002058
212.0,320.0,253.0,315.0,811463118.5600755,3253159.679999961,68412.25999999569,3719715.8499999456,122726.110000012,260724980.77998585
258.0,304.0,240.0,298.0,809124259.5100613,2914685.859999882,66511.91999999582,3758938.7299999883,125326.66000000968,260070176.98998487
203.0,352.0,243.0,302.0,898947715.3200544,3043031.219999952,74243.64999999359,4475435.650000104,143479.8600000094,288827604.17999274
231.0,348.0,179.0,342.0,924281891.1700491,3164367.3099998995,69611.35999999472,4512329.170000265,143464.35000000877,296986573.9999871
227.0,343.0,271.0,259.0,840266685.9000404,2899309.0599999693,72739.07999999398,4087134.9399999753,134952.1500000093,270070178.2099865
237.0,409.0,183.0,271.0,972617955.8600392,2927301.560000022,72517.2299999935,4934738.800000199,156140.62000000404,312604949.6499867
299.0,353.0,181.0,267.0,871228235.0600643,2899881.5199999795,65622.34999999846,4149180.499999794,135639.14000000714,280071368.1799832
263.0,356.0,246.0,235.0,876326554.8000518,2907162.689999962,71449.39999999541,4310100.299999815,141303.06000000716,281686478.98997617
267.0,361.0,162.0,310.0,930400915.7500579,3111111.380000081,67679.4599999962,4512306.150000168,144026.68000000506,299011862.0299833
286.0,386.0,173.0,255.0,978507983.4400537,2894698.0200000172,71555.32999999613,4975295.090000303,158546.64000000164,314547199.2799906
197.0,64.0,515.0,324.0,331497607.9000196,2794909.0899999095,67958.16999999547,696489.9499999363,48696.589999995245,106528324.5399838
254.0,60.0,482.0,304.0,378426736.2500297,2849945.4299998754,63453.66999999688,878883.6499999104,52695.69999999517,121646604.66998556
152.0,300.0,398.0,250.0,786682902.3400664,2909598.8599999957,79514.32999999123,3882036.0999999647,130855.97000001578,252787970.58999503
219.0,71.0,450.0,360.0,377525818.4200335,2991866.269999815,63755.64999999476,881507.3399998883,51831.649999995585,121301070.61998434
247.0,81.0,646.0,126.0,348983271.040008,1982039.6599999997,74645.7899999965,1119031.5799999477,66506.1199999969,112399141.18998478
198.0,392.0,408.0,102.0,940465834.5100161,2183830.2399999257,85484.37999999216,5141307.08000034,168443.62999999602,302427879.0199799
355.0,84.0,529.0,132.0,409168468.7600054,2149862.830000023,67010.22999999767,1304013.0099999944,70522.61999999757,131843361.51998559
234.0,335.0,444.0,87.0,722423179.1100341,2062021.01999994,79520.84999999267,3656892.099999787,129885.24000001492,232400373.52999398
215.0,308.0,320.0,257.0,784712898.6600513,2868039.579999935,71886.49999999805,3704911.209999884,125799.35000001133,252219953.63999084
256.0,367.0,382.0,95.0,843007585.090017,2151618.539999869,78399.47999999333,4397157.529999775,148227.40999999933,271155042.6699885
464.0,331.0,248.0,57.0,823833093.7100185,2203355.4899999565,64555.65999999946,3927179.0899995477,138781.08000000444,265244512.0799735
6.0,570.0,426.0,98.0,1121172741.7300243,2146889.6099997656,103188.53999998083,6729476.220000651,208986.20999997106,360306659.7299616
573.0,150.0,306.0,71.0,499321580.1800015,2108352.389999993,52070.239999998834,1593436.2000002656,79319.4000000024,161059793.9099863
516.0,368.0,153.0,63.0,907406215.9400374,2264686.7099999455,61868.46000000107,4423825.409999887,150073.4500000048,292101928.4399765
362.0,258.0,193.0,287.0,807862968.9800429,3135294.530000003,63215.70999999745,3617209.80999997,122494.53000000589,259698242.40997326
468.0,123.0,138.0,371.0,585758535.3700552,3428288.2099998407,46045.73999999879,1759927.250000154,72623.83999999562,188371016.33997974
5.0,434.0,180.0,481.0,1049724562.9700999,3753697.3799999123,79966.43999999094,5443231.080000567,161743.35000000306,336910442.4299997
5.0,181.0,368.0,546.0,612818261.8300897,3937207.2399995667,71008.8899999911,2358178.4999999884,81268.95000000135,196456880.35999793
12.0,419.0,473.0,196.0,860739661.0100327,2465245.1899999143,92482.52999999069,4744494.99,153544.7100000071,276508261.4300052
6.0,212.0,240.0,642.0,709501074.0801325,4301949.989999659,66094.99999999239,2841313.7400000994,89812.62000000179,227429889.32999402
266.0,159.0,307.0,368.0,548035773.4600432,3183590.889999864,59817.02999999654,1866687.8100000047,75788.18999999783,176120242.2199928
129.0,185.0,357.0,429.0,595128418.5600703,3353311.2399998014,69476.96999999382,2315686.549999937,85888.45000000364,191074745.89999673
255.0,197.0,295.0,353.0,630113586.6600505,3219445.9699998465,62863.25999999527,2470811.7400001343,90942.32000000778,202484073.3899958
289.0,173.0,237.0,401.0,588503650.0900837,3436452.4299997143,57037.59999999367,1988351.9900000768,76882.39000000058,189071660.2799908
258.0,154.0,297.0,391.0,569107531.3000507,3221669.4799999017,60311.47999999594,1980157.3300001195,76865.6699999995,182829228.14999276
268.0,207.0,219.0,406.0,631558906.5900633,3518372.9699997795,57362.339999997625,2266100.500000001,83713.64000000047,202877056.47999287
136.0,197.0,269.0,498.0,617540397.8801003,3740686.209999693,62455.47999999325,2275647.1400000486,80423.58000000172,198152036.64999524
118.0,220.0,329.0,433.0,671861741.2100788,3471386.6499998188,67484.18999999443,2756418.4500000984,93652.58000000886,215631202.83999407
135.0,250.0,266.0,449.0,728725633.9200771,3652539.9399998705,66928.70999999662,3095539.269999994,103363.61000000754,233935286.81999248
130.0,241.0,256.0,473.0,663824290.7100759,3621686.659999715,65074.67999999576,2630610.090000148,90550.81999999998,213055773.4699934
83.0,614.0,151.0,252.0,1312432367.8000596,2996848.390000075,89821.01999998323,7530172.930001601,223760.51999998218,421641004.5199822
379.0,436.0,107.0,178.0,1051508466.9200338,2672017.740000118,67591.89999999758,5395460.510000522,171181.17999999467,338173494.8799851
78.0,646.0,141.0,235.0,1404095543.8100774,2889565.1900001415,93441.06999997945,8216192.20000149,241428.30999999293,451097633.9799657
96.0,708.0,6.0,290.0,1459629277.960079,3349328.5200001793,86258.73999998176,8318270.160001714,240425.4699999967,468889142.6799961
79.0,583.0,144.0,294.0,1297034224.1300652,3117058.360000039,87691.64999998758,7351587.550001126,216001.11999999132,416641731.82999784
84.0,698.0,5.0,313.0,1466582064.100115,3600475.1800002805,88260.20999998401,8358298.560002018,241784.36999999444,471040973.1399803
402.0,462.0,3.0,233.0,1142031635.350075,3049971.9400000307,65160.20999999857,5868212.960000709,181099.169999995,367176621.95000005
349.0,450.0,99.0,202.0,1032024518.5500398,2754105.06000008,65931.80000000045,5234011.160000423,165032.4599999988,331845149.7999881
397.0,513.0,3.0,187.0,1182718444.840072,2977654.760000078,67230.32999999895,6179201.370001182,189403.60999999897,380274066.40000015
382.0,493.0,4.0,221.0,1201403764.5500352,3078484.5500001414,68955.9999999971,6329941.830001163,194975.7899999975,386252230.8499902
49.0,193.0,495.0,363.0,566221909.5700531,3004734.519999961,76145.56999999295,2366588.360000058,87277.04000000641,181730147.380002
120.0,180.0,462.0,338.0,554700610.0500538,2918062.509999888,72727.87999999334,2228542.5099999863,86131.36000000856,178165428.89000124
53.0,121.0,534.0,392.0,449335309.55003726,3036295.439999877,74207.5799999925,1541107.8499999323,66488.38999999217,144193870.92999253
68.0,263.0,273.0,496.0,725864121.5300945,3922191.289999714,68598.46999999334,3031525.480000249,99236.59000000992,232860953.7299971
42.0,165.0,422.0,471.0,550359911.2800782,3440845.2299998538,73531.97999999128,2118303.659999927,79317.3300000012,176560484.9999956
60.0,135.0,240.0,665.0,578351530.8300972,4479601.519999656,59852.48999999369,1786131.1999998058,62091.95999998897,185301417.92999053
132.0,198.0,204.0,566.0,682166044.9000971,4045329.029999647,61098.889999996005,2600809.009999995,85907.52999999821,218799763.58998665
110.0,95.0,423.0,472.0,473946947.8900749,3524351.3999996036,66054.30999999277,1426326.4999999208,61230.729999991534,152063680.89998662
176.0,153.0,274.0,497.0,592199705.2100624,3803953.7099996465,59082.50999999445,1995241.849999957,73093.84999999488,190033707.74999034
143.0,124.0,221.0,612.0,547667210.050083,4108889.6599995564,54791.79999999361,1548670.149999934,58899.319999991814,175618712.43998897
334.0,477.0,211.0,78.0,1059852956.0000185,2238007.599999886,77456.34999999063,5743196.550000565,183832.35999998447,340906297.4899792
385.0,445.0,197.0,73.0,1060969476.0600042,2299483.1600000057,75721.57999999291,5688049.85000082,184757.2299999853,341308829.8299815
360.0,428.0,227.0,85.0,992839480.9900407,2270221.8299999447,73385.2499999947,5219490.98000015,169381.33999999374,319391127.7699777
267.0,382.0,388.0,63.0,865840916.2200072,2012305.9799998598,80482.50999999486,4593711.099999818,155181.78999999963,278562434.9199959
285.0,407.0,180.0,228.0,932802929.4700613,2823788.5200000694,70042.00999999579,4644990.010000104,150852.2300000053,299909466.17998385
248.0,294.0,359.0,199.0,743332548.0100505,2629132.5300000003,73972.42999999563,3527707.059999964,123481.16000001425,239019129.80999622
277.0,320.0,324.0,179.0,822988016.820027,2577299.509999974,71193.44999999681,3994160.359999753,135445.33000000936,264679773.48998305
353.0,339.0,180.0,228.0,884095926.2000502,2903017.889999965,63623.51999999915,4177261.6999996086,137971.68000000302,284266542.1199734
331.0,318.0,388.0,63.0,763052069.4900237,2013952.3899999002,74170.33999999693,3810820.6899997205,135638.18000000084,245583959.83999476
291.0,279.0,341.0,189.0,742565457.3100456,2718711.379999933,69983.26999999574,3420394.6299998215,121504.24000001533,238810870.1999917
378.0,40.0,281.0,401.0,381078866.09003115,3183067.4699998484,48198.879999997014,521866.9599999958,40494.1899999976,122505348.5699884
417.0,38.0,265.0,380.0,399727337.3800423,3223540.2999997353,47492.909999996526,634406.259999945,44112.599999995735,128569396.21998315
280.0,316.0,207.0,297.0,843887770.3100678,3201898.829999978,67177.93999999647,3932342.8899999573,129736.88000000876,271202643.0899798
481.0,51.0,58.0,510.0,496546031.6400751,4087909.6399995107,34843.95000000317,791195.3499998363,42983.129999995144,159576013.05998212
522.0,55.0,386.0,137.0,359787088.80000424,2282245.120000026,51258.249999999,627499.679999932,53293.839999997566,116129422.05998297
438.0,495.0,52.0,115.0,1195807895.3900168,2540392.3600000027,70336.50999999649,6402727.090001139,199995.93999998557,384611182.65999365
775.0,71.0,80.0,174.0,493632831.01001364,2657816.60000001,30531.120000001327,978332.0299998331,59158.76999999808,159261795.6399747
389.0,377.0,247.0,87.0,886096079.2200302,2275099.0999999703,68461.72999999904,4433848.199999763,149964.6999999955,285133502.33997416
369.0,358.0,38.0,335.0,911964123.4100595,3372798.0399999446,56709.76999999829,4125161.3799998704,133467.8000000046,293136534.63998896
479.0,464.0,49.0,108.0,1085884484.7500277,2526744.100000084,63467.40000000053,5558503.190001044,177585.44999999486,349365896.59999514
259.0,452.0,92.0,297.0,1081621189.2000663,3397256.3700000197,71896.89999999573,5532162.660000469,170933.8299999942,347563357.9199871
333.0,412.0,84.0,271.0,1036494340.6600718,3175531.6000000103,67146.91999999712,5185236.550000267,162013.40999999965,333157375.8499839
287.0,380.0,103.0,330.0,964238461.2700769,3374493.490000009,64985.04999999718,4644090.250000242,145470.7300000065,309841894.1999944
194.0,338.0,345.0,223.0,813211440.1100423,2718196.7000000016,75875.99999999253,4014328.599999867,134574.77000001282,261399402.9200023
210.0,367.0,75.0,448.0,958127448.340078,3764996.5399999064,66681.49999999575,4569946.120000222,141915.54000000804,307677788.74998224
176.0,234.0,314.0,376.0,649198518.9000598,3241095.709999907,66899.08999999509,2648062.569999938,94000.4900000026,208499193.57999545
219.0,272.0,277.0,332.0,751447470.5900545,3112655.9800000214,67635.39999999557,3383024.999999873,114302.75000000703,241435639.09999073
297.0,279.0,75.0,449.0,811845272.1600906,3754350.419999722,55833.63999999741,3368124.510000237,109607.53000000813,260748742.23997575
274.0,257.0,346.0,223.0,703981562.1000257,2652577.0799999754,71389.14999999605,3207949.969999898,115203.46000000865,226370744.42999345
233.0,219.0,295.0,353.0,713502694.0200621,3173255.919999938,67058.90999999706,3070742.639999939,107440.75000001084,229252890.71999347
354.0,164.0,380.0,202.0,542782581.000034,2532763.7300000167,62256.089999996206,2013799.4300001997,84432.1300000019,174663761.50998834
292.0,178.0,412.0,218.0,576242887.4800286,2540748.8300000066,67523.99999999639,2346249.5400000988,92862.62000000691,185345408.38000035
393.0,61.0,422.0,224.0,429211245.1000338,2646606.9299998684,58028.55999999691,1158757.6399999908,62168.94999999525,138157871.4999868
437.0,202.0,213.0,248.0,662177191.2200328,2719292.6200000723,55223.06000000009,2573199.8500000937,97844.3300000029,213073525.48998106
402.0,186.0,430.0,82.0,554536296.8800159,2043741.879999968,65913.18999999845,2265413.630000218,95771.25000001167,178632684.52999923
595.0,92.0,291.0,122.0,481758535.0100139,2421559.019999994,48409.489999997946,1322976.890000027,70593.48999999696,155351484.7799822
436.0,266.0,280.0,118.0,713741833.590023,2374099.5500000427,62422.28999999897,3130921.0599998916,116266.38000000585,229777746.95997936
381.0,78.0,538.0,103.0,378300638.5300056,2052526.6400000076,64783.62999999817,1094167.279999938,65716.17999999611,121970158.72998062
424.0,86.0,273.0,317.0,497285756.0100407,3011624.829999896,50802.31999999784,1347632.5199999814,64414.79999999441,159996068.2999899
520.0,106.0,334.0,140.0,486519024.93002456,2303339.369999993,52765.95999999763,1499945.3200002087,74379.4500000007,156811153.42998815
308.0,229.0,319.0,244.0,648788742.4100392,2840393.8599998956,62229.22999999712,2629232.7399999853,98545.50000000947,208649135.72999305
282.0,236.0,329.0,253.0,682378624.9900311,2730151.1699999855,68420.33999999607,3005169.719999969,107672.3700000095,219377138.14999136
321.0,191.0,333.0,255.0,615924886.720039,2803655.1999999364,60626.6199999977,2396083.5400001896,91846.54000000638,198087928.07998455
335.0,248.0,252.0,265.0,697254842.0600313,2833578.849999971,62104.97999999816,2940549.0899999337,106428.66000000935,224212499.0399949
324.0,241.0,335.0,200.0,678322681.9200369,2536902.690000048,67508.1199999975,2988394.8099998953,110649.33000001071,218216390.46998805
371.0,220.0,280.0,229.0,675001122.3100299,2681253.100000004,63089.09999999766,2867732.369999977,105861.58000000927,217135451.22998545
324.0,272.0,277.0,227.0,775260285.1300279,2739472.379999885,66501.98999999843,3567083.959999951,122494.45000000548,249286583.50998908
311.0,209.0,363.0,217.0,614418906.2500482,2667840.0599999935,65635.34999999673,2515125.5300000785,97832.57000001066,197635910.97999218
322.0,216.0,274.0,288.0,656329569.6200458,3022053.4599998747,58458.60999999681,2575504.480000098,95382.72000000924,211026915.88999033
341.0,229.0,291.0,239.0,640215752.9200484,2882260.049999997,62964.77999999729,2558720.9600000167,97315.16000000769,205908472.03999367
546.0,356.0,188.0,10.0,849428754.780022,2029240.5999998834,59804.3100000004,4048603.4899995686,143045.20999999729,273588464.89996725
500.0,386.0,204.0,10.0,936502020.3300095,1973257.3599998546,66189.21000000119,4758471.5399997,160212.68999999273,301507105.8199713
437.0,504.0,151.0,8.0,1106129256.4799976,2055952.9499997555,73236.16999999496,5977934.83000062,193485.67999998698,355963229.2199656
471.0,307.0,314.0,8.0,782166786.1400137,1902304.4099998802,67355.75999999982,3812015.529999534,137044.36000000546,251888857.69998264
346.0,225.0,119.0,410.0,737569681.5800728,3490763.979999825,53984.469999997134,2887506.1300000036,98634.63000000217,236982460.4799778
274.0,317.0,183.0,326.0,902244005.2700709,3148738.19000004,67626.55999999797,4336683.489999999,139033.17000000319,289939486.9499809
277.0,214.0,219.0,390.0,717116741.7700459,3359971.1199999223,61596.42999999655,2936653.7600000105,101375.47000000328,230367368.51998588
263.0,360.0,107.0,370.0,893338099.5500731,3490678.189999887,61941.72999999642,4104766.0100000813,130736.65000000935,286987263.85998994
346.0,473.0,274.0,7.0,966148963.7600052,1887572.3899998022,76261.66999999523,5211776.2800003225,172004.44999998866,310911828.42999274
241.0,329.0,191.0,339.0,868566027.9200553,3251381.1199999275,67262.52999999582,4089834.1299999654,131508.67000000985,279061223.22998774
96.0,435.0,337.0,232.0,958890954.5800611,2746693.0499999905,86712.40999998875,5210186.660000264,164724.31000000404,308083734.1099943
48.0,456.0,353.0,243.0,1011405693.9400548,2730110.2699999646,88939.46999998963,5587735.660000264,173161.03999999864,324908545.5399922
130.0,197.0,458.0,315.0,565735692.9400663,3088588.419999786,72892.56999999461,2272828.710000039,87314.16000000565,181714255.75999248
87.0,398.0,403.0,212.0,892278840.6500466,2527774.6099999333,86028.86999999075,4797802.640000146,154235.38000000105,286711327.9599949
103.0,468.0,362.0,167.0,1026493261.4000376,2436759.7199999653,89742.15999998788,5744408.130000411,180354.55999998396,329891210.6499835
126.0,191.0,579.0,204.0,495620524.1400205,2379013.7800000166,80182.16999999587,2119501.570000019,86920.37000000593,159298692.43000105
46.0,445.0,450.0,159.0,962964378.5100367,2364575.90999989,95402.38999999026,5496236.640000208,176524.54999999775,309440175.00999075
73.0,234.0,542.0,251.0,635348934.3000611,2624475.239999853,81475.32999999257,3002805.2200000733,107371.51000001622,204093801.70000064
58.0,185.0,562.0,295.0,558944416.5000416,2619133.4099999093,82808.70999999333,2542081.360000105,96568.93000001156,179543848.99000642
63.0,203.0,616.0,218.0,539837188.9900289,2385803.989999942,81119.09999999362,2447081.040000063,94870.45000000989,173465076.21999878
139.0,24.0,170.0,767.0,423856641.45008725,4862162.679999723,44912.07999999699,370731.6200000528,22824.580000001697,135608296.0299846
430.0,17.0,118.0,535.0,415770195.880044,3730574.2299996316,34281.16000000279,335279.4699999939,32035.169999998987,133631692.82998174
107.0,274.0,130.0,589.0,821455126.0201299,4186960.699999607,60182.259999995884,3458942.60000009,106493.10000000653,263551493.42998287
141.0,25.0,154.0,780.0,436804168.6800795,4855991.139999628,44033.54999999752,453477.780000053,25177.029999999417,139788727.92998588
421.0,74.0,514.0,91.0,356867888.5100063,2049045.5700000226,58452.73999999775,825619.7099999087,58755.75999999633,115169634.77998544
226.0,579.0,246.0,49.0,1197988303.3000152,2038380.1899997653,89931.30999998952,6973620.900000768,215531.0399999852,385219091.13997906
824.0,33.0,203.0,40.0,405226133.29000586,2134507.389999991,33352.28999999993,560432.9899998881,54534.74999999799,131104781.56997363
578.0,335.0,159.0,28.0,884383880.8600081,2082660.5599998576,59112.25000000121,4244210.129999541,146674.3399999991,284809093.64997673
358.0,208.0,88.0,446.0,721538541.5300938,3911696.979999652,50883.199999995595,2624562.380000129,89403.29000000571,231741688.7199762
587.0,340.0,144.0,29.0,847096674.1700007,2157839.519999939,57965.21999999982,3948009.989999395,140192.74000000025,272836641.81996804
327.0,265.0,344.0,164.0,724037224.7400373,2554897.4099999485,70222.97999999585,3342370.80999981,120604.07000001252,232913774.79999408
106.0,341.0,442.0,211.0,771539645.5800372,2611842.380000051,84025.21999999088,3936630.8899997547,133360.73000001843,247927846.61000985
281.0,383.0,295.0,141.0,909658274.2000275,2277657.1299999137,78607.94999999646,4771093.279999895,158198.40999999517,292566947.28998667
330.0,268.0,337.0,165.0,722888587.9800376,2423717.6999999755,69881.19999999841,3356481.8599998318,120459.52000001277,232540179.38999087
299.0,242.0,314.0,245.0,690468482.910064,2917401.229999902,64605.25999999733,2924523.610000058,105249.24000000667,222003286.9099839
262.0,356.0,267.0,215.0,867401467.3600693,2806697.699999971,72356.77999999504,4271376.20000005,142420.62000000972,278910426.4699863
95.0,307.0,387.0,311.0,742914223.0200526,2941858.289999921,79801.89999999349,3600151.6799999266,120317.130000015,238594812.7300076
79.0,430.0,332.0,259.0,955543708.030055,2821690.779999991,85516.7899999902,5117143.680000347,161300.97000000163,306976660.57000273
88.0,478.0,358.0,176.0,1041326883.6900365,2497268.0800000657,90266.75999998511,5873144.930000371,183892.67999999077,334644316.3799774
80.0,434.0,325.0,261.0,972657180.3600678,2861330.9199999585,85249.57999999408,5214966.620000086,163597.81999999913,312495380.87998825
453.0,139.0,218.0,290.0,570516258.3300624,3205176.1499998085,52331.929999996835,1836614.8000001137,77554.56000000436,183553400.03998294
268.0,179.0,280.0,373.0,636194408.9600569,3311416.7699999404,60443.66999999626,2410133.6800000584,89599.16000000635,204413671.02999032
389.0,275.0,187.0,249.0,766585825.1500535,2980483.999999967,59925.19999999801,3294044.4200000456,114811.52000000513,246524920.51997823
457.0,141.0,210.0,292.0,591264702.8100569,3010398.1099998765,50488.21999999646,1975750.550000168,80953.2400000009,190235546.97998473
414.0,127.0,199.0,360.0,564054247.2300475,3268250.1999998773,48796.20999999836,1703295.7100000845,71963.21999999706,181389262.10998046
363.0,255.0,167.0,315.0,814394784.3900496,3140757.540000093,60975.97999999807,3615618.7999998475,121045.70000000723,261776759.90997747
241.0,161.0,241.0,457.0,610182167.2400929,3814494.299999649,58000.21999999462,2072389.08999999,76710.46000000031,195895755.79998884
201.0,308.0,210.0,381.0,808424043.260069,3361569.599999857,67485.34999999427,3656172.9900000743,119608.28000001053,259663010.57998598
223.0,343.0,223.0,311.0,862173646.1200445,2967732.219999997,70810.51999999622,4181209.3799999417,134277.1500000071,277035797.3299934
202.0,311.0,203.0,384.0,851956490.2900836,3419677.709999942,65514.51999999723,3910172.8099999684,125703.19000000776,273656823.2299784
201.0,391.0,470.0,38.0,919800682.7800071,1821256.7499998633,88820.17999999288,5161668.310000021,169741.61999999447,295835370.899987
372.0,317.0,380.0,31.0,753869870.6400026,1923874.7799999,72118.48999999871,3701217.199999668,133709.64000000712,242712966.72998017
285.0,95.0,666.0,54.0,367402922.87000257,1700115.9699999671,74500.28999999729,1296397.2300000852,73087.0900000008,118469102.64998515
203.0,395.0,464.0,38.0,801626334.1600177,1833917.3999999056,84268.30999999323,4319699.289999745,148178.75000000364,257906828.27000055
184.0,357.0,429.0,130.0,833221223.2300271,2201426.889999953,82523.31999999275,4397691.719999815,147734.24000000252,267922914.14000112
254.0,85.0,581.0,180.0,379170285.61001253,2278473.5499999803,68853.42999999721,1133011.2999999314,64118.11999999488,122069369.55998367
348.0,296.0,348.0,108.0,767721746.9600217,2314564.219999994,71660.08999999631,3721003.1299996665,131552.39000001198,247026241.68998754
444.0,65.0,454.0,137.0,390314588.91002536,2238044.2600000063,60656.98999999643,1024733.9699998599,63156.98999999482,125834656.22998385
493.0,72.0,494.0,41.0,364290401.7400075,1794214.210000021,59861.41999999852,927811.3899998941,64475.43999999601,117668067.88998379
448.0,66.0,448.0,138.0,390329705.1200142,2288224.489999998,56992.129999997516,939121.3199998689,59709.82999999504,125832078.54998343
210.0,308.0,428.0,154.0,769414808.6000264,2288344.4299999434,79929.07999999537,3916461.6599997194,135378.56000000588,247409088.20999599
445.0,227.0,315.0,113.0,634413884.9100249,2271036.1000000453,59987.84999999866,2611601.8900000136,103997.39000000904,204321505.03998363
234.0,220.0,475.0,171.0,619985832.7700199,2380215.679999975,73867.089999996,2783672.250000003,105417.44000000924,199418640.8100021
260.0,379.0,272.0,189.0,920674331.6500391,2623450.9199999464,74760.82999999428,4719115.2899999535,152932.47000000125,295988509.599984
141.0,206.0,287.0,466.0,647187215.7800808,3559879.609999892,65695.0499999949,2556705.920000025,89376.16000000243,207741963.87999198
175.0,165.0,183.0,577.0,637066886.0701071,4399639.829999762,55581.639999994695,2094161.999999885,72120.22999999452,204293575.41998827
364.0,185.0,133.0,418.0,616127379.5700622,3529998.5999998064,47564.74999999759,1967302.330000152,75022.10999999588,197993969.73997754
345.0,114.0,244.0,397.0,519213862.8500466,3361197.21999982,50512.009999997405,1427097.1899999992,63199.5599999933,166881374.8999847
565.0,185.0,206.0,144.0,653900318.4500239,2464074.399999997,52122.9099999989,2506853.6600001263,99203.4200000058,210616741.7799757
387.0,127.0,141.0,445.0,560528228.630084,3830494.75999963,45918.10999999736,1504470.4000000048,63008.08999999187,180109489.6199795
350.0,407.0,26.0,317.0,1012608046.0600802,3427419.2900001,61168.519999998985,4846005.330000178,151550.7699999989,325462159.049984
163.0,509.0,33.0,395.0,1260774256.3001359,4140392.8800000297,80243.78999998767,6749119.730001509,203095.0499999982,404898254.2099873
372.0,364.0,28.0,336.0,989966209.6700678,3420758.159999961,59359.21999999685,4641201.970000172,146772.95000000563,318210642.13999414
269.0,313.0,274.0,244.0,814343768.5500714,2914955.2999999123,71965.5999999943,3905347.899999953,132681.43000000916,261788467.749983
398.0,463.0,30.0,209.0,1129080994.9900615,2965541.8200000487,66674.05999999867,5823914.890000873,179550.9199999969,363012575.3099992
312.0,306.0,318.0,164.0,798719490.2400364,2454018.5199999968,71552.71999999585,3873330.739999885,132660.0800000139,256884623.1099954
133.0,416.0,363.0,188.0,929105250.920044,2609667.749999993,85234.2099999936,4983320.0400001975,159571.80000000176,298602118.35999775
210.0,552.0,42.0,296.0,1266351962.4500678,3282660.8300002306,78229.93999999118,6919736.940001229,206700.17999999676,406905764.16999865
125.0,329.0,342.0,304.0,809332448.7000605,2888088.0200000172,76592.03999999308,3968627.2799998466,130762.10000001351,260020521.6400002
141.0,372.0,387.0,200.0,852805467.8600299,2571235.299999951,83803.44999999128,4473825.24999989,147609.02000000427,274073506.57999766
298.0,86.0,460.0,256.0,418890679.7500169,2572019.7099999795,60551.01999999683,1154845.999999927,61684.539999994755,134801910.40998423
29.0,115.0,614.0,342.0,427401711.95003414,2743603.4199998933,79448.21999999144,1586022.739999933,69824.80999999799,137200495.17999163
252.0,244.0,388.0,216.0,636729526.0500395,2685129.3899999633,70420.93999999657,2746448.350000153,102428.08000000707,204742457.55999157
496.0,143.0,36.0,425.0,643956648.5600729,3771077.5299997325,40572.28999999973,1940952.130000167,73967.55999999773,206993243.69997466
352.0,101.0,542.0,105.0,387516333.0900118,1994239.599999978,68026.88999999818,1232545.1000000313,69152.28999999851,124895296.29998249
469.0,456.0,34.0,141.0,1086242751.4300458,2635936.900000046,62687.780000000515,5512162.710000784,175721.67000000126,349448985.04000044
109.0,433.0,109.0,449.0,1073662086.0801314,3873331.6799999843,74088.51999999136,5424341.8800007,161490.6100000064,344713684.4699954
28.0,370.0,588.0,114.0,821296230.7100393,1996228.789999865,96966.30999999198,4673041.809999764,156324.29000000193,263981494.94001126
40.0,541.0,41.0,478.0,1245812407.3701327,3926275.570000012,79390.21999998744,6656414.710001182,190707.1199999987,399907950.1700074
56.0,754.0,57.0,233.0,1541194302.1200678,3028362.710000256,96175.24999998066,9146679.810001398,264762.4899999898,495115333.92996675
14.0,370.0,175.0,541.0,958420387.370124,3954793.0299997968,74410.37999999154,4685004.930000425,139698.2400000088,307530039.73999596
242.0,293.0,138.0,427.0,801244905.8500953,3578334.6499998844,60319.1699999964,3424194.6600000844,112499.70000000753,257396287.04997978
21.0,7.0,262.0,810.0,376934768.82005835,4878867.219999618,51821.76999999291,218055.4400000382,17922.09000000527,120384470.63998723
12.0,331.0,274.0,483.0,867254179.7201264,3878305.889999731,76934.279999987,4175861.220000446,128344.80000001816,278270460.7100028
16.0,437.0,206.0,441.0,1022530926.040102,3822183.7399998596,79555.1399999856,5241486.190000683,156091.84000000704,328191115.7699928
22.0,8.0,482.0,588.0,312481635.1800233,3839197.1799995764,63568.35999999249,279380.9400000318,27801.270000002627,99954272.96998729
248.0,301.0,248.0,303.0,764982111.8100754,3258092.4499999024,67619.14999999347,3409423.309999927,116027.61000001122,245835343.89999005
392.0,6.0,224.0,478.0,358041817.3100333,3567889.209999676,42519.94999999816,191342.2299999952,29325.759999999897,115025780.30998445
291.0,5.0,291.0,513.0,341184839.1900168,3632578.2099996726,47825.289999996334,158983.2499999885,28353.78000000103,109539072.98998189
340.0,5.0,340.0,415.0,332427993.27001476,3331391.7499997197,49301.11999999627,199909.01999999388,32014.960000001287,106837609.40998465
16.0,48.0,729.0,307.0,273814701.390002,2582483.3799998844,79332.8299999953,619220.6999999849,46491.879999997596,87864487.24998723
505.0,26.0,400.0,169.0,332367473.6500093,2432494.260000036,50990.34999999824,417198.3799999544,46026.43999999876,107227005.84998608
13.0,256.0,585.0,246.0,627635717.1700569,2637199.899999951,86398.30999999405,3050793.4000000665,109136.52000002247,201561384.84001336
16.0,50.0,717.0,317.0,277815802.05000204,2644052.099999888,79282.22999999348,633788.7599999931,46698.2699999975,89150254.44998726
12.0,36.0,535.0,517.0,328572475.4300262,3597454.499999648,68363.8299999923,508015.5600000649,35926.76000000091,105185863.3699868
10.0,202.0,441.0,447.0,612109705.3900568,3179879.319999892,77707.51999999091,2658864.0500000464,93334.11000001192,196408804.04000652
428.0,22.0,323.0,327.0,338819171.580013,2927346.699999862,48948.06999999719,316544.35999997973,38679.25999999958,109079445.19998494
379.0,131.0,300.0,290.0,520331587.23003715,2908326.40999998,53942.099999997125,1618931.2200001248,71867.46999999498,167389397.1199868
452.0,156.0,341.0,151.0,509187574.8100172,2311711.519999945,57897.43999999787,1735428.070000276,79504.86000000211,164014566.09998602
384.0,133.0,290.0,293.0,530355402.75004286,2952320.629999872,54791.3899999972,1680266.3200000788,73972.94,170619365.4499934
266.0,283.0,130.0,421.0,766447290.6700951,3953333.829999681,58630.83999999624,3079546.390000012,103281.67000000722,246162283.60997134
240.0,292.0,134.0,434.0,885315243.8000731,3721446.689999835,64089.29999999592,4011042.990000086,127725.76000001395,284347651.4799823
235.0,378.0,115.0,372.0,956659995.7001003,3611034.5000000256,67074.47999999457,4590130.730000215,144769.23000000653,307343568.3999843
270.0,288.0,114.0,428.0,860536684.8600913,3757541.959999768,60519.68999999731,3763698.080000098,120532.02000001109,276413446.8799811
367.0,391.0,180.0,162.0,932379714.750048,2659310.8399999375,68469.64999999884,4643759.850000017,151896.33000000616,299843517.4499939
317.0,509.0,134.0,140.0,1144370649.8800178,2563748.9400000004,76692.55999999709,6223378.760000821,195798.9099999854,367982095.25996333
344.0,418.0,165.0,173.0,988194893.8000532,2651304.5900000725,69191.26999999871,5020911.520000328,162799.16999999926,317802301.68998104
282.0,518.0,158.0,142.0,1129737045.7500486,2672428.890000037,77776.8699999938,6125376.810000686,191245.68999998824,363236467.05998176
215.0,394.0,103.0,388.0,996493039.5300895,3445368.910000041,68474.77999999344,4901428.100000306,151176.72000000023,320096745.29998004
288.0,528.0,139.0,145.0,1132226193.0600245,2618301.3699999666,76266.42999999382,6113021.070000828,191088.1599999943,364060832.2999989
515.0,202.0,338.0,45.0,581915222.4500177,1999789.4899999276,57474.739999999474,2254529.3200003253,97368.1700000067,187619002.20998794
207.0,308.0,516.0,69.0,750926691.3499987,1840166.7699998668,86405.30999999623,4009534.1199996606,141461.93000000747,241581140.1399967
440.0,332.0,289.0,39.0,833446901.1400095,1981405.469999881,71188.31999999822,4205066.389999548,146296.62000000066,268276822.78998247
401.0,157.0,507.0,35.0,469961042.4299978,1838500.8699999393,68013.6599999988,1787234.6100003393,85857.06000000982,151515985.43999177
412.0,161.0,270.0,257.0,567225357.4300351,2909403.529999904,53583.8699999977,1891140.480000168,79387.62999999737,182504234.25998902
302.0,228.0,382.0,188.0,618633596.7200286,2556051.7699999106,67289.38999999725,2588166.150000011,99997.9600000095,199005617.6199875
114.0,169.0,547.0,270.0,503642668.7000414,2631252.88999995,75888.60999999456,2029236.3000000594,83460.9200000093,161848205.73999995
126.0,362.0,314.0,298.0,886225191.5200601,2963310.2500000396,79413.78999999062,4532436.750000204,145283.17000000132,284697055.6799835
122.0,351.0,586.0,41.0,780544575.3700209,1775457.3999998942,92298.92999999333,4356254.819999966,150163.69000000006,251040804.41002637
100.0,286.0,478.0,236.0,747280494.3800347,2482307.1399999354,82886.36999999451,3814790.0999998795,128714.89000001634,240108707.45999947
179.0,538.0,2.0,381.0,1205862241.33008,3596350.0599999675,71599.94999999496,6303098.690000911,186452.30000000342,387320907.76999444
373.0,424.0,2.0,301.0,1031778836.0400647,3336162.0600000825,59487.83999999923,4963893.4700002745,155013.3399999993,331650980.44998944
320.0,95.0,4.0,681.0,580411088.010115,4636003.409999675,37724.27000000114,1289370.839999831,49903.22999999035,186215686.5299771
139.0,419.0,245.0,297.0,957991255.3600718,2976437.6000000606,79473.75999999185,5008354.560000346,158261.96000000273,307787618.9999969
143.0,430.0,2.0,525.0,1057478114.8801166,4091813.3999998407,64717.769999995326,5112368.530000703,149937.14000000575,339474677.9800069
164.0,49.0,287.0,600.0,416161282.30006665,4018790.3799994863,53547.74999999424,699950.3199998868,37912.519999995944,133377782.51998502
262.0,298.0,175.0,365.0,815968726.9900814,3424774.369999824,63274.729999995994,3619169.7800000636,118804.26000001388,262159512.81998232
439.0,49.0,2.0,610.0,505193943.5800653,4400027.989999621,31717.670000004306,704256.8299998613,37725.329999995454,162223638.99997938
425.0,48.0,283.0,344.0,415256377.2600265,3078157.579999841,47440.41999999806,752139.6399999078,48580.34999999678,133624871.35998337
347.0,39.0,231.0,483.0,410768678.52004886,3547818.7799997097,46182.519999996526,597409.4699999336,39865.45999999676,131949589.98998465
228.0,248.0,220.0,404.0,739364081.4500816,3604928.809999874,62698.68999999602,3062745.8000001144,102487.99000000813,237431379.70997408
306.0,225.0,201.0,368.0,729833654.1000905,3505978.579999745,58384.54999999663,2941492.8900001603,102264.88000001214,234518755.16998446
225.0,261.0,217.0,397.0,744957923.5800934,3507509.219999778,63079.679999998945,3128786.17999995,105535.52000000482,239294216.09998882
183.0,199.0,394.0,324.0,606757050.2400559,2999108.799999867,70163.6999999938,2483938.4400000856,92418.40000000746,194937631.33999947
278.0,302.0,269.0,251.0,808884008.8000664,2927418.9199999394,70990.71999999414,3847348.7899997504,129640.21000001299,260000798.8799888
211.0,245.0,454.0,190.0,643540701.6900526,2485456.0199999907,74394.41999999419,2930167.4500000537,108605.70000001582,206937141.08000353
289.0,213.0,422.0,176.0,634322168.680029,2476744.1899999543,68460.23999999785,2759117.4699999928,103700.82000000784,204041009.84998918
360.0,284.0,236.0,220.0,816745363.5400285,2729768.2300001723,64217.440000000366,3796915.7899997057,130134.86000000587,262684311.6199721
247.0,195.0,361.0,297.0,608863128.0400563,2956381.069999958,66844.68999999507,2437082.0900000837,91473.79000000843,195682431.84999514
285.0,224.0,417.0,174.0,627551920.8000275,2599251.309999972,69758.9099999973,2708236.429999948,102230.61000000537,201829567.08999544
340.0,352.0,335.0,73.0,825056164.6400076,2036472.5399998308,74606.96999999478,4225812.1799996095,144910.34000000847,265489730.45999667
41.0,491.0,466.0,102.0,1020184509.540034,2198247.0499998596,97289.07999999002,5928645.870000345,186221.82999998255,327863392.24998903
336.0,360.0,331.0,73.0,852753359.9300096,2095271.6999998663,74913.01999999568,4390777.569999825,149854.01999999693,274396616.20998776
417.0,433.0,160.0,90.0,991391795.0400226,2395312.610000002,66374.55000000143,5043509.02000034,166770.68999999232,319008865.419979
277.0,287.0,272.0,264.0,789797475.3100518,2928493.7099999804,69524.70999999673,3694384.9599999194,125011.56000000966,253884389.15998727
323.0,345.0,124.0,308.0,917712662.6400604,3165131.1799999275,62898.14999999706,4346167.120000046,141190.91000000565,295020573.4899961
39.0,463.0,171.0,427.0,1116540670.3901112,3612840.3600000204,83377.19999998674,5967832.480000861,177714.21999999828,358484438.4000102
31.0,380.0,350.0,339.0,806627336.6100811,3201804.759999996,81894.7399999922,4001365.349999935,129281.0000000155,258970594.04000115
54.0,670.0,241.0,135.0,1337684194.8100643,2644938.920000024,97291.41999998345,7922991.590001123,236229.2699999762,429835105.8499624
38.0,472.0,169.0,421.0,1110542535.5300941,3522564.5699998573,82335.6799999882,5924741.760000759,176617.89999999927,356563172.049995
374.0,102.0,75.0,549.0,553952091.910076,4012463.589999479,40559.09999999924,1323007.399999897,54754.97999999208,177861827.2399838
229.0,122.0,90.0,659.0,609407883.3300862,4306415.479999577,48439.69999999584,1787698.539999938,63698.039999989145,195463853.5999869
292.0,321.0,58.0,429.0,887469203.8800812,3742596.919999857,58141.13999999646,3902365.8699999843,123562.8000000093,285066916.32998306
300.0,82.0,277.0,441.0,461949089.41005206,3412881.129999724,52179.36999999624,1085830.199999838,53779.569999995205,148415467.25998867
456.0,124.0,91.0,429.0,611317127.8000748,3608485.749999815,43480.84999999988,1819168.650000086,71655.8099999946,196501944.66997907
278.0,305.0,256.0,261.0,815463537.9100497,2834755.339999949,68097.54999999625,3851430.999999865,129871.12000001213,262191529.58998814
212.0,113.0,384.0,391.0,490420030.90004265,3287716.5299998396,62602.88999999655,1503228.0399999886,65981.26999998995,157508309.3699925
204.0,440.0,80.0,376.0,1080182512.8900788,3527980.259999963,71037.96999999482,5487798.790000748,167512.35999999987,346994638.2700069
140.0,302.0,254.0,404.0,837407778.2101058,3636057.7499998924,72182.84999999398,3914661.940000028,126460.73000000924,268885070.1099873
161.0,348.0,293.0,298.0,877104047.7100642,3063211.669999863,76550.66999999458,4367390.580000169,140869.71000001236,281794508.2699932
83.0,393.0,366.0,258.0,910459027.2200563,2825748.8700000388,84954.86999999323,4815703.240000098,154439.96000000028,292487984.3999869
354.0,289.0,268.0,189.0,748656423.7700291,2634705.2500000196,66653.28999999775,3442516.3099997197,121896.30000000751,240798294.1199894
110.0,158.0,488.0,344.0,522608080.7300412,2887779.639999904,73398.66999999448,2034719.9800000754,81267.31000000214,167836788.9499986
115.0,549.0,76.0,360.0,1259524224.8701026,3651471.6900000894,80897.77999998738,6830405.740001418,200311.94999999457,404512130.2500114
101.0,480.0,446.0,73.0,959075011.7000186,1983965.3899998718,93013.63999999446,5490423.1400000015,176449.99999998385,308329654.24998546
288.0,415.0,189.0,208.0,988162578.4000543,2815648.710000101,71344.90999999632,5041557.440000219,161253.45000000103,317680763.2199848
536.0,437.0,60.0,67.0,1077191403.360028,2303699.949999926,62455.47000000145,5539906.210000523,177248.02999999464,346649943.0300023
517.0,127.0,392.0,64.0,495718692.78001285,2060618.2399999474,58338.079999998125,1706299.1700004127,82162.7500000023,159840121.76998302
581.0,143.0,65.0,311.0,620160081.2200528,3234867.7799998634,38252.369999999966,1867797.15000021,77724.93000000052,199639795.64997292
742.0,183.0,83.0,92.0,663499637.820024,2433274.2299999846,39041.2099999995,2314295.820000297,96163.30000000026,213919216.78997293
253.0,450.0,236.0,161.0,1020735719.5600386,2478591.3999999766,78199.02999999348,5454694.100000599,173579.10999999678,328209103.9199883
400.0,372.0,195.0,133.0,957856187.290029,2482618.8799999896,69079.3199999968,4866289.300000359,160870.67999999184,308136962.059981
415.0,34.0,387.0,264.0,340006907.9200149,2670351.6699999627,51668.77999999715,454947.9599999808,43834.00999999732,109516580.06998679
152.0,270.0,581.0,97.0,673109855.4400153,1989478.1599999152,84929.80999999303,3455520.2199997134,125444.26000001453,216501183.9100066
214.0,381.0,200.0,305.0,939483746.7300737,3304566.2199999816,71458.5699999939,4619818.570000178,146199.33000000738,301849051.51998925
174.0,14.0,665.0,247.0,232213703.06999987,2445284.5099999555,70278.08999999566,196510.9900000011,37540.30000000229,74682049.57998998
235.0,219.0,471.0,175.0,618140266.2300254,2341487.5599999945,73708.95999999715,2790694.2299999995,106217.13000000958,198823699.12999594
483.0,21.0,236.0,360.0,393884455.3600376,3392021.8099997942,43387.209999998464,462567.4199999826,39482.299999996736,126705291.51998179
326.0,14.0,652.0,108.0,236397795.22999543,1976149.1500000039,67964.40999999674,253545.79999997304,44326.96000000043,76326029.24998896
290.0,13.0,581.0,216.0,262486811.00999779,2494861.630000002,63775.109999995344,235445.45999999568,40029.039999999775,84538430.23999228
268.0,329.0,263.0,240.0,850217454.3000562,2973144.7199999993,70066.91999999747,4084767.4599998565,135434.73000000595,273259056.3899818
319.0,309.0,247.0,225.0,800209663.2400397,2626749.7199999657,67492.83999999764,3775044.089999802,128142.66000001016,257317901.0399864
305.0,223.0,299.0,273.0,682946501.1700599,3101382.529999942,64828.469999996676,2853241.890000015,102191.3700000069,219484389.59999
313.0,383.0,124.0,280.0,933248900.8700557,2999108.88999994,64807.169999997954,4506604.120000089,145030.62000000325,300016932.5499944
254.0,312.0,249.0,285.0,834828908.2300411,2887138.3799999957,70299.3599999961,3994766.779999788,134322.94000000815,268386194.09997642
338.0,248.0,135.0,379.0,744582121.4900775,3485981.589999821,54394.50999999651,2958915.6700000805,102126.02000000759,239306151.23997453
347.0,336.0,109.0,308.0,880155514.4300615,3195715.3799998816,60607.779999996776,4020418.8899998353,131399.9600000062,282937284.3799869
339.0,197.0,263.0,301.0,645198635.2100627,3177521.97999984,60365.44999999628,2493887.78000005,92759.61000000747,207388470.9599864
423.0,245.0,133.0,299.0,744235859.3600732,3159474.0299999667,54358.61999999974,3010805.6800000328,106453.21999999994,239335620.309981
395.0,229.0,125.0,351.0,724489415.8800786,3523787.2399999523,53513.69999999723,2805122.5200000405,98926.61000000438,232847724.059973
556.0,65.0,257.0,222.0,428748793.71002954,2702554.7999999286,44297.99999999839,839728.2599998442,55680.56999999553,138229569.189981
447.0,79.0,308.0,266.0,425832112.0900254,2883323.1799999145,49383.359999997476,914458.2699998219,55418.739999994265,137100913.11998266
413.0,332.0,191.0,164.0,857642537.3700273,2542391.8599999975,63639.8899999984,4094842.149999723,137759.10000000295,275904165.84997964
531.0,63.0,295.0,211.0,425925229.0200243,2687105.5399999255,49400.30999999712,933136.5599998459,57211.51999999521,137230190.67998075
513.0,60.0,237.0,290.0,440695465.9700273,2948293.959999926,44770.32999999816,887251.5799998462,53625.05999999491,141904902.89998093
376.0,302.0,209.0,213.0,769550420.9900403,2889986.959999982,60751.699999998156,3381631.499999868,119538.70000000858,247529661.52998272
386.0,68.0,320.0,326.0,425969907.75004226,3191210.189999796,51833.91999999607,901005.0299998285,52262.09999999489,137001885.58998546
295.0,353.0,203.0,249.0,848473666.3800594,2993522.7000000286,65995.95999999798,3992900.5099999346,131582.1000000064,272716955.9099781
304.0,364.0,252.0,180.0,915580461.9500349,2646239.9499999825,69964.44999999557,4575829.85000004,150469.649999999,294435349.0999882
284.0,340.0,236.0,240.0,847481314.8200513,2787554.079999988,69457.07999999647,4084240.279999809,135998.38000000585,272461139.5399901
173.0,233.0,359.0,335.0,646164346.3200366,2967971.7199999387,69143.45999999653,2735989.479999948,98753.23000000515,207587615.66999406
60.0,262.0,402.0,376.0,743274976.1900697,3267515.3699999233,77470.57999999054,3495751.2800000766,116734.16000001371,238614766.85000074
197.0,115.0,407.0,381.0,469139850.32004964,3219009.22999976,66350.20999999408,1469898.4499999024,65272.14999999186,150653936.1899954
253.0,341.0,17.0,489.0,996813574.2001097,4034143.609999811,61446.15999999604,4629609.91000033,142182.08000001055,320147316.0699976
244.0,329.0,505.0,22.0,791535334.7700065,1766263.1399998637,83494.72999999436,4252140.639999663,147315.2300000018,254698150.78000504
631.0,371.0,42.0,56.0,955062072.9300218,2298768.5099999304,53450.56000000046,4535639.189999859,153057.32999999938,307533479.0899695
187.0,819.0,40.0,54.0,1619104060.0000267,2304500.849999822,96802.38999998312,9807664.880001396,290039.200000012,520474988.619936
111.0,211.0,746.0,32.0,477566037.10999495,1593476.059999916,89257.25999999717,2351309.780000062,99745.11000001295,153730033.17999274
117.0,223.0,25.0,735.0,758560279.9901637,4855291.969999934,51948.20999999508,2716674.0200001807,83258.54999999785,243147797.15998256
322.0,615.0,70.0,93.0,1381277817.460036,2447192.7699998766,83180.40999999434,7929155.420001482,240979.36999998923,444151907.96997863
192.0,138.0,330.0,440.0,523898852.6600619,3550378.179999661,60854.12999999372,1661831.869999964,66725.59999998963,168149980.60999003
10.0,166.0,396.0,528.0,554980448.6600692,3614751.219999687,69380.48999999305,2023582.309999881,73350.90999999554,177914522.18000147
202.0,87.0,347.0,464.0,452966281.3600387,3373942.7099998374,59466.909999997195,1169177.049999906,55699.03999999397,145436356.82999125
183.0,132.0,365.0,420.0,523312235.43004584,3231233.2499998407,63256.71999999685,1768892.1800000349,71804.57999999523,168059147.01999572
202.0,145.0,346.0,407.0,550289598.3200608,3377110.8699997095,62969.329999994196,1905411.3100000045,74970.36999999986,176736119.0299956
202.0,87.0,403.0,408.0,445987106.1400345,3285885.5999997444,61197.22999999507,1213680.6699999406,57572.96999999258,143213099.37999082
10.0,166.0,459.0,465.0,533252230.40007,3471356.4299997655,73402.10999999243,2003509.3799998944,75274.46999999789,170996569.21999794
12.0,112.0,448.0,528.0,498081320.5700642,3835609.5599996326,69514.01999999247,1608163.7099998828,62095.99999998817,159611073.2799963
10.0,100.0,460.0,530.0,439186870.5300448,3469665.119999767,72820.49999999194,1360336.499999877,59164.60999999086,140777190.31999052
11.0,106.0,488.0,495.0,442831982.09005857,3388125.2599996696,70780.39999999382,1366448.5899998937,57941.62999999029,141941649.90998977
483.0,430.0,38.0,149.0,1045180864.370032,2723067.2199999862,59838.14000000076,5180375.760000375,167757.5899999984,336277922.11998326
360.0,516.0,46.0,178.0,1196236839.0900612,2822487.680000037,70819.81999999734,6357060.460000729,194425.34999999337,384613430.61998165
509.0,394.0,40.0,157.0,992766557.9600245,2707513.5200000377,56935.08000000129,4779128.850000042,157401.35999999777,319452794.8999819
461.0,410.0,87.0,142.0,1023458153.6200265,2636596.0100000435,63522.380000000434,5120880.920000191,164877.48999999813,329250387.5899885
508.0,451.0,40.0,101.0,1100742284.6600044,2499725.320000011,63104.71000000054,5654292.7100005215,181047.0499999913,354174847.68997055
509.0,394.0,96.0,101.0,952403918.0000293,2665181.3899999727,60794.210000000865,4599453.489999766,153591.37999999826,306489093.06996787
360.0,516.0,109.0,115.0,1111962528.610038,2515521.550000056,72445.77999999635,5946302.9500009185,186442.4599999924,357616123.6899761
408.0,509.0,52.0,131.0,1190684419.7700033,2506861.849999965,70716.39999999723,6403961.700000898,198388.01999999775,382946523.2799898
361.0,451.0,109.0,179.0,1061519790.7300401,2826557.070000073,69382.72999999677,5467558.580000524,172955.259999999,341338862.39998
383.0,478.0,116.0,123.0,1123760554.1500282,2660010.5100000505,71918.28999999659,5959531.020000736,187068.24999999447,361397452.5399825
267.0,224.0,376.0,233.0,663910888.9500366,2730093.0799999386,69098.23999999574,2901929.1600000444,105558.66000001605,213438922.42000303
327.0,208.0,349.0,216.0,673877680.8900361,2659549.869999964,67996.3099999958,2931435.140000025,107427.45000000841,216727115.09999797
228.0,352.0,321.0,199.0,852224898.0100371,2588622.040000036,75605.18999999305,4282795.319999882,142769.59000000576,273982605.32998353
257.0,217.0,402.0,224.0,630475131.8800489,2669531.009999892,68329.39999999593,2696792.84000012,100970.55000000942,202752088.76998788
277.0,233.0,391.0,199.0,678580146.8400307,2619926.199999991,69300.09999999563,3003912.119999941,109669.88000000858,218251712.6699908
228.0,351.0,357.0,164.0,858298316.1800307,2557594.009999995,78803.26999999485,4390107.599999796,147401.40000000614,275970745.2399905
327.0,208.0,387.0,178.0,590997957.4600203,2370676.6599999717,67109.0199999971,2450238.6200001426,97251.75000000942,190193302.55999964
291.0,340.0,311.0,158.0,795959134.3200324,2385631.869999967,73963.58999999585,3930844.229999728,135058.17000000857,255994517.04999194
274.0,320.0,325.0,181.0,816863898.0900335,2561602.4599999543,73971.9499999955,4042241.5799997435,137893.44000000815,262678568.82998273
283.0,329.0,335.0,153.0,783121083.2600342,2434968.919999974,72313.2499999949,3805847.849999749,131358.4800000155,251889932.3399877
63.0,783.0,250.0,4.0,1521567886.790013,1904949.0699996974,107285.73999998161,9486162.150001345,281638.42999998544,489083618.92991984
185.0,691.0,221.0,3.0,1411383233.7100015,1944440.9799997488,97757.02999998725,8523753.080000872,256239.39999997782,453785128.4699489
110.0,544.0,439.0,7.0,1100036923.5400014,1796145.9299997888,99618.55999998805,6575238.680000443,206824.57999996233,353693610.89996934
59.0,735.0,302.0,4.0,1449090197.349997,1883529.5399997085,106594.73999998339,8992575.940001009,269269.0699999734,465801121.8199278
38.0,473.0,151.0,438.0,1123415836.6401038,3609653.800000032,82227.08999998738,5994751.060000742,177940.55000000112,360687735.59999627
49.0,240.0,249.0,562.0,759157072.8401123,4273176.63999974,68564.67999999397,3187352.9500003387,100903.00000001087,243454047.14999634
113.0,422.0,174.0,391.0,1035545595.3300879,3426623.1600000765,76303.57999999136,5321315.40000056,162043.350000005,332556132.23999137
154.0,228.0,184.0,534.0,715566533.0601,3969776.5099996976,60546.44999999608,2788115.74000013,91898.05000000134,229615133.52998713
273.0,404.0,418.0,5.0,870386955.3100009,1793838.5299998643,82253.4699999966,4726179.549999866,159426.83999999464,280080106.379991
147.0,218.0,226.0,509.0,670701518.7801038,3797691.7799996743,62725.95999999588,2581816.610000078,88227.10000000455,215209218.6400001
54.0,222.0,351.0,473.0,676490664.640076,3603868.32999978,71254.3599999926,2826389.760000186,95680.16000001281,217057795.33999953
280.0,174.0,275.0,371.0,611033928.8800476,3311164.3299998264,58550.27999999706,2204119.6000000755,83813.48000000212,196344941.2699878
49.0,299.0,320.0,432.0,803673403.090075,3423286.4999998445,75947.23999999018,3788905.4800002133,120986.04000001168,257952818.93999448
68.0,280.0,153.0,599.0,842423768.2801187,4243055.9699997185,65504.18999999418,3680042.340000234,112216.93000000915,270230594.4599885
73.0,300.0,475.0,252.0,729207045.5400578,2784418.889999978,82340.51999999346,3597479.6900000228,122175.86000001349,234243725.15999871
86.0,523.0,193.0,298.0,1166860239.0301046,3362318.679999991,85451.4199999849,6407506.30000127,193581.83999998987,374792369.259996
443.0,275.0,150.0,232.0,784231005.8300325,2851297.4999999464,56279.64999999786,3373236.2199998954,118487.17000000602,252320581.6499745
321.0,295.0,316.0,168.0,748534648.4600354,2507465.759999967,68827.95999999666,3479610.909999778,123510.06000001176,240784411.79998815
307.0,282.0,104.0,407.0,802831938.8000914,3724385.2499998305,57423.5099999955,3345669.3500000066,110742.65000000734,257920025.7899712
396.0,363.0,134.0,207.0,969094976.2900581,2960383.049999964,65353.47999999785,4733631.050000196,153246.420000003,311620795.3199929
297.0,465.0,108.0,230.0,1051886801.7000633,2974022.8900000304,69939.87999999686,5402092.820000665,169349.7999999934,338163530.65998524
136.0,558.0,129.0,277.0,1176864376.53005,3133140.189999864,81458.80999999213,6432809.320000558,192696.69999999437,378045490.44999623
454.0,129.0,165.0,352.0,582297749.8000566,3245812.499999903,48125.049999997056,1809640.8200001097,74566.77999999505,187272292.60998148
241.0,377.0,295.0,187.0,865546465.4200399,2628420.200000029,77276.07999999405,4394364.279999928,145269.31000000885,278260725.9599887
251.0,394.0,91.0,364.0,994066552.7200958,3466792.179999973,66681.3399999961,4857986.710000237,150182.57000000039,319339952.2899871
278.0,79.0,341.0,402.0,429888267.4300354,3367256.449999768,54309.22999999746,926110.7399998624,50474.45999999621,138101969.50998268
91.0,373.0,292.0,344.0,886443863.7100593,3086622.520000008,78226.33999999154,4506988.6600003075,143159.11000001183,284681885.62000316
170.0,126.0,161.0,643.0,585424142.3701195,4522055.099999675,53486.469999994915,1686497.829999833,61097.06999998959,187697336.7299901
157.0,117.0,506.0,320.0,478591879.8600444,2883370.1899998426,70046.74999999553,1683407.9600000256,72909.00999999973,153760876.3399932
126.0,93.0,404.0,477.0,446672328.170052,3393619.6599997752,62830.079999994,1224604.709999896,55599.75999999212,143295324.3099896
343.0,82.0,387.0,288.0,444190476.2300346,2858907.269999957,56877.779999997336,1179626.659999944,60927.72999999382,142894741.76998824
223.0,95.0,448.0,334.0,414931450.10002875,2981456.579999898,63034.739999995516,1095318.3399998776,57385.40999999456,133343728.79998249
318.0,156.0,359.0,267.0,535709828.1200436,2896958.709999882,58199.79999999788,1800315.3500001552,76843.95999999845,172290510.66998947
413.0,99.0,240.0,348.0,500935044.18005645,3342979.2399997865,47932.98999999803,1256872.3599998727,60752.779999993385,161105241.74998194
354.0,85.0,400.0,261.0,424529091.22001463,2792145.519999958,57183.049999995485,1074804.7599998745,59266.959999994906,136612687.09998298
392.0,192.0,227.0,289.0,627595327.630051,3009275.2899998683,53486.35999999739,2268664.430000191,88334.3900000037,201873421.02998042
292.0,124.0,301.0,383.0,529757641.7000682,3412103.2899997495,58075.78999999604,1632816.3499999961,68823.19999999437,170202716.96998838
212.0,185.0,425.0,278.0,590583773.4400418,2734064.0700000436,69190.34999999567,2428641.8400000473,93276.19000000486,189845624.3099908
250.0,218.0,258.0,374.0,692997923.1400874,3419783.27999985,63068.21999999729,2802657.6099998956,98362.72000000296,222612610.4499859
261.0,228.0,269.0,342.0,656849967.6600686,3161861.2099999166,63011.51999999572,2604474.5300000086,95573.98000000989,211115631.7899929
225.0,441.0,294.0,140.0,1002669068.2000399,2455016.499999943,82194.80999999391,5430443.040000343,174456.5199999895,322382219.4499759
454.0,326.0,217.0,103.0,898914557.6800102,2346358.999999949,66946.92999999883,4455583.209999897,150209.37000000384,289261787.37998414
201.0,513.0,262.0,124.0,1102479215.93003,2532654.8300000783,85484.4199999884,6146060.020000857,192266.00999998298,354415785.2599826
173.0,339.0,480.0,108.0,779683932.2100288,2103981.729999912,85221.10999999456,4132426.2899997137,142323.0500000056,250720523.50000072
237.0,465.0,310.0,88.0,1013422572.030019,2156028.799999858,81786.42999999164,5570207.020000337,178431.81999998208,325908702.41996974
164.0,420.0,455.0,61.0,892886462.580017,1997798.3399998653,89295.61999999185,4969246.810000226,164338.32999999743,287135016.38000435
383.0,275.0,390.0,52.0,711385378.7900069,2021751.2099999578,71184.55999999703,3388221.519999775,124838.24000001319,229023852.93999663
431.0,404.0,206.0,59.0,976641245.9799973,2129291.149999878,68529.06999999944,5030496.270000147,166237.8399999901,314311067.64998394
346.0,324.0,351.0,79.0,864523696.780031,2194385.529999923,73467.44999999755,4394667.019999795,149915.0600000049,278184670.20998317
356.0,334.0,362.0,48.0,831683163.7800146,1958596.8799999112,77933.27999999654,4339679.779999791,149525.22000000387,267633794.05999032
701.0,117.0,140.0,142.0,566969852.8000227,2576694.9399999804,37587.87999999974,1631820.1600003259,77390.54999999893,182814744.5099723
832.0,78.0,94.0,96.0,510890353.94001687,2456474.9700000025,31424.67000000143,1149898.9000000108,66577.62999999836,164944976.59997436
435.0,490.0,87.0,88.0,1093254837.9400036,2449912.8099999106,66890.14000000052,5703144.830000598,180617.0199999937,351708159.72999966
514.0,86.0,396.0,104.0,452197900.35000736,2190918.5299999733,52837.82999999836,1283830.860000072,70692.19000000047,145856476.7399857
456.0,76.0,91.0,477.0,508449945.37007016,3965559.919999567,38925.620000000396,990745.0199997828,48501.33999999352,163372514.2099797
279.0,314.0,215.0,292.0,814831495.3600584,3126769.2399999206,66940.68999999561,3734626.180000029,125141.3700000112,261885061.8299809
518.0,49.0,226.0,307.0,420021964.9800262,3057432.199999838,44539.70999999744,717466.9799998761,49175.60999999628,135256751.67998093
469.0,300.0,53.0,278.0,863127812.680073,3202204.5999999535,53680.65999999776,3773097.6799998935,125857.69000000894,277576796.3899734
502.0,321.0,219.0,58.0,830061566.2500232,2158387.039999973,63306.04999999889,3991862.019999535,139936.8500000038,267242262.9399736
413.0,263.0,180.0,244.0,736969061.1600374,2814190.45000002,57308.30999999902,3113068.1499999953,111273.18000000513,237081062.769982
393.0,231.0,238.0,238.0,686542475.2200521,2905797.589999948,57181.69999999863,2760500.1000000504,102339.35000000791,220825891.28998274
185.0,299.0,307.0,309.0,761011795.3300647,3104720.109999889,70623.40999999382,3492712.5200000512,117140.73000000932,244475135.90999043
486.0,24.0,295.0,295.0,365961845.33001894,2973041.3099998836,43842.80999999872,360665.82999995793,40191.75999999915,117896164.1199813
357.0,210.0,316.0,217.0,617394732.2300453,2526540.629999937,65223.24999999907,2551757.3300000867,98789.45000000761,198639557.53999344
499.0,294.0,302.0,5.0,720602686.5300049,1877809.5699998925,64360.91999999985,3329801.419999653,125111.17000000537,232155288.7599778
566.0,27.0,502.0,5.0,290140334.469999,1692553.570000013,56173.999999998814,415614.58999993146,52305.469999998546,93913349.58998884
216.0,351.0,528.0,5.0,784422977.8199769,1688416.1299998956,87886.96999999518,4277099.829999688,150401.1299999988,252423479.95000565
390.0,52.0,649.0,9.0,295477352.2399968,1581930.139999991,69801.61999999834,744632.5699999494,60771.93999999562,95484188.55998571
210.0,28.0,512.0,350.0,323507931.34000707,2829736.9699999457,63259.99999999447,543647.3900000006,43803.49999999834,103971228.92998736
306.0,41.0,746.0,7.0,245793267.56999737,1484214.2199999774,74812.62999999823,574594.0699999742,56463.28999999671,79447233.75999056
459.0,207.0,216.0,218.0,662514550.8900659,2944267.5399998007,53242.95999999716,2486244.200000082,95714.57000000973,213212943.93998218
105.0,321.0,336.0,338.0,786360756.9900808,3134689.3799999426,77526.48999999382,3796778.7600000114,125371.3400000173,252566641.8899983
468.0,189.0,221.0,222.0,640326313.8000486,2883777.7799999565,52214.7899999979,2353282.4300001157,92072.97000000498,206077666.019985
525.0,237.0,89.0,249.0,729019994.1400636,3047611.9499999336,48735.359999998815,2811488.679999985,102911.48000000643,234567434.08997554
484.0,218.0,228.0,170.0,676073461.5200226,2622343.8799999473,55880.399999998845,2715310.990000093,103257.23000000668,217615254.22998455
571.0,232.0,96.0,201.0,746765241.4200331,2825939.289999995,48373.609999999724,2958575.139999938,109372.93000000127,240404324.06997043
145.0,443.0,166.0,346.0,1003818137.0600859,3412108.24999993,73971.5799999924,5084641.390000404,156091.08999999982,322394038.9100011
118.0,324.0,377.0,281.0,802906366.6300681,2860061.760000038,78388.94999999441,3985384.5400000117,131397.02000001192,257948494.08999282
136.0,373.0,155.0,436.0,968422464.2901078,3820674.649999987,72804.27999999045,4732541.300000306,145556.39000000554,310953155.1399858
151.0,415.0,173.0,361.0,990176399.6900862,3365062.7500000177,74663.85999999201,5017797.970000426,154671.9300000052,318019090.7399934
94.0,331.0,337.0,338.0,849014044.1100717,3053787.0500000278,77332.34999999208,4206143.53999997,135646.83000001204,272677080.85998875
213.0,292.0,297.0,298.0,770273326.8600633,3107096.969999896,70345.11999999465,3537269.5699999817,120249.76000001487,247516658.33998728
95.0,322.0,341.0,342.0,804612191.0100611,3155558.819999952,77131.92999999675,3908420.349999951,127245.71000001021,258384423.73999137
102.0,360.0,270.0,368.0,900825491.0700628,3298359.849999999,76417.42999999365,4470776.12000011,140436.4900000073,289267649.8199921
97.0,342.0,349.0,312.0,870264931.5100844,3174457.1799999205,80105.53999999052,4373037.810000247,140485.72000001388,279523304.69999915
107.0,363.0,284.0,346.0,885193850.520065,3144534.829999892,77035.74999999121,4447602.310000156,140543.12000001204,284304878.0599951
237.0,324.0,243.0,296.0,871195522.0000706,3004432.779999997,70135.85999999796,4212399.069999837,137378.65000000098,279972726.84997797
222.0,292.0,309.0,277.0,766398651.9500637,2896722.6199998884,71584.54999999626,3590202.7500000466,121839.8600000137,246310938.91998982
233.0,305.0,238.0,324.0,819651295.5000665,3049162.41999998,68818.62999999383,3832944.029999905,127366.74000001076,263424818.11998737
240.0,315.0,246.0,299.0,805486174.6400688,3071933.130000008,67203.34999999769,3699793.1599999634,123552.05000000914,258844363.78998545
167.0,139.0,275.0,519.0,545891365.7800822,3821848.189999668,62096.72999999417,1741517.1099999466,68024.47999999384,175169926.7799962
166.0,139.0,275.0,520.0,530786216.7800863,3952859.05999953,61305.21999999233,1602051.1799998686,63703.679999989174,170259801.93998855
96.0,548.0,158.0,298.0,1168604814.060057,3288508.3200001074,82337.13999998696,6361769.400000967,191538.5799999964,375379108.76000214
163.0,136.0,294.0,507.0,555191468.5200847,3760938.34999966,59774.279999994935,1773810.869999941,68407.02999999335,178161186.1599952
162.0,135.0,267.0,536.0,544706982.6600885,3960570.5899994927,57359.94999999268,1638174.2899998643,62889.74999998904,174718615.8899921
93.0,531.0,168.0,308.0,1131116977.3800957,3367810.269999885,83609.10999999098,6137063.95000086,184731.42999999912,363307570.70000035
157.0,132.0,286.0,525.0,528061968.4900762,3772620.209999584,60070.72999999356,1589903.929999924,63406.50999998959,169425712.6799882
94.0,539.0,155.0,312.0,1210384826.070091,3317258.170000029,83636.64999998666,6652623.790000904,197363.1699999946,388774583.8799925
94.0,541.0,171.0,294.0,1225907778.1300907,3201704.1200000434,85845.27999998843,6835349.050000855,205364.64999999368,393812132.43999475
92.0,532.0,168.0,308.0,1201123525.1400988,3498485.330000205,86861.06999998562,6637973.820001074,201847.20999999376,385809327.52997345
346.0,331.0,404.0,19.0,843795853.9799997,1925638.979999878,77708.02999999569,4412707.709999632,152341.32999999728,271572665.88999104
346.0,331.0,404.0,19.0,800696529.0899979,1876481.6099999016,75881.4899999967,4102415.4699994754,145218.1300000046,257746175.94000137
374.0,270.0,436.0,20.0,680605354.4600041,1850564.8299999335,72247.0399999971,3260218.329999856,122553.6000000114,219174339.58999157
342.0,327.0,413.0,18.0,781213630.9500047,1806095.9199998651,76737.93999999536,4010577.619999476,142484.93000000375,251480885.75999686
341.0,326.0,397.0,36.0,825876498.3600094,1972305.4799999064,76621.81999999512,4280544.189999626,148012.21000000794,265785181.99999425
363.0,262.0,437.0,38.0,635777545.7500075,1942766.18999992,72858.91999999672,2962175.8399999198,114664.86000001,204736723.2599964
336.0,322.0,406.0,36.0,722763821.4900203,1847922.199999933,74761.8699999955,3579363.529999747,130464.72000001333,232694002.80999678
367.0,265.0,429.0,39.0,671829692.1700071,1902359.4599999238,71522.63999999722,3160611.519999754,120411.99000001069,216353765.16999277
368.0,266.0,446.0,20.0,699194576.7899972,1884374.4599999266,72434.53999999561,3367761.549999955,126526.3600000103,225153737.24998796
362.0,262.0,438.0,38.0,672837600.9700177,1869545.499999947,73969.21999999802,3231529.4299997636,121701.34000001615,216650380.44000262
475.0,203.0,17.0,405.0,707898688.4900731,3812643.0599996923,42297.52999999911,2381798.5200001104,85974.20999999928,227550567.05997607
474.0,203.0,18.0,405.0,700277397.100074,3521306.479999779,41604.32000000045,2379625.420000199,87267.38999999962,225176550.56997108
513.0,131.0,19.0,437.0,585143437.750051,3637088.649999826,35713.27000000207,1480163.5999999878,63232.35999999225,188169710.90997285
469.0,200.0,31.0,400.0,727346422.5300851,3509714.2499996955,44994.81999999866,2622123.320000218,93160.1100000044,233851367.42997816
607.0,259.0,23.0,211.0,804137159.5800415,2988760.9400000074,44957.6099999994,3230805.099999968,113909.71000000258,258816557.34995884
659.0,168.0,44.0,229.0,663407099.550048,2937162.019999979,38780.51000000035,2202306.570000286,88891.42999999884,213662558.82996804
597.0,255.0,40.0,208.0,771111035.9000351,2948719.2599999458,46078.2000000002,3038703.1099998816,110212.1600000021,248226060.09996787
670.0,171.0,25.0,234.0,689030758.9400288,2993670.859999963,39071.74000000087,2379116.1200004043,93547.0400000015,221894584.20996225
505.0,129.0,34.0,432.0,612352546.3600781,3796435.459999709,37935.53000000082,1658451.1299999962,66600.16999999437,196861455.77997616
658.0,168.0,44.0,230.0,633465040.5200436,2993506.939999923,38095.520000001,1984069.3200002632,82380.9800000019,204012133.2499694
218.0,460.0,275.0,147.0,1059097641.0000402,2449077.109999966,81763.78999999183,5801986.000000572,182672.8899999868,340504920.47998047
217.0,460.0,275.0,148.0,981103989.0600429,2433348.5499999677,79002.98999999442,5253150.650000284,168891.58999998876,315442460.3299783
235.0,409.0,297.0,159.0,940172877.2600526,2507407.6700000092,78074.68999999495,4923344.450000249,159122.91999999768,302278736.019993
215.0,454.0,285.0,146.0,1019872755.1100204,2640906.90000008,83604.51999999033,5549538.770000354,178406.28999999035,327881270.76997185
174.0,368.0,220.0,338.0,859702440.1200771,3307697.8799999366,72885.51999999103,4147825.560000046,134140.280000017,276147090.8399825
183.0,318.0,243.0,356.0,828587106.3900752,3299455.439999931,70848.94999999389,3888028.1199999414,127586.07000001075,266166258.06998104
172.0,364.0,229.0,335.0,917431090.0900965,3272645.930000032,74784.2199999917,4565441.320000154,145553.01000000825,294712700.90997237
184.0,322.0,234.0,360.0,813084160.350069,3178138.319999952,68374.45999999643,3753151.1999998954,123383.65000001248,261235353.39998636
231.0,404.0,308.0,157.0,956942815.0700487,2530064.5399998925,78085.17999999344,5032006.310000085,162023.5200000007,307660088.55998915
182.0,319.0,243.0,356.0,836869078.9700749,3313051.9499999704,70530.04999999571,3936937.0999999694,127888.85000000888,268806449.4099843
174.0,156.0,530.0,240.0,488764074.06003165,2487070.039999993,73561.65999999526,1911477.5900001305,81769.77000000424,157138477.02999523
173.0,157.0,530.0,240.0,517749841.2100347,2628237.9399999655,75009.32999999488,2082118.5400000617,85987.50000000716,166429124.50999779
132.0,382.0,404.0,182.0,878144908.7200512,2511805.229999912,82930.33999999067,4642280.250000002,151748.0400000033,282248054.6099853
281.0,254.0,176.0,389.0,752025660.2200767,3488215.9499998763,59054.989999996484,3121802.6100001144,105283.34000000588,241590690.01998633
171.0,154.0,520.0,255.0,503213161.5900485,2587854.179999992,72641.1299999946,1964743.2300000915,82163.89000000396,161761457.2799916
183.0,528.0,115.0,274.0,1162944688.9800813,3133036.470000044,79353.7599999914,6307198.70000086,190814.68999999572,373649620.5999868
272.0,247.0,171.0,410.0,746444166.64009,3495484.7199998875,60633.61999999601,3097436.0200000373,105474.13000000895,239796813.25998622
130.0,377.0,398.0,195.0,865143774.4500464,2619027.6100000334,84643.44999999195,4561668.919999832,149369.17000000086,278014189.43999314
185.0,540.0,117.0,258.0,1182070412.1300645,3084357.010000058,79391.60999999043,6417368.050000817,193377.91999998997,379831614.4799934
182.0,529.0,115.0,274.0,1181136949.9700541,3285339.770000064,78798.45999999013,6369588.630001131,192117.41999999594,379498282.40000767
304.0,293.0,156.0,347.0,792932146.340075,3508257.6099998704,59926.92999999708,3369053.5899999877,111574.47000000914,254746026.77997983
304.0,293.0,156.0,347.0,826828279.420088,3476858.849999919,60209.05999999614,3617481.3500000066,119419.88000000858,265665858.3499758
354.0,160.0,182.0,404.0,597501490.6700727,3526095.0999998017,53481.84999999539,1950863.4000000267,76478.00999999855,192007549.45998034
277.0,267.0,239.0,317.0,714292689.3300425,3182446.689999913,61221.87999999693,2943759.0300000105,102840.87000000778,229579781.46999007
301.0,289.0,154.0,356.0,821741851.8300645,3294527.5999999326,61706.06999999779,3643230.3899999657,120437.3600000075,264048399.9399812
314.0,142.0,271.0,373.0,588126263.1800791,3300079.0899997833,56341.74999999456,2027559.1600001282,78855.96999999952,189009944.62998828
274.0,264.0,236.0,326.0,749450641.5500525,3168809.6599999536,66038.48999999797,3285560.0600000443,113449.8500000092,240851486.3699851
349.0,158.0,179.0,414.0,610165006.9300601,3535007.309999768,50717.189999996604,1994564.5700001384,76899.67999999705,196078525.74998006
318.0,144.0,274.0,364.0,560078146.750068,3329364.6899997657,56182.33999999689,1828431.680000059,74237.4200000001,180009553.53999013
314.0,142.0,271.0,373.0,563521427.5200593,3355571.5899998476,53846.0899999978,1800675.5500000766,72527.44999999521,181073835.0999879
434.0,15.0,523.0,128.0,284000069.7499973,2185883.40000005,59086.77999999704,326439.9399999715,45520.919999998616,91678874.02998643
434.0,15.0,523.0,128.0,284105363.27999854,2110943.5400000312,58990.889999997984,347111.259999965,46071.79999999892,91723155.7599868
408.0,82.0,490.0,120.0,367177036.9400113,2227731.5699999966,58878.35999999747,868917.7299999071,58807.66999999627,118401799.6699865
518.0,18.0,412.0,152.0,330373875.35001403,2388065.5399999544,50243.799999997245,394212.01999995863,45757.64999999818,106629324.67998503
314.0,11.0,377.0,398.0,333439429.58001804,3257757.6899998067,51399.579999995825,265102.6499999952,34004.47000000093,107157821.48998445
336.0,68.0,268.0,428.0,470679727.5100553,3459235.759999709,51540.33999999645,1119543.60999983,55076.20999999145,151242116.39999035
354.0,12.0,283.0,451.0,354350511.2100262,3526431.6199997086,46376.90999999681,229346.62999998662,31568.000000001328,113852481.51998314
299.0,60.0,360.0,381.0,414904291.64003164,3369944.319999688,54465.189999994596,836728.5799998859,48652.98999999496,133301071.92998473
479.0,97.0,383.0,141.0,426556416.14001334,2281283.6699999874,55708.69999999733,1158769.2899999393,65923.96999999786,137510392.5999828
336.0,68.0,268.0,428.0,431631309.81005293,3478232.4899997646,48657.459999998086,806402.9399998694,45887.55999999475,138671352.23998213
38.0,411.0,126.0,525.0,1046823337.1101346,4042919.3899998376,75366.32999998903,5251228.450000778,155016.64000000383,335936268.71000177
37.0,412.0,126.0,525.0,1026740131.3601502,4100839.9299999154,75811.22999998933,5127486.150000568,152703.69000000544,329484851.98000294
36.0,454.0,118.0,492.0,1101284392.540117,3829902.349999958,77895.62999999106,5706076.770000679,168040.0199999977,353499095.86999136
24.0,264.0,476.0,336.0,707675346.2400758,3002826.9499999257,82037.86999999215,3401502.1399999955,114728.36000001358,227209811.9599999
57.0,619.0,190.0,234.0,1292407129.8700738,3128886.100000061,91852.9399999845,7410383.480001157,219774.78999998962,415142984.4499841
29.0,375.0,575.0,121.0,790862276.1900413,2047115.3099999141,94699.90999999287,4409841.399999722,148486.39000001058,254194988.32001814
30.0,336.0,607.0,127.0,747617122.6000129,2081959.789999876,94229.68999998996,4108429.9899997436,140561.79000001095,240285620.890011
50.0,664.0,173.0,213.0,1362532539.5200546,2748566.7300000754,94733.72999998249,7993697.47000105,234258.6499999885,437738017.5599605
22.0,298.0,457.0,323.0,709501345.7600635,2921630.3400000394,82462.9699999914,3456110.1600000137,117016.13000001734,227777077.85000712
28.0,375.0,576.0,121.0,752346462.5500177,2102966.049999904,94613.6499999915,4154482.449999796,141147.31000000655,241804187.82001027
22.0,191.0,306.0,581.0,640142314.5901042,4195076.409999538,68765.82999999117,2426337.560000044,81536.13000000146,205203194.95000076
379.0,128.0,205.0,388.0,556236405.9300528,3453661.6199998767,49509.19999999746,1624719.8900000618,68970.50999999438,178806091.26998076
17.0,382.0,242.0,459.0,937684074.4501085,3620405.9599998198,80228.07999999113,4732170.520000549,145794.41000000882,300961652.4999974
21.0,188.0,320.0,571.0,606800737.5800724,3864939.219999651,67151.32999999326,2261866.059999954,77957.50000000127,194530728.16999868
41.0,364.0,584.0,111.0,791821877.200024,1969826.01999992,95423.62999999402,4436530.789999845,148839.41000000044,254524809.11001322
27.0,599.0,402.0,72.0,1160719834.9400349,2099932.489999766,105016.92999998837,7045324.300000587,222465.6199999675,373058083.20994806
546.0,184.0,313.0,57.0,546953235.8200078,2022042.8299999381,57542.27999999859,2034803.7000003979,90548.31000000413,176332299.26998687
440.0,376.0,238.0,46.0,876780821.9400042,2086914.8899998686,69928.1799999993,4432061.00999997,151880.7799999989,282217970.1199839
318.0,272.0,183.0,327.0,801944796.8000664,3063660.080000006,63017.24999999655,3584048.1899999003,120946.20000000665,257785985.41997886
435.0,371.0,249.0,45.0,901806818.5900099,2060046.659999863,71050.13999999785,4621966.359999865,156598.3399999931,290243819.33997893
222.0,327.0,399.0,152.0,786402104.3400313,2337406.15999997,77769.14999999582,3978580.9999997406,135768.48000001107,252881034.91999394
154.0,352.0,430.0,164.0,815705040.050042,2335497.250000057,82259.9299999942,4257702.279999818,142782.60000000757,262230375.7200005
283.0,117.0,507.0,193.0,440366645.4000222,2358869.6399999787,69073.47999999739,1510796.7500000652,73113.3099999995,141729478.27998647
220.0,324.0,406.0,150.0,778726123.0800239,2240478.4399999524,77921.17999999433,3952154.9199997396,136503.00000000637,250453017.98999667
205.0,301.0,368.0,226.0,730856659.3000623,2704215.7199999536,75543.30999999137,3467007.410000007,120345.49000001662,234924144.89999893
252.0,104.0,466.0,278.0,426315018.5300294,2785014.059999927,63647.66999999683,1220655.8899999205,61765.279999993465,137081709.82998526
140.0,320.0,401.0,239.0,753689537.4500313,2631634.1399999214,78781.86999999396,3724089.9199998872,127167.13000001322,242222672.62000367
179.0,115.0,499.0,307.0,427561983.47002083,2866732.41999991,69917.56999999669,1350064.4999999744,65084.97999999222,137388037.1199872
197.0,127.0,566.0,210.0,459556789.3400189,2400088.8399999808,73449.55999999368,1741779.670000101,78059.98000000192,147803695.4999913
177.0,113.0,507.0,303.0,494206060.76004624,2850421.3099998753,73727.92999999266,1844688.6200000308,77628.43000000162,158774027.49999133
526.0,23.0,138.0,413.0,411826687.88004297,3450382.5899997507,36278.44000000043,426743.0399999705,37519.169999996375,132508423.22997987
108.0,40.0,239.0,713.0,410626246.6100791,4525336.169999588,49938.7799999943,478505.8000000606,27565.569999999672,131403074.10998549
415.0,249.0,110.0,326.0,788744397.7200505,3217430.83999995,53838.999999997766,3287312.1599999093,112278.35000000417,253604647.47997075
517.0,23.0,154.0,406.0,422421895.7900456,3633176.5699996445,36412.47000000163,464702.0199999902,37489.53999999726,135862956.2799814
463.0,20.0,122.0,495.0,429054030.760061,3896031.099999481,35261.26000000286,415369.1399999915,34974.17999999736,137951207.52997777
371.0,222.0,111.0,396.0,717376607.0800688,3532102.5199998748,53103.71999999813,2731679.370000001,95778.35000000692,230532712.69998154
85.0,31.0,215.0,769.0,426616051.98008245,4863613.579999609,51075.83999999561,535459.8400000521,27799.720000000023,136463414.3299857
64.0,322.0,141.0,573.0,860526906.7401301,4302716.199999722,67119.19999999131,3818246.630000358,116316.78000001366,276026110.6799896
72.0,367.0,182.0,479.0,941013617.1601263,3793667.0299998755,73509.32999999332,4579095.610000268,139859.2800000101,302074407.4199924
63.0,316.0,157.0,564.0,814967227.1201409,4141524.0599996606,66679.89999999183,3544584.080000287,109889.30000000978,261438696.6699967
190.0,359.0,474.0,77.0,827646604.0000092,2078993.3999998863,84325.59999999388,4410515.839999652,148594.0300000044,266167106.66999316
335.0,302.0,399.0,64.0,746526096.1100117,2076833.2899999234,73100.9399999967,3659909.649999779,130185.54000001073,240256308.57999006
150.0,515.0,375.0,60.0,1072217985.0400219,2010436.2999997837,92941.21999998875,6222428.7400005115,196992.76999998165,344733191.9399649
187.0,353.0,485.0,75.0,820075008.4800286,2067210.5699998827,88189.7599999905,4458001.6999999685,151846.30000000203,263722258.49000016
167.0,316.0,418.0,199.0,734189556.8800344,2434899.2599999555,79359.60999999405,3627034.8399998387,125791.85000001523,236025759.58000514
134.0,459.0,347.0,160.0,1025485218.650042,2551655.9099999582,86815.94999998945,5661030.100000441,177889.40999998502,329594109.4899896
297.0,267.0,367.0,169.0,711265271.5300254,2418307.5600000178,71766.44999999572,3347368.089999821,120894.82000001095,228783804.5699948
250.0,410.0,298.0,142.0,933503741.4800364,2416855.639999941,78919.03999999531,4937026.119999907,161437.4699999983,300163586.26999354
270.0,443.0,335.0,52.0,986749077.8500037,2072618.999999821,82276.9199999934,5405076.3500004,177946.55999998958,317416422.989986
248.0,405.0,306.0,141.0,946688051.7000359,2344651.250000038,80492.2399999921,5086491.370000165,165648.43999999313,304414410.739983
274.0,107.0,558.0,161.0,403156244.8200072,2245948.319999973,69960.64999999652,1328106.4399999764,69825.8699999982,129794972.42998576
406.0,90.0,469.0,135.0,427345653.9000134,2321131.7000000016,62271.43999999809,1315303.160000041,69487.459999998,137672654.13998583
216.0,316.0,441.0,127.0,762111328.1900295,2278907.1499999724,81484.35999999238,3901510.7399996533,135969.29000001136,245087869.0800007
490.0,192.0,130.0,288.0,669735728.7300465,3070421.6999999257,48376.55999999922,2416882.3200001367,91317.8500000012,215451715.52997705
190.0,74.0,387.0,449.0,425704048.2500513,3443005.2399997436,57780.91999999552,963741.4199998695,49403.45999999562,136630471.2199871
216.0,316.0,57.0,511.0,839889952.4401169,4171196.8399996343,56095.029999996215,3457074.9700001436,109897.600000008,269651192.26997614
406.0,90.0,61.0,543.0,556227161.260093,4207067.929999516,39782.82000000052,1284655.0199998838,53816.25999999157,178610155.47998002
254.0,211.0,294.0,341.0,647179929.6100577,3181024.999999891,61974.20999999705,2542788.5800000397,92450.55000000297,207960782.5299899
476.0,394.0,72.0,158.0,1018903003.1500396,2740202.5500000087,63207.920000001235,5081702.75000016,165741.37999999538,327789364.30998075
331.0,275.0,50.0,444.0,845972767.010083,3937753.779999865,53677.63999999872,3504216.099999891,112721.97000000156,271729191.59997255
379.0,275.0,138.0,308.0,773244942.6600661,3290443.699999916,55968.439999996895,3211178.749999986,110487.76000000833,248578191.04996884
123.0,372.0,187.0,418.0,923552817.1700909,3642733.229999818,72175.82999999191,4477593.31000028,139416.37000001813,296533637.2299951
482.0,50.0,176.0,392.0,455578281.63005567,3371300.189999776,39842.6499999997,782442.3299998236,48207.38999999558,146601170.11997885
342.0,249.0,230.0,279.0,714709208.3600436,2905994.9199998877,61415.109999996006,3050930.460000101,107936.05000000897,229818826.22998768
423.0,307.0,154.0,216.0,847674941.6400431,2791167.569999841,60336.589999998105,3906581.409999923,131906.67000000566,272648362.6299765
482.0,50.0,323.0,245.0,388067697.7200194,2874113.4799998794,48985.73999999686,621399.8099999265,48732.01999999629,125026959.16998051
123.0,372.0,344.0,261.0,843576374.7100742,2919598.3900000365,79449.68999999213,4252844.889999951,138300.93000000803,271012920.12999225
217.0,94.0,329.0,460.0,470727058.4800608,3441188.209999653,58606.90999999566,1278694.429999875,58092.60999999108,151144313.7799888
144.0,63.0,403.0,490.0,419253812.08005416,3472378.319999757,60452.659999995274,981748.809999878,49518.14999999404,134495361.60998994
173.0,75.0,484.0,368.0,387106334.9300328,2989744.799999825,64576.16999999527,971874.0699998799,53379.879999996796,124352051.25998819
338.0,211.0,299.0,252.0,637791300.5400445,2825163.639999994,62010.81999999823,2564151.4500001753,97669.12000000475,205123247.24998495
264.0,231.0,328.0,277.0,669822807.350053,2874254.0299998764,69091.90999999443,2901197.0499999663,105530.10000001536,215334146.68999895
349.0,183.0,308.0,260.0,606098294.2100407,2793647.6299999217,59736.4099999964,2319243.940000099,90029.74000000587,194944180.63999155
378.0,235.0,206.0,281.0,689128300.1800575,2953234.889999964,56774.86999999936,2752255.3400000264,101403.40000000354,221671724.03997746
389.0,242.0,344.0,125.0,699269828.03004,2334764.7999999924,66254.99999999722,3147234.0399999507,116408.45000001026,225070631.54998204
460.0,241.0,251.0,148.0,693949339.0200291,2484785.8299999572,62135.1099999987,2997239.7599999155,112362.08000000712,223363032.0799849
356.0,311.0,272.0,161.0,801686174.7300235,2561761.090000115,67983.35999999673,3800343.6999997515,132141.89000000872,257878728.099978
321.0,236.0,398.0,145.0,641224210.4300356,2363792.1400000234,66601.21999999616,2770425.630000006,105674.48000001174,206364948.3399917
310.0,228.0,238.0,324.0,636865937.6000378,3085401.689999926,58865.09999999673,2440633.2500000885,91527.27000000369,204745979.54998985
372.0,274.0,285.0,169.0,724448799.8000246,2577511.259999956,65168.419999997364,3223462.7599998945,115948.81000001015,233068748.19998804
81.0,468.0,42.0,509.0,1133541384.670139,4141271.389999792,74260.10999999098,5763563.400000781,169094.9900000029,363862964.4000092
361.0,340.0,30.0,369.0,953025675.8900758,3494770.869999903,58043.75999999743,4382940.190000171,138213.90000000747,306259896.5799926
84.0,448.0,43.0,525.0,1096548624.4600997,3995878.2799999784,70806.65999999255,5497030.040000745,160221.71000000866,351963411.5199936
59.0,343.0,324.0,374.0,824005804.0400796,3277214.339999947,77825.9499999927,4013342.0900000036,128458.98000001477,264535533.1199927
93.0,538.0,48.0,421.0,1204518613.1501484,4403241.110000059,79430.50999998153,6337761.130001867,189269.01000000077,386741939.61001354
67.0,361.0,367.0,305.0,848552092.2200764,3035480.9000000465,83112.75999998937,4335285.430000197,139788.78000001234,272552361.2599979
309.0,290.0,274.0,227.0,776953170.9600617,2734208.579999994,66548.67999999672,3591686.459999879,123946.48000001152,249861914.60998383
409.0,357.0,34.0,300.0,912086531.1900648,3300891.4000000446,53934.34000000002,4058826.519999832,131856.67000000502,293249559.4799784
291.0,254.0,258.0,297.0,738122753.8500297,2819557.5000000494,66038.87999999846,3286562.9499998074,115496.92000000813,237333066.10998872
315.0,275.0,279.0,231.0,754276795.4700462,2859403.970000027,66079.2799999975,3362557.0099999104,117574.50000000691,242526231.54998577
160.0,70.0,377.0,493.0,420402948.5300601,3653807.1599996686,58928.809999994555,912301.0499998364,47620.59999999338,134881854.69998726
196.0,68.0,363.0,473.0,427281317.06004333,3646131.669999623,59711.12999999415,972179.609999898,49165.64999999517,137107801.3099836
104.0,430.0,246.0,320.0,1032168573.5100809,3419496.3899999578,83496.02999998676,5460547.880000567,171531.08000000028,331536728.5599827
233.0,102.0,49.0,716.0,557731339.3501076,4776335.68999978,43224.90999999727,1240624.149999821,46824.86999999202,178744860.36998513
139.0,61.0,329.0,571.0,457426829.27007765,4045342.629999499,57611.179999993554,1029072.1899998392,46666.8499999929,146615723.40998918
117.0,482.0,24.0,477.0,1160042574.280129,3840260.409999993,71850.39999999147,5950671.000000986,173471.25000000108,372447639.3999978
233.0,81.0,38.0,748.0,545846862.1101046,4764774.709999765,39874.99999999915,1109166.4699997825,41784.12999999202,174905562.78998157
118.0,383.0,219.0,380.0,903909633.460099,3486578.7599998577,73421.36999999353,4400881.580000252,138778.03000001537,290267798.34999263
161.0,523.0,26.0,390.0,1250400149.3600948,3892678.969999987,76953.79999998803,6626815.290001216,194172.2800000009,401556116.31000364
144.0,468.0,24.0,464.0,1123405696.1001468,4079415.089999853,70952.85999999304,5651839.590001039,166290.0200000046,360682169.43002576
524.0,434.0,13.0,129.0,1134171859.0900364,2643958.1300000274,63244.56000000134,5834786.290000747,185368.81999999107,364880350.2899861
546.0,417.0,13.0,124.0,1034034596.7600139,2554291.5200000335,57093.190000000934,5066345.620000257,164701.17999999688,332768878.9699775
599.0,339.0,15.0,147.0,930288506.4800472,2720325.269999997,51277.58999999996,4216348.49999944,142006.270000003,299443313.34998167
388.0,322.0,295.0,95.0,767425275.910029,2148055.919999941,66824.99999999853,3657972.979999672,129600.22000000809,247008711.8999884
457.0,378.0,12.0,253.0,990263528.3900894,3126038.120000089,57101.03999999858,4677029.00000027,150620.0100000043,318457210.0900019
382.0,216.0,290.0,212.0,680530253.2800153,2668391.5499999863,60142.83999999858,2815800.660000009,105569.74000000126,218975065.09998214
370.0,283.0,258.0,189.0,770685173.5700309,2614217.72,64502.48999999797,3538999.6399998385,124559.85000000517,247921969.7899789
534.0,279.0,13.0,274.0,816069551.7600585,3154443.690000011,46516.27999999972,3293229.9100000192,114884.5700000033,262547503.939958
449.0,235.0,314.0,102.0,693616553.4400114,2218771.3899999214,64030.299999999836,3071164.569999864,115432.2200000046,223318256.29998457
402.0,210.0,282.0,206.0,645723132.9500271,2727664.3599999617,59566.27999999806,2571256.2600000384,98872.13000000732,207765702.86999127
354.0,127.0,281.0,338.0,503599688.0000388,3062376.27999987,54226.74999999662,1492042.6400000271,66373.79999999418,161914272.0599895
227.0,148.0,329.0,396.0,563141657.3200625,3429751.849999745,60927.97999999529,1905600.130000006,74483.88999999716,180858130.2099906
378.0,61.0,300.0,361.0,438607371.80003536,3178571.1599998786,51156.38999999751,957094.7499998519,53612.60999999347,141057739.68998605
420.0,150.0,128.0,402.0,613359520.1900476,3388236.7199998265,45950.57999999784,1940543.3400000574,76960.29999999699,197214220.1999852
477.0,171.0,378.0,74.0,565781682.8600192,2131061.6600000216,60760.85999999871,2202144.5600002776,94710.5700000066,182319138.03998327
678.0,110.0,207.0,105.0,516332703.5600111,2325821.5900000003,43991.409999998614,1485275.0100002612,75042.70999999982,166552567.60998008
441.0,289.0,246.0,124.0,774956709.370038,2382314.639999963,62223.84000000007,3541468.349999688,126499.76000000763,249434662.12998304
363.0,108.0,527.0,102.0,409242349.96000224,2023658.379999972,65761.3199999989,1334229.7900000177,71613.67999999959,131892204.21998703
305.0,91.0,170.0,534.0,523438119.3700728,3922249.0999996033,47900.57999999708,1293460.4199998672,55794.4999999916,168057413.66998377
515.0,153.0,287.0,145.0,560340029.6900352,2485543.429999933,54827.14999999839,1951429.5800002841,85804.00000000109,180497530.02998152
257.0,463.0,147.0,233.0,1024259802.1500474,3023525.350000229,72030.18999999642,5252087.600000227,164790.37999999625,329185503.3599844
21.0,592.0,188.0,299.0,1224828581.6400795,3465775.560000081,91846.88999998265,6915388.310001257,206219.85999999382,393351045.89999026
283.0,397.0,162.0,258.0,941094240.4900638,2975592.880000134,68001.11999999639,4632720.700000074,148249.160000002,302519021.0299768
203.0,367.0,345.0,185.0,854432256.7400424,2539036.619999893,78055.08999999482,4374192.83000005,145433.34000000695,274690110.85999775
231.0,417.0,132.0,320.0,983684289.8300682,3217521.9400000223,69979.77999999536,4907266.460000364,152662.75000000492,316035374.0999904
201.0,281.0,340.0,278.0,781557408.5800518,2815384.6099999207,74844.89999999365,3769790.9200000004,127102.46000001024,251168990.3399899
14.0,401.0,377.0,308.0,882225563.7000571,2812657.959999928,88771.90999999197,4726037.970000113,151458.43999999602,283339288.859992
21.0,450.0,184.0,445.0,1041953762.6600778,3676861.569999936,79211.38999999156,5381318.910000486,159731.24999999904,334437351.2900054
17.0,379.0,458.0,246.0,841856057.2600574,2856285.8599999566,89767.43999998739,4475716.670000101,145955.96000001152,270385777.3800095
16.0,339.0,410.0,335.0,848515969.8800721,3013508.3199998187,83654.96999999079,4366702.240000059,139679.72000000568,272447372.8999952
301.0,411.0,125.0,263.0,1028585772.7400544,3029762.3900000714,69472.63999999534,5215924.060000445,164776.63000000213,330639779.3099843
159.0,484.0,147.0,310.0,1123731658.1400828,3237163.81999992,77620.42999999358,5995862.710000612,181919.27999999738,360972443.6299812
241.0,547.0,101.0,211.0,1175325191.9500198,2873344.230000097,76429.48999999494,6356092.390000862,193520.53999999532,377766533.7599911
246.0,337.0,301.0,216.0,820249661.3500282,2640775.82999999,73285.84999999653,4029904.399999743,134907.40000000878,263699458.22999066
385.0,527.0,161.0,27.0,1165701074.2400036,2115605.059999758,77617.90999999511,6455089.8200006755,203567.30999999048,375014672.29997647
241.0,547.0,295.0,17.0,1149459678.5100145,1921463.3899997533,90011.44999999253,6667305.540000378,209781.9999999789,369678316.5499738
159.0,484.0,432.0,25.0,1025357752.8599982,1826308.1699998463,93057.66999999179,5940977.240000319,189579.78999998473,329740033.78998786
155.0,778.0,143.0,24.0,1557428953.4600163,2101927.2999995938,101736.66999997295,9569445.18000129,285320.2500000229,500643517.7799221
103.0,518.0,279.0,200.0,1147151995.2600517,2714712.05000011,90547.45999998403,6555237.320000865,203298.88999999454,368610385.05997235
124.0,622.0,335.0,19.0,1280746673.1999838,1905114.609999735,98371.65999998215,7732622.760000885,236441.7099999719,411761818.47994775
285.0,328.0,217.0,270.0,820435021.2800349,2869647.8799999277,67999.24999999694,3838052.8599999226,128865.19000000803,263777798.13998485
235.0,348.0,230.0,287.0,860727985.820065,2877538.749999863,72320.44999999496,4211439.639999892,137087.38000001098,276614524.54999626
361.0,121.0,275.0,343.0,533045146.95004827,3126133.2799998443,54639.79999999616,1667863.840000092,71851.05999999482,171404962.48999217
263.0,302.0,286.0,249.0,811769003.3400588,2879237.4399999515,68302.05999999696,3809049.3499998073,128271.60000001112,260972782.1099821
312.0,358.0,237.0,193.0,899224480.1900431,2674123.2799999504,69889.15999999762,4433000.059999795,147275.42000000618,289191803.2999802
361.0,121.0,394.0,224.0,486266757.8900262,2496400.299999965,60321.43999999745,1595046.8500001722,74683.15999999906,156546629.27998906
234.0,348.0,330.0,188.0,855440475.4800327,2552302.560000002,75995.41999999546,4335105.419999773,143645.55000000718,275012826.34999645
342.0,148.0,336.0,274.0,545335827.9300516,2921708.0399999633,59918.879999994846,1875521.7600001344,79835.95000000302,175431668.29998544
271.0,117.0,381.0,331.0,470667380.5400416,3044322.7699999423,60194.119999995135,1382739.2599999928,63894.26999999251,151270360.17998913
303.0,130.0,425.0,242.0,456551794.3000211,2694222.3799999645,61975.619999997376,1409038.9100000202,68286.92999999468,146880812.0999853
519.0,193.0,343.0,45.0,582126833.340019,2053093.4899999213,59402.61999999904,2307570.3600001764,97856.33000000496,187617478.98998725
634.0,155.0,275.0,36.0,573442869.800001,1992255.2699999507,50338.760000000955,2031831.7900005144,92112.6000000061,184987588.12998232
610.0,33.0,404.0,53.0,335240613.730003,2033644.9599999944,50967.65999999678,512189.4499999426,52921.70999999642,108374876.32998216
629.0,235.0,181.0,55.0,703067343.9400175,2195730.009999953,50923.75999999976,2872894.9900000235,111778.4700000036,226573380.4299751
330.0,123.0,218.0,429.0,546719842.9000565,3456014.499999706,51461.00999999668,1606138.2200000337,66768.11999999388,175667220.9199856
416.0,22.0,120.0,542.0,418102861.35005915,4095250.979999503,36106.680000000764,323331.52000000543,29331.619999998376,134228959.35998327
480.0,118.0,91.0,411.0,586459496.050074,3637232.299999715,41734.869999997885,1619594.1000001552,68189.49999999403,188601536.03997213
473.0,17.0,206.0,404.0,408693792.39003253,3384396.5099998144,41628.84999999991,518315.26999998296,40710.18999999677,131459957.1999827
858.0,31.0,162.0,49.0,396618270.3400068,2210104.1600000067,30417.160000000447,440452.16999989364,50792.65999999806,128315466.54997526
529.0,19.0,100.0,452.0,422728622.57004493,3705333.539999612,33750.32000000228,382062.29999998683,35049.94999999836,135962148.9199867
46.0,351.0,435.0,268.0,847150727.9900616,2800359.54000005,86289.02999998763,4438315.990000078,144602.38000001086,272107288.5599959
173.0,309.0,382.0,236.0,779351093.1000444,2651434.1399999545,78068.42999999535,3863270.6799998833,130256.07000001457,250476046.84000236
50.0,283.0,474.0,293.0,709880585.7100343,2748001.690000001,83444.3599999909,3504406.449999976,119454.63000002001,227997026.0300032
51.0,389.0,362.0,298.0,914913372.7600788,2951535.3999999515,84069.05999999339,4819439.22000032,151357.79000000705,293841612.47000915
53.0,400.0,495.0,152.0,845421934.0000424,2349653.9699999467,92394.10999998925,4669242.860000095,153414.96000000185,271680346.63000643
66.0,372.0,470.0,192.0,833913476.3500504,2325434.2099999315,88997.67999999267,4519486.420000038,149145.90000000264,267991215.18001112
215.0,383.0,356.0,146.0,859754733.1300352,2444650.5999999493,80727.89999999333,4475011.679999944,149099.06000000742,276419457.16998786
212.0,278.0,467.0,143.0,654801525.6700366,2303427.5899999593,75947.90999999426,3088897.839999945,113040.7700000114,210576248.74000156
206.0,271.0,342.0,281.0,712781623.9000741,3045497.299999879,70948.66999999415,3166138.7100000097,110586.8800000104,229063078.20998472
237.0,311.0,392.0,160.0,856905154.6100434,2428474.25999995,77214.5299999962,4379642.309999836,146209.43000000555,275548398.06999004
92.0,275.0,72.0,661.0,849419185.7001379,4659345.889999934,60402.929999994885,3526766.3500002176,105480.27000000588,272393874.4799824
519.0,158.0,42.0,381.0,669440202.4000683,3683221.019999831,41264.43000000028,2133329.67000016,81454.10999999644,215263151.7999693
85.0,336.0,66.0,613.0,936545152.2601558,4505355.009999771,63842.94999999322,4178966.000000409,123486.30000001157,300440734.0299992
42.0,126.0,629.0,303.0,425961109.90002906,2678015.0099999616,80568.95999999276,1606169.249999968,71811.29999999772,136767434.59998745
63.0,189.0,49.0,799.0,718450126.7901496,5000111.889999916,53757.68999999268,2476872.319999951,75138.59999999656,230179149.90998074
34.0,133.0,505.0,428.0,485010635.9200775,3345190.6499998034,73718.06999999082,1701691.0699998955,68987.09999999292,155587116.92999354
267.0,81.0,407.0,345.0,416811990.5800325,3047266.699999843,60909.61999999544,1057049.1999998793,54624.19999999389,133916961.57998702
397.0,159.0,32.0,512.0,636232841.4801046,4082727.6699995142,42450.08000000116,1872072.2000000656,70694.05999999266,204388751.7399729
300.0,121.0,458.0,221.0,466063282.55003554,2487248.8700000597,64540.489999997095,1576293.7900001227,73735.01999999995,149985926.90998876
261.0,105.0,398.0,336.0,469141790.56004256,3055328.929999944,62610.319999996005,1420945.2499999902,65142.25999999161,150746899.5499872
224.0,275.0,219.0,382.0,787076532.1900673,3375658.429999881,66537.3699999944,3498735.3700000057,116729.5900000115,252846744.99998248
59.0,327.0,260.0,454.0,823655912.2201021,3712339.8299997966,72558.78999999225,3806292.530000305,119889.56000001257,264345342.03999
220.0,293.0,214.0,373.0,797678101.0900693,3290205.4599998887,66874.85999999412,3617471.2099999827,119899.47000001119,256270001.03998443
233.0,285.0,187.0,395.0,761316742.2200701,3572511.599999921,62714.37999999569,3216483.7400000775,106728.2900000043,244502873.6799757
294.0,360.0,287.0,159.0,876060464.880034,2546571.3699999666,73610.89999999598,4395249.040000029,146740.92000000426,281729757.5899856
299.0,399.0,240.0,162.0,912456065.420047,2628618.270000044,71276.83999999645,4592096.779999904,152109.80000000366,293445200.209987
87.0,483.0,316.0,214.0,1047280139.0500393,2610690.1499999813,88984.99999999064,5837492.1800003825,181200.7699999927,336497509.0999878
79.0,477.0,350.0,194.0,1026393225.5200467,2547808.57999998,90012.1899999913,5753941.4200002365,179853.469999987,329817978.99999154
60.0,361.0,218.0,461.0,925038485.4101082,3887260.4100000323,74887.87999999474,4481748.0500001395,136991.9000000058,296898335.52998513
83.0,506.0,305.0,206.0,1064912596.8800715,2617820.499999857,89107.62999998775,5970418.3800003575,183842.319999992,342168127.0699938
508.0,275.0,187.0,130.0,815967745.9600269,2430774.0899999067,59898.83999999938,3735985.9599997103,130371.81000000385,262629011.32996988
311.0,366.0,250.0,173.0,875743031.2900208,2579497.23000001,70000.28999999704,4328040.659999708,145292.10999999967,281669056.7299837
491.0,302.0,181.0,126.0,800360221.8900251,2493185.499999959,58334.5000000002,3599978.1299997913,127942.57000000736,257642882.1599733
413.0,224.0,357.0,106.0,612232957.8000231,2247346.779999943,64109.13999999859,2543773.229999999,101578.31000001018,197139929.22999457
556.0,301.0,205.0,38.0,824004564.2400157,2095478.1499998847,58488.45000000198,3859809.299999533,137169.54000000004,265379609.65996704
432.0,266.0,373.0,29.0,660036735.0499978,1975812.6799999508,66647.60999999953,2969642.3499998567,115217.170000009,212605971.29998958
262.0,308.0,491.0,39.0,717933444.1000067,1821142.8699998586,81658.71999999478,3703913.609999804,133675.93000001015,231054065.02999318
334.0,448.0,268.0,50.0,1006735242.360009,2039772.5099998296,78624.43999999517,5469316.410000368,178996.90999999066,323891006.66997343
230.0,309.0,433.0,128.0,728636946.2800336,2253702.8899999447,77328.45999999602,3606366.069999884,127215.5700000177,234347590.51000154
252.0,337.0,473.0,38.0,742191560.8000028,1911879.7999999016,82117.21999999559,3846643.2799996403,138067.95000001366,238838888.5700105
125.0,375.0,318.0,282.0,869347488.480069,2852422.460000015,81255.45999999189,4470215.250000045,145382.96000000875,279331884.2899968
289.0,311.0,265.0,235.0,823370637.2000507,2829794.9899999956,67683.85999999614,3871166.109999923,129730.59000001123,264704839.3599811
189.0,1.0,483.0,427.0,284637133.90000224,3218296.5099996603,60133.859999994216,144393.7399999955,30457.5000000035,91353881.95998743
159.0,478.0,103.0,360.0,1086931396.2800777,3418797.809999959,73767.18999999273,5610596.410000576,169326.77000000048,349125701.74999386
132.0,397.0,337.0,234.0,921944633.5400406,2794373.3499999796,82750.23999998985,4870330.970000168,155672.2400000017,296235672.93999094
322.0,1.0,207.0,570.0,380448494.0700406,4125314.5199994664,41227.319999999214,156405.92999999592,24721.95000000099,122050241.62998617
374.0,402.0,86.0,238.0,1006395259.7200714,3105304.660000129,64216.059999997364,4940238.50000038,156113.67000000074,323553449.3299845
431.0,1.0,394.0,274.0,293125234.79000527,2737123.6299999403,52290.939999997114,130765.24999999505,34901.150000002104,94411409.75998677
539.0,1.0,124.0,436.0,388045853.7100411,3633362.3999996935,32789.64000000344,144401.56999999192,29908.01999999858,124869375.27997984
589.0,1.0,136.0,374.0,385127707.78002894,3326648.1699997946,32141.67000000255,165148.0299999757,32917.81999999983,124062182.35997878
240.0,172.0,369.0,319.0,582881728.1400652,3101655.6299998076,64023.259999995986,2189621.470000101,84114.24000000246,187312774.3499889
427.0,135.0,289.0,249.0,527752895.3400356,2875596.6299999016,53119.29999999671,1652297.780000117,74240.62999999714,169865403.89998046
233.0,200.0,358.0,309.0,609112887.4900382,2884191.3999999147,68412.40999999578,2506580.6000000685,94352.1700000073,195767366.93999338
252.0,181.0,332.0,335.0,595270646.8400542,3193569.7499999697,61752.43999999559,2212245.300000107,84073.91000000034,191260813.45999265
300.0,216.0,461.0,123.0,569743412.4000304,2328440.100000021,71789.52999999597,2425759.2500001024,98639.49000000436,183373407.87999183
307.0,263.0,404.0,126.0,694614815.4800344,2329082.6200000155,71720.36999999758,3215231.469999989,117953.71000000833,223480601.99999493
530.0,168.0,306.0,96.0,530864598.570021,2225295.0799999572,54525.57999999856,1819632.0900002888,83503.7600000042,171115816.1399888
493.0,185.0,333.0,89.0,614644247.2100123,2156048.479999943,60807.07999999885,2515789.6400000774,103013.99000001098,198027482.75998482
434.0,163.0,250.0,253.0,590775784.5600312,2773947.3899999275,56170.33999999763,2157799.860000142,87403.1200000065,190121827.18998522
515.0,194.0,298.0,93.0,628506176.4000168,2223651.5799999447,57973.08999999878,2505663.1300001796,102128.85000000501,202504485.6799804
513.0,446.0,96.0,45.0,1068272848.7699889,2231875.2599998727,66082.95000000126,5554904.500000462,181794.47999999096,343807351.9699823
349.0,571.0,122.0,58.0,1223965113.350037,2260496.189999837,77879.83999999618,6813292.180001062,212131.25999999244,393688607.20997775
498.0,465.0,93.0,44.0,1094543968.3500156,2243096.3899999303,66831.97000000102,5737786.410000653,184854.78999999366,352237981.19999385
539.0,469.0,44.0,48.0,1073958834.8100035,2339287.849999985,61418.130000001154,5468702.320000518,176999.3299999907,345665935.50999975
395.0,344.0,74.0,287.0,916529689.4500577,3226066.0299999407,57056.50999999834,4179706.7299998235,135775.16000000364,294667442.9199822
401.0,375.0,33.0,291.0,981554451.2700824,3375415.1899998593,59838.50999999835,4629693.460000149,147423.5600000047,315541441.29998773
265.0,433.0,41.0,361.0,1110574252.8801,3494935.420000131,68631.0599999965,5643140.450000861,171409.8199999969,356800615.1799872
246.0,432.0,86.0,336.0,1029342981.7700673,3305181.9399998975,68180.65999999679,5136469.440000427,159593.71999999825,330771716.69999677
358.0,628.0,55.0,59.0,1346980487.8200233,2430365.9299999145,79878.32999999254,7621914.400001304,231964.28999999643,433170783.5799999
257.0,452.0,40.0,351.0,1070167943.8100494,3516196.109999988,66344.81999999715,5313686.200000799,162707.33000000173,343846221.54001224
301.0,29.0,405.0,365.0,364893458.2000284,3225647.2799997525,55555.049999995004,560480.6299999934,42886.49999999722,117301322.98998363
132.0,35.0,491.0,442.0,323250385.01001626,3147240.86999976,64983.509999994174,519580.39000004274,40301.93999999853,103727228.44998881
247.0,224.0,331.0,298.0,660691750.4800535,2969542.069999916,67227.5199999955,2781726.6499999613,100736.44000001266,212338528.99999925
314.0,30.0,377.0,379.0,355378612.8900317,3310985.769999742,53277.56999999559,454601.62000001513,38576.36999999705,114185575.87998593
290.0,28.0,390.0,392.0,356090571.63001364,3107738.639999876,55867.17999999691,524355.3899999978,42292.48999999923,114474165.42998293
247.0,224.0,296.0,333.0,662592392.3800538,3101253.9399999524,63911.34999999689,2710074.420000071,98029.65000000538,212916567.5699833
132.0,35.0,439.0,494.0,341240523.9200336,3521794.029999628,62602.20999999314,498500.0800000418,37304.089999999225,109419927.7799869
100.0,252.0,373.0,375.0,674062971.6300644,3232687.589999877,73921.68999999364,2970036.9400000772,102991.7100000101,216442769.69000006
108.0,272.0,359.0,361.0,759898128.7400602,3302548.9299999373,73390.58999999531,3513032.91000007,116145.47000001442,244007173.9099944
104.0,261.0,346.0,389.0,697119517.3100809,3302804.5799999484,70723.66999999451,3057143.750000001,103078.89000000569,223790654.55999678
137.0,412.0,309.0,242.0,959107745.1900539,2891217.840000019,80923.37999998956,5055799.580000354,159955.04000000143,308183923.66998714
398.0,300.0,225.0,177.0,819512438.2000529,2600366.8600000483,64492.539999999215,3817722.959999727,131748.59000000925,263662748.27997768
193.0,129.0,436.0,342.0,487545177.2900532,3022400.31999983,65928.75999999426,1635666.0800000455,70651.22999999665,156620309.6399934
147.0,440.0,254.0,259.0,973112419.3800707,3026764.6299999277,80939.93999998868,5091110.140000332,159566.12000000966,312626098.37999517
129.0,387.0,290.0,294.0,953248187.1900578,3012590.6700000097,80399.24999999293,4960691.100000201,156237.63000000227,306225348.44999564
193.0,129.0,336.0,442.0,546874545.8900659,3475407.8899997654,62060.26999999471,1853198.2699999786,71726.88999999891,175540812.04998955
397.0,300.0,174.0,229.0,816121088.930079,3015082.2799999435,61523.01999999708,3679917.989999854,125784.5200000083,262447218.1199733
476.0,80.0,270.0,274.0,457029429.15003735,2924693.7499998766,49505.90999999714,1091908.2799998547,59354.039999993925,147132925.49998176
537.0,90.0,234.0,239.0,490697137.99002844,2849103.209999932,44184.38999999992,1217077.009999946,63863.349999995546,158088696.4899869
505.0,85.0,220.0,290.0,507262731.0200339,3003057.5999999833,45330.08999999918,1309002.6399999948,64934.4799999941,163313436.28997663
92.0,275.0,718.0,15.0,638078389.8100033,1555307.879999935,94952.36999999448,3520347.97999976,129457.61000001848,205286411.22001588
47.0,287.0,750.0,16.0,649752581.2399985,1550066.2799999327,98515.30999999268,3683667.519999721,134885.02000001541,208991457.11001343
116.0,58.0,907.0,19.0,216865633.86999732,1393568.2400000135,88667.29999999808,672548.279999981,58630.42999999799,69996795.66999091
133.0,400.0,545.0,22.0,809446328.1400025,1675593.0199998857,93054.01999998846,4598463.219999963,156706.51999999417,260345524.36002293
80.0,240.0,626.0,154.0,593885563.3400354,2107852.9199999506,87164.00999999512,2956555.8899999885,110936.92000001659,190915225.25000942
146.0,74.0,598.0,282.0,337101395.0800154,2622700.0499998904,70832.859999996,847519.7499999228,52830.599999995735,108341998.5599876
57.0,347.0,473.0,223.0,787106172.2800443,2451527.6600000337,88258.12999999225,4163372.509999833,138817.05000001396,252904224.7000057
50.0,52.0,801.0,197.0,238209482.28999558,2095882.940000048,82571.06999999819,554971.8800000144,48915.02999999859,76585677.93998715
102.0,106.0,858.0,34.0,328386773.7600044,1497679.5799999782,90628.20999999858,1427815.7700000857,76841.82000000481,105787415.17998686
77.0,79.0,641.0,303.0,335507119.5700043,2527386.01999997,76854.8499999945,990608.9699999356,56327.919999994854,107750063.53998815
274.0,385.0,213.0,228.0,1013453196.7900484,2820027.0400000163,75035.15999999653,5258732.80000032,165338.64999999758,325758606.4299801
252.0,395.0,219.0,234.0,910184214.8300729,3034934.23000004,70799.73999999661,4457613.4199999375,145666.09000000596,292576079.76998025
313.0,282.0,244.0,261.0,736677489.2700415,2802258.4699999,64061.09999999748,3255445.939999984,115274.36000001,236892533.8699911
338.0,473.0,8.0,281.0,1120909673.9100454,3290757.9700000095,65777.16999999809,5689796.200000744,173950.3500000041,360260111.97999144
252.0,353.0,196.0,299.0,867191369.3200592,3036036.7799999383,68671.02999999585,4158926.239999964,136403.850000008,278696523.0499896
354.0,318.0,8.0,420.0,897393873.9901178,3810091.0399999116,53911.189999997776,3878040.8199999994,122413.04000000746,288267957.7399857
281.0,440.0,7.0,372.0,1043700370.9900898,3812354.4500000374,62932.389999995314,5010907.0800005505,153265.9600000038,335287248.18999517
262.0,263.0,228.0,347.0,782305812.6500683,3213751.029999937,66011.109999997,3500650.5600000196,117747.94000000959,251389639.61998188
372.0,373.0,10.0,345.0,1009509480.6300839,3585763.5099999355,60123.169999998725,4760974.07000025,148973.81000000294,324421546.2699957
328.0,329.0,9.0,434.0,919955245.0901018,3804972.499999928,55281.03999999876,4061119.630000034,127448.42000000333,295504673.8899829
479.0,70.0,403.0,148.0,426677757.1200212,2393326.5699999565,56863.10999999689,1153277.6099999493,65779.02999999559,137538977.78998277
458.0,72.0,417.0,153.0,420149900.35002095,2401136.8399999756,55286.61999999664,1094052.759999917,63822.86999999598,135444315.0399824
357.0,332.0,301.0,110.0,810908296.1200235,2332051.9499999704,70172.99999999984,3949463.3699996946,137037.63000000382,260918831.97998452
473.0,69.0,412.0,146.0,374114250.420009,2340452.5599999796,56790.78999999821,819461.3899998874,57443.75999999585,120647442.82997961
352.0,51.0,297.0,400.0,438532306.15004814,3430725.849999697,50676.429999995984,877585.7899998459,49846.43999999327,140958554.36998206
279.0,260.0,244.0,317.0,752262475.1000807,3156507.6599998665,66032.67999999561,3323179.7700001025,114660.40000000737,241767449.70998034
331.0,52.0,312.0,405.0,422130116.6100432,3438761.5799997337,50202.469999996734,774068.8499998698,46124.28999999576,135651546.71998146
266.0,267.0,242.0,325.0,729808959.8300573,3069732.2099999166,65084.14999999671,3187895.9500000924,110222.13000000834,234538542.5299886
336.0,336.0,316.0,112.0,827879694.4100182,2262638.6399999466,75343.20999999648,4189574.2299996708,143020.7900000045,266316320.40998957
264.0,264.0,249.0,323.0,773383852.1800565,3023916.3199999323,65920.33999999551,3487234.489999993,118386.98000000932,248575087.47998142
206.0,343.0,130.0,421.0,885344950.4100946,3733874.779999846,65379.549999997624,4048151.9900000896,128591.32000000923,284325315.55998605
176.0,355.0,134.0,435.0,923123308.9400885,3618051.0599999204,67755.69999999517,4375597.450000273,135957.5800000072,296443298.6899933
244.0,203.0,154.0,499.0,666740749.5600756,3733985.9799997914,52134.669999997874,2375546.1200001207,82622.65999999938,214065207.56998488
203.0,339.0,143.0,415.0,894072813.57008,3645026.859999862,65304.5799999958,4129668.830000029,129008.7300000107,287116043.8699918
238.0,398.0,151.0,313.0,1067805486.7100512,3056809.25000022,74679.5899999916,5573358.770000679,172218.21999999793,343133896.4899789
286.0,238.0,201.0,375.0,793084718.8200786,3384858.5099999164,62911.34999999637,3470102.000000044,115080.48000000743,254797102.75997996
202.0,407.0,171.0,320.0,978343578.9501054,3502889.5699999854,73484.48999999127,4864022.500000479,152894.19000000428,314307179.7900061
253.0,254.0,193.0,400.0,734755827.7200928,3657772.3999998076,59355.89999999572,2997480.979999978,100604.73000000743,235970590.57998234
206.0,208.0,175.0,511.0,723447261.5501,3836103.299999746,61083.74999999486,2896309.490000093,97667.31000000694,232250702.05998573
248.0,249.0,211.0,392.0,761298042.1300755,3350829.7799998224,64536.27999999561,3285855.329999992,111088.3800000082,244595932.17998028
183.0,2.0,264.0,651.0,354033708.7200358,4059873.5299994983,47628.01999999637,161357.24000000037,23546.850000001337,113432196.4499867
283.0,2.0,235.0,580.0,364982153.64003944,4078207.0099994703,45300.64999999931,165817.44999999166,25370.090000001208,117059258.1899835
163.0,122.0,235.0,580.0,532377262.72007805,4103502.3399994792,54132.51999999481,1446346.5399998408,57155.72999999105,170749995.20999327
135.0,2.0,480.0,483.0,290103194.3700015,3473093.5499995924,60630.07999999392,133663.7999999885,28214.050000002833,92996774.67998539
186.0,2.0,269.0,643.0,371681208.35004896,4533467.209999491,48178.45999999609,179355.87000000945,21509.010000001726,118971843.18998638
126.0,94.0,445.0,435.0,437173788.4100602,3404336.9799996344,66074.76999999236,1210340.2499998617,56030.31999999141,140264159.78998816
219.0,1.0,445.0,435.0,290658987.5100076,3280438.1699997284,57959.729999994015,134250.3499999905,30338.890000003263,93305769.18998702
259.0,112.0,215.0,514.0,544623469.4400655,3782275.359999681,52504.02999999563,1559906.1999999552,62395.279999991755,174825638.93999124
199.0,86.0,406.0,409.0,431581023.0900468,3413397.8099997314,61734.81999999443,1101289.1899998193,54693.67999999215,138558747.89998564
201.0,87.0,411.0,401.0,440292531.5600491,3351274.599999744,62477.16999999539,1169070.7799998948,56483.829999993206,141363283.09998873
329.0,220.0,378.0,173.0,605328403.4500304,2404972.189999934,65815.46999999658,2499693.360000152,99909.22000000758,194842960.79999197
382.0,205.0,352.0,161.0,631116979.8300235,2406092.8099999935,63407.59999999958,2631161.360000037,101883.58000000777,203125138.89999217
306.0,281.0,352.0,161.0,748566608.2700268,2374562.8599999454,71444.03999999716,3555136.1199998483,126002.0200000112,240824006.19999266
405.0,271.0,210.0,214.0,818147351.6400263,2756833.150000003,60994.099999998856,3709590.319999754,127813.57000000453,263173127.05997396
332.0,223.0,382.0,163.0,647434689.6700345,2485671.689999925,65769.78999999784,2771161.550000122,104913.70000000857,208329996.1499918
376.0,345.0,195.0,184.0,859893910.8200479,2683472.940000014,65359.13999999912,4116199.629999585,139091.12000000293,276596164.4499691
469.0,252.0,195.0,184.0,709615055.770024,2658203.4399999958,55894.83999999913,2898273.120000082,108130.06000000436,228429652.84998083
361.0,265.0,332.0,142.0,744292144.870013,2284133.4399999767,68871.97999999908,3502770.4099997575,125204.19000001032,239517177.77998674
427.0,314.0,178.0,181.0,830818658.4400506,2680610.269999995,62889.07999999928,3837901.2299997443,131847.570000006,267294943.50997785
432.0,318.0,180.0,170.0,874226260.1000417,2660532.3899999233,65525.2399999987,4199436.479999674,140484.16000000288,281193021.9999805
364.0,184.0,82.0,470.0,709523032.0701087,4112774.0699996534,50202.55999999676,2499739.950000112,87492.67000000432,227906008.82997432
445.0,164.0,73.0,418.0,651696904.8600769,3821017.899999719,45321.849999998194,2093528.720000091,78686.09999999744,209475120.73997387
251.0,470.0,56.0,323.0,1078627021.3801177,3635443.9199998393,68857.26999999401,5410373.200000815,164279.3000000018,346513091.82001936
270.0,137.0,345.0,348.0,532852786.50003356,3078752.2799999057,61817.83999999684,1827744.400000036,74559.3999999955,171199175.36999315
560.0,283.0,125.0,132.0,789888115.1400216,2486694.8699999847,53240.559999999416,3432617.3299997617,123262.65000000327,254324373.11996067
251.0,470.0,320.0,59.0,1047572395.9700158,2093086.9799998158,84779.0899999927,5860759.510000695,187674.12999998126,336910413.8299716
445.0,164.0,414.0,77.0,558189400.7200074,2065166.8299999475,62887.70999999811,2202953.950000161,94111.97000000637,179847625.2399938
407.0,556.0,67.0,70.0,1231644433.8100538,2450016.9900000077,73342.73999999482,6748358.990001205,208173.6699999851,396124172.08999103
259.0,355.0,242.0,244.0,870565866.43007,2945265.7599999593,71064.63999999402,4230864.0199998645,139061.8700000109,279842355.0899862
317.0,433.0,295.0,55.0,1004974868.8000222,2193552.889999885,79392.32999999575,5426704.150000328,176916.18999999252,323286616.33998376
1.0,548.0,445.0,106.0,1107789967.0700474,2208881.9999997965,102564.19999998496,6613143.380000414,205794.89999997732,355986745.56997716
121.0,488.0,397.0,94.0,1038166232.2600137,2138794.0599998934,92242.47999999124,5950733.1900001615,187155.40999998507,333728431.8699816
1.0,403.0,562.0,134.0,839297083.3500391,2155955.629999906,97062.43999998884,4765899.260000004,157415.45999999542,269700264.330012
1.0,797.0,148.0,154.0,1542653681.1400542,2576598.0999999857,104128.80999998006,9397948.100001106,272800.7099999859,495632412.62994635
1.0,417.0,339.0,343.0,950465747.2900705,3081559.2699999698,86037.71999999009,5069859.180000355,157210.82000000062,305169072.4699842
1.0,403.0,128.0,568.0,1010432367.3901328,4173694.399999908,74531.18999999147,5001686.120000577,147744.3200000063,324178929.8299972
121.0,488.0,90.0,401.0,1129054221.5401547,3911097.86999989,74508.40999999264,5811347.630000936,172508.9599999982,362538457.3800011
111.0,260.0,363.0,366.0,686718069.8500557,3085999.3699998204,73964.81999999468,3077891.770000123,105380.55000001226,220500548.23000458
225.0,530.0,169.0,176.0,1198122834.430036,2641719.29999999,83212.46999998968,6694228.760000796,205181.0499999915,385147914.1599754
148.0,349.0,111.0,492.0,961114735.5901072,3839985.4699998638,67412.71999999565,4582106.100000389,139869.05000000529,308557107.3400069
