acceleration,deceleration,minGap,lcSpeedGain,lcCooperative,lcPushy,lcStrategic,lcAssertive,PMx
4.035,8.988,1.791,1.563,0.779,0.107,2.155,0.894,26379.74898
5.723,8.988,1.791,1.563,0.779,0.107,2.155,0.894,25908.556581
4.035,8.449,1.791,1.563,0.779,0.107,2.155,0.894,25360.240217
4.035,8.988,1.301,1.563,0.779,0.107,2.155,0.894,25795.593574
4.035,8.988,1.791,5.29,0.779,0.107,2.155,0.894,25119.484554
4.035,8.988,1.791,1.563,0.236,0.107,2.155,0.894,25529.65122
4.035,8.988,1.791,1.563,0.779,0.322,2.155,0.894,26259.182254
4.035,8.988,1.791,1.563,0.779,0.107,3.031,0.894,25940.615077000002
4.035,8.988,1.791,1.563,0.779,0.107,2.155,0.317,25824.821134
4.035,8.449,1.301,5.29,0.236,0.322,3.031,0.317,18058.966335999998
5.723,8.988,1.301,5.29,0.236,0.322,3.031,0.317,17986.365599999997
5.723,8.449,1.791,5.29,0.236,0.322,3.031,0.317,21113.372019000002
5.723,8.449,1.301,1.563,0.236,0.322,3.031,0.317,21301.008973
5.723,8.449,1.301,5.29,0.779,0.322,3.031,0.317,25811.132256999997
5.723,8.449,1.301,5.29,0.236,0.107,3.031,0.317,22942.805569999997
5.723,8.449,1.301,5.29,0.236,0.322,2.155,0.317,17685.847445
5.723,8.449,1.301,5.29,0.236,0.322,3.031,0.894,25169.211323
5.723,8.449,1.301,5.29,0.236,0.322,3.031,0.317,25859.116477
7.035,11.988,0.691,4.213,0.279,0.607,5.105,2.144,26455.093493
8.723,11.988,0.691,4.213,0.279,0.607,5.105,2.144,27132.361355
7.035,11.449,0.691,4.213,0.279,0.607,5.105,2.144,26111.580349999997
7.035,11.988,2.401,4.213,0.279,0.607,5.105,2.144,26759.596027
7.035,11.988,0.691,2.64,0.279,0.607,5.105,2.144,26797.548614
7.035,11.988,0.691,4.213,0.736,0.607,5.105,2.144,25976.813003
7.035,11.988,0.691,4.213,0.279,0.822,5.105,2.144,26731.096733
7.035,11.988,0.691,4.213,0.279,0.607,0.081,2.144,25845.881573
7.035,11.988,0.691,4.213,0.279,0.607,5.105,1.567,20592.341286
7.035,11.449,2.401,2.64,0.736,0.822,0.081,1.567,26209.671485
8.723,11.988,2.401,2.64,0.736,0.822,0.081,1.567,27014.594338
8.723,11.449,0.691,2.64,0.736,0.822,0.081,1.567,26781.163729
8.723,11.449,2.401,4.213,0.736,0.822,0.081,1.567,26942.990863
8.723,11.449,2.401,2.64,0.279,0.822,0.081,1.567,27264.714946
8.723,11.449,2.401,2.64,0.736,0.607,0.081,1.567,26785.603735999997
8.723,11.449,2.401,2.64,0.736,0.822,5.105,1.567,27045.328754
8.723,11.449,2.401,2.64,0.736,0.822,0.081,2.144,27252.079759
8.723,11.449,2.401,2.64,0.736,0.822,0.081,1.567,27222.534288
8.535,7.488,2.341,0.238,0.029,0.857,0.68,1.519,26357.360206
7.223,7.488,2.341,0.238,0.029,0.857,0.68,1.519,24653.94223
8.535,9.949,2.341,0.238,0.029,0.857,0.68,1.519,24250.449550999998
8.535,7.488,1.851,0.238,0.029,0.857,0.68,1.519,27026.901348
8.535,7.488,2.341,1.315,0.029,0.857,0.68,1.519,26798.942619
8.535,7.488,2.341,0.238,0.486,0.857,0.68,1.519,27012.323829
8.535,7.488,2.341,0.238,0.029,0.072,0.68,1.519,23563.918231000003
8.535,7.488,2.341,0.238,0.029,0.857,1.556,1.519,27193.844321
8.535,7.488,2.341,0.238,0.029,0.857,0.68,0.942,18537.461255
8.535,9.949,1.851,1.315,0.486,0.072,1.556,0.942,26978.368973
7.223,7.488,1.851,1.315,0.486,0.072,1.556,0.942,21106.716749
7.223,9.949,2.341,1.315,0.486,0.072,1.556,0.942,24839.898273
7.223,9.949,1.851,0.238,0.486,0.072,1.556,0.942,26740.178400999997
7.223,9.949,1.851,1.315,0.029,0.072,1.556,0.942,26072.543531000003
7.223,9.949,1.851,1.315,0.486,0.857,1.556,0.942,25701.607965000003
7.223,9.949,1.851,1.315,0.486,0.072,0.68,0.942,26194.844538999998
7.223,9.949,1.851,1.315,0.486,0.072,1.556,1.519,26079.643038000002
7.223,9.949,1.851,1.315,0.486,0.072,1.556,0.942,26452.676202000002
5.535,10.488,1.241,2.888,0.529,0.357,3.63,0.269,26228.803235
4.223,10.488,1.241,2.888,0.529,0.357,3.63,0.269,26418.20665
5.535,6.949,1.241,2.888,0.529,0.357,3.63,0.269,26172.631169
5.535,10.488,0.751,2.888,0.529,0.357,3.63,0.269,22826.754905
5.535,10.488,1.241,3.965,0.529,0.357,3.63,0.269,25962.913701999998
5.535,10.488,1.241,2.888,0.986,0.357,3.63,0.269,26045.508197
5.535,10.488,1.241,2.888,0.529,0.572,3.63,0.269,25665.941289000002
5.535,10.488,1.241,2.888,0.529,0.357,4.506,0.269,25986.580560000002
5.535,10.488,1.241,2.888,0.529,0.357,3.63,2.192,26015.056858
5.535,6.949,0.751,3.965,0.986,0.572,4.506,2.192,25131.595461999997
4.223,10.488,0.751,3.965,0.986,0.572,4.506,2.192,25351.605581
4.223,6.949,1.241,3.965,0.986,0.572,4.506,2.192,25367.044766
4.223,6.949,0.751,2.888,0.986,0.572,4.506,2.192,25753.102239
4.223,6.949,0.751,3.965,0.529,0.572,4.506,2.192,25258.533902000003
4.223,6.949,0.751,3.965,0.986,0.357,4.506,2.192,25357.262314000003
4.223,6.949,0.751,3.965,0.986,0.572,3.63,2.192,25318.526487000003
4.223,6.949,0.751,3.965,0.986,0.572,4.506,0.269,23677.854940999998
4.223,6.949,0.751,3.965,0.986,0.572,4.506,2.192,25986.003686999997
6.285,6.738,0.416,3.551,0.654,0.232,1.417,1.831,26315.346992
7.973,6.738,0.416,3.551,0.654,0.232,1.417,1.831,26006.063621
6.285,10.699,0.416,3.551,0.654,0.232,1.417,1.831,26173.034241
6.285,6.738,1.576,3.551,0.654,0.232,1.417,1.831,25616.643212000003
6.285,6.738,0.416,3.302,0.654,0.232,1.417,1.831,25510.682022
6.285,6.738,0.416,3.551,0.361,0.232,1.417,1.831,25614.055096
6.285,6.738,0.416,3.551,0.654,0.947,1.417,1.831,26223.596201
6.285,6.738,0.416,3.551,0.654,0.232,5.243,1.831,25630.292375999998
6.285,6.738,0.416,3.551,0.654,0.232,1.417,1.88,25467.861004
6.285,10.699,1.576,3.302,0.361,0.947,5.243,1.88,26299.209477
7.973,6.738,1.576,3.302,0.361,0.947,5.243,1.88,26240.435401000002
7.973,10.699,0.416,3.302,0.361,0.947,5.243,1.88,26296.866756
7.973,10.699,1.576,3.551,0.361,0.947,5.243,1.88,26532.102301
7.973,10.699,1.576,3.302,0.654,0.947,5.243,1.88,26861.260543
7.973,10.699,1.576,3.302,0.361,0.232,5.243,1.88,26241.289409
7.973,10.699,1.576,3.302,0.361,0.947,1.417,1.88,26661.47433
7.973,10.699,1.576,3.302,0.361,0.947,5.243,1.831,27075.209837000002
7.973,10.699,1.576,3.302,0.361,0.947,5.243,1.88,27205.307008
9.285,9.738,1.516,0.901,0.154,0.732,4.367,0.581,21545.604957
4.973,9.738,1.516,0.901,0.154,0.732,4.367,0.581,20142.129892999998
9.285,7.699,1.516,0.901,0.154,0.732,4.367,0.581,21280.05616
9.285,9.738,0.476,0.901,0.154,0.732,4.367,0.581,26193.462068
9.285,9.738,1.516,0.652,0.154,0.732,4.367,0.581,22637.610328000002
9.285,9.738,1.516,0.901,0.861,0.732,4.367,0.581,27173.382079
9.285,9.738,1.516,0.901,0.154,0.447,4.367,0.581,25477.485189
9.285,9.738,1.516,0.901,0.154,0.732,2.293,0.581,27214.537405
9.285,9.738,1.516,0.901,0.154,0.732,4.367,0.63,27271.689324
9.285,7.699,0.476,0.652,0.861,0.447,2.293,0.63,26474.630731999998
4.973,9.738,0.476,0.652,0.861,0.447,2.293,0.63,25053.26035
4.973,7.699,1.516,0.652,0.861,0.447,2.293,0.63,26039.099659
4.973,7.699,0.476,0.901,0.861,0.447,2.293,0.63,23644.258531000003
4.973,7.699,0.476,0.652,0.154,0.447,2.293,0.63,25762.393640000002
4.973,7.699,0.476,0.652,0.861,0.732,2.293,0.63,25911.737058
4.973,7.699,0.476,0.652,0.861,0.447,4.367,0.63,26248.556443999998
4.973,7.699,0.476,0.652,0.861,0.447,2.293,0.581,25540.614827999998
4.973,7.699,0.476,0.652,0.861,0.447,2.293,0.63,25098.69421
7.785,8.238,0.966,4.876,0.404,0.982,2.892,1.206,26527.192986000002
6.473,8.238,0.966,4.876,0.404,0.982,2.892,1.206,26375.843639
7.785,6.199,0.966,4.876,0.404,0.982,2.892,1.206,25358.689404
7.785,8.238,1.026,4.876,0.404,0.982,2.892,1.206,24794.429024
7.785,8.238,0.966,1.977,0.404,0.982,2.892,1.206,25768.338993999998
7.785,8.238,0.966,4.876,0.111,0.982,2.892,1.206,26766.343708
7.785,8.238,0.966,4.876,0.404,0.697,2.892,1.206,20184.215458000002
7.785,8.238,0.966,4.876,0.404,0.982,0.818,1.206,26582.617686999998
7.785,8.238,0.966,4.876,0.404,0.982,2.892,1.255,26684.04177
7.785,6.199,1.026,1.977,0.111,0.697,0.818,1.255,26028.626325999998
6.473,8.238,1.026,1.977,0.111,0.697,0.818,1.255,25186.841119
6.473,6.199,0.966,1.977,0.111,0.697,0.818,1.255,24810.675988
6.473,6.199,1.026,4.876,0.111,0.697,0.818,1.255,24983.663771
6.473,6.199,1.026,1.977,0.404,0.697,0.818,1.255,25775.840737
6.473,6.199,1.026,1.977,0.111,0.982,0.818,1.255,26309.509112
6.473,6.199,1.026,1.977,0.111,0.697,2.892,1.255,25129.375705
6.473,6.199,1.026,1.977,0.111,0.697,0.818,1.206,19175.541634
6.473,6.199,1.026,1.977,0.111,0.697,0.818,1.255,18002.341577
4.785,11.238,2.066,2.226,0.904,0.482,5.842,2.456,25810.947488
9.473,11.238,2.066,2.226,0.904,0.482,5.842,2.456,27222.275643
4.785,9.199,2.066,2.226,0.904,0.482,5.842,2.456,25318.458246
4.785,11.238,2.126,2.226,0.904,0.482,5.842,2.456,26195.015791
4.785,11.238,2.066,4.627,0.904,0.482,5.842,2.456,25638.829117
4.785,11.238,2.066,2.226,0.611,0.482,5.842,2.456,25452.18802
4.785,11.238,2.066,2.226,0.904,0.197,5.842,2.456,26075.714678
4.785,11.238,2.066,2.226,0.904,0.482,3.768,2.456,26127.850446
4.785,11.238,2.066,2.226,0.904,0.482,5.842,0.005,26046.062873
4.785,9.199,2.126,4.627,0.611,0.197,3.768,0.005,25677.75403
9.473,11.238,2.126,4.627,0.611,0.197,3.768,0.005,27384.46167
9.473,9.199,2.066,4.627,0.611,0.197,3.768,0.005,27934.142405
9.473,9.199,2.126,2.226,0.611,0.197,3.768,0.005,27366.357303
9.473,9.199,2.126,4.627,0.904,0.197,3.768,0.005,27635.357288
9.473,9.199,2.126,4.627,0.611,0.482,3.768,0.005,27168.791455
9.473,9.199,2.126,4.627,0.611,0.197,5.842,0.005,27363.899986
9.473,9.199,2.126,4.627,0.611,0.197,3.768,2.456,26570.155329999998
9.473,9.199,2.126,4.627,0.611,0.197,3.768,0.005,27850.321841
5.16,7.113,1.104,1.232,0.342,0.295,1.049,1.675,25913.979369
8.348,7.113,1.104,1.232,0.342,0.295,1.049,1.675,26501.161418
5.16,7.324,1.104,1.232,0.342,0.295,1.049,1.675,25753.222155
5.16,7.113,1.989,1.232,0.342,0.295,1.049,1.675,25864.514413
5.16,7.113,1.104,4.958,0.342,0.295,1.049,1.675,26092.120345
5.16,7.113,1.104,1.232,0.799,0.295,1.049,1.675,25495.197705
5.16,7.113,1.104,1.232,0.342,0.635,1.049,1.675,25321.100305
5.16,7.113,1.104,1.232,0.342,0.295,1.924,1.675,25470.565382
5.16,7.113,1.104,1.232,0.342,0.295,1.049,2.036,26133.741657
5.16,7.324,1.989,4.958,0.799,0.635,1.924,2.036,25301.496758
8.348,7.113,1.989,4.958,0.799,0.635,1.924,2.036,27027.693350999998
8.348,7.324,1.104,4.958,0.799,0.635,1.924,2.036,26184.927569
8.348,7.324,1.989,1.232,0.799,0.635,1.924,2.036,25115.026111
8.348,7.324,1.989,4.958,0.342,0.635,1.924,2.036,26747.858263000002
8.348,7.324,1.989,4.958,0.799,0.295,1.924,2.036,26480.161258
8.348,7.324,1.989,4.958,0.799,0.635,1.049,2.036,26821.451642
8.348,7.324,1.989,4.958,0.799,0.635,1.924,1.675,26677.021303
8.348,7.324,1.989,4.958,0.799,0.635,1.924,2.036,26174.582413
8.16,10.113,2.204,3.882,0.842,0.795,3.999,0.425,26904.958077
5.348,10.113,2.204,3.882,0.842,0.795,3.999,0.425,25760.442559000003
8.16,10.324,2.204,3.882,0.842,0.795,3.999,0.425,26228.526515999998
8.16,10.113,0.889,3.882,0.842,0.795,3.999,0.425,27011.373652000002
8.16,10.113,2.204,2.308,0.842,0.795,3.999,0.425,27621.943663
8.16,10.113,2.204,3.882,0.299,0.795,3.999,0.425,26304.152542
8.16,10.113,2.204,3.882,0.842,0.135,3.999,0.425,26929.441817
8.16,10.113,2.204,3.882,0.842,0.795,4.874,0.425,26457.723595
8.16,10.113,2.204,3.882,0.842,0.795,3.999,0.786,26491.593835
8.16,10.324,0.889,2.308,0.299,0.135,4.874,0.786,26572.234092
5.348,10.113,0.889,2.308,0.299,0.135,4.874,0.786,22582.219632
5.348,10.324,2.204,2.308,0.299,0.135,4.874,0.786,25976.887579
5.348,10.324,0.889,3.882,0.299,0.135,4.874,0.786,19858.833120000003
5.348,10.324,0.889,2.308,0.842,0.135,4.874,0.786,25825.773656999998
5.348,10.324,0.889,2.308,0.299,0.795,4.874,0.786,23012.340968999997
5.348,10.324,0.889,2.308,0.299,0.135,3.999,0.786,25697.767942
5.348,10.324,0.889,2.308,0.299,0.135,4.874,0.425,26556.935647000002
5.348,10.324,0.889,2.308,0.299,0.135,4.874,0.786,26010.123713
9.66,8.613,0.554,2.557,0.592,0.545,2.524,1.05,27402.1587
6.848,8.613,0.554,2.557,0.592,0.545,2.524,1.05,25270.659784
9.66,11.824,0.554,2.557,0.592,0.545,2.524,1.05,26913.30611
9.66,8.613,0.339,2.557,0.592,0.545,2.524,1.05,27097.145773
9.66,8.613,0.554,0.983,0.592,0.545,2.524,1.05,27188.841214
9.66,8.613,0.554,2.557,0.549,0.545,2.524,1.05,27275.228856
9.66,8.613,0.554,2.557,0.592,0.885,2.524,1.05,26638.371619999998
9.66,8.613,0.554,2.557,0.592,0.545,3.399,1.05,21856.371610000002
9.66,8.613,0.554,2.557,0.592,0.545,2.524,1.411,26801.566064
9.66,11.824,0.339,0.983,0.549,0.885,3.399,1.411,26817.024473999998
6.848,8.613,0.339,0.983,0.549,0.885,3.399,1.411,26348.747159
6.848,11.824,0.554,0.983,0.549,0.885,3.399,1.411,21890.777627
6.848,11.824,0.339,2.557,0.549,0.885,3.399,1.411,26618.399735
6.848,11.824,0.339,0.983,0.592,0.885,3.399,1.411,25738.637410000003
6.848,11.824,0.339,0.983,0.549,0.545,3.399,1.411,25948.127561
6.848,11.824,0.339,0.983,0.549,0.885,2.524,1.411,21839.061297
6.848,11.824,0.339,0.983,0.549,0.885,3.399,1.05,25841.785645
6.848,11.824,0.339,0.983,0.549,0.885,3.399,1.411,25943.160145
6.66,11.613,1.654,5.207,0.092,0.045,5.474,2.3,26153.253101000002
9.848,11.613,1.654,5.207,0.092,0.045,5.474,2.3,27421.213165
6.66,8.824,1.654,5.207,0.092,0.045,5.474,2.3,26347.845508
6.66,11.613,1.439,5.207,0.092,0.045,5.474,2.3,25692.474011000002
6.66,11.613,1.654,3.633,0.092,0.045,5.474,2.3,26242.22897
6.66,11.613,1.654,5.207,0.049,0.045,5.474,2.3,19249.785976
6.66,11.613,1.654,5.207,0.092,0.385,5.474,2.3,25897.753483
6.66,11.613,1.654,5.207,0.092,0.045,0.449,2.3,26521.314691
6.66,11.613,1.654,5.207,0.092,0.045,5.474,0.161,17640.600139
6.66,8.824,1.439,3.633,0.049,0.385,0.449,0.161,18074.541909
9.848,11.613,1.439,3.633,0.049,0.385,0.449,0.161,27702.533158
9.848,8.824,1.654,3.633,0.049,0.385,0.449,0.161,18997.798978000003
9.848,8.824,1.439,5.207,0.049,0.385,0.449,0.161,19913.141362000002
9.848,8.824,1.439,3.633,0.092,0.385,0.449,0.161,19443.217206
9.848,8.824,1.439,3.633,0.049,0.045,0.449,0.161,22141.563353999998
9.848,8.824,1.439,3.633,0.049,0.385,5.474,0.161,27344.21621
9.848,8.824,1.439,3.633,0.049,0.385,0.449,2.3,27176.814762
9.848,8.824,1.439,3.633,0.049,0.385,0.449,0.161,17535.312597
5.91,7.863,2.479,4.544,0.217,0.42,1.786,0.737,17217.433615
6.098,7.863,2.479,4.544,0.217,0.42,1.786,0.737,23367.482182
5.91,9.574,2.479,4.544,0.217,0.42,1.786,0.737,21730.861012
5.91,7.863,0.614,4.544,0.217,0.42,1.786,0.737,20600.047413
5.91,7.863,2.479,2.971,0.217,0.42,1.786,0.737,18067.257487
5.91,7.863,2.479,4.544,0.674,0.42,1.786,0.737,26205.588037
5.91,7.863,2.479,4.544,0.217,0.01,1.786,0.737,25170.519814000003
5.91,7.863,2.479,4.544,0.217,0.42,1.187,0.737,25906.477869000002
5.91,7.863,2.479,4.544,0.217,0.42,1.786,0.474,17096.457939
5.91,9.574,0.614,2.971,0.674,0.01,1.187,0.474,25424.923371999997
6.098,7.863,0.614,2.971,0.674,0.01,1.187,0.474,25617.955111000003
6.098,9.574,2.479,2.971,0.674,0.01,1.187,0.474,26272.4899
6.098,9.574,0.614,4.544,0.674,0.01,1.187,0.474,25914.045041
6.098,9.574,0.614,2.971,0.217,0.01,1.187,0.474,17276.097465000003
6.098,9.574,0.614,2.971,0.674,0.42,1.187,0.474,25462.309414
6.098,9.574,0.614,2.971,0.674,0.01,1.786,0.474,25525.720941
6.098,9.574,0.614,2.971,0.674,0.01,1.187,0.737,26234.671617
6.098,9.574,0.614,2.971,0.674,0.01,1.187,0.474,26060.394897
8.91,10.863,1.379,1.894,0.717,0.92,4.736,1.987,27072.066389
9.098,10.863,1.379,1.894,0.717,0.92,4.736,1.987,27453.959298
8.91,6.574,1.379,1.894,0.717,0.92,4.736,1.987,26091.450194999998
8.91,10.863,1.714,1.894,0.717,0.92,4.736,1.987,26909.79133
8.91,10.863,1.379,0.321,0.717,0.92,4.736,1.987,27254.564255
8.91,10.863,1.379,1.894,0.174,0.92,4.736,1.987,26911.121406000002
8.91,10.863,1.379,1.894,0.717,0.51,4.736,1.987,27125.82825
8.91,10.863,1.379,1.894,0.717,0.92,4.137,1.987,27238.188557
8.91,10.863,1.379,1.894,0.717,0.92,4.736,1.724,26501.542937
8.91,6.574,1.714,0.321,0.174,0.51,4.137,1.724,27329.467196999998
9.098,10.863,1.714,0.321,0.174,0.51,4.137,1.724,21670.277308
9.098,6.574,1.379,0.321,0.174,0.51,4.137,1.724,26685.555047
9.098,6.574,1.714,1.894,0.174,0.51,4.137,1.724,26981.092108
9.098,6.574,1.714,0.321,0.717,0.51,4.137,1.724,26905.860301
9.098,6.574,1.714,0.321,0.174,0.92,4.137,1.724,27293.25337
9.098,6.574,1.714,0.321,0.174,0.51,4.736,1.724,27108.178981
9.098,6.574,1.714,0.321,0.174,0.51,4.137,1.987,26869.240581
9.098,6.574,1.714,0.321,0.174,0.51,4.137,1.724,26972.279892
7.41,6.363,1.929,3.219,0.967,0.67,0.311,1.362,26602.1181
7.598,6.363,1.929,3.219,0.967,0.67,0.311,1.362,26306.905583
7.41,8.074,1.929,3.219,0.967,0.67,0.311,1.362,26648.484181
7.41,6.363,2.264,3.219,0.967,0.67,0.311,1.362,26911.391765
7.41,6.363,1.929,1.646,0.967,0.67,0.311,1.362,26360.983937
7.41,6.363,1.929,3.219,0.924,0.67,0.311,1.362,26404.815419000002
7.41,6.363,1.929,3.219,0.967,0.26,0.311,1.362,26081.046992999996
7.41,6.363,1.929,3.219,0.967,0.67,5.612,1.362,26608.301149
7.41,6.363,1.929,3.219,0.967,0.67,0.311,1.099,25436.820720000003
7.41,8.074,2.264,1.646,0.924,0.26,5.612,1.099,26310.846801
7.598,6.363,2.264,1.646,0.924,0.26,5.612,1.099,23597.092468
7.598,8.074,1.929,1.646,0.924,0.26,5.612,1.099,26287.920194
7.598,8.074,2.264,3.219,0.924,0.26,5.612,1.099,26348.972370000003
7.598,8.074,2.264,1.646,0.967,0.26,5.612,1.099,26397.766218
7.598,8.074,2.264,1.646,0.924,0.67,5.612,1.099,26317.400767
7.598,8.074,2.264,1.646,0.924,0.26,0.311,1.099,26858.364966
7.598,8.074,2.264,1.646,0.924,0.26,5.612,1.362,26461.467076
7.598,8.074,2.264,1.646,0.924,0.26,5.612,1.099,26673.542045000002
4.41,9.363,0.829,0.569,0.467,0.17,3.261,0.112,25879.120156
4.598,9.363,0.829,0.569,0.467,0.17,3.261,0.112,25885.027038
4.41,11.074,0.829,0.569,0.467,0.17,3.261,0.112,20352.335026
4.41,9.363,1.164,0.569,0.467,0.17,3.261,0.112,17995.196381
4.41,9.363,0.829,4.296,0.467,0.17,3.261,0.112,25895.795089
4.41,9.363,0.829,0.569,0.424,0.17,3.261,0.112,25501.88841
4.41,9.363,0.829,0.569,0.467,0.76,3.261,0.112,19407.063543
4.41,9.363,0.829,0.569,0.467,0.17,2.662,0.112,20088.320268000003
4.41,9.363,0.829,0.569,0.467,0.17,3.261,2.349,25959.233914
4.41,11.074,1.164,4.296,0.424,0.76,2.662,2.349,26414.007816999998
4.598,9.363,1.164,4.296,0.424,0.76,2.662,2.349,25852.080392999997
4.598,11.074,0.829,4.296,0.424,0.76,2.662,2.349,25516.267984
4.598,11.074,1.164,0.569,0.424,0.76,2.662,2.349,19845.404097
4.598,11.074,1.164,4.296,0.467,0.76,2.662,2.349,25820.668539000002
4.598,11.074,1.164,4.296,0.424,0.17,2.662,2.349,26311.216377
4.598,11.074,1.164,4.296,0.424,0.76,3.261,2.349,25749.834279000002
4.598,11.074,1.164,4.296,0.424,0.76,2.662,0.112,17896.92974
4.598,11.074,1.164,4.296,0.424,0.76,2.662,2.349,25484.965449000003
4.598,6.176,2.135,4.71,0.561,0.889,4.921,1.284,25314.532961
5.16,6.176,2.135,4.71,0.561,0.889,4.921,1.284,25195.679638
4.598,7.512,2.135,4.71,0.561,0.889,4.921,1.284,25763.681945000004
4.598,6.176,1.232,4.71,0.561,0.889,4.921,1.284,24676.569287
4.598,6.176,2.135,3.137,0.561,0.889,4.921,1.284,24390.435879
4.598,6.176,2.135,4.71,0.58,0.889,4.921,1.284,25231.892343
4.598,6.176,2.135,4.71,0.561,0.979,4.921,1.284,25873.463232
4.598,6.176,2.135,4.71,0.561,0.889,5.059,1.284,25510.933383000003
4.598,6.176,2.135,4.71,0.561,0.889,4.921,0.396,25450.523465000002
4.598,7.512,1.232,3.137,0.58,0.979,5.059,0.396,25503.474648
5.16,6.176,1.232,3.137,0.58,0.979,5.059,0.396,17280.730116
5.16,7.512,2.135,3.137,0.58,0.979,5.059,0.396,16892.318603
5.16,7.512,1.232,4.71,0.58,0.979,5.059,0.396,26107.861854000002
5.16,7.512,1.232,3.137,0.561,0.979,5.059,0.396,24198.470483
5.16,7.512,1.232,3.137,0.58,0.889,5.059,0.396,24841.488361999996
5.16,7.512,1.232,3.137,0.58,0.979,4.921,0.396,24527.252387
5.16,7.512,1.232,3.137,0.58,0.979,5.059,1.284,25061.79188
5.16,7.512,1.232,3.137,0.58,0.979,5.059,0.396,25574.256032
7.598,9.176,1.035,2.06,0.061,0.389,1.971,0.034,26980.961227999996
8.16,9.176,1.035,2.06,0.061,0.389,1.971,0.034,20479.28649
7.598,10.512,1.035,2.06,0.061,0.389,1.971,0.034,26692.266024
7.598,9.176,2.332,2.06,0.061,0.389,1.971,0.034,26867.559517
7.598,9.176,1.035,0.487,0.061,0.389,1.971,0.034,27111.555457000002
7.598,9.176,1.035,2.06,0.08,0.389,1.971,0.034,26328.976027999997
7.598,9.176,1.035,2.06,0.061,0.479,1.971,0.034,26588.545929
7.598,9.176,1.035,2.06,0.061,0.389,2.109,0.034,26386.167460999997
7.598,9.176,1.035,2.06,0.061,0.389,1.971,1.646,18446.69572
7.598,10.512,2.332,0.487,0.08,0.479,2.109,1.646,26676.975512999998
8.16,9.176,2.332,0.487,0.08,0.479,2.109,1.646,26764.647357
8.16,10.512,1.035,0.487,0.08,0.479,2.109,1.646,26625.308963000003
8.16,10.512,2.332,2.06,0.08,0.479,2.109,1.646,19012.934147
8.16,10.512,2.332,0.487,0.061,0.479,2.109,1.646,26714.845888
8.16,10.512,2.332,0.487,0.08,0.389,2.109,1.646,26792.456906
8.16,10.512,2.332,0.487,0.08,0.479,1.971,1.646,26318.428151
8.16,10.512,2.332,0.487,0.08,0.479,2.109,0.034,19018.493432
8.16,10.512,2.332,0.487,0.08,0.479,2.109,1.646,20154.400689000002
9.098,7.676,1.585,3.385,0.311,0.139,3.446,0.659,26502.66126
9.66,7.676,1.585,3.385,0.311,0.139,3.446,0.659,27160.275220000003
9.098,9.012,1.585,3.385,0.311,0.139,3.446,0.659,26847.907257
9.098,7.676,1.782,3.385,0.311,0.139,3.446,0.659,27337.489448000004
9.098,7.676,1.585,1.812,0.311,0.139,3.446,0.659,26671.703309
9.098,7.676,1.585,3.385,0.83,0.139,3.446,0.659,27093.735006
9.098,7.676,1.585,3.385,0.311,0.729,3.446,0.659,27223.289914
9.098,7.676,1.585,3.385,0.311,0.139,0.634,0.659,26381.133243
9.098,7.676,1.585,3.385,0.311,0.139,3.446,1.021,27019.861434
9.098,9.012,1.782,1.812,0.83,0.729,0.634,1.021,26888.431274000002
9.66,7.676,1.782,1.812,0.83,0.729,0.634,1.021,27158.437694
9.66,9.012,1.585,1.812,0.83,0.729,0.634,1.021,26518.516119
9.66,9.012,1.782,3.385,0.83,0.729,0.634,1.021,27410.375439
9.66,9.012,1.782,1.812,0.311,0.729,0.634,1.021,22027.994327
9.66,9.012,1.782,1.812,0.83,0.139,0.634,1.021,27243.276611
9.66,9.012,1.782,1.812,0.83,0.729,3.446,1.021,26955.357755999998
9.66,9.012,1.782,1.812,0.83,0.729,0.634,0.659,26604.087007
9.66,9.012,1.782,1.812,0.83,0.729,0.634,1.021,27483.593153
6.098,10.676,0.485,0.735,0.811,0.639,0.496,1.909,25657.812152000002
6.66,10.676,0.485,0.735,0.811,0.639,0.496,1.909,26889.359088
6.098,6.012,0.485,0.735,0.811,0.639,0.496,1.909,25990.996079
6.098,10.676,0.682,0.735,0.811,0.639,0.496,1.909,25875.476598
6.098,10.676,0.485,4.462,0.811,0.639,0.496,1.909,26213.560115
6.098,10.676,0.485,0.735,0.33,0.639,0.496,1.909,26177.564503
6.098,10.676,0.485,0.735,0.811,0.229,0.496,1.909,26147.463737
6.098,10.676,0.485,0.735,0.811,0.639,3.584,1.909,25965.859468000002
6.098,10.676,0.485,0.735,0.811,0.639,0.496,2.271,25678.362823000003
6.098,6.012,0.682,4.462,0.33,0.229,3.584,2.271,25883.802597
6.66,10.676,0.682,4.462,0.33,0.229,3.584,2.271,26190.160171999996
6.66,6.012,0.485,4.462,0.33,0.229,3.584,2.271,25710.975269
6.66,6.012,0.682,0.735,0.33,0.229,3.584,2.271,24049.422808
6.66,6.012,0.682,4.462,0.811,0.229,3.584,2.271,26205.325127999997
6.66,6.012,0.682,4.462,0.33,0.639,3.584,2.271,26070.289873
6.66,6.012,0.682,4.462,0.33,0.229,0.496,2.271,26020.834848
6.66,6.012,0.682,4.462,0.33,0.229,3.584,1.909,25268.301637
6.66,6.012,0.682,4.462,0.33,0.229,3.584,2.271,26142.469329
6.848,8.426,1.31,0.072,0.936,0.764,4.183,0.972,26521.169914
8.91,8.426,1.31,0.072,0.936,0.764,4.183,0.972,26987.162062
6.848,11.262,1.31,0.072,0.936,0.764,4.183,0.972,25710.748325
6.848,8.426,1.507,0.072,0.936,0.764,4.183,0.972,26689.166607
6.848,8.426,1.31,5.124,0.936,0.764,4.183,0.972,18101.194369
6.848,8.426,1.31,0.072,0.955,0.764,4.183,0.972,26396.81653
6.848,8.426,1.31,0.072,0.936,0.354,4.183,0.972,27336.825293
6.848,8.426,1.31,0.072,0.936,0.764,4.321,0.972,26287.815658
6.848,8.426,1.31,0.072,0.936,0.764,4.183,1.958,27023.652508
6.848,11.262,1.507,5.124,0.955,0.354,4.321,1.958,25381.047113
8.91,8.426,1.507,5.124,0.955,0.354,4.321,1.958,27117.519391
8.91,11.262,1.31,5.124,0.955,0.354,4.321,1.958,21444.739194
8.91,11.262,1.507,0.072,0.955,0.354,4.321,1.958,27737.991452000002
8.91,11.262,1.507,5.124,0.936,0.354,4.321,1.958,26403.659278
8.91,11.262,1.507,5.124,0.955,0.764,4.321,1.958,26911.248178
8.91,11.262,1.507,5.124,0.955,0.354,4.183,1.958,26874.568
8.91,11.262,1.507,5.124,0.955,0.354,4.321,0.972,26283.551828
8.91,11.262,1.507,5.124,0.955,0.354,4.321,1.958,26970.138124999998
9.848,11.426,2.41,2.722,0.436,0.264,1.233,2.222,20966.679238
5.91,11.426,2.41,2.722,0.436,0.264,1.233,2.222,25843.940326999997
9.848,8.262,2.41,2.722,0.436,0.264,1.233,2.222,27984.899469
9.848,11.426,0.407,2.722,0.436,0.264,1.233,2.222,27519.460961
9.848,11.426,2.41,2.474,0.436,0.264,1.233,2.222,20171.479842
9.848,11.426,2.41,2.722,0.455,0.264,1.233,2.222,27854.342382999996
9.848,11.426,2.41,2.722,0.436,0.854,1.233,2.222,26632.412307
9.848,11.426,2.41,2.722,0.436,0.264,1.371,2.222,27930.394013999998
9.848,11.426,2.41,2.722,0.436,0.264,1.233,0.708,27972.394
9.848,8.262,0.407,2.474,0.455,0.854,1.371,0.708,23221.747299000002
5.91,11.426,0.407,2.474,0.455,0.854,1.371,0.708,26049.324868
5.91,8.262,2.41,2.474,0.455,0.854,1.371,0.708,25537.699012000005
5.91,8.262,0.407,2.722,0.455,0.854,1.371,0.708,26065.046686
5.91,8.262,0.407,2.474,0.436,0.854,1.371,0.708,26200.190433
5.91,8.262,0.407,2.474,0.455,0.264,1.371,0.708,25855.290284
5.91,8.262,0.407,2.474,0.455,0.854,1.233,0.708,25194.859467
5.91,8.262,0.407,2.474,0.455,0.854,1.371,2.222,25185.623143
5.91,8.262,0.407,2.474,0.455,0.854,1.371,0.708,25715.846849999998
8.348,6.926,0.76,1.397,0.186,0.014,5.658,1.597,26711.633084
4.41,6.926,0.76,1.397,0.186,0.014,5.658,1.597,25489.172638
8.348,6.762,0.76,1.397,0.186,0.014,5.658,1.597,26461.795368
8.348,6.926,0.957,1.397,0.186,0.014,5.658,1.597,26572.267004
8.348,6.926,0.76,1.149,0.186,0.014,5.658,1.597,26373.823292
8.348,6.926,0.76,1.397,0.705,0.014,5.658,1.597,26202.888708
8.348,6.926,0.76,1.397,0.186,0.104,5.658,1.597,26677.533339999998
8.348,6.926,0.76,1.397,0.186,0.014,2.846,1.597,26793.383526999998
8.348,6.926,0.76,1.397,0.186,0.014,5.658,1.333,21497.050111
8.348,6.762,0.957,1.149,0.705,0.104,2.846,1.333,26409.515049
4.41,6.926,0.957,1.149,0.705,0.104,2.846,1.333,25272.899855
4.41,6.762,0.76,1.149,0.705,0.104,2.846,1.333,25695.640283
4.41,6.762,0.957,1.397,0.705,0.104,2.846,1.333,25621.718359
4.41,6.762,0.957,1.149,0.186,0.104,2.846,1.333,24589.216527
4.41,6.762,0.957,1.149,0.705,0.014,2.846,1.333,19125.983098999997
4.41,6.762,0.957,1.149,0.705,0.104,5.658,1.333,25778.062225
4.41,6.762,0.957,1.149,0.705,0.104,2.846,1.597,18391.599919
4.41,6.762,0.957,1.149,0.705,0.104,2.846,1.333,18836.925006999998
5.348,9.926,1.86,4.047,0.686,0.514,2.708,0.347,25513.604708
7.41,9.926,1.86,4.047,0.686,0.514,2.708,0.347,26604.138997000002
5.348,9.762,1.86,4.047,0.686,0.514,2.708,0.347,25045.802040000002
5.348,9.926,2.057,4.047,0.686,0.514,2.708,0.347,25872.935838
5.348,9.926,1.86,3.799,0.686,0.514,2.708,0.347,25773.953841
5.348,9.926,1.86,4.047,0.205,0.514,2.708,0.347,20537.97707
5.348,9.926,1.86,4.047,0.686,0.604,2.708,0.347,17766.823663000003
5.348,9.926,1.86,4.047,0.686,0.514,5.796,0.347,25613.133752
5.348,9.926,1.86,4.047,0.686,0.514,2.708,0.083,24763.718592999998
5.348,9.762,2.057,3.799,0.205,0.604,5.796,0.083,26060.053667
7.41,9.926,2.057,3.799,0.205,0.604,5.796,0.083,17715.870554
7.41,9.762,1.86,3.799,0.205,0.604,5.796,0.083,20393.282533
7.41,9.762,2.057,4.047,0.205,0.604,5.796,0.083,25612.341873999998
7.41,9.762,2.057,3.799,0.686,0.604,5.796,0.083,18088.227044
7.41,9.762,2.057,3.799,0.205,0.514,5.796,0.083,18254.569831
7.41,9.762,2.057,3.799,0.205,0.604,2.708,0.083,23082.604098
7.41,9.762,2.057,3.799,0.205,0.604,5.796,0.347,23485.508297
7.41,9.762,2.057,3.799,0.205,0.604,5.796,0.083,17912.576263000003
4.973,8.051,0.622,3.054,0.123,0.701,3.814,1.128,25802.930734
8.535,8.051,0.622,3.054,0.123,0.701,3.814,1.128,26708.792871999998
4.973,6.387,0.622,3.054,0.123,0.701,3.814,1.128,25524.284223
4.973,8.051,2.195,3.054,0.123,0.701,3.814,1.128,25375.2906
4.973,8.051,0.622,2.805,0.123,0.701,3.814,1.128,25275.70186
4.973,8.051,0.622,3.054,0.393,0.701,3.814,1.128,25281.502422
4.973,8.051,0.622,3.054,0.123,0.041,3.814,1.128,24424.817244
4.973,8.051,0.622,3.054,0.123,0.701,0.265,1.128,17129.369002
4.973,8.051,0.622,3.054,0.123,0.701,3.814,2.114,25877.377442999998
4.973,6.387,2.195,2.805,0.393,0.041,0.265,2.114,25800.839529000004
8.535,8.051,2.195,2.805,0.393,0.041,0.265,2.114,26515.204024
8.535,6.387,0.622,2.805,0.393,0.041,0.265,2.114,26237.312912
8.535,6.387,2.195,3.054,0.393,0.041,0.265,2.114,26362.048107
8.535,6.387,2.195,2.805,0.123,0.041,0.265,2.114,22264.897459
8.535,6.387,2.195,2.805,0.393,0.701,0.265,2.114,26657.062708
8.535,6.387,2.195,2.805,0.393,0.041,3.814,2.114,15504.835165
8.535,6.387,2.195,2.805,0.393,0.041,0.265,1.128,26844.181229
8.535,6.387,2.195,2.805,0.393,0.041,0.265,2.114,27204.763812999998
7.973,11.051,1.722,0.404,0.623,0.201,0.864,2.378,26730.04613
5.535,11.051,1.722,0.404,0.623,0.201,0.864,2.378,24688.162558999997
7.973,9.387,1.722,0.404,0.623,0.201,0.864,2.378,19874.128541
7.973,11.051,1.095,0.404,0.623,0.201,0.864,2.378,25704.233756
7.973,11.051,1.722,0.155,0.623,0.201,0.864,2.378,26685.493589
7.973,11.051,1.722,0.404,0.893,0.201,0.864,2.378,26801.019870999997
7.973,11.051,1.722,0.404,0.623,0.541,0.864,2.378,19861.584311
7.973,11.051,1.722,0.404,0.623,0.201,3.215,2.378,26196.516644000003
7.973,11.051,1.722,0.404,0.623,0.201,0.864,0.864,22377.682973
7.973,9.387,1.095,0.155,0.893,0.541,3.215,0.864,26630.478433999997
5.535,11.051,1.095,0.155,0.893,0.541,3.215,0.864,20052.605864999998
5.535,9.387,1.722,0.155,0.893,0.541,3.215,0.864,26642.172491
5.535,9.387,1.095,0.404,0.893,0.541,3.215,0.864,25470.257901
5.535,9.387,1.095,0.155,0.623,0.541,3.215,0.864,25690.224571
5.535,9.387,1.095,0.155,0.893,0.201,3.215,0.864,17085.481972
5.535,9.387,1.095,0.155,0.893,0.541,0.864,0.864,25779.009647
5.535,9.387,1.095,0.155,0.893,0.541,3.215,2.378,25877.432791
5.535,9.387,1.095,0.155,0.893,0.541,3.215,0.864,26372.683923
9.473,6.551,1.172,4.379,0.873,0.451,5.289,1.753,27015.488458
4.035,6.551,1.172,4.379,0.873,0.451,5.289,1.753,25818.182319
9.473,10.887,1.172,4.379,0.873,0.451,5.289,1.753,26970.027495000002
9.473,6.551,0.545,4.379,0.873,0.451,5.289,1.753,26734.304273
9.473,6.551,1.172,1.48,0.873,0.451,5.289,1.753,26418.092119
9.473,6.551,1.172,4.379,0.143,0.451,5.289,1.753,26717.488349
9.473,6.551,1.172,4.379,0.873,0.291,5.289,1.753,27087.812489
9.473,6.551,1.172,4.379,0.873,0.451,4.69,1.753,27367.54249
9.473,6.551,1.172,4.379,0.873,0.451,5.289,1.489,26866.591414000002
9.473,10.887,0.545,1.48,0.143,0.291,4.69,1.489,26900.091475999998
4.035,6.551,0.545,1.48,0.143,0.291,4.69,1.489,25526.151376
4.035,10.887,1.172,1.48,0.143,0.291,4.69,1.489,25921.885739999998
4.035,10.887,0.545,4.379,0.143,0.291,4.69,1.489,25790.255372
4.035,10.887,0.545,1.48,0.873,0.291,4.69,1.489,25914.359164
4.035,10.887,0.545,1.48,0.143,0.451,4.69,1.489,26271.48041
4.035,10.887,0.545,1.48,0.143,0.291,5.289,1.489,26121.270749999996
4.035,10.887,0.545,1.48,0.143,0.291,4.69,1.753,26553.354731
4.035,10.887,0.545,1.48,0.143,0.291,4.69,1.489,25615.822536
6.473,9.551,2.272,1.729,0.373,0.951,2.339,0.503,24900.666318
7.035,9.551,2.272,1.729,0.373,0.951,2.339,0.503,18558.230442
6.473,7.887,2.272,1.729,0.373,0.951,2.339,0.503,26446.277716
6.473,9.551,1.645,1.729,0.373,0.951,2.339,0.503,20508.720069000003
6.473,9.551,2.272,4.13,0.373,0.951,2.339,0.503,20320.664836
6.473,9.551,2.272,1.729,0.643,0.951,2.339,0.503,26487.637979
6.473,9.551,2.272,1.729,0.373,0.791,2.339,0.503,25196.79356
6.473,9.551,2.272,1.729,0.373,0.951,1.74,0.503,26249.907616
6.473,9.551,2.272,1.729,0.373,0.951,2.339,0.239,17330.681895
6.473,7.887,1.645,4.13,0.643,0.791,1.74,0.239,26217.498698999996
7.035,9.551,1.645,4.13,0.643,0.791,1.74,0.239,17303.277091999997
7.035,7.887,2.272,4.13,0.643,0.791,1.74,0.239,26749.431822
7.035,7.887,1.645,1.729,0.643,0.791,1.74,0.239,25246.171312
7.035,7.887,1.645,4.13,0.373,0.791,1.74,0.239,25537.370285
7.035,7.887,1.645,4.13,0.643,0.951,1.74,0.239,26338.649314
7.035,7.887,1.645,4.13,0.643,0.791,2.339,0.239,26123.003412
7.035,7.887,1.645,4.13,0.643,0.791,1.74,0.503,24748.007561
7.035,7.887,1.645,4.13,0.643,0.791,1.74,0.239,25419.703903
5.723,7.301,1.447,2.391,0.498,0.576,4.552,1.44,25699.660806
4.785,7.301,1.447,2.391,0.498,0.576,4.552,1.44,25446.593994
5.723,10.137,1.447,2.391,0.498,0.576,4.552,1.44,26355.792278
5.723,7.301,0.82,2.391,0.498,0.576,4.552,1.44,25227.192801
5.723,7.301,1.447,4.793,0.498,0.576,4.552,1.44,25844.557966
5.723,7.301,1.447,2.391,0.018,0.576,4.552,1.44,25472.152349
5.723,7.301,1.447,2.391,0.498,0.666,4.552,1.44,26390.76113
5.723,7.301,1.447,2.391,0.498,0.576,2.478,1.44,25950.578754000002
5.723,7.301,1.447,2.391,0.498,0.576,4.552,0.552,25663.441348
5.723,10.137,0.82,4.793,0.018,0.666,2.478,0.552,19537.814857999998
4.785,7.301,0.82,4.793,0.018,0.666,2.478,0.552,25897.613669
4.785,10.137,1.447,4.793,0.018,0.666,2.478,0.552,25082.165834
4.785,10.137,0.82,2.391,0.018,0.666,2.478,0.552,18297.704583
4.785,10.137,0.82,4.793,0.498,0.666,2.478,0.552,17802.746351
4.785,10.137,0.82,4.793,0.018,0.576,2.478,0.552,19194.275412000003
4.785,10.137,0.82,4.793,0.018,0.666,4.552,0.552,17576.213609
4.785,10.137,0.82,4.793,0.018,0.666,2.478,1.44,25346.007848
4.785,10.137,0.82,4.793,0.018,0.666,2.478,0.552,25406.450462
8.723,10.301,0.347,5.041,0.998,0.076,1.602,0.19,26748.132892
7.785,10.301,0.347,5.041,0.998,0.076,1.602,0.19,26751.248551
8.723,7.137,0.347,5.041,0.998,0.076,1.602,0.19,26451.211531
8.723,10.301,1.92,5.041,0.998,0.076,1.602,0.19,27203.595707
8.723,10.301,0.347,2.143,0.998,0.076,1.602,0.19,27267.649385999997
8.723,10.301,0.347,5.041,0.518,0.076,1.602,0.19,18665.560393
8.723,10.301,0.347,5.041,0.998,0.166,1.602,0.19,26994.319486
8.723,10.301,0.347,5.041,0.998,0.076,5.428,0.19,26711.887381
8.723,10.301,0.347,5.041,0.998,0.076,1.602,1.802,27077.651576000004
8.723,7.137,1.92,2.143,0.518,0.166,5.428,1.802,26929.705963
7.785,10.301,1.92,2.143,0.518,0.166,5.428,1.802,26837.163177
7.785,7.137,0.347,2.143,0.518,0.166,5.428,1.802,25492.088411
7.785,7.137,1.92,5.041,0.518,0.166,5.428,1.802,19548.43291
7.785,7.137,1.92,2.143,0.998,0.166,5.428,1.802,26534.896763
7.785,7.137,1.92,2.143,0.518,0.076,5.428,1.802,24303.688725
7.785,7.137,1.92,2.143,0.518,0.166,1.602,1.802,25922.985641
7.785,7.137,1.92,2.143,0.518,0.166,5.428,0.19,18465.845068
7.785,7.137,1.92,2.143,0.518,0.166,5.428,1.802,26183.600872
7.223,8.801,1.997,1.066,0.748,0.326,3.077,0.815,25774.586589
9.285,8.801,1.997,1.066,0.748,0.326,3.077,0.815,26797.854573999997
7.223,8.637,1.997,1.066,0.748,0.326,3.077,0.815,25861.603586
7.223,8.801,2.47,1.066,0.748,0.326,3.077,0.815,16526.456134
7.223,8.801,1.997,0.818,0.748,0.326,3.077,0.815,26313.926635
7.223,8.801,1.997,1.066,0.268,0.326,3.077,0.815,26691.378014
7.223,8.801,1.997,1.066,0.748,0.916,3.077,0.815,26400.031715
7.223,8.801,1.997,1.066,0.748,0.326,3.953,0.815,26086.588291
7.223,8.801,1.997,1.066,0.748,0.326,3.077,1.177,25757.061155
7.223,8.637,2.47,0.818,0.268,0.916,3.953,1.177,22781.074353999997
9.285,8.801,2.47,0.818,0.268,0.916,3.953,1.177,20199.144858
9.285,8.637,1.997,0.818,0.268,0.916,3.953,1.177,26841.721576
9.285,8.637,2.47,1.066,0.268,0.916,3.953,1.177,22781.008137999997
9.285,8.637,2.47,0.818,0.748,0.916,3.953,1.177,27113.848607
9.285,8.637,2.47,0.818,0.268,0.326,3.953,1.177,27013.338258
9.285,8.637,2.47,0.818,0.268,0.916,3.077,1.177,28215.144824
9.285,8.637,2.47,0.818,0.268,0.916,3.953,0.815,26995.415039
9.285,8.637,2.47,0.818,0.268,0.916,3.953,1.177,27187.484555000003
4.223,11.801,0.897,3.716,0.248,0.826,0.127,2.065,24195.779954999998
6.285,11.801,0.897,3.716,0.248,0.826,0.127,2.065,14754.872884
4.223,11.637,0.897,3.716,0.248,0.826,0.127,2.065,24679.932541000002
4.223,11.801,1.37,3.716,0.248,0.826,0.127,2.065,25983.646564000002
4.223,11.801,0.897,3.468,0.248,0.826,0.127,2.065,25723.560293000002
4.223,11.801,0.897,3.716,0.768,0.826,0.127,2.065,25818.411978
4.223,11.801,0.897,3.716,0.248,0.416,0.127,2.065,26045.311211
4.223,11.801,0.897,3.716,0.248,0.826,1.003,2.065,26246.341241
4.223,11.801,0.897,3.716,0.248,0.826,0.127,2.427,25136.793508000002
4.223,11.637,1.37,3.468,0.768,0.416,1.003,2.427,26019.300279000003
6.285,11.801,1.37,3.468,0.768,0.416,1.003,2.427,25697.18729
6.285,11.637,0.897,3.468,0.768,0.416,1.003,2.427,26139.331455
6.285,11.637,1.37,3.716,0.768,0.416,1.003,2.427,26115.857499
6.285,11.637,1.37,3.468,0.248,0.416,1.003,2.427,18086.787468
6.285,11.637,1.37,3.468,0.768,0.826,1.003,2.427,26001.352529
6.285,11.637,1.37,3.468,0.768,0.416,0.127,2.427,25892.859803
6.285,11.637,1.37,3.468,0.768,0.416,1.003,2.065,25866.739339
6.285,11.637,1.37,3.468,0.768,0.416,1.003,2.427,25346.9609
4.316,7.395,0.519,4.13,0.889,0.967,3.353,2.417,25095.945875999998
8.254,7.395,0.519,4.13,0.889,0.967,3.353,2.417,26298.622165
4.316,8.355,0.519,4.13,0.889,0.967,3.353,2.417,25728.845649000003
4.316,7.395,0.442,4.13,0.889,0.967,3.353,2.417,25585.639831
4.316,7.395,0.519,0.238,0.889,0.967,3.353,2.417,25907.59924
4.316,7.395,0.519,4.13,0.283,0.967,3.353,2.417,25805.900655999998
4.316,7.395,0.519,4.13,0.889,0.682,3.353,2.417,25171.545315000003
4.316,7.395,0.519,4.13,0.889,0.967,2.938,2.417,25513.390554999998
4.316,7.395,0.519,4.13,0.889,0.967,3.353,0.591,25250.550457
4.316,8.355,0.442,0.238,0.283,0.682,2.938,0.591,26047.17578
8.254,7.395,0.442,0.238,0.283,0.682,2.938,0.591,26097.814065
8.254,8.355,0.519,0.238,0.283,0.682,2.938,0.591,26545.371541
8.254,8.355,0.442,4.13,0.283,0.682,2.938,0.591,26630.893996
8.254,8.355,0.442,0.238,0.889,0.682,2.938,0.591,27277.288255
8.254,8.355,0.442,0.238,0.283,0.967,2.938,0.591,26409.622234
8.254,8.355,0.442,0.238,0.283,0.682,3.353,0.591,26911.362159999997
8.254,8.355,0.442,0.238,0.283,0.682,2.938,2.417,27249.004498
8.254,8.355,0.442,0.238,0.283,0.682,2.938,0.591,26596.727973
7.316,10.395,1.619,1.48,0.389,0.467,0.403,1.167,26616.741147
5.254,10.395,1.619,1.48,0.389,0.467,0.403,1.167,22260.003584
7.316,11.355,1.619,1.48,0.389,0.467,0.403,1.167,26473.513642
7.316,10.395,1.542,1.48,0.389,0.467,0.403,1.167,26133.711405000002
7.316,10.395,1.619,2.888,0.389,0.467,0.403,1.167,26323.967844
7.316,10.395,1.619,1.48,0.783,0.467,0.403,1.167,25957.044186
7.316,10.395,1.619,1.48,0.389,0.182,0.403,1.167,23043.951161999998
7.316,10.395,1.619,1.48,0.389,0.467,5.888,1.167,20784.399979
7.316,10.395,1.619,1.48,0.389,0.467,0.403,1.841,26629.366484
7.316,11.355,1.542,2.888,0.783,0.182,5.888,1.841,25879.228876
5.254,10.395,1.542,2.888,0.783,0.182,5.888,1.841,25659.213073
5.254,11.355,1.619,2.888,0.783,0.182,5.888,1.841,25881.362095
5.254,11.355,1.542,1.48,0.783,0.182,5.888,1.841,26000.548759
5.254,11.355,1.542,2.888,0.389,0.182,5.888,1.841,25451.39693
5.254,11.355,1.542,2.888,0.783,0.467,5.888,1.841,22877.296154
5.254,11.355,1.542,2.888,0.783,0.182,0.403,1.841,25716.758055000002
5.254,11.355,1.542,2.888,0.783,0.182,5.888,1.167,26207.443598
5.254,11.355,1.542,2.888,0.783,0.182,5.888,1.841,26215.700018
8.816,8.895,1.069,2.805,0.139,0.217,4.828,0.542,26500.368664999998
6.754,8.895,1.069,2.805,0.139,0.217,4.828,0.542,17474.888509999997
8.816,9.855,1.069,2.805,0.139,0.217,4.828,0.542,23080.795791
8.816,8.895,2.092,2.805,0.139,0.217,4.828,0.542,27013.754491
8.816,8.895,1.069,4.213,0.139,0.217,4.828,0.542,26833.748564
8.816,8.895,1.069,2.805,0.033,0.217,4.828,0.542,21493.116135
8.816,8.895,1.069,2.805,0.139,0.932,4.828,0.542,14981.625924
8.816,8.895,1.069,2.805,0.139,0.217,4.413,0.542,22869.567873
8.816,8.895,1.069,2.805,0.139,0.217,4.828,1.216,26832.488891
8.816,9.855,2.092,4.213,0.033,0.932,4.413,1.216,26600.316235000002
6.754,8.895,2.092,4.213,0.033,0.932,4.413,1.216,21872.518268999997
6.754,9.855,1.069,4.213,0.033,0.932,4.413,1.216,25833.885299
6.754,9.855,2.092,2.805,0.033,0.932,4.413,1.216,26233.422176
6.754,9.855,2.092,4.213,0.139,0.932,4.413,1.216,25557.623915
6.754,9.855,2.092,4.213,0.033,0.217,4.413,1.216,22069.06122
6.754,9.855,2.092,4.213,0.033,0.932,4.828,1.216,20666.909669
6.754,9.855,2.092,4.213,0.033,0.932,4.413,0.542,21422.768121999998
6.754,9.855,2.092,4.213,0.033,0.932,4.413,1.216,26670.316106000002
5.816,11.895,2.169,0.155,0.639,0.717,1.878,1.792,26097.055548
9.754,11.895,2.169,0.155,0.639,0.717,1.878,1.792,27315.840416
5.816,6.855,2.169,0.155,0.639,0.717,1.878,1.792,25447.799191
5.816,11.895,0.992,0.155,0.639,0.717,1.878,1.792,25619.384657000002
5.816,11.895,2.169,1.563,0.639,0.717,1.878,1.792,25661.892926
5.816,11.895,2.169,0.155,0.533,0.717,1.878,1.792,25946.453891
5.816,11.895,2.169,0.155,0.639,0.432,1.878,1.792,26669.179785
5.816,11.895,2.169,0.155,0.639,0.717,1.463,1.792,17475.056669999998
5.816,11.895,2.169,0.155,0.639,0.717,1.878,2.466,26092.005455
5.816,6.855,0.992,1.563,0.533,0.432,1.463,2.466,21573.442581
9.754,11.895,0.992,1.563,0.533,0.432,1.463,2.466,26905.88141
9.754,6.855,2.169,1.563,0.533,0.432,1.463,2.466,27789.578110999995
9.754,6.855,0.992,0.155,0.533,0.432,1.463,2.466,25845.155873
9.754,6.855,0.992,1.563,0.639,0.432,1.463,2.466,28025.843401
9.754,6.855,0.992,1.563,0.533,0.717,1.463,2.466,26639.530285
9.754,6.855,0.992,1.563,0.533,0.432,1.878,2.466,20812.577886
9.754,6.855,0.992,1.563,0.533,0.432,1.463,1.792,25020.909051000002
9.754,6.855,0.992,1.563,0.533,0.432,1.463,2.466,22693.018354
6.566,8.145,1.894,0.818,0.514,0.842,5.566,0.229,25891.939613000002
6.004,8.145,1.894,0.818,0.514,0.842,5.566,0.229,26235.092628
6.566,10.605,1.894,0.818,0.514,0.842,5.566,0.229,25858.807447
6.566,8.145,2.367,0.818,0.514,0.842,5.566,0.229,19988.645309
6.566,8.145,1.894,2.226,0.514,0.842,5.566,0.229,26186.486021
6.566,8.145,1.894,0.818,0.158,0.842,5.566,0.229,17954.97973
6.566,8.145,1.894,0.818,0.514,0.057,5.566,0.229,25429.696031
6.566,8.145,1.894,0.818,0.514,0.842,0.726,0.229,26268.871035
6.566,8.145,1.894,0.818,0.514,0.842,5.566,2.153,26044.63312
6.566,10.605,2.367,2.226,0.158,0.057,0.726,2.153,16732.125872999997
6.004,8.145,2.367,2.226,0.158,0.057,0.726,2.153,24875.341478000002
6.004,10.605,1.894,2.226,0.158,0.057,0.726,2.153,26284.914251000002
6.004,10.605,2.367,0.818,0.158,0.057,0.726,2.153,26179.185436
6.004,10.605,2.367,2.226,0.514,0.057,0.726,2.153,26128.347193
6.004,10.605,2.367,2.226,0.158,0.842,0.726,2.153,25747.246979
6.004,10.605,2.367,2.226,0.158,0.057,5.566,2.153,25711.751675
6.004,10.605,2.367,2.226,0.158,0.057,0.726,0.229,21405.998195
6.004,10.605,2.367,2.226,0.158,0.057,0.726,2.153,25635.460931999998
9.566,11.145,0.794,3.468,0.014,0.342,2.616,1.479,27372.298299000002
9.004,11.145,0.794,3.468,0.014,0.342,2.616,1.479,26755.314858
9.566,7.605,0.794,3.468,0.014,0.342,2.616,1.479,23806.108202
9.566,11.145,1.267,3.468,0.014,0.342,2.616,1.479,27356.902254
9.566,11.145,0.794,4.876,0.014,0.342,2.616,1.479,27412.774272
9.566,11.145,0.794,3.468,0.658,0.342,2.616,1.479,19579.99381
9.566,11.145,0.794,3.468,0.014,0.557,2.616,1.479,20586.895795
9.566,11.145,0.794,3.468,0.014,0.342,3.676,1.479,26907.088603000004
9.566,11.145,0.794,3.468,0.014,0.342,2.616,0.903,19634.593854000002
9.566,7.605,1.267,4.876,0.658,0.557,3.676,0.903,26960.793568
9.004,11.145,1.267,4.876,0.658,0.557,3.676,0.903,26761.867753
9.004,7.605,0.794,4.876,0.658,0.557,3.676,0.903,27241.648720999998
9.004,7.605,1.267,3.468,0.658,0.557,3.676,0.903,27032.272817999998
9.004,7.605,1.267,4.876,0.014,0.557,3.676,0.903,24461.063089
9.004,7.605,1.267,4.876,0.658,0.342,3.676,0.903,26942.901822
9.004,7.605,1.267,4.876,0.658,0.557,2.616,0.903,27112.649365999998
9.004,7.605,1.267,4.876,0.658,0.557,3.676,1.479,26944.988617
9.004,7.605,1.267,4.876,0.658,0.557,3.676,0.903,26154.066243
8.066,6.645,2.444,2.143,0.264,0.092,4.091,2.104,26596.639607
7.504,6.645,2.444,2.143,0.264,0.092,4.091,2.104,26596.948469000003
8.066,6.105,2.444,2.143,0.264,0.092,4.091,2.104,26057.376806
8.066,6.645,0.717,2.143,0.264,0.092,4.091,2.104,26326.20431
8.066,6.645,2.444,3.551,0.264,0.092,4.091,2.104,26430.768497
8.066,6.645,2.444,2.143,0.408,0.092,4.091,2.104,26588.798538
8.066,6.645,2.444,2.143,0.264,0.307,4.091,2.104,25101.912249
8.066,6.645,2.444,2.143,0.264,0.092,5.151,2.104,26832.232751
8.066,6.645,2.444,2.143,0.264,0.092,4.091,1.528,18538.312293
8.066,6.105,0.717,3.551,0.408,0.307,5.151,1.528,26065.821228
7.504,6.645,0.717,3.551,0.408,0.307,5.151,1.528,26313.578232
7.504,6.105,2.444,3.551,0.408,0.307,5.151,1.528,26437.187691
7.504,6.105,0.717,2.143,0.408,0.307,5.151,1.528,26305.793115
7.504,6.105,0.717,3.551,0.264,0.307,5.151,1.528,26590.74398
7.504,6.105,0.717,3.551,0.408,0.092,5.151,1.528,26242.73938
7.504,6.105,0.717,3.551,0.408,0.307,4.091,1.528,26608.763059999997
7.504,6.105,0.717,3.551,0.408,0.307,5.151,2.104,26114.93765
7.504,6.105,0.717,3.551,0.408,0.307,5.151,1.528,26224.288556
5.066,9.645,1.344,4.793,0.764,0.592,1.141,0.854,25734.502835
4.504,9.645,1.344,4.793,0.764,0.592,1.141,0.854,25860.088189000002
5.066,9.105,1.344,4.793,0.764,0.592,1.141,0.854,25660.205456
5.066,9.645,1.817,4.793,0.764,0.592,1.141,0.854,25931.101687000002
5.066,9.645,1.344,0.901,0.764,0.592,1.141,0.854,25184.988964999997
5.066,9.645,1.344,4.793,0.908,0.592,1.141,0.854,25676.287495
5.066,9.645,1.344,4.793,0.764,0.807,1.141,0.854,25800.256169
5.066,9.645,1.344,4.793,0.764,0.592,2.201,0.854,20790.297005
5.066,9.645,1.344,4.793,0.764,0.592,1.141,0.278,24496.907151
5.066,9.105,1.817,0.901,0.908,0.807,2.201,0.278,25638.658968000003
4.504,9.645,1.817,0.901,0.908,0.807,2.201,0.278,26147.356075
4.504,9.105,1.344,0.901,0.908,0.807,2.201,0.278,22229.972117999998
4.504,9.105,1.817,4.793,0.908,0.807,2.201,0.278,25872.311411
4.504,9.105,1.817,0.901,0.764,0.807,2.201,0.278,20275.748496
4.504,9.105,1.817,0.901,0.908,0.592,2.201,0.278,25327.538163999998
4.504,9.105,1.817,0.901,0.908,0.807,1.141,0.278,26080.062053999998
4.504,9.105,1.817,0.901,0.908,0.807,2.201,0.854,25107.351448999998
4.504,9.105,1.817,0.901,0.908,0.807,2.201,0.278,17838.790841
5.441,8.52,2.307,3.799,0.451,0.654,5.197,0.073,21262.875766
5.629,8.52,2.307,3.799,0.451,0.654,5.197,0.073,25503.128232
5.441,7.23,2.307,3.799,0.451,0.654,5.197,0.073,23090.965303
5.441,8.52,1.679,3.799,0.451,0.654,5.197,0.073,19478.12453
5.441,8.52,2.307,0.569,0.451,0.654,5.197,0.073,25552.979188999998
5.441,8.52,2.307,3.799,0.721,0.654,5.197,0.073,26158.050276
5.441,8.52,2.307,3.799,0.451,0.369,5.197,0.073,25495.610183
5.441,8.52,2.307,3.799,0.451,0.654,4.045,0.073,18888.209706
5.441,8.52,2.307,3.799,0.451,0.654,5.197,1.997,25810.168113
5.441,7.23,1.679,0.569,0.721,0.369,4.045,1.997,25421.855322000003
5.629,8.52,1.679,0.569,0.721,0.369,4.045,1.997,26153.236895000002
5.629,7.23,2.307,0.569,0.721,0.369,4.045,1.997,25794.251502000003
5.629,7.23,1.679,3.799,0.721,0.369,4.045,1.997,26217.466547
5.629,7.23,1.679,0.569,0.451,0.369,4.045,1.997,25837.953555
5.629,7.23,1.679,0.569,0.721,0.654,4.045,1.997,25858.471972
5.629,7.23,1.679,0.569,0.721,0.369,5.197,1.997,25796.852159000002
5.629,7.23,1.679,0.569,0.721,0.369,4.045,0.073,18893.179818
5.629,7.23,1.679,0.569,0.721,0.369,4.045,1.997,26037.424025
8.441,11.52,1.207,1.149,0.951,0.154,2.247,1.323,26531.734189
8.629,11.52,1.207,1.149,0.951,0.154,2.247,1.323,26664.959129000003
8.441,10.23,1.207,1.149,0.951,0.154,2.247,1.323,27062.751699
8.441,11.52,0.579,1.149,0.951,0.154,2.247,1.323,26746.255306
8.441,11.52,1.207,3.219,0.951,0.154,2.247,1.323,26361.381035000002
8.441,11.52,1.207,1.149,0.221,0.154,2.247,1.323,24918.029755000003
8.441,11.52,1.207,1.149,0.951,0.869,2.247,1.323,26829.188383
8.441,11.52,1.207,1.149,0.951,0.154,1.095,1.323,26818.435421000002
8.441,11.52,1.207,1.149,0.951,0.154,2.247,0.747,26603.293325
8.441,10.23,0.579,3.219,0.221,0.869,1.095,0.747,26579.253198
8.629,11.52,0.579,3.219,0.221,0.869,1.095,0.747,26814.285687999996
8.629,10.23,1.207,3.219,0.221,0.869,1.095,0.747,26105.728970999997
8.629,10.23,0.579,1.149,0.221,0.869,1.095,0.747,18645.663795
8.629,10.23,0.579,3.219,0.951,0.869,1.095,0.747,27435.145947999998
8.629,10.23,0.579,3.219,0.221,0.154,1.095,0.747,26100.257028
8.629,10.23,0.579,3.219,0.221,0.869,2.247,0.747,27198.726032
8.629,10.23,0.579,3.219,0.221,0.869,1.095,1.323,25992.643577
8.629,10.23,0.579,3.219,0.221,0.869,1.095,0.747,26549.900598
9.941,7.02,1.757,5.124,0.701,0.404,3.722,1.948,27598.750709
7.129,7.02,1.757,5.124,0.701,0.404,3.722,1.948,26542.574819
9.941,11.73,1.757,5.124,0.701,0.404,3.722,1.948,27106.471037000003
9.941,7.02,1.129,5.124,0.701,0.404,3.722,1.948,27262.890493
9.941,7.02,1.757,4.544,0.701,0.404,3.722,1.948,27514.541087999998
9.941,7.02,1.757,5.124,0.971,0.404,3.722,1.948,27366.632492
9.941,7.02,1.757,5.124,0.701,0.119,3.722,1.948,26948.624732
9.941,7.02,1.757,5.124,0.701,0.404,2.57,1.948,27657.504879
9.941,7.02,1.757,5.124,0.701,0.404,3.722,1.372,27574.368746
9.941,11.73,1.129,4.544,0.971,0.119,2.57,1.372,27746.497446
7.129,7.02,1.129,4.544,0.971,0.119,2.57,1.372,25814.495565999998
7.129,11.73,1.757,4.544,0.971,0.119,2.57,1.372,26253.719964
7.129,11.73,1.129,5.124,0.971,0.119,2.57,1.372,25948.279474
7.129,11.73,1.129,4.544,0.701,0.119,2.57,1.372,26094.586754
7.129,11.73,1.129,4.544,0.971,0.404,2.57,1.372,26203.83833
7.129,11.73,1.129,4.544,0.971,0.119,3.722,1.372,26211.660848
7.129,11.73,1.129,4.544,0.971,0.119,2.57,1.948,26760.471481
7.129,11.73,1.129,4.544,0.971,0.119,2.57,1.372,26271.290229
6.941,10.02,0.657,2.474,0.201,0.904,0.772,0.698,26247.245031000002
4.129,10.02,0.657,2.474,0.201,0.904,0.772,0.698,19214.525134
6.941,8.73,0.657,2.474,0.201,0.904,0.772,0.698,21148.417286
6.941,10.02,2.229,2.474,0.201,0.904,0.772,0.698,19396.323572
6.941,10.02,0.657,1.894,0.201,0.904,0.772,0.698,20560.251513
6.941,10.02,0.657,2.474,0.471,0.904,0.772,0.698,25425.129549
6.941,10.02,0.657,2.474,0.201,0.619,0.772,0.698,26931.398532
6.941,10.02,0.657,2.474,0.201,0.904,5.52,0.698,25819.948976
6.941,10.02,0.657,2.474,0.201,0.904,0.772,0.122,18969.292193
6.941,8.73,2.229,1.894,0.471,0.619,5.52,0.122,17216.908215999996
4.129,10.02,2.229,1.894,0.471,0.619,5.52,0.122,25694.115268
4.129,8.73,0.657,1.894,0.471,0.619,5.52,0.122,26743.818926
4.129,8.73,2.229,2.474,0.471,0.619,5.52,0.122,18388.458854
4.129,8.73,2.229,1.894,0.201,0.619,5.52,0.122,22409.686244999997
4.129,8.73,2.229,1.894,0.471,0.904,5.52,0.122,25373.959447
4.129,8.73,2.229,1.894,0.471,0.619,0.772,0.122,25963.450343999997
4.129,8.73,2.229,1.894,0.471,0.619,5.52,0.698,20913.495274
4.129,8.73,2.229,1.894,0.471,0.619,5.52,0.122,25183.784645
6.191,6.27,0.932,1.812,0.076,0.529,2.985,2.261,24310.369822
7.879,6.27,0.932,1.812,0.076,0.529,2.985,2.261,26026.643473
6.191,9.48,0.932,1.812,0.076,0.529,2.985,2.261,25781.851896
6.191,6.27,0.854,1.812,0.076,0.529,2.985,2.261,25948.920686999998
6.191,6.27,0.932,2.557,0.076,0.529,2.985,2.261,25209.113038
6.191,6.27,0.932,1.812,0.846,0.529,2.985,2.261,25604.972191
6.191,6.27,0.932,1.812,0.076,0.994,2.985,2.261,25605.54037
6.191,6.27,0.932,1.812,0.076,0.529,4.782,2.261,26118.102642
6.191,6.27,0.932,1.812,0.076,0.529,2.985,0.435,25317.198271
6.191,9.48,0.854,2.557,0.846,0.994,4.782,0.435,25909.741118
7.879,6.27,0.854,2.557,0.846,0.994,4.782,0.435,26661.235826
7.879,9.48,0.932,2.557,0.846,0.994,4.782,0.435,26213.223539
7.879,9.48,0.854,1.812,0.846,0.994,4.782,0.435,26705.221148999997
7.879,9.48,0.854,2.557,0.076,0.994,4.782,0.435,27097.591439999997
7.879,9.48,0.854,2.557,0.846,0.529,4.782,0.435,26642.549285999998
7.879,9.48,0.854,2.557,0.846,0.994,2.985,0.435,26810.514286
7.879,9.48,0.854,2.557,0.846,0.994,4.782,2.261,26593.772175
7.879,9.48,0.854,2.557,0.846,0.994,4.782,0.435,26534.902957
9.191,9.27,2.032,4.462,0.576,0.029,0.035,1.011,26260.466715
4.879,9.27,2.032,4.462,0.576,0.029,0.035,1.011,26625.440391000004
9.191,6.48,2.032,4.462,0.576,0.029,0.035,1.011,26875.809751
9.191,9.27,1.954,4.462,0.576,0.029,0.035,1.011,27446.616473000002
9.191,9.27,2.032,5.207,0.576,0.029,0.035,1.011,27082.515703
9.191,9.27,2.032,4.462,0.346,0.029,0.035,1.011,21707.946647
9.191,9.27,2.032,4.462,0.576,0.494,0.035,1.011,27319.472373
9.191,9.27,2.032,4.462,0.576,0.029,1.832,1.011,26227.660515000003
9.191,9.27,2.032,4.462,0.576,0.029,0.035,1.685,27250.384959
9.191,6.48,1.954,5.207,0.346,0.494,1.832,1.685,25588.433731999998
4.879,9.27,1.954,5.207,0.346,0.494,1.832,1.685,26056.702521
4.879,6.48,2.032,5.207,0.346,0.494,1.832,1.685,25172.886601
4.879,6.48,1.954,4.462,0.346,0.494,1.832,1.685,25654.351832
4.879,6.48,1.954,5.207,0.576,0.494,1.832,1.685,24881.834845
4.879,6.48,1.954,5.207,0.346,0.029,1.832,1.685,26044.269163999998
4.879,6.48,1.954,5.207,0.346,0.494,0.035,1.685,21014.253786
4.879,6.48,1.954,5.207,0.346,0.494,1.832,1.011,25235.716981
4.879,6.48,1.954,5.207,0.346,0.494,1.832,1.685,25486.904418
7.691,7.77,0.382,0.487,0.826,0.279,4.46,0.386,24403.445189
6.379,7.77,0.382,0.487,0.826,0.279,4.46,0.386,25402.548718
7.691,7.98,0.382,0.487,0.826,0.279,4.46,0.386,26596.101878
7.691,7.77,1.404,0.487,0.826,0.279,4.46,0.386,25663.759956
7.691,7.77,0.382,3.882,0.826,0.279,4.46,0.386,26187.233498999998
7.691,7.77,0.382,0.487,0.596,0.279,4.46,0.386,26186.91766
7.691,7.77,0.382,0.487,0.826,0.744,4.46,0.386,26355.815137999998
7.691,7.77,0.382,0.487,0.826,0.279,0.357,0.386,26118.681265
7.691,7.77,0.382,0.487,0.826,0.279,4.46,1.06,26191.503315
7.691,7.98,1.404,3.882,0.596,0.744,0.357,1.06,26673.586957
6.379,7.77,1.404,3.882,0.596,0.744,0.357,1.06,25271.623865
6.379,7.98,0.382,3.882,0.596,0.744,0.357,1.06,25264.881129
6.379,7.98,1.404,0.487,0.596,0.744,0.357,1.06,26292.476925
6.379,7.98,1.404,3.882,0.826,0.744,0.357,1.06,25716.302248
6.379,7.98,1.404,3.882,0.596,0.279,0.357,1.06,25949.224146
6.379,7.98,1.404,3.882,0.596,0.744,4.46,1.06,25452.106727
6.379,7.98,1.404,3.882,0.596,0.744,0.357,0.386,24636.641529
6.379,7.98,1.404,3.882,0.596,0.744,0.357,1.06,25591.12393
4.691,10.77,1.482,3.137,0.326,0.779,1.51,1.636,25276.870364
9.379,10.77,1.482,3.137,0.326,0.779,1.51,1.636,19899.864468
4.691,10.98,1.482,3.137,0.326,0.779,1.51,1.636,25814.204094
4.691,10.77,0.304,3.137,0.326,0.779,1.51,1.636,25459.36034
4.691,10.77,1.482,1.232,0.326,0.779,1.51,1.636,23465.349987
4.691,10.77,1.482,3.137,0.096,0.779,1.51,1.636,26029.120589
4.691,10.77,1.482,3.137,0.326,0.244,1.51,1.636,25017.313835
4.691,10.77,1.482,3.137,0.326,0.779,3.307,1.636,26151.492796000002
4.691,10.77,1.482,3.137,0.326,0.779,1.51,2.31,26184.538638
4.691,10.98,0.304,1.232,0.096,0.244,3.307,2.31,20628.370076
9.379,10.77,0.304,1.232,0.096,0.244,3.307,2.31,26270.203532
9.379,10.98,1.482,1.232,0.096,0.244,3.307,2.31,27532.80813
9.379,10.98,0.304,3.137,0.096,0.244,3.307,2.31,21392.755504
9.379,10.98,0.304,1.232,0.326,0.244,3.307,2.31,27619.551705
9.379,10.98,0.304,1.232,0.096,0.779,3.307,2.31,27049.876974
9.379,10.98,0.304,1.232,0.096,0.244,1.51,2.31,28000.366489
9.379,10.98,0.304,1.232,0.096,0.244,3.307,1.636,27159.431956
9.379,10.98,0.304,1.232,0.096,0.244,3.307,2.31,26891.901282
4.504,7.582,1.138,2.308,0.67,0.061,0.588,0.464,25805.3186
8.816,7.582,1.138,2.308,0.67,0.061,0.588,0.464,21357.323219000005
4.504,7.793,1.138,2.308,0.67,0.061,0.588,0.464,25452.94948
4.504,7.582,0.373,2.308,0.67,0.061,0.588,0.464,25758.416068000002
4.504,7.582,1.138,2.06,0.67,0.061,0.588,0.464,25351.092599999996
4.504,7.582,1.138,2.308,0.877,0.061,0.588,0.464,26228.50961
4.504,7.582,1.138,2.308,0.67,0.025,0.588,0.464,23338.290217
4.504,7.582,1.138,2.308,0.67,0.061,0.91,0.464,20001.626888000003
4.504,7.582,1.138,2.308,0.67,0.061,0.588,0.513,20281.072673000002
4.504,7.793,0.373,2.06,0.877,0.025,0.91,0.513,19786.222079
8.816,7.582,0.373,2.06,0.877,0.025,0.91,0.513,26946.718709
8.816,7.793,1.138,2.06,0.877,0.025,0.91,0.513,26301.094257999997
8.816,7.793,0.373,2.308,0.877,0.025,0.91,0.513,27116.580480999997
8.816,7.793,0.373,2.06,0.67,0.025,0.91,0.513,26780.373622
8.816,7.793,0.373,2.06,0.877,0.061,0.91,0.513,26857.641867000002
8.816,7.793,0.373,2.06,0.877,0.025,0.588,0.513,26353.654932
8.816,7.793,0.373,2.06,0.877,0.025,0.91,0.464,27350.378823
8.816,7.793,0.373,2.06,0.877,0.025,0.91,0.513,21359.726695999998
7.504,10.582,2.238,4.958,0.17,0.561,3.538,1.714,26004.468313999998
5.816,10.582,2.238,4.958,0.17,0.561,3.538,1.714,25158.337501
7.504,10.793,2.238,4.958,0.17,0.561,3.538,1.714,26596.232364
7.504,10.582,1.473,4.958,0.17,0.561,3.538,1.714,25849.795395
7.504,10.582,2.238,4.71,0.17,0.561,3.538,1.714,26878.619969
7.504,10.582,2.238,4.958,0.377,0.561,3.538,1.714,26691.345987
7.504,10.582,2.238,4.958,0.17,0.525,3.538,1.714,25997.435099000002
7.504,10.582,2.238,4.958,0.17,0.561,3.86,1.714,25871.340756999998
7.504,10.582,2.238,4.958,0.17,0.561,3.538,1.763,26695.155857
7.504,10.793,1.473,4.71,0.377,0.525,3.86,1.763,26787.708507
5.816,10.582,1.473,4.71,0.377,0.525,3.86,1.763,25953.508972
5.816,10.793,2.238,4.71,0.377,0.525,3.86,1.763,25938.559101
5.816,10.793,1.473,4.958,0.377,0.525,3.86,1.763,25870.223496
5.816,10.793,1.473,4.71,0.17,0.525,3.86,1.763,25912.505640000003
5.816,10.793,1.473,4.71,0.377,0.561,3.86,1.763,26276.633396999998
5.816,10.793,1.473,4.71,0.377,0.525,3.538,1.763,25734.206944999998
5.816,10.793,1.473,4.71,0.377,0.525,3.86,1.714,26238.244224000002
5.816,10.793,1.473,4.71,0.377,0.525,3.86,1.763,25789.264787
9.004,6.082,0.588,0.983,0.42,0.811,2.063,2.339,18968.129292999998
4.316,6.082,0.588,0.983,0.42,0.811,2.063,2.339,25928.309130999998
9.004,9.293,0.588,0.983,0.42,0.811,2.063,2.339,26515.470257
9.004,6.082,2.023,0.983,0.42,0.811,2.063,2.339,26670.468178
9.004,6.082,0.588,3.385,0.42,0.811,2.063,2.339,27145.6469
9.004,6.082,0.588,0.983,0.627,0.811,2.063,2.339,26013.341721999997
9.004,6.082,0.588,0.983,0.42,0.275,2.063,2.339,19786.966958999998
9.004,6.082,0.588,0.983,0.42,0.811,5.335,2.339,26655.784499
9.004,6.082,0.588,0.983,0.42,0.811,2.063,1.138,27467.806631
9.004,9.293,2.023,3.385,0.627,0.275,5.335,1.138,27014.096822
4.316,6.082,2.023,3.385,0.627,0.275,5.335,1.138,24934.230059
4.316,9.293,0.588,3.385,0.627,0.275,5.335,1.138,25433.300713999997
4.316,9.293,2.023,0.983,0.627,0.275,5.335,1.138,17815.796245
4.316,9.293,2.023,3.385,0.42,0.275,5.335,1.138,25743.819359
4.316,9.293,2.023,3.385,0.627,0.811,5.335,1.138,26192.629160999997
4.316,9.293,2.023,3.385,0.627,0.275,2.063,1.138,25675.344776
4.316,9.293,2.023,3.385,0.627,0.275,5.335,2.339,26085.8524
4.316,9.293,2.023,3.385,0.627,0.275,5.335,1.138,25755.189174
6.004,9.082,1.688,3.633,0.92,0.311,5.013,1.089,25830.794884000003
7.316,9.082,1.688,3.633,0.92,0.311,5.013,1.089,26370.966792
6.004,6.293,1.688,3.633,0.92,0.311,5.013,1.089,26299.847971
6.004,9.082,0.923,3.633,0.92,0.311,5.013,1.089,25735.036067
6.004,9.082,1.688,0.735,0.92,0.311,5.013,1.089,25849.909884
6.004,9.082,1.688,3.633,0.127,0.311,5.013,1.089,24947.846873000002
6.004,9.082,1.688,3.633,0.92,0.775,5.013,1.089,26044.424111
6.004,9.082,1.688,3.633,0.92,0.311,2.385,1.089,25568.057384
6.004,9.082,1.688,3.633,0.92,0.311,5.013,2.388,25803.526871000002
6.004,6.293,0.923,0.735,0.127,0.775,2.385,2.388,26261.7311
7.316,9.082,0.923,0.735,0.127,0.775,2.385,2.388,26241.988894000002
7.316,6.293,1.688,0.735,0.127,0.775,2.385,2.388,19204.195108
7.316,6.293,0.923,3.633,0.127,0.775,2.385,2.388,25745.736899
7.316,6.293,0.923,0.735,0.92,0.775,2.385,2.388,26708.408147000002
7.316,6.293,0.923,0.735,0.127,0.311,2.385,2.388,19248.760867
7.316,6.293,0.923,0.735,0.127,0.775,5.013,2.388,25940.533393
7.316,6.293,0.923,0.735,0.127,0.775,2.385,1.089,26170.060689
7.316,6.293,0.923,0.735,0.127,0.775,2.385,2.388,23283.310743000002
6.754,6.832,1.963,2.971,0.795,0.186,2.8,2.026,25297.534575000005
5.066,6.832,1.963,2.971,0.795,0.186,2.8,2.026,26244.974821
6.754,11.543,1.963,2.971,0.795,0.186,2.8,2.026,26694.6981
6.754,6.832,2.298,2.971,0.795,0.186,2.8,2.026,26055.523482
6.754,6.832,1.963,0.072,0.795,0.186,2.8,2.026,26745.962332
6.754,6.832,1.963,2.971,0.502,0.186,2.8,2.026,25917.292515
6.754,6.832,1.963,2.971,0.795,0.65,2.8,2.026,26500.44814
6.754,6.832,1.963,2.971,0.795,0.186,1.648,2.026,18806.907022
6.754,6.832,1.963,2.971,0.795,0.186,2.8,2.075,27028.007336
6.754,11.543,2.298,0.072,0.502,0.65,1.648,2.075,26921.090929
5.066,6.832,2.298,0.072,0.502,0.65,1.648,2.075,25626.236545
5.066,11.543,1.963,0.072,0.502,0.65,1.648,2.075,25773.615976
5.066,11.543,2.298,2.971,0.502,0.65,1.648,2.075,26018.738234
5.066,11.543,2.298,0.072,0.795,0.65,1.648,2.075,25923.287118
5.066,11.543,2.298,0.072,0.502,0.186,1.648,2.075,26141.985318
5.066,11.543,2.298,0.072,0.502,0.65,2.8,2.075,26849.903489999997
5.066,11.543,2.298,0.072,0.502,0.65,1.648,2.026,26189.123723999997
5.066,11.543,2.298,0.072,0.502,0.65,1.648,2.075,26760.175985
9.754,9.832,0.863,0.321,0.295,0.686,5.75,0.776,28218.766902
8.066,9.832,0.863,0.321,0.295,0.686,5.75,0.776,27032.036217
9.754,8.543,0.863,0.321,0.295,0.686,5.75,0.776,27560.495642
9.754,9.832,1.198,0.321,0.295,0.686,5.75,0.776,27281.421559000002
9.754,9.832,0.863,2.722,0.295,0.686,5.75,0.776,27351.715321
9.754,9.832,0.863,0.321,0.002,0.686,5.75,0.776,22536.984744
9.754,9.832,0.863,0.321,0.295,0.15,5.75,0.776,18579.798928
9.754,9.832,0.863,0.321,0.295,0.686,4.598,0.776,26612.643433
9.754,9.832,0.863,0.321,0.295,0.686,5.75,0.825,27260.589513
9.754,8.543,1.198,2.722,0.002,0.15,4.598,0.825,27699.211881000003
8.066,9.832,1.198,2.722,0.002,0.15,4.598,0.825,19895.373729
8.066,8.543,0.863,2.722,0.002,0.15,4.598,0.825,26454.367219
8.066,8.543,1.198,0.321,0.002,0.15,4.598,0.825,27123.441961000004
8.066,8.543,1.198,2.722,0.295,0.15,4.598,0.825,26174.326919
8.066,8.543,1.198,2.722,0.002,0.686,4.598,0.825,25845.924325
8.066,8.543,1.198,2.722,0.002,0.15,5.75,0.825,19947.626283
8.066,8.543,1.198,2.722,0.002,0.15,4.598,0.776,21772.204636
8.066,8.543,1.198,2.722,0.002,0.15,4.598,0.825,20460.796992
8.254,8.332,1.413,4.296,0.045,0.936,1.325,0.151,22259.227151
9.566,8.332,1.413,4.296,0.045,0.936,1.325,0.151,23081.997324000004
8.254,7.043,1.413,4.296,0.045,0.936,1.325,0.151,18762.273103
8.254,8.332,0.648,4.296,0.045,0.936,1.325,0.151,27169.906146
8.254,8.332,1.413,4.047,0.045,0.936,1.325,0.151,19150.291221
8.254,8.332,1.413,4.296,0.752,0.936,1.325,0.151,24205.576739
8.254,8.332,1.413,4.296,0.045,0.9,1.325,0.151,22907.294575
8.254,8.332,1.413,4.296,0.045,0.936,3.123,0.151,24733.084995999998
8.254,8.332,1.413,4.296,0.045,0.936,1.325,1.45,26402.828172
8.254,7.043,0.648,4.047,0.752,0.9,3.123,1.45,26460.835919
9.566,8.332,0.648,4.047,0.752,0.9,3.123,1.45,26120.831713
9.566,7.043,1.413,4.047,0.752,0.9,3.123,1.45,27465.537790000002
9.566,7.043,0.648,4.296,0.752,0.9,3.123,1.45,27098.922919999997
9.566,7.043,0.648,4.047,0.045,0.9,3.123,1.45,27569.943306
9.566,7.043,0.648,4.047,0.752,0.936,3.123,1.45,27624.713213
9.566,7.043,0.648,4.047,0.752,0.9,1.325,1.45,27425.883135
9.566,7.043,0.648,4.047,0.752,0.9,3.123,0.151,27091.586853
9.566,7.043,0.648,4.047,0.752,0.9,3.123,1.45,27496.967805
5.254,11.332,0.313,1.646,0.545,0.436,4.275,1.401,25320.994044
6.566,11.332,0.313,1.646,0.545,0.436,4.275,1.401,25874.697964
5.254,10.043,0.313,1.646,0.545,0.436,4.275,1.401,25758.480335
5.254,11.332,1.748,1.646,0.545,0.436,4.275,1.401,25598.935758
5.254,11.332,0.313,1.397,0.545,0.436,4.275,1.401,25669.578038
5.254,11.332,0.313,1.646,0.252,0.436,4.275,1.401,26033.187662000004
5.254,11.332,0.313,1.646,0.545,0.4,4.275,1.401,25213.333099
5.254,11.332,0.313,1.646,0.545,0.436,0.173,1.401,25183.663492
5.254,11.332,0.313,1.646,0.545,0.436,4.275,0.2,25637.178961999998
5.254,10.043,1.748,1.397,0.252,0.4,0.173,0.2,16907.576938
6.566,11.332,1.748,1.397,0.252,0.4,0.173,0.2,22435.535782
6.566,10.043,0.313,1.397,0.252,0.4,0.173,0.2,17377.417045000002
6.566,10.043,1.748,1.646,0.252,0.4,0.173,0.2,19569.531511
6.566,10.043,1.748,1.397,0.545,0.4,0.173,0.2,25549.024598
6.566,10.043,1.748,1.397,0.252,0.436,0.173,0.2,18759.673157999998
6.566,10.043,1.748,1.397,0.252,0.4,4.275,0.2,15711.948238
6.566,10.043,1.748,1.397,0.252,0.4,0.173,1.401,25962.513117999995
6.566,10.043,1.748,1.397,0.252,0.4,0.173,0.2,19699.149895000002
4.879,6.457,1.55,0.652,0.232,0.373,2.431,2.183,25268.319305999998
5.441,6.457,1.55,0.652,0.232,0.373,2.431,2.183,25833.46523
4.879,6.668,1.55,0.652,0.232,0.373,2.431,2.183,25831.596328
4.879,6.457,1.886,0.652,0.232,0.373,2.431,2.183,24278.023612
4.879,6.457,1.55,2.391,0.232,0.373,2.431,2.183,21913.456037
4.879,6.457,1.55,0.652,0.064,0.373,2.431,2.183,25600.758236
4.879,6.457,1.55,0.652,0.232,0.963,2.431,2.183,25342.23465
4.879,6.457,1.55,0.652,0.232,0.373,5.704,2.183,25678.852665
4.879,6.457,1.55,0.652,0.232,0.373,2.431,1.919,25161.521716000003
4.879,6.668,1.886,2.391,0.064,0.963,5.704,1.919,25760.897595000002
5.441,6.457,1.886,2.391,0.064,0.963,5.704,1.919,25741.094552
5.441,6.668,1.55,2.391,0.064,0.963,5.704,1.919,18635.494233999998
5.441,6.668,1.886,0.652,0.064,0.963,5.704,1.919,19170.120678
5.441,6.668,1.886,2.391,0.232,0.963,5.704,1.919,25670.900945
5.441,6.668,1.886,2.391,0.064,0.373,5.704,1.919,26370.91374
5.441,6.668,1.886,2.391,0.064,0.963,2.431,1.919,26107.083878999998
5.441,6.668,1.886,2.391,0.064,0.963,5.704,2.183,26020.219055
5.441,6.668,1.886,2.391,0.064,0.963,5.704,1.919,24877.006147
7.879,9.457,0.45,3.302,0.732,0.873,5.381,0.933,26232.300933
8.441,9.457,0.45,3.302,0.732,0.873,5.381,0.933,26769.234927
7.879,9.668,0.45,3.302,0.732,0.873,5.381,0.933,26584.102702000004
7.879,9.457,0.786,3.302,0.732,0.873,5.381,0.933,26670.651100000003
7.879,9.457,0.45,5.041,0.732,0.873,5.381,0.933,26874.65692
7.879,9.457,0.45,3.302,0.564,0.873,5.381,0.933,25765.624565
7.879,9.457,0.45,3.302,0.732,0.463,5.381,0.933,26326.739090000003
7.879,9.457,0.45,3.302,0.732,0.873,2.754,0.933,27165.301825000002
7.879,9.457,0.45,3.302,0.732,0.873,5.381,0.669,26485.506271000002
7.879,9.668,0.786,5.041,0.564,0.463,2.754,0.669,26359.845518000002
8.441,9.457,0.786,5.041,0.564,0.463,2.754,0.669,26931.166197
8.441,9.668,0.45,5.041,0.564,0.463,2.754,0.669,27068.765807000003
8.441,9.668,0.786,3.302,0.564,0.463,2.754,0.669,27542.481373000002
8.441,9.668,0.786,5.041,0.732,0.463,2.754,0.669,26618.595786
8.441,9.668,0.786,5.041,0.564,0.873,2.754,0.669,26502.039353
8.441,9.668,0.786,5.041,0.564,0.463,5.381,0.669,26030.148639000003
8.441,9.668,0.786,5.041,0.564,0.463,2.754,0.933,26365.375475999997
8.441,9.668,0.786,5.041,0.564,0.463,2.754,0.669,26924.1103
9.379,7.957,2.1,1.977,0.982,0.623,0.956,0.308,27186.12877
9.941,7.957,2.1,1.977,0.982,0.623,0.956,0.308,27288.85533
9.379,11.168,2.1,1.977,0.982,0.623,0.956,0.308,27057.062211
9.379,7.957,1.336,1.977,0.982,0.623,0.956,0.308,26897.216345
9.379,7.957,2.1,3.716,0.982,0.623,0.956,0.308,27641.647429
9.379,7.957,2.1,1.977,0.314,0.623,0.956,0.308,20180.246676
9.379,7.957,2.1,1.977,0.982,0.713,0.956,0.308,27405.964688
9.379,7.957,2.1,1.977,0.982,0.623,1.279,0.308,26812.640586
9.379,7.957,2.1,1.977,0.982,0.623,0.956,1.294,27077.905013
9.379,11.168,1.336,3.716,0.314,0.713,1.279,1.294,27696.979219
9.941,7.957,1.336,3.716,0.314,0.713,1.279,1.294,26956.084151
9.941,11.168,2.1,3.716,0.314,0.713,1.279,1.294,27556.017362
9.941,11.168,1.336,1.977,0.314,0.713,1.279,1.294,27658.832687000002
9.941,11.168,1.336,3.716,0.982,0.713,1.279,1.294,27473.707760999998
9.941,11.168,1.336,3.716,0.314,0.623,1.279,1.294,27273.923112999997
9.941,11.168,1.336,3.716,0.314,0.713,0.956,1.294,27141.380508000002
9.941,11.168,1.336,3.716,0.314,0.713,1.279,0.308,18708.481878
9.941,11.168,1.336,3.716,0.314,0.713,1.279,1.294,27404.471869
6.379,10.957,1.0,4.627,0.482,0.123,3.906,1.558,26442.698061000003
6.941,10.957,1.0,4.627,0.482,0.123,3.906,1.558,26583.394907
6.379,8.168,1.0,4.627,0.482,0.123,3.906,1.558,26116.048551
6.379,10.957,2.436,4.627,0.482,0.123,3.906,1.558,26030.973472
6.379,10.957,1.0,1.066,0.482,0.123,3.906,1.558,26375.833854
6.379,10.957,1.0,4.627,0.814,0.123,3.906,1.558,26297.330972
6.379,10.957,1.0,4.627,0.482,0.213,3.906,1.558,25909.873059999998
6.379,10.957,1.0,4.627,0.482,0.123,4.229,1.558,22695.712214
6.379,10.957,1.0,4.627,0.482,0.123,3.906,0.044,26346.016880000003
6.379,8.168,2.436,1.066,0.814,0.213,4.229,0.044,25939.050308
6.941,10.957,2.436,1.066,0.814,0.213,4.229,0.044,26604.225242
6.941,8.168,1.0,1.066,0.814,0.213,4.229,0.044,26005.2083
6.941,8.168,2.436,4.627,0.814,0.213,4.229,0.044,22220.00977
6.941,8.168,2.436,1.066,0.482,0.213,4.229,0.044,25486.659227
6.941,8.168,2.436,1.066,0.814,0.123,4.229,0.044,27032.160087000004
6.941,8.168,2.436,1.066,0.814,0.213,3.906,0.044,26214.140389
6.941,8.168,2.436,1.066,0.814,0.213,4.229,1.558,26158.08058
6.941,8.168,2.436,1.066,0.814,0.213,4.229,0.044,26240.958190999998
5.629,8.707,0.725,5.29,0.357,0.498,0.219,0.62,25639.518842999998
9.191,8.707,0.725,5.29,0.357,0.498,0.219,0.62,24372.124582999997
5.629,10.418,0.725,5.29,0.357,0.498,0.219,0.62,24190.497261
5.629,8.707,1.061,5.29,0.357,0.498,0.219,0.62,26093.235899
5.629,8.707,0.725,0.404,0.357,0.498,0.219,0.62,25083.86833
5.629,8.707,0.725,5.29,0.439,0.498,0.219,0.62,22239.760412
5.629,8.707,0.725,5.29,0.357,0.338,0.219,0.62,18499.806022
5.629,8.707,0.725,5.29,0.357,0.498,3.492,0.62,25431.891991
5.629,8.707,0.725,5.29,0.357,0.498,0.219,0.356,19560.983214
5.629,10.418,1.061,0.404,0.439,0.338,3.492,0.356,24105.45018
9.191,8.707,1.061,0.404,0.439,0.338,3.492,0.356,18870.746149000002
9.191,10.418,0.725,0.404,0.439,0.338,3.492,0.356,21956.792684999997
9.191,10.418,1.061,5.29,0.439,0.338,3.492,0.356,20967.249690000004
9.191,10.418,1.061,0.404,0.357,0.338,3.492,0.356,26584.472902999998
9.191,10.418,1.061,0.404,0.439,0.498,3.492,0.356,27283.280010000002
9.191,10.418,1.061,0.404,0.439,0.338,0.219,0.356,25127.758777000003
9.191,10.418,1.061,0.404,0.439,0.338,3.492,0.62,27213.778892
9.191,10.418,1.061,0.404,0.439,0.338,3.492,0.356,22123.575791000003
8.629,11.707,1.825,2.64,0.857,0.998,3.169,1.87,27485.711287
6.191,11.707,1.825,2.64,0.857,0.998,3.169,1.87,17236.34708
8.629,7.418,1.825,2.64,0.857,0.998,3.169,1.87,27122.697599
8.629,11.707,2.161,2.64,0.857,0.998,3.169,1.87,25313.892074000003
8.629,11.707,1.825,3.054,0.857,0.998,3.169,1.87,27140.164016000002
8.629,11.707,1.825,2.64,0.939,0.998,3.169,1.87,20131.809931
8.629,11.707,1.825,2.64,0.857,0.838,3.169,1.87,26985.662076
8.629,11.707,1.825,2.64,0.857,0.998,0.542,1.87,27710.374118
8.629,11.707,1.825,2.64,0.857,0.998,3.169,1.606,27245.139505
8.629,7.418,2.161,3.054,0.939,0.838,0.542,1.606,26381.536974
6.191,11.707,2.161,3.054,0.939,0.838,0.542,1.606,26226.878106
6.191,7.418,1.825,3.054,0.939,0.838,0.542,1.606,26315.504987
6.191,7.418,2.161,2.64,0.939,0.838,0.542,1.606,26218.907703999997
6.191,7.418,2.161,3.054,0.857,0.838,0.542,1.606,26043.521961
6.191,7.418,2.161,3.054,0.939,0.998,0.542,1.606,25915.543623999998
6.191,7.418,2.161,3.054,0.939,0.838,3.169,1.606,25851.353264999998
6.191,7.418,2.161,3.054,0.939,0.838,0.542,1.87,26046.624758
6.191,7.418,2.161,3.054,0.939,0.838,0.542,1.606,25642.33875
7.129,7.207,1.275,3.965,0.607,0.748,1.694,2.495,26379.211697
4.691,7.207,1.275,3.965,0.607,0.748,1.694,2.495,25992.319677
7.129,8.918,1.275,3.965,0.607,0.748,1.694,2.495,26174.092815
7.129,7.207,1.611,3.965,0.607,0.748,1.694,2.495,22932.889185
7.129,7.207,1.275,4.379,0.607,0.748,1.694,2.495,26060.836874
7.129,7.207,1.275,3.965,0.189,0.748,1.694,2.495,25964.792383
7.129,7.207,1.275,3.965,0.607,0.088,1.694,2.495,26157.359026000002
7.129,7.207,1.275,3.965,0.607,0.748,2.017,2.495,25941.585666
7.129,7.207,1.275,3.965,0.607,0.748,1.694,0.981,26085.645749
7.129,8.918,1.611,4.379,0.189,0.088,2.017,0.981,25860.691756999997
4.691,7.207,1.611,4.379,0.189,0.088,2.017,0.981,25460.460734999997
4.691,8.918,1.275,4.379,0.189,0.088,2.017,0.981,25519.858879
4.691,8.918,1.611,3.965,0.189,0.088,2.017,0.981,26062.209806
4.691,8.918,1.611,4.379,0.607,0.088,2.017,0.981,25298.110174
4.691,8.918,1.611,4.379,0.189,0.748,2.017,0.981,25092.804575999995
4.691,8.918,1.611,4.379,0.189,0.088,1.694,0.981,21892.650135999997
4.691,8.918,1.611,4.379,0.189,0.088,2.017,2.495,25851.331667
4.691,8.918,1.611,4.379,0.189,0.088,2.017,0.981,25815.329399000002
4.129,10.207,2.375,1.315,0.107,0.248,4.644,1.245,22438.300198999998
7.691,10.207,2.375,1.315,0.107,0.248,4.644,1.245,24782.547821
4.129,11.918,2.375,1.315,0.107,0.248,4.644,1.245,25278.884005
4.129,10.207,0.511,1.315,0.107,0.248,4.644,1.245,24939.398153
4.129,10.207,2.375,1.729,0.107,0.248,4.644,1.245,25914.623322
4.129,10.207,2.375,1.315,0.689,0.248,4.644,1.245,21296.340264000002
4.129,10.207,2.375,1.315,0.107,0.588,4.644,1.245,25927.524474
4.129,10.207,2.375,1.315,0.107,0.248,4.967,1.245,22377.784585
4.129,10.207,2.375,1.315,0.107,0.248,4.644,2.231,26473.67436
4.129,11.918,0.511,1.729,0.689,0.588,4.967,2.231,25559.879395
7.691,10.207,0.511,1.729,0.689,0.588,4.967,2.231,26632.842957
7.691,11.918,2.375,1.729,0.689,0.588,4.967,2.231,26517.798154
7.691,11.918,0.511,1.315,0.689,0.588,4.967,2.231,20894.396335999998
7.691,11.918,0.511,1.729,0.107,0.588,4.967,2.231,26331.711011
7.691,11.918,0.511,1.729,0.689,0.248,4.967,2.231,26455.338825
7.691,11.918,0.511,1.729,0.689,0.588,4.644,2.231,23587.132897
7.691,11.918,0.511,1.729,0.689,0.588,4.967,1.245,26243.978936
7.691,11.918,0.511,1.729,0.689,0.588,4.967,2.231,26107.036555
4.176,6.598,1.396,3.261,0.381,0.412,5.704,1.069,24813.27645
9.801,6.598,1.396,3.261,0.381,0.412,5.704,1.069,27301.139156
4.176,8.777,1.396,3.261,0.381,0.412,5.704,1.069,26257.530928
4.176,6.598,1.456,3.261,0.381,0.412,5.704,1.069,18214.377536
4.176,6.598,1.396,4.089,0.381,0.412,5.704,1.069,26016.476244999998
4.176,6.598,1.396,3.261,0.322,0.412,5.704,1.069,24959.324029
4.176,6.598,1.396,3.261,0.381,0.83,5.704,1.069,25059.583394
4.176,6.598,1.396,3.261,0.381,0.412,1.786,1.069,25142.763829
4.176,6.598,1.396,3.261,0.381,0.412,5.704,1.587,25624.778334000002
4.176,8.777,1.456,4.089,0.322,0.83,1.786,1.587,25412.223785
9.801,6.598,1.456,4.089,0.322,0.83,1.786,1.587,27072.704804
9.801,8.777,1.396,4.089,0.322,0.83,1.786,1.587,27746.906328
9.801,8.777,1.456,3.261,0.322,0.83,1.786,1.587,27530.464083
9.801,8.777,1.456,4.089,0.381,0.83,1.786,1.587,26421.529794
9.801,8.777,1.456,4.089,0.322,0.412,1.786,1.587,23891.954626
9.801,8.777,1.456,4.089,0.322,0.83,5.704,1.587,18196.582207
9.801,8.777,1.456,4.089,0.322,0.83,1.786,1.069,26934.370763000003
9.801,8.777,1.456,4.089,0.322,0.83,1.786,1.587,27508.483455999998
7.176,9.598,2.496,0.611,0.881,0.912,2.754,2.319,26266.992695
6.801,9.598,2.496,0.611,0.881,0.912,2.754,2.319,26482.555656
7.176,11.777,2.496,0.611,0.881,0.912,2.754,2.319,26469.868961
7.176,9.598,0.356,0.611,0.881,0.912,2.754,2.319,26625.377024999998
7.176,9.598,2.496,1.439,0.881,0.912,2.754,2.319,26448.898976
7.176,9.598,2.496,0.611,0.822,0.912,2.754,2.319,23087.835845
7.176,9.598,2.496,0.611,0.881,0.33,2.754,2.319,25983.818916999997
7.176,9.598,2.496,0.611,0.881,0.912,4.736,2.319,26444.103422
7.176,9.598,2.496,0.611,0.881,0.912,2.754,0.337,21279.707253
7.176,11.777,0.356,1.439,0.822,0.33,4.736,0.337,26965.891053
6.801,9.598,0.356,1.439,0.822,0.33,4.736,0.337,26219.455455000003
6.801,11.777,2.496,1.439,0.822,0.33,4.736,0.337,26818.187361999997
6.801,11.777,0.356,0.611,0.822,0.33,4.736,0.337,25974.321339000002
6.801,11.777,0.356,1.439,0.881,0.33,4.736,0.337,26302.297421
6.801,11.777,0.356,1.439,0.822,0.912,4.736,0.337,26893.329416
6.801,11.777,0.356,1.439,0.822,0.33,2.754,0.337,25979.855275
6.801,11.777,0.356,1.439,0.822,0.33,4.736,2.319,26161.24987
6.801,11.777,0.356,1.439,0.822,0.33,4.736,0.337,25638.758925000002
8.676,8.098,0.846,4.586,0.631,0.662,4.229,1.694,26956.314159
5.301,8.098,0.846,4.586,0.631,0.662,4.229,1.694,25791.201188
8.676,10.277,0.846,4.586,0.631,0.662,4.229,1.694,26907.144529999998
8.676,8.098,0.906,4.586,0.631,0.662,4.229,1.694,26292.943274
8.676,8.098,0.846,0.114,0.631,0.662,4.229,1.694,26747.944624000003
8.676,8.098,0.846,4.586,0.072,0.662,4.229,1.694,26320.221867
8.676,8.098,0.846,4.586,0.631,0.58,4.229,1.694,27421.774885
8.676,8.098,0.846,4.586,0.631,0.662,3.261,1.694,27127.312794
8.676,8.098,0.846,4.586,0.631,0.662,4.229,2.212,26571.947909000002
8.676,10.277,0.906,0.114,0.072,0.58,3.261,2.212,24883.813129
5.301,8.098,0.906,0.114,0.072,0.58,3.261,2.212,25921.430164
5.301,10.277,0.846,0.114,0.072,0.58,3.261,2.212,26087.563370999997
5.301,10.277,0.906,4.586,0.072,0.58,3.261,2.212,25559.186042
5.301,10.277,0.906,0.114,0.631,0.58,3.261,2.212,26324.848883
5.301,10.277,0.906,0.114,0.072,0.662,3.261,2.212,26189.932762
5.301,10.277,0.906,0.114,0.072,0.58,4.229,2.212,24147.776151
5.301,10.277,0.906,0.114,0.072,0.58,3.261,1.694,25489.011454
5.301,10.277,0.906,0.114,0.072,0.58,3.261,2.212,26236.706114
5.676,11.098,1.946,1.936,0.131,0.162,1.279,0.444,17456.054283999998
8.301,11.098,1.946,1.936,0.131,0.162,1.279,0.444,19418.273028
5.676,7.277,1.946,1.936,0.131,0.162,1.279,0.444,21900.535021
5.676,11.098,2.006,1.936,0.131,0.162,1.279,0.444,26797.454643999998
5.676,11.098,1.946,2.764,0.131,0.162,1.279,0.444,17187.961831
5.676,11.098,1.946,1.936,0.572,0.162,1.279,0.444,23382.343429
5.676,11.098,1.946,1.936,0.131,0.08,1.279,0.444,17650.820890000003
5.676,11.098,1.946,1.936,0.131,0.162,0.311,0.444,19179.404453000003
5.676,11.098,1.946,1.936,0.131,0.162,1.279,0.962,20166.839518
5.676,7.277,2.006,2.764,0.572,0.08,0.311,0.962,26104.244941
8.301,11.098,2.006,2.764,0.572,0.08,0.311,0.962,26768.700856
8.301,7.277,1.946,2.764,0.572,0.08,0.311,0.962,26977.108725
8.301,7.277,2.006,1.936,0.572,0.08,0.311,0.962,26399.233424000002
8.301,7.277,2.006,2.764,0.131,0.08,0.311,0.962,27167.971812000003
8.301,7.277,2.006,2.764,0.572,0.162,0.311,0.962,26783.610619
8.301,7.277,2.006,2.764,0.572,0.08,1.279,0.962,26598.387746
8.301,7.277,2.006,2.764,0.572,0.08,0.311,0.444,21368.306891
8.301,7.277,2.006,2.764,0.572,0.08,0.311,0.962,26319.393242
6.426,8.848,2.221,2.598,0.006,0.287,3.492,1.382,25933.622158
4.551,8.848,2.221,2.598,0.006,0.287,3.492,1.382,19493.580384
6.426,11.027,2.221,2.598,0.006,0.287,3.492,1.382,26034.125218
6.426,8.848,1.181,2.598,0.006,0.287,3.492,1.382,20572.987933
6.426,8.848,2.221,3.426,0.006,0.287,3.492,1.382,25535.345504
6.426,8.848,2.221,2.598,0.197,0.287,3.492,1.382,25983.652194000002
6.426,8.848,2.221,2.598,0.006,0.455,3.492,1.382,18926.206346
6.426,8.848,2.221,2.598,0.006,0.287,1.049,1.382,26108.102966000002
6.426,8.848,2.221,2.598,0.006,0.287,3.492,0.649,21528.559196
6.426,11.027,1.181,3.426,0.197,0.455,1.049,0.649,21048.175696000002
4.551,8.848,1.181,3.426,0.197,0.455,1.049,0.649,19203.155037
4.551,11.027,2.221,3.426,0.197,0.455,1.049,0.649,20973.729358000004
4.551,11.027,1.181,2.598,0.197,0.455,1.049,0.649,22049.651985
4.551,11.027,1.181,3.426,0.006,0.455,1.049,0.649,19233.721091
4.551,11.027,1.181,3.426,0.197,0.287,1.049,0.649,23743.380707999997
4.551,11.027,1.181,3.426,0.197,0.455,3.492,0.649,26194.724204
4.551,11.027,1.181,3.426,0.197,0.455,1.049,1.382,25642.890472
4.551,11.027,1.181,3.426,0.197,0.455,1.049,0.649,17630.341526999997
9.426,11.848,1.121,5.248,0.506,0.787,0.542,0.132,26609.064651
7.551,11.848,1.121,5.248,0.506,0.787,0.542,0.132,26857.142338999998
9.426,8.027,1.121,5.248,0.506,0.787,0.542,0.132,26512.969351
9.426,11.848,2.281,5.248,0.506,0.787,0.542,0.132,20983.338927
9.426,11.848,1.121,0.776,0.506,0.787,0.542,0.132,27428.346857
9.426,11.848,1.121,5.248,0.697,0.787,0.542,0.132,20708.108236
9.426,11.848,1.121,5.248,0.506,0.955,0.542,0.132,21652.460279
9.426,11.848,1.121,5.248,0.506,0.787,3.999,0.132,23472.913671000002
9.426,11.848,1.121,5.248,0.506,0.787,0.542,1.899,27359.845272
9.426,8.027,2.281,0.776,0.697,0.955,3.999,1.899,27259.140554999998
7.551,11.848,2.281,0.776,0.697,0.955,3.999,1.899,18216.245969000003
7.551,8.027,1.121,0.776,0.697,0.955,3.999,1.899,26520.56785
7.551,8.027,2.281,5.248,0.697,0.955,3.999,1.899,26551.627474999998
7.551,8.027,2.281,0.776,0.506,0.955,3.999,1.899,26639.290131
7.551,8.027,2.281,0.776,0.697,0.787,3.999,1.899,26221.836744
7.551,8.027,2.281,0.776,0.697,0.955,0.542,1.899,26696.672229
7.551,8.027,2.281,0.776,0.697,0.955,3.999,0.132,25710.425448
7.551,8.027,2.281,0.776,0.697,0.955,3.999,1.899,25819.739324
7.926,7.348,1.671,1.273,0.756,0.537,4.967,0.757,26483.975661999997
9.051,7.348,1.671,1.273,0.756,0.537,4.967,0.757,27307.215819999998
7.926,6.527,1.671,1.273,0.756,0.537,4.967,0.757,26254.437401
7.926,7.348,1.731,1.273,0.756,0.537,4.967,0.757,26564.956836999998
7.926,7.348,1.671,2.101,0.756,0.537,4.967,0.757,26272.032101
7.926,7.348,1.671,1.273,0.447,0.537,4.967,0.757,21572.222469
7.926,7.348,1.671,1.273,0.756,0.205,4.967,0.757,27133.157966
7.926,7.348,1.671,1.273,0.756,0.537,5.474,0.757,26375.784438000002
7.926,7.348,1.671,1.273,0.756,0.537,4.967,0.024,25918.746408
7.926,6.527,1.731,2.101,0.447,0.205,5.474,0.024,26764.440324
9.051,7.348,1.731,2.101,0.447,0.205,5.474,0.024,27298.648269
9.051,6.527,1.671,2.101,0.447,0.205,5.474,0.024,27741.086651999998
9.051,6.527,1.731,1.273,0.447,0.205,5.474,0.024,26833.479658
9.051,6.527,1.731,2.101,0.756,0.205,5.474,0.024,27037.583594
9.051,6.527,1.731,2.101,0.447,0.537,5.474,0.024,24742.1173
9.051,6.527,1.731,2.101,0.447,0.205,4.967,0.024,27189.73099
9.051,6.527,1.731,2.101,0.447,0.205,5.474,0.757,27691.122749000002
9.051,6.527,1.731,2.101,0.447,0.205,5.474,0.024,26904.835945
4.926,10.348,0.571,3.923,0.256,0.037,2.017,2.007,26378.321737
6.051,10.348,0.571,3.923,0.256,0.037,2.017,2.007,26284.347093
4.926,9.527,0.571,3.923,0.256,0.037,2.017,2.007,25939.912903
4.926,10.348,0.631,3.923,0.256,0.037,2.017,2.007,26122.366771
4.926,10.348,0.571,4.751,0.256,0.037,2.017,2.007,25789.779343
4.926,10.348,0.571,3.923,0.947,0.037,2.017,2.007,26373.484625999998
4.926,10.348,0.571,3.923,0.256,0.705,2.017,2.007,25782.577727
4.926,10.348,0.571,3.923,0.256,0.037,2.524,2.007,25818.851593
4.926,10.348,0.571,3.923,0.256,0.037,2.017,1.274,25889.833399000003
4.926,9.527,0.631,4.751,0.947,0.705,2.524,1.274,25105.475346
6.051,10.348,0.631,4.751,0.947,0.705,2.524,1.274,26089.318852
6.051,9.527,0.571,4.751,0.947,0.705,2.524,1.274,25793.207664
6.051,9.527,0.631,3.923,0.947,0.705,2.524,1.274,26007.759626
6.051,9.527,0.631,4.751,0.256,0.705,2.524,1.274,25536.868670000003
6.051,9.527,0.631,4.751,0.947,0.037,2.524,1.274,25871.959786
6.051,9.527,0.631,4.751,0.947,0.705,2.017,1.274,26267.655382
6.051,9.527,0.631,4.751,0.947,0.705,2.524,2.007,25827.143245
6.051,9.527,0.631,4.751,0.947,0.705,2.524,1.274,26165.594882
5.301,7.723,1.533,4.917,0.943,0.225,3.123,1.538,25773.001579
4.176,7.723,1.533,4.917,0.943,0.225,3.123,1.538,25585.63626
5.301,6.902,1.533,4.917,0.943,0.225,3.123,1.538,25932.059211
5.301,7.723,0.768,4.917,0.943,0.225,3.123,1.538,25655.306577000003
5.301,7.723,1.533,4.42,0.943,0.225,3.123,1.538,25587.729362
5.301,7.723,1.533,4.917,0.635,0.225,3.123,1.538,25866.113185000002
5.301,7.723,1.533,4.917,0.943,0.143,3.123,1.538,25938.057035
5.301,7.723,1.533,4.917,0.943,0.225,3.63,1.538,25521.231788
5.301,7.723,1.533,4.917,0.943,0.225,3.123,0.806,25496.70208
5.301,6.902,0.768,4.42,0.635,0.143,3.63,0.806,25954.528404999997
4.176,7.723,0.768,4.42,0.635,0.143,3.63,0.806,26065.352477
4.176,6.902,1.533,4.42,0.635,0.143,3.63,0.806,25824.201897
4.176,6.902,0.768,4.917,0.635,0.143,3.63,0.806,25847.661678
4.176,6.902,0.768,4.42,0.943,0.143,3.63,0.806,25092.465713999998
4.176,6.902,0.768,4.42,0.635,0.225,3.63,0.806,25101.470166
4.176,6.902,0.768,4.42,0.635,0.143,3.123,0.806,25701.670627
4.176,6.902,0.768,4.42,0.635,0.143,3.63,1.538,25319.658179
4.176,6.902,0.768,4.42,0.635,0.143,3.63,0.806,25880.116216000002
8.301,10.723,0.433,2.267,0.443,0.725,0.173,0.288,19664.257068
7.176,10.723,0.433,2.267,0.443,0.725,0.173,0.288,26072.311558
8.301,9.902,0.433,2.267,0.443,0.725,0.173,0.288,19152.436013000002
8.301,10.723,1.868,2.267,0.443,0.725,0.173,0.288,19243.989441
8.301,10.723,0.433,1.77,0.443,0.725,0.173,0.288,26523.000465999998
8.301,10.723,0.433,2.267,0.135,0.725,0.173,0.288,19627.355198999998
8.301,10.723,0.433,2.267,0.443,0.643,0.173,0.288,27193.836800999998
8.301,10.723,0.433,2.267,0.443,0.725,0.68,0.288,21424.303364
8.301,10.723,0.433,2.267,0.443,0.725,0.173,2.056,25470.643187
8.301,9.902,1.868,1.77,0.135,0.643,0.68,2.056,26718.686367000002
7.176,10.723,1.868,1.77,0.135,0.643,0.68,2.056,26490.636501
7.176,9.902,0.433,1.77,0.135,0.643,0.68,2.056,26188.056049
7.176,9.902,1.868,2.267,0.135,0.643,0.68,2.056,26834.913535
7.176,9.902,1.868,1.77,0.443,0.643,0.68,2.056,25527.548684
7.176,9.902,1.868,1.77,0.135,0.725,0.68,2.056,26715.538214999997
7.176,9.902,1.868,1.77,0.135,0.643,0.173,2.056,26446.488153
7.176,9.902,1.868,1.77,0.135,0.643,0.68,0.288,26038.738986999997
7.176,9.902,1.868,1.77,0.135,0.643,0.68,2.056,17268.524494999998
9.801,6.223,2.083,3.592,0.193,0.975,4.598,0.913,27623.396337
8.676,6.223,2.083,3.592,0.193,0.975,4.598,0.913,27103.672757
9.801,11.402,2.083,3.592,0.193,0.975,4.598,0.913,27494.118971999997
9.801,6.223,2.418,3.592,0.193,0.975,4.598,0.913,26035.107193
9.801,6.223,2.083,0.445,0.193,0.975,4.598,0.913,27566.153078
9.801,6.223,2.083,3.592,0.885,0.975,4.598,0.913,27240.780068
9.801,6.223,2.083,3.592,0.193,0.393,4.598,0.913,19324.198772
9.801,6.223,2.083,3.592,0.193,0.975,2.155,0.913,26641.645269
9.801,6.223,2.083,3.592,0.193,0.975,4.598,0.181,11387.215152
9.801,11.402,2.418,0.445,0.885,0.393,2.155,0.181,18329.251082000002
8.676,6.223,2.418,0.445,0.885,0.393,2.155,0.181,26110.283645
8.676,11.402,2.083,0.445,0.885,0.393,2.155,0.181,23836.334369999997
8.676,11.402,2.418,3.592,0.885,0.393,2.155,0.181,26093.321385
8.676,11.402,2.418,0.445,0.193,0.393,2.155,0.181,11137.338383999999
8.676,11.402,2.418,0.445,0.885,0.975,2.155,0.181,22922.747607
8.676,11.402,2.418,0.445,0.885,0.393,4.598,0.181,26517.005167
8.676,11.402,2.418,0.445,0.885,0.393,2.155,0.913,27152.615304
8.676,11.402,2.418,0.445,0.885,0.393,2.155,0.181,27457.885969000003
6.801,9.223,0.983,0.942,0.693,0.475,1.648,2.163,25882.78147
5.676,9.223,0.983,0.942,0.693,0.475,1.648,2.163,26370.298343000002
6.801,8.402,0.983,0.942,0.693,0.475,1.648,2.163,25581.282219
6.801,9.223,1.318,0.942,0.693,0.475,1.648,2.163,26111.276264
6.801,9.223,0.983,3.095,0.693,0.475,1.648,2.163,26607.119329
6.801,9.223,0.983,0.942,0.385,0.475,1.648,2.163,26395.396151999998
6.801,9.223,0.983,0.942,0.693,0.893,1.648,2.163,25872.631852
6.801,9.223,0.983,0.942,0.693,0.475,5.105,2.163,26190.039309
6.801,9.223,0.983,0.942,0.693,0.475,1.648,1.431,26355.210538
6.801,8.402,1.318,3.095,0.385,0.893,5.105,1.431,26143.115615000002
5.676,9.223,1.318,3.095,0.385,0.893,5.105,1.431,25710.871088
5.676,8.402,0.983,3.095,0.385,0.893,5.105,1.431,25666.47481
5.676,8.402,1.318,0.942,0.385,0.893,5.105,1.431,26130.801478999998
5.676,8.402,1.318,3.095,0.693,0.893,5.105,1.431,25665.798804
5.676,8.402,1.318,3.095,0.385,0.475,5.105,1.431,25794.215897000002
5.676,8.402,1.318,3.095,0.385,0.893,1.648,1.431,25665.208169999998
5.676,8.402,1.318,3.095,0.385,0.893,5.105,2.163,26160.690616
5.676,8.402,1.318,3.095,0.385,0.893,5.105,1.431,25853.656519999997
6.051,6.973,0.708,0.279,0.568,0.1,5.335,1.226,26063.759953
9.426,6.973,0.708,0.279,0.568,0.1,5.335,1.226,26975.929357
6.051,9.152,0.708,0.279,0.568,0.1,5.335,1.226,25649.646052999997
6.051,6.973,2.143,0.279,0.568,0.1,5.335,1.226,26371.664145
6.051,6.973,0.708,3.758,0.568,0.1,5.335,1.226,26251.255617000003
6.051,6.973,0.708,0.279,0.76,0.1,5.335,1.226,23829.563681
6.051,6.973,0.708,0.279,0.568,0.518,5.335,1.226,22478.981514
6.051,6.973,0.708,0.279,0.568,0.1,5.842,1.226,25908.76835
6.051,6.973,0.708,0.279,0.568,0.1,5.335,1.743,25912.914849
6.051,9.152,2.143,3.758,0.76,0.518,5.842,1.743,25720.006214
9.426,6.973,2.143,3.758,0.76,0.518,5.842,1.743,27387.827499
9.426,9.152,0.708,3.758,0.76,0.518,5.842,1.743,21572.277441
9.426,9.152,2.143,0.279,0.76,0.518,5.842,1.743,26714.285617
9.426,9.152,2.143,3.758,0.568,0.518,5.842,1.743,26825.069476999997
9.426,9.152,2.143,3.758,0.76,0.1,5.842,1.743,27363.488482
9.426,9.152,2.143,3.758,0.76,0.518,5.335,1.743,27280.996364
9.426,9.152,2.143,3.758,0.76,0.518,5.842,1.226,26843.870171000002
9.426,9.152,2.143,3.758,0.76,0.518,5.842,1.743,26900.308981000002
9.051,9.973,1.808,2.929,0.068,0.6,2.385,2.476,21095.55076
6.426,9.973,1.808,2.929,0.068,0.6,2.385,2.476,25786.977889
9.051,6.152,1.808,2.929,0.068,0.6,2.385,2.476,26865.077477
9.051,9.973,1.043,2.929,0.068,0.6,2.385,2.476,27726.56047
9.051,9.973,1.808,1.108,0.068,0.6,2.385,2.476,27349.641354
9.051,9.973,1.808,2.929,0.26,0.6,2.385,2.476,27380.207641
9.051,9.973,1.808,2.929,0.068,0.018,2.385,2.476,26890.578322
9.051,9.973,1.808,2.929,0.068,0.6,2.892,2.476,26715.146723
9.051,9.973,1.808,2.929,0.068,0.6,2.385,0.493,26852.736703
9.051,6.152,1.043,1.108,0.26,0.018,2.892,0.493,23031.201613
6.426,9.973,1.043,1.108,0.26,0.018,2.892,0.493,19938.250701
6.426,6.152,1.808,1.108,0.26,0.018,2.892,0.493,25221.438507
6.426,6.152,1.043,2.929,0.26,0.018,2.892,0.493,25838.333551000003
6.426,6.152,1.043,1.108,0.068,0.018,2.892,0.493,25804.314685999998
6.426,6.152,1.043,1.108,0.26,0.6,2.892,0.493,18569.521626
6.426,6.152,1.043,1.108,0.26,0.018,2.385,0.493,26594.455008999998
6.426,6.152,1.043,1.108,0.26,0.018,2.892,2.476,26046.66634
6.426,6.152,1.043,1.108,0.26,0.018,2.892,0.493,20511.914972
7.551,8.473,1.258,1.604,0.318,0.85,3.86,1.851,26670.016223
4.926,8.473,1.258,1.604,0.318,0.85,3.86,1.851,25466.018169
7.551,7.652,1.258,1.604,0.318,0.85,3.86,1.851,26105.831816
7.551,8.473,0.493,1.604,0.318,0.85,3.86,1.851,26110.894711
7.551,8.473,1.258,2.433,0.318,0.85,3.86,1.851,26179.309127
7.551,8.473,1.258,1.604,0.51,0.85,3.86,1.851,26507.394962000002
7.551,8.473,1.258,1.604,0.318,0.768,3.86,1.851,25741.890057000004
7.551,8.473,1.258,1.604,0.318,0.85,1.417,1.851,26202.136843
7.551,8.473,1.258,1.604,0.318,0.85,3.86,2.368,25663.164301
7.551,7.652,0.493,2.433,0.51,0.768,1.417,2.368,26133.913336999998
4.926,8.473,0.493,2.433,0.51,0.768,1.417,2.368,25700.841278
4.926,7.652,1.258,2.433,0.51,0.768,1.417,2.368,25387.736677
4.926,7.652,0.493,1.604,0.51,0.768,1.417,2.368,25719.564444000003
4.926,7.652,0.493,2.433,0.318,0.768,1.417,2.368,25751.145481
4.926,7.652,0.493,2.433,0.51,0.85,1.417,2.368,25631.475853
4.926,7.652,0.493,2.433,0.51,0.768,3.86,2.368,24961.342499
4.926,7.652,0.493,2.433,0.51,0.768,1.417,1.851,25425.773477
4.926,7.652,0.493,2.433,0.51,0.768,1.417,2.368,25286.624213000003
4.551,11.473,2.358,4.254,0.818,0.35,0.91,0.601,26092.408284
7.926,11.473,2.358,4.254,0.818,0.35,0.91,0.601,26732.184874
4.551,10.652,2.358,4.254,0.818,0.35,0.91,0.601,25585.60364
4.551,11.473,1.593,4.254,0.818,0.35,0.91,0.601,23962.515453
4.551,11.473,2.358,5.083,0.818,0.35,0.91,0.601,26060.455846
4.551,11.473,2.358,4.254,0.01,0.35,0.91,0.601,17618.091406
4.551,11.473,2.358,4.254,0.818,0.268,0.91,0.601,26030.646214
4.551,11.473,2.358,4.254,0.818,0.35,4.367,0.601,25853.909974000002
4.551,11.473,2.358,4.254,0.818,0.35,0.91,1.118,26120.926242
4.551,10.652,1.593,5.083,0.01,0.268,4.367,1.118,17860.042922
7.926,11.473,1.593,5.083,0.01,0.268,4.367,1.118,17899.346408999998
7.926,10.652,2.358,5.083,0.01,0.268,4.367,1.118,26511.958407
7.926,10.652,1.593,4.254,0.01,0.268,4.367,1.118,25885.39432
7.926,10.652,1.593,5.083,0.818,0.268,4.367,1.118,26616.860103
7.926,10.652,1.593,5.083,0.01,0.35,4.367,1.118,26579.684513
7.926,10.652,1.593,5.083,0.01,0.268,0.91,1.118,26770.021216
7.926,10.652,1.593,5.083,0.01,0.268,4.367,0.601,17039.146193
7.926,10.652,1.593,5.083,0.01,0.268,4.367,1.118,25289.121011
4.738,8.285,0.364,1.108,0.162,0.568,2.938,1.772,25649.115253999997
7.363,8.285,0.364,1.108,0.162,0.568,2.938,1.772,26236.488386999998
4.738,8.215,0.364,1.108,0.162,0.568,2.938,1.772,25290.170975
4.738,8.285,1.662,1.108,0.162,0.568,2.938,1.772,25796.151456
4.738,8.285,0.364,3.592,0.162,0.568,2.938,1.772,25395.792548
4.738,8.285,0.364,1.108,0.979,0.568,2.938,1.772,25595.980711
4.738,8.285,0.364,1.108,0.162,0.486,2.938,1.772,25588.526679
4.738,8.285,0.364,1.108,0.162,0.568,0.496,1.772,25276.081739
4.738,8.285,0.364,1.108,0.162,0.568,2.938,1.665,26324.183328
4.738,8.215,1.662,3.592,0.979,0.486,0.496,1.665,25485.177888
7.363,8.285,1.662,3.592,0.979,0.486,0.496,1.665,26551.743595
7.363,8.215,0.364,3.592,0.979,0.486,0.496,1.665,26214.212613
7.363,8.215,1.662,1.108,0.979,0.486,0.496,1.665,19433.404891
7.363,8.215,1.662,3.592,0.162,0.486,0.496,1.665,25739.414913
7.363,8.215,1.662,3.592,0.979,0.568,0.496,1.665,25998.67983
7.363,8.215,1.662,3.592,0.979,0.486,2.938,1.665,26308.338453
7.363,8.215,1.662,3.592,0.979,0.486,0.496,1.772,26469.284152
7.363,8.215,1.662,3.592,0.979,0.486,0.496,1.665,26287.013269000003
7.738,11.285,1.464,3.758,0.662,0.068,5.888,0.522,26616.660201
4.363,11.285,1.464,3.758,0.662,0.068,5.888,0.522,25726.603411999997
7.738,11.215,1.464,3.758,0.662,0.068,5.888,0.522,26474.531411999997
7.738,11.285,0.562,3.758,0.662,0.068,5.888,0.522,26307.818975000002
7.738,11.285,1.464,0.942,0.662,0.068,5.888,0.522,18775.595848999998
7.738,11.285,1.464,3.758,0.479,0.068,5.888,0.522,26712.070014999998
7.738,11.285,1.464,3.758,0.662,0.986,5.888,0.522,23460.166265
7.738,11.285,1.464,3.758,0.662,0.068,3.446,0.522,26094.049916
7.738,11.285,1.464,3.758,0.662,0.068,5.888,0.415,26987.25086
7.738,11.215,0.562,0.942,0.479,0.986,3.446,0.415,17575.352895
4.363,11.285,0.562,0.942,0.479,0.986,3.446,0.415,25446.193125
4.363,11.215,1.464,0.942,0.479,0.986,3.446,0.415,18948.716639
4.363,11.215,0.562,3.758,0.479,0.986,3.446,0.415,25503.677676
4.363,11.215,0.562,0.942,0.662,0.986,3.446,0.415,25389.160930000002
4.363,11.215,0.562,0.942,0.479,0.068,3.446,0.415,26025.601682
4.363,11.215,0.562,0.942,0.479,0.986,5.888,0.415,24406.414893
4.363,11.215,0.562,0.942,0.479,0.986,3.446,0.522,25836.178563
4.363,11.215,0.562,0.942,0.479,0.986,3.446,0.415,25472.732257
9.238,6.785,0.914,2.433,0.912,0.318,1.463,1.147,26894.274756000003
5.863,6.785,0.914,2.433,0.912,0.318,1.463,1.147,25636.143862
9.238,9.715,0.914,2.433,0.912,0.318,1.463,1.147,27457.506654999997
9.238,6.785,1.112,2.433,0.912,0.318,1.463,1.147,26636.795467000004
9.238,6.785,0.914,2.267,0.912,0.318,1.463,1.147,26919.976259000003
9.238,6.785,0.914,2.433,0.729,0.318,1.463,1.147,26057.113936
9.238,6.785,0.914,2.433,0.912,0.236,1.463,1.147,21293.67716
9.238,6.785,0.914,2.433,0.912,0.318,4.921,1.147,22697.075183
9.238,6.785,0.914,2.433,0.912,0.318,1.463,2.29,26061.465937
9.238,9.715,1.112,2.267,0.729,0.236,4.921,2.29,27030.987809
5.863,6.785,1.112,2.267,0.729,0.236,4.921,2.29,26508.745560000003
5.863,9.715,0.914,2.267,0.729,0.236,4.921,2.29,25493.970181999997
5.863,9.715,1.112,2.433,0.729,0.236,4.921,2.29,26197.67721
5.863,9.715,1.112,2.267,0.912,0.236,4.921,2.29,26013.249212
5.863,9.715,1.112,2.267,0.729,0.318,4.921,2.29,25860.392337
5.863,9.715,1.112,2.267,0.729,0.236,1.463,2.29,25665.653641999997
5.863,9.715,1.112,2.267,0.729,0.236,4.921,1.147,25834.748778
5.863,9.715,1.112,2.267,0.729,0.236,4.921,2.29,26127.987666
6.238,9.785,2.014,5.083,0.412,0.818,4.413,2.397,17766.382754
8.863,9.785,2.014,5.083,0.412,0.818,4.413,2.397,27114.195063
6.238,6.715,2.014,5.083,0.412,0.818,4.413,2.397,25996.100739
6.238,9.785,2.212,5.083,0.412,0.818,4.413,2.397,25881.560818
6.238,9.785,2.014,4.917,0.412,0.818,4.413,2.397,26183.470044
6.238,9.785,2.014,5.083,0.229,0.818,4.413,2.397,26031.159795
6.238,9.785,2.014,5.083,0.412,0.736,4.413,2.397,26430.740438
6.238,9.785,2.014,5.083,0.412,0.818,1.971,2.397,25659.099222
6.238,9.785,2.014,5.083,0.412,0.818,4.413,1.04,25419.441936000003
6.238,6.715,2.212,4.917,0.229,0.736,1.971,1.04,25462.844075
8.863,9.785,2.212,4.917,0.229,0.736,1.971,1.04,27155.651331
8.863,6.715,2.014,4.917,0.229,0.736,1.971,1.04,19070.69345
8.863,6.715,2.212,5.083,0.229,0.736,1.971,1.04,26541.567215000003
8.863,6.715,2.212,4.917,0.412,0.736,1.971,1.04,27058.494023
8.863,6.715,2.212,4.917,0.229,0.818,1.971,1.04,21346.710616
8.863,6.715,2.212,4.917,0.229,0.736,4.413,1.04,27226.429705000002
8.863,6.715,2.212,4.917,0.229,0.736,1.971,2.397,26483.973694
8.863,6.715,2.212,4.917,0.229,0.736,1.971,1.04,26838.82881
6.988,6.035,1.739,4.42,0.287,0.693,0.726,0.835,25457.650496000002
6.613,6.035,1.739,4.42,0.287,0.693,0.726,0.835,23504.90853
6.988,11.965,1.739,4.42,0.287,0.693,0.726,0.835,21326.528802
6.988,6.035,1.387,4.42,0.287,0.693,0.726,0.835,25573.914326000002
6.988,6.035,1.739,4.254,0.287,0.693,0.726,0.835,25425.348914000002
6.988,6.035,1.739,4.42,0.604,0.693,0.726,0.835,25939.296796000002
6.988,6.035,1.739,4.42,0.287,0.861,0.726,0.835,25997.628006
6.988,6.035,1.739,4.42,0.287,0.693,2.708,0.835,25984.988394
6.988,6.035,1.739,4.42,0.287,0.693,0.726,0.728,25959.208814999998
6.988,11.965,1.387,4.254,0.604,0.861,2.708,0.728,26106.272686999997
6.613,6.035,1.387,4.254,0.604,0.861,2.708,0.728,26041.094922
6.613,11.965,1.739,4.254,0.604,0.861,2.708,0.728,26118.30113
6.613,11.965,1.387,4.42,0.604,0.861,2.708,0.728,25857.800058
6.613,11.965,1.387,4.254,0.287,0.861,2.708,0.728,26125.507966
6.613,11.965,1.387,4.254,0.604,0.693,2.708,0.728,27461.206315
6.613,11.965,1.387,4.254,0.604,0.861,0.726,0.728,26286.10336
6.613,11.965,1.387,4.254,0.604,0.861,2.708,0.835,26275.539742
6.613,11.965,1.387,4.254,0.604,0.861,2.708,0.728,26389.993657
9.988,9.035,0.639,1.77,0.787,0.193,3.676,2.085,27335.864889000004
9.613,9.035,0.639,1.77,0.787,0.193,3.676,2.085,26790.163788
9.988,8.965,0.639,1.77,0.787,0.193,3.676,2.085,17973.75373
9.988,9.035,2.487,1.77,0.787,0.193,3.676,2.085,24157.636534
9.988,9.035,0.639,1.604,0.787,0.193,3.676,2.085,27688.532107
9.988,9.035,0.639,1.77,0.104,0.193,3.676,2.085,22032.190639
9.988,9.035,0.639,1.77,0.787,0.361,3.676,2.085,26856.435784
9.988,9.035,0.639,1.77,0.787,0.193,5.658,2.085,27547.958564
9.988,9.035,0.639,1.77,0.787,0.193,3.676,1.978,27156.266342
9.988,8.965,2.487,1.604,0.104,0.361,5.658,1.978,23959.578559
9.613,9.035,2.487,1.604,0.104,0.361,5.658,1.978,19354.578349
9.613,8.965,0.639,1.604,0.104,0.361,5.658,1.978,28130.249522
9.613,8.965,2.487,1.77,0.104,0.361,5.658,1.978,25338.821401
9.613,8.965,2.487,1.604,0.787,0.361,5.658,1.978,27146.978275
9.613,8.965,2.487,1.604,0.104,0.193,5.658,1.978,24460.74755
9.613,8.965,2.487,1.604,0.104,0.361,3.676,1.978,27664.189907999997
9.613,8.965,2.487,1.604,0.104,0.361,5.658,2.085,27060.432736000002
9.613,8.965,2.487,1.604,0.104,0.361,5.658,1.978,19808.746559
8.488,7.535,2.289,3.095,0.537,0.443,2.201,1.46,26515.647093
8.113,7.535,2.289,3.095,0.537,0.443,2.201,1.46,26811.389392999998
8.488,7.465,2.289,3.095,0.537,0.443,2.201,1.46,26647.679054
8.488,7.535,1.937,3.095,0.537,0.443,2.201,1.46,25922.255622999997
8.488,7.535,2.289,0.279,0.537,0.443,2.201,1.46,27015.947744999998
8.488,7.535,2.289,3.095,0.854,0.443,2.201,1.46,26634.620263999997
8.488,7.535,2.289,3.095,0.537,0.611,2.201,1.46,26526.216855
8.488,7.535,2.289,3.095,0.537,0.443,4.183,1.46,27160.213145
8.488,7.535,2.289,3.095,0.537,0.443,2.201,0.103,24056.591443999998
8.488,7.465,1.937,0.279,0.854,0.611,4.183,0.103,26942.797021
8.113,7.535,1.937,0.279,0.854,0.611,4.183,0.103,26697.248020000003
8.113,7.465,2.289,0.279,0.854,0.611,4.183,0.103,27355.122654
8.113,7.465,1.937,3.095,0.854,0.611,4.183,0.103,26581.185157
8.113,7.465,1.937,0.279,0.537,0.611,4.183,0.103,26690.405702
8.113,7.465,1.937,0.279,0.854,0.443,4.183,0.103,26538.776125
8.113,7.465,1.937,0.279,0.854,0.611,2.201,0.103,26537.916226
8.113,7.465,1.937,0.279,0.854,0.611,4.183,1.46,26584.717407000004
8.113,7.465,1.937,0.279,0.854,0.611,4.183,0.103,26937.450258
5.488,10.535,1.189,0.445,0.037,0.943,5.151,0.21,25689.720527999998
5.113,10.535,1.189,0.445,0.037,0.943,5.151,0.21,21099.261794
5.488,10.465,1.189,0.445,0.037,0.943,5.151,0.21,26131.341399999998
5.488,10.535,0.837,0.445,0.037,0.943,5.151,0.21,17269.129179
5.488,10.535,1.189,2.929,0.037,0.943,5.151,0.21,25226.410492
5.488,10.535,1.189,0.445,0.354,0.943,5.151,0.21,21808.510087000002
5.488,10.535,1.189,0.445,0.037,0.111,5.151,0.21,25134.701465
5.488,10.535,1.189,0.445,0.037,0.943,1.233,0.21,23968.391707000002
5.488,10.535,1.189,0.445,0.037,0.943,5.151,1.353,26213.461404
5.488,10.465,0.837,2.929,0.354,0.111,1.233,1.353,25435.33396
5.113,10.535,0.837,2.929,0.354,0.111,1.233,1.353,25764.807114000003
5.113,10.465,1.189,2.929,0.354,0.111,1.233,1.353,26126.55
5.113,10.465,0.837,0.445,0.354,0.111,1.233,1.353,19752.778129000002
5.113,10.465,0.837,2.929,0.037,0.111,1.233,1.353,17106.943006
5.113,10.465,0.837,2.929,0.354,0.943,1.233,1.353,25930.204396999998
5.113,10.465,0.837,2.929,0.354,0.111,5.151,1.353,25784.192553
5.113,10.465,0.837,2.929,0.354,0.111,1.233,0.21,22097.574927
5.113,10.465,0.837,2.929,0.354,0.111,1.233,1.353,25770.661366
5.113,7.16,2.427,1.439,0.725,0.756,0.357,0.679,26001.805109
6.988,7.16,2.427,1.439,0.725,0.756,0.357,0.679,25971.676382999998
5.113,6.34,2.427,1.439,0.725,0.756,0.357,0.679,25526.50698
5.113,7.16,0.7,1.439,0.725,0.756,0.357,0.679,17583.692509
5.113,7.16,2.427,3.923,0.725,0.756,0.357,0.679,25401.922295999997
5.113,7.16,2.427,1.439,0.041,0.756,0.357,0.679,22076.174398
5.113,7.16,2.427,1.439,0.725,0.549,0.357,0.679,23364.968693000003
5.113,7.16,2.427,1.439,0.725,0.756,4.552,0.679,25997.980146
5.113,7.16,2.427,1.439,0.725,0.756,0.357,0.884,25265.588394
5.113,6.34,0.7,3.923,0.041,0.549,4.552,0.884,17924.950814
6.988,7.16,0.7,3.923,0.041,0.549,4.552,0.884,22980.129904999998
6.988,6.34,2.427,3.923,0.041,0.549,4.552,0.884,18760.398419
6.988,6.34,0.7,1.439,0.041,0.549,4.552,0.884,24327.198581
6.988,6.34,0.7,3.923,0.725,0.549,4.552,0.884,25366.674779
6.988,6.34,0.7,3.923,0.041,0.756,4.552,0.884,25838.134443000003
6.988,6.34,0.7,3.923,0.041,0.549,0.357,0.884,17162.737224
6.988,6.34,0.7,3.923,0.041,0.549,4.552,0.679,25886.791145000003
6.988,6.34,0.7,3.923,0.041,0.549,4.552,0.884,18169.17321
8.113,10.16,1.327,4.089,0.225,0.256,3.307,1.929,26211.558217
9.988,10.16,1.327,4.089,0.225,0.256,3.307,1.929,27337.527788
8.113,9.34,1.327,4.089,0.225,0.256,3.307,1.929,25653.618005
8.113,10.16,1.8,4.089,0.225,0.256,3.307,1.929,26507.148019
8.113,10.16,1.327,1.273,0.225,0.256,3.307,1.929,26624.725249000003
8.113,10.16,1.327,4.089,0.541,0.256,3.307,1.929,26671.974613
8.113,10.16,1.327,4.089,0.225,0.049,3.307,1.929,26866.811174
8.113,10.16,1.327,4.089,0.225,0.256,1.602,1.929,26622.792983
8.113,10.16,1.327,4.089,0.225,0.256,3.307,2.134,25689.080841
8.113,9.34,1.8,1.273,0.541,0.049,1.602,2.134,26895.970534
9.988,10.16,1.8,1.273,0.541,0.049,1.602,2.134,27979.757134
9.988,9.34,1.327,1.273,0.541,0.049,1.602,2.134,27669.815994999997
9.988,9.34,1.8,4.089,0.541,0.049,1.602,2.134,27416.078687
9.988,9.34,1.8,1.273,0.225,0.049,1.602,2.134,27707.490616
9.988,9.34,1.8,1.273,0.541,0.256,1.602,2.134,27851.847177
9.988,9.34,1.8,1.273,0.541,0.049,3.307,2.134,27693.792896
9.988,9.34,1.8,1.273,0.541,0.049,1.602,1.929,26819.095468
9.988,9.34,1.8,1.273,0.541,0.049,1.602,2.134,27537.28541
9.613,8.66,1.877,0.114,0.475,0.006,1.832,1.304,27801.300849
8.488,8.66,1.877,0.114,0.475,0.006,1.832,1.304,24578.73305
9.613,10.84,1.877,0.114,0.475,0.006,1.832,1.304,27940.127545
9.613,8.66,2.35,0.114,0.475,0.006,1.832,1.304,25820.164101000002
9.613,8.66,1.877,2.598,0.475,0.006,1.832,1.304,27617.234392
9.613,8.66,1.877,0.114,0.291,0.006,1.832,1.304,27674.171109
9.613,8.66,1.877,0.114,0.475,0.799,1.832,1.304,25161.510513
9.613,8.66,1.877,0.114,0.475,0.006,0.127,1.304,27219.169238000002
9.613,8.66,1.877,0.114,0.475,0.006,1.832,0.259,27863.994321
9.613,10.84,2.35,2.598,0.291,0.799,0.127,0.259,20603.190547
8.488,8.66,2.35,2.598,0.291,0.799,0.127,0.259,21925.226207
8.488,10.84,1.877,2.598,0.291,0.799,0.127,0.259,21545.937732
8.488,10.84,2.35,0.114,0.291,0.799,0.127,0.259,18842.726592
8.488,10.84,2.35,2.598,0.475,0.799,0.127,0.259,19572.543662
8.488,10.84,2.35,2.598,0.291,0.006,0.127,0.259,17002.974505
8.488,10.84,2.35,2.598,0.291,0.799,1.832,0.259,22210.004923
8.488,10.84,2.35,2.598,0.291,0.799,0.127,1.304,27153.341671
8.488,10.84,2.35,2.598,0.291,0.799,0.127,0.259,19109.680478
6.613,11.66,0.777,2.764,0.975,0.506,4.782,0.054,25660.868497
5.488,11.66,0.777,2.764,0.975,0.506,4.782,0.054,25960.118694999997
6.613,7.84,0.777,2.764,0.975,0.506,4.782,0.054,26188.373733
6.613,11.66,1.25,2.764,0.975,0.506,4.782,0.054,26267.528887
6.613,11.66,0.777,5.248,0.975,0.506,4.782,0.054,26037.512306
6.613,11.66,0.777,2.764,0.791,0.506,4.782,0.054,19610.734608
6.613,11.66,0.777,2.764,0.975,0.299,4.782,0.054,26038.474434
6.613,11.66,0.777,2.764,0.975,0.506,3.077,0.054,26064.912217999998
6.613,11.66,0.777,2.764,0.975,0.506,4.782,1.509,26071.395136
6.613,7.84,1.25,5.248,0.791,0.299,3.077,1.509,25286.331207
5.488,11.66,1.25,5.248,0.791,0.299,3.077,1.509,25744.285761
5.488,7.84,0.777,5.248,0.791,0.299,3.077,1.509,25719.67867
5.488,7.84,1.25,2.764,0.791,0.299,3.077,1.509,26022.048260000003
5.488,7.84,1.25,5.248,0.975,0.299,3.077,1.509,25612.329794
5.488,7.84,1.25,5.248,0.791,0.506,3.077,1.509,25740.927718
5.488,7.84,1.25,5.248,0.791,0.299,4.782,1.509,25516.69268
5.488,7.84,1.25,5.248,0.791,0.299,3.077,0.054,24562.826422
5.488,7.84,1.25,5.248,0.791,0.299,3.077,1.509,25529.239879
5.863,7.91,1.052,3.426,0.85,0.881,2.57,1.616,25676.616385
7.738,7.91,1.052,3.426,0.85,0.881,2.57,1.616,26502.27721
5.863,10.09,1.052,3.426,0.85,0.881,2.57,1.616,25437.831797
5.863,7.91,2.075,3.426,0.85,0.881,2.57,1.616,25958.347927000003
5.863,7.91,1.052,4.586,0.85,0.881,2.57,1.616,25330.550099
5.863,7.91,1.052,3.426,0.416,0.881,2.57,1.616,23092.761584
5.863,7.91,1.052,3.426,0.85,0.174,2.57,1.616,26016.802519999997
5.863,7.91,1.052,3.426,0.85,0.881,3.814,1.616,25418.604854
5.863,7.91,1.052,3.426,0.85,0.881,2.57,1.821,26233.181593
5.863,10.09,2.075,4.586,0.416,0.174,3.814,1.821,25998.767089
7.738,7.91,2.075,4.586,0.416,0.174,3.814,1.821,26526.860151
7.738,10.09,1.052,4.586,0.416,0.174,3.814,1.821,26599.407981
7.738,10.09,2.075,3.426,0.416,0.174,3.814,1.821,26679.348047
7.738,10.09,2.075,4.586,0.85,0.174,3.814,1.821,24325.671235
7.738,10.09,2.075,4.586,0.416,0.881,3.814,1.821,26101.254093
7.738,10.09,2.075,4.586,0.416,0.174,2.57,1.821,26302.300215
7.738,10.09,2.075,4.586,0.416,0.174,3.814,1.616,26801.875846
7.738,10.09,2.075,4.586,0.416,0.174,3.814,1.821,26303.736598
8.863,10.91,2.152,0.776,0.35,0.381,5.52,0.366,19528.781902
4.738,10.91,2.152,0.776,0.35,0.381,5.52,0.366,20103.275702
8.863,7.09,2.152,0.776,0.35,0.381,5.52,0.366,26187.33842
8.863,10.91,0.975,0.776,0.35,0.381,5.52,0.366,22528.470509
8.863,10.91,2.152,1.936,0.35,0.381,5.52,0.366,22021.546983
8.863,10.91,2.152,0.776,0.916,0.381,5.52,0.366,21447.229655
8.863,10.91,2.152,0.776,0.35,0.674,5.52,0.366,26789.059548
8.863,10.91,2.152,0.776,0.35,0.381,0.864,0.366,20248.057337
8.863,10.91,2.152,0.776,0.35,0.381,5.52,0.571,27872.848499
8.863,7.09,0.975,1.936,0.916,0.674,0.864,0.571,26725.844283
4.738,10.91,0.975,1.936,0.916,0.674,0.864,0.571,25706.571317
4.738,7.09,2.152,1.936,0.916,0.674,0.864,0.571,12051.310603000002
4.738,7.09,0.975,0.776,0.916,0.674,0.864,0.571,23806.655921999998
4.738,7.09,0.975,1.936,0.35,0.674,0.864,0.571,19268.355574
4.738,7.09,0.975,1.936,0.916,0.381,0.864,0.571,25550.134279
4.738,7.09,0.975,1.936,0.916,0.674,5.52,0.571,25880.044394
4.738,7.09,0.975,1.936,0.916,0.674,0.864,0.366,25515.105587
4.738,7.09,0.975,1.936,0.916,0.674,0.864,0.571,25649.361992
7.363,6.41,0.502,4.751,0.1,0.131,1.095,0.991,26307.314879
6.238,6.41,0.502,4.751,0.1,0.131,1.095,0.991,22634.976296
7.363,8.59,0.502,4.751,0.1,0.131,1.095,0.991,22160.021098999998
7.363,6.41,0.425,4.751,0.1,0.131,1.095,0.991,19050.167273
7.363,6.41,0.502,0.611,0.1,0.131,1.095,0.991,19194.294715
7.363,6.41,0.502,4.751,0.166,0.131,1.095,0.991,26316.571317
7.363,6.41,0.502,4.751,0.1,0.424,1.095,0.991,25709.922536000002
7.363,6.41,0.502,4.751,0.1,0.131,2.339,0.991,26386.072439
7.363,6.41,0.502,4.751,0.1,0.131,1.095,2.446,25835.031561
7.363,8.59,0.425,0.611,0.166,0.424,2.339,2.446,26544.936633999998
6.238,6.41,0.425,0.611,0.166,0.424,2.339,2.446,26110.449199000002
6.238,8.59,0.502,0.611,0.166,0.424,2.339,2.446,26140.016929
6.238,8.59,0.425,4.751,0.166,0.424,2.339,2.446,22875.583427
6.238,8.59,0.425,0.611,0.1,0.424,2.339,2.446,26181.935227
6.238,8.59,0.425,0.611,0.166,0.131,2.339,2.446,26220.437187
6.238,8.59,0.425,0.611,0.166,0.424,1.095,2.446,18708.960076
6.238,8.59,0.425,0.611,0.166,0.424,2.339,0.991,25021.350401
6.238,8.59,0.425,0.611,0.166,0.424,2.339,2.446,26413.452509
4.363,9.41,1.602,2.101,0.6,0.631,4.045,2.241,25264.832133
9.238,9.41,1.602,2.101,0.6,0.631,4.045,2.241,27300.018594
4.363,11.59,1.602,2.101,0.6,0.631,4.045,2.241,25725.398699
4.363,9.41,1.525,2.101,0.6,0.631,4.045,2.241,25825.37158
4.363,9.41,1.602,3.261,0.6,0.631,4.045,2.241,25616.363996
4.363,9.41,1.602,2.101,0.666,0.631,4.045,2.241,25913.39153
4.363,9.41,1.602,2.101,0.6,0.924,4.045,2.241,25573.113892
4.363,9.41,1.602,2.101,0.6,0.631,5.289,2.241,25762.001111999998
4.363,9.41,1.602,2.101,0.6,0.631,4.045,1.196,24832.2549
4.363,11.59,1.525,3.261,0.666,0.924,5.289,1.196,25524.611761
9.238,9.41,1.525,3.261,0.666,0.924,5.289,1.196,18728.548467
9.238,11.59,1.602,3.261,0.666,0.924,5.289,1.196,26993.0856
9.238,11.59,1.525,2.101,0.666,0.924,5.289,1.196,27156.35128
9.238,11.59,1.525,3.261,0.6,0.924,5.289,1.196,27052.035552
9.238,11.59,1.525,3.261,0.666,0.631,5.289,1.196,24193.822213
9.238,11.59,1.525,3.261,0.666,0.924,4.045,1.196,26880.138967
9.238,11.59,1.525,3.261,0.666,0.924,5.289,2.241,27045.627136
9.238,11.59,1.525,3.261,0.666,0.924,5.289,1.196,27294.786511
4.27,8.191,2.049,0.362,0.271,0.521,1.371,1.89,26779.740591
4.27,8.191,2.049,0.362,0.271,0.521,1.371,1.89,11505.985226
4.27,8.871,2.049,0.362,0.271,0.521,1.371,1.89,22167.294243999997
4.27,8.191,2.246,0.362,0.271,0.521,1.371,1.89,25491.328337
4.27,8.191,2.049,1.025,0.271,0.521,1.371,1.89,25165.545964
4.27,8.191,2.049,0.362,0.15,0.521,1.371,1.89,25907.270303
4.27,8.191,2.049,0.362,0.271,0.158,1.371,1.89,25511.083318999998
4.27,8.191,2.049,0.362,0.271,0.521,4.091,1.89,21395.961173000003
4.27,8.191,2.049,0.362,0.271,0.521,1.371,1.86,25810.69449
4.27,8.871,2.246,1.025,0.15,0.158,4.091,1.86,25712.211054
4.27,8.191,2.246,1.025,0.15,0.158,4.091,1.86,25788.333763000002
4.27,8.871,2.049,1.025,0.15,0.158,4.091,1.86,26301.101898
4.27,8.871,2.246,0.362,0.15,0.158,4.091,1.86,17504.538307000003
4.27,8.871,2.246,1.025,0.271,0.158,4.091,1.86,25656.808608
4.27,8.871,2.246,1.025,0.15,0.521,4.091,1.86,20220.125904
4.27,8.871,2.246,1.025,0.15,0.158,1.371,1.86,24423.731821
4.27,8.871,2.246,1.025,0.15,0.158,4.091,1.89,25632.230363000002
4.27,8.871,2.246,1.025,0.15,0.158,4.091,1.86,26266.662355
7.27,11.191,0.949,3.012,0.771,0.021,4.321,0.64,23429.690296
7.27,11.191,0.949,3.012,0.771,0.021,4.321,0.64,26638.457956
7.27,11.871,0.949,3.012,0.771,0.021,4.321,0.64,26099.198096
7.27,11.191,1.146,3.012,0.771,0.021,4.321,0.64,26743.507955
7.27,11.191,0.949,3.675,0.771,0.021,4.321,0.64,25950.107431
7.27,11.191,0.949,3.012,0.65,0.021,4.321,0.64,23407.621683
7.27,11.191,0.949,3.012,0.771,0.658,4.321,0.64,26563.669987
7.27,11.191,0.949,3.012,0.771,0.021,1.141,0.64,26327.188455
7.27,11.191,0.949,3.012,0.771,0.021,4.321,0.61,20724.086382
7.27,11.871,1.146,3.675,0.65,0.658,1.141,0.61,26682.255723000002
7.27,11.191,1.146,3.675,0.65,0.658,1.141,0.61,26414.749645
7.27,11.871,0.949,3.675,0.65,0.658,1.141,0.61,18776.569821999998
7.27,11.871,1.146,3.012,0.65,0.658,1.141,0.61,26375.29862
7.27,11.871,1.146,3.675,0.771,0.658,1.141,0.61,25795.647234000004
7.27,11.871,1.146,3.675,0.65,0.021,1.141,0.61,25750.934141000005
7.27,11.871,1.146,3.675,0.65,0.658,4.321,0.61,26216.981715
7.27,11.871,1.146,3.675,0.65,0.658,1.141,0.64,26376.587056
7.27,11.871,1.146,3.675,0.65,0.658,1.141,0.61,26449.385992000003
8.77,6.691,1.499,1.687,0.521,0.271,2.846,0.015,26306.777955999998
8.77,6.691,1.499,1.687,0.521,0.271,2.846,0.015,26944.153440000002
8.77,10.371,1.499,1.687,0.521,0.271,2.846,0.015,27127.343146
8.77,6.691,0.596,1.687,0.521,0.271,2.846,0.015,26975.895631
8.77,6.691,1.499,5.0,0.521,0.271,2.846,0.015,26565.297854
8.77,6.691,1.499,1.687,0.4,0.271,2.846,0.015,26632.867033000002
8.77,6.691,1.499,1.687,0.521,0.408,2.846,0.015,26718.858476
8.77,6.691,1.499,1.687,0.521,0.271,2.616,0.015,22969.72779
8.77,6.691,1.499,1.687,0.521,0.271,2.846,2.485,27155.222612
8.77,10.371,0.596,5.0,0.4,0.408,2.616,2.485,27071.520353
8.77,6.691,0.596,5.0,0.4,0.408,2.616,2.485,26167.741669
8.77,10.371,1.499,5.0,0.4,0.408,2.616,2.485,26288.903828000002
8.77,10.371,0.596,1.687,0.4,0.408,2.616,2.485,26479.484292999998
8.77,10.371,0.596,5.0,0.521,0.408,2.616,2.485,26844.609153999998
8.77,10.371,0.596,5.0,0.4,0.271,2.616,2.485,26317.779191999998
8.77,10.371,0.596,5.0,0.4,0.408,2.846,2.485,27076.900606000003
8.77,10.371,0.596,5.0,0.4,0.408,2.616,0.015,27486.464078
8.77,10.371,0.596,5.0,0.4,0.408,2.616,2.485,26028.204421
5.77,9.691,0.399,4.337,0.021,0.771,5.796,1.265,25979.599715999997
5.77,9.691,0.399,4.337,0.021,0.771,5.796,1.265,25701.031113999998
5.77,7.371,0.399,4.337,0.021,0.771,5.796,1.265,25300.419474000002
5.77,9.691,1.696,4.337,0.021,0.771,5.796,1.265,25852.27049
5.77,9.691,0.399,2.35,0.021,0.771,5.796,1.265,21210.401687999998
5.77,9.691,0.399,4.337,0.9,0.771,5.796,1.265,25831.385454000003
5.77,9.691,0.399,4.337,0.021,0.908,5.796,1.265,25372.451760000004
5.77,9.691,0.399,4.337,0.021,0.771,5.566,1.265,19427.813415999997
5.77,9.691,0.399,4.337,0.021,0.771,5.796,1.235,25957.034536000003
5.77,7.371,1.696,2.35,0.9,0.908,5.566,1.235,25260.800997
5.77,9.691,1.696,2.35,0.9,0.908,5.566,1.235,25602.134798
5.77,7.371,0.399,2.35,0.9,0.908,5.566,1.235,25338.613005
5.77,7.371,1.696,4.337,0.9,0.908,5.566,1.235,25817.585798
5.77,7.371,1.696,2.35,0.021,0.908,5.566,1.235,25898.844505
5.77,7.371,1.696,2.35,0.9,0.771,5.566,1.235,25798.070053
5.77,7.371,1.696,2.35,0.9,0.908,5.796,1.235,26013.809383
5.77,7.371,1.696,2.35,0.9,0.908,5.566,1.265,17080.051419
5.77,7.371,1.696,2.35,0.9,0.908,5.566,1.235,26507.45801
6.52,7.441,1.224,5.0,0.146,0.646,2.109,0.327,22306.508422
9.52,7.441,1.224,5.0,0.146,0.646,2.109,0.327,24722.616298
6.52,11.121,1.224,5.0,0.146,0.646,2.109,0.327,20265.886837
6.52,7.441,0.321,5.0,0.146,0.646,2.109,0.327,25780.725377000002
6.52,7.441,1.224,1.687,0.146,0.646,2.109,0.327,17492.423284999997
6.52,7.441,1.224,5.0,0.275,0.646,2.109,0.327,24371.36803
6.52,7.441,1.224,5.0,0.146,0.533,2.109,0.327,26420.901121000003
6.52,7.441,1.224,5.0,0.146,0.646,4.828,0.327,25735.807682
6.52,7.441,1.224,5.0,0.146,0.646,2.109,0.923,25817.862086
6.52,11.121,0.321,1.687,0.275,0.533,4.828,0.923,26197.027156
9.52,7.441,0.321,1.687,0.275,0.533,4.828,0.923,26845.666849
9.52,11.121,1.224,1.687,0.275,0.533,4.828,0.923,27237.433885
9.52,11.121,0.321,5.0,0.275,0.533,4.828,0.923,27020.086812
9.52,11.121,0.321,1.687,0.146,0.533,4.828,0.923,27679.729953000002
9.52,11.121,0.321,1.687,0.275,0.646,4.828,0.923,27176.994561
9.52,11.121,0.321,1.687,0.275,0.533,2.109,0.923,27153.85284
9.52,11.121,0.321,1.687,0.275,0.533,4.828,0.327,22079.676067
9.52,11.121,0.321,1.687,0.275,0.533,4.828,0.923,27247.808225999997
9.52,10.441,2.324,2.35,0.646,0.146,5.059,1.577,27080.282916
6.52,10.441,2.324,2.35,0.646,0.146,5.059,1.577,25768.510698
9.52,8.121,2.324,2.35,0.646,0.146,5.059,1.577,27221.334001
9.52,10.441,1.421,2.35,0.646,0.146,5.059,1.577,26979.187596
9.52,10.441,2.324,4.337,0.646,0.146,5.059,1.577,27556.647271
9.52,10.441,2.324,2.35,0.775,0.146,5.059,1.577,28267.308242
9.52,10.441,2.324,2.35,0.646,0.033,5.059,1.577,27305.863706
9.52,10.441,2.324,2.35,0.646,0.146,1.878,1.577,26699.315183000002
9.52,10.441,2.324,2.35,0.646,0.146,5.059,2.173,27037.540768
9.52,8.121,1.421,4.337,0.775,0.033,1.878,2.173,27307.414097
6.52,10.441,1.421,4.337,0.775,0.033,1.878,2.173,26553.983455
6.52,8.121,2.324,4.337,0.775,0.033,1.878,2.173,25389.324568
6.52,8.121,1.421,2.35,0.775,0.033,1.878,2.173,25507.422766999996
6.52,8.121,1.421,4.337,0.646,0.033,1.878,2.173,26590.80285
6.52,8.121,1.421,4.337,0.775,0.146,1.878,2.173,26404.65683
6.52,8.121,1.421,4.337,0.775,0.033,5.059,2.173,26432.777423
6.52,8.121,1.421,4.337,0.775,0.033,1.878,1.577,25978.51046
6.52,8.121,1.421,4.337,0.775,0.033,1.878,2.173,26322.435422000002
8.02,8.941,0.674,3.675,0.896,0.396,0.634,2.202,26700.331863
5.02,8.941,0.674,3.675,0.896,0.396,0.634,2.202,25662.883316
8.02,6.621,0.674,3.675,0.896,0.396,0.634,2.202,26082.052145
8.02,8.941,1.971,3.675,0.896,0.396,0.634,2.202,26717.752480999996
8.02,8.941,0.674,3.012,0.896,0.396,0.634,2.202,27450.281776
8.02,8.941,0.674,3.675,0.025,0.396,0.634,2.202,19185.048801999998
8.02,8.941,0.674,3.675,0.896,0.783,0.634,2.202,20058.073173999997
8.02,8.941,0.674,3.675,0.896,0.396,0.403,2.202,26194.820431
8.02,8.941,0.674,3.675,0.896,0.396,0.634,0.298,26548.825053
8.02,6.621,1.971,3.012,0.025,0.783,0.403,0.298,19059.398167
5.02,8.941,1.971,3.012,0.025,0.783,0.403,0.298,15823.256706
5.02,6.621,0.674,3.012,0.025,0.783,0.403,0.298,22413.137062
5.02,6.621,1.971,3.675,0.025,0.783,0.403,0.298,17531.766858000003
5.02,6.621,1.971,3.012,0.896,0.783,0.403,0.298,20621.164839
5.02,6.621,1.971,3.012,0.025,0.396,0.403,0.298,21492.114863000003
5.02,6.621,1.971,3.012,0.025,0.783,0.634,0.298,25483.567436
5.02,6.621,1.971,3.012,0.025,0.783,0.403,2.202,25328.292352
5.02,6.621,1.971,3.012,0.025,0.783,0.403,0.298,25967.750805000003
5.02,11.941,1.774,1.025,0.396,0.896,3.584,0.952,26011.614244
8.02,11.941,1.774,1.025,0.396,0.896,3.584,0.952,26991.01905
5.02,9.621,1.774,1.025,0.396,0.896,3.584,0.952,25626.525573
5.02,11.941,0.871,1.025,0.396,0.896,3.584,0.952,25812.507122000003
5.02,11.941,1.774,0.362,0.396,0.896,3.584,0.952,25807.064746
5.02,11.941,1.774,1.025,0.525,0.896,3.584,0.952,25898.719151999998
5.02,11.941,1.774,1.025,0.396,0.283,3.584,0.952,25650.94429
5.02,11.941,1.774,1.025,0.396,0.896,3.353,0.952,26264.445214
5.02,11.941,1.774,1.025,0.396,0.896,3.584,1.548,19055.898937
5.02,9.621,0.871,0.362,0.525,0.283,3.353,1.548,25907.571481
8.02,11.941,0.871,0.362,0.525,0.283,3.353,1.548,25738.354236
8.02,9.621,1.774,0.362,0.525,0.283,3.353,1.548,27361.781154
8.02,9.621,0.871,1.025,0.525,0.283,3.353,1.548,20100.542841000002
8.02,9.621,0.871,0.362,0.396,0.283,3.353,1.548,26645.507166
8.02,9.621,0.871,0.362,0.525,0.896,3.353,1.548,26635.736491000003
8.02,9.621,0.871,0.362,0.525,0.283,3.584,1.548,27232.988158
8.02,9.621,0.871,0.362,0.525,0.283,3.353,0.952,18209.423692999997
8.02,9.621,0.871,0.362,0.525,0.283,3.353,1.548,26463.790047
5.395,6.316,0.811,2.019,0.834,0.834,1.74,0.483,25366.532815
9.895,6.316,0.811,2.019,0.834,0.834,1.74,0.483,27442.465857000003
5.395,6.996,0.811,2.019,0.834,0.834,1.74,0.483,25553.079494
5.395,6.316,1.009,2.019,0.834,0.834,1.74,0.483,25927.564762
5.395,6.316,0.811,0.694,0.834,0.834,1.74,0.483,19902.441414
5.395,6.316,0.811,2.019,0.838,0.834,1.74,0.483,25244.856734
5.395,6.316,0.811,2.019,0.834,0.846,1.74,0.483,24016.900121
5.395,6.316,0.811,2.019,0.834,0.834,2.247,0.483,25685.27634
5.395,6.316,0.811,2.019,0.834,0.834,1.74,0.767,25598.892672
5.395,6.996,1.009,0.694,0.838,0.846,2.247,0.767,26358.684996
9.895,6.316,1.009,0.694,0.838,0.846,2.247,0.767,27464.455237000002
9.895,6.996,0.811,0.694,0.838,0.846,2.247,0.767,24446.625446
9.895,6.996,1.009,2.019,0.838,0.846,2.247,0.767,27176.901639
9.895,6.996,1.009,0.694,0.834,0.846,2.247,0.767,26782.179363
9.895,6.996,1.009,0.694,0.838,0.834,2.247,0.767,27500.970042
9.895,6.996,1.009,0.694,0.838,0.846,1.74,0.767,27262.413549999997
9.895,6.996,1.009,0.694,0.838,0.846,2.247,0.483,27277.639365
9.895,6.996,1.009,0.694,0.838,0.846,2.247,0.767,27845.188549
8.395,9.316,1.911,4.669,0.334,0.334,4.69,1.733,27201.216521
6.895,9.316,1.911,4.669,0.334,0.334,4.69,1.733,26231.939158
8.395,9.996,1.911,4.669,0.334,0.334,4.69,1.733,27290.344806
8.395,9.316,2.109,4.669,0.334,0.334,4.69,1.733,27076.595334999998
8.395,9.316,1.911,3.344,0.334,0.334,4.69,1.733,26493.280169999998
8.395,9.316,1.911,4.669,0.338,0.334,4.69,1.733,27012.398306
8.395,9.316,1.911,4.669,0.334,0.346,4.69,1.733,27183.678584
8.395,9.316,1.911,4.669,0.334,0.334,5.197,1.733,21539.298791
8.395,9.316,1.911,4.669,0.334,0.334,4.69,2.017,26317.911693000002
8.395,9.996,2.109,3.344,0.338,0.346,5.197,2.017,27096.367470999998
6.895,9.316,2.109,3.344,0.338,0.346,5.197,2.017,26283.231486
6.895,9.996,1.911,3.344,0.338,0.346,5.197,2.017,25902.352272
6.895,9.996,2.109,4.669,0.338,0.346,5.197,2.017,26221.372188
6.895,9.996,2.109,3.344,0.334,0.346,5.197,2.017,26183.005706999997
6.895,9.996,2.109,3.344,0.338,0.334,5.197,2.017,26580.375046
6.895,9.996,2.109,3.344,0.338,0.346,4.69,2.017,25787.036385
6.895,9.996,2.109,3.344,0.338,0.346,5.197,1.733,25757.464803000003
6.895,9.996,2.109,3.344,0.338,0.346,5.197,2.017,26771.081176
9.895,7.816,1.361,0.694,0.084,0.084,0.265,2.358,28135.23431
5.395,7.816,1.361,0.694,0.084,0.084,0.265,2.358,25713.593528
9.895,11.496,1.361,0.694,0.084,0.084,0.265,2.358,27448.465331000003
9.895,7.816,1.559,0.694,0.084,0.084,0.265,2.358,19840.239832
9.895,7.816,1.361,4.669,0.084,0.084,0.265,2.358,26218.666321999997
9.895,7.816,1.361,0.694,0.588,0.084,0.265,2.358,27460.163913
9.895,7.816,1.361,0.694,0.084,0.596,0.265,2.358,26861.991983
9.895,7.816,1.361,0.694,0.084,0.084,3.722,2.358,23438.632865
9.895,7.816,1.361,0.694,0.084,0.084,0.265,0.142,20043.234581
9.895,11.496,1.559,4.669,0.588,0.596,3.722,0.142,20649.664173999998
5.395,7.816,1.559,4.669,0.588,0.596,3.722,0.142,25414.398467
5.395,11.496,1.361,4.669,0.588,0.596,3.722,0.142,25736.027792
5.395,11.496,1.559,0.694,0.588,0.596,3.722,0.142,25830.901176
5.395,11.496,1.559,4.669,0.084,0.596,3.722,0.142,23656.336940999998
5.395,11.496,1.559,4.669,0.588,0.084,3.722,0.142,26082.354364
5.395,11.496,1.559,4.669,0.588,0.596,0.265,0.142,25460.050687000003
5.395,11.496,1.559,4.669,0.588,0.596,3.722,2.358,26472.979917
5.395,11.496,1.559,4.669,0.588,0.596,3.722,0.142,25950.534483
6.895,10.816,2.461,3.344,0.584,0.584,3.215,1.108,26339.262193000002
8.395,10.816,2.461,3.344,0.584,0.584,3.215,1.108,26922.531507
6.895,8.496,2.461,3.344,0.584,0.584,3.215,1.108,25899.602544
6.895,10.816,0.459,3.344,0.584,0.584,3.215,1.108,25964.499075
6.895,10.816,2.461,2.019,0.584,0.584,3.215,1.108,26294.732824
6.895,10.816,2.461,3.344,0.088,0.584,3.215,1.108,17294.502994000002
6.895,10.816,2.461,3.344,0.584,0.096,3.215,1.108,25985.362727000003
6.895,10.816,2.461,3.344,0.584,0.584,0.772,1.108,25942.164750999997
6.895,10.816,2.461,3.344,0.584,0.584,3.215,1.392,26045.21061
6.895,8.496,0.459,2.019,0.088,0.096,0.772,1.392,25849.404871
8.395,10.816,0.459,2.019,0.088,0.096,0.772,1.392,27071.206506000002
8.395,8.496,2.461,2.019,0.088,0.096,0.772,1.392,26126.464001
8.395,8.496,0.459,3.344,0.088,0.096,0.772,1.392,26766.830653000005
8.395,8.496,0.459,2.019,0.584,0.096,0.772,1.392,27111.010261
8.395,8.496,0.459,2.019,0.088,0.584,0.772,1.392,17562.035641000002
8.395,8.496,0.459,2.019,0.088,0.096,3.215,1.392,26560.399322
8.395,8.496,0.459,2.019,0.088,0.096,0.772,1.108,26120.375396
8.395,8.496,0.459,2.019,0.088,0.096,0.772,1.392,13440.537861
6.145,8.566,1.636,2.681,0.709,0.959,1.003,2.046,26076.707411999996
4.645,8.566,1.636,2.681,0.709,0.959,1.003,2.046,26095.292499999996
6.145,9.246,1.636,2.681,0.709,0.959,1.003,2.046,25582.966424
6.145,8.566,1.834,2.681,0.709,0.959,1.003,2.046,26022.457030999998
6.145,8.566,1.636,1.356,0.709,0.959,1.003,2.046,26206.325725000002
6.145,8.566,1.636,2.681,0.713,0.959,1.003,2.046,25577.999288
6.145,8.566,1.636,2.681,0.709,0.471,1.003,2.046,25847.224784
6.145,8.566,1.636,2.681,0.709,0.959,0.035,2.046,27017.339183
6.145,8.566,1.636,2.681,0.709,0.959,1.003,1.704,25787.392619
6.145,9.246,1.834,1.356,0.713,0.471,0.035,1.704,25641.099383
4.645,8.566,1.834,1.356,0.713,0.471,0.035,1.704,24322.025892
4.645,9.246,1.636,1.356,0.713,0.471,0.035,1.704,25754.703537
4.645,9.246,1.834,2.681,0.713,0.471,0.035,1.704,25920.615596000003
4.645,9.246,1.834,1.356,0.709,0.471,0.035,1.704,24051.659888000002
4.645,9.246,1.834,1.356,0.713,0.959,0.035,1.704,26055.10304
4.645,9.246,1.834,1.356,0.713,0.471,1.003,1.704,25621.700629
4.645,9.246,1.834,1.356,0.713,0.471,0.035,2.046,25267.815687000002
4.645,9.246,1.834,1.356,0.713,0.471,0.035,1.704,25568.708676
9.145,11.566,0.536,0.031,0.209,0.459,3.953,0.796,30399.081922999998
7.645,11.566,0.536,0.031,0.209,0.459,3.953,0.796,28991.875614
9.145,6.246,0.536,0.031,0.209,0.459,3.953,0.796,29656.512902000002
9.145,11.566,0.734,0.031,0.209,0.459,3.953,0.796,26385.405614000003
9.145,11.566,0.536,4.006,0.209,0.459,3.953,0.796,25357.036775
9.145,11.566,0.536,0.031,0.213,0.459,3.953,0.796,30311.326201000003
9.145,11.566,0.536,0.031,0.209,0.971,3.953,0.796,29776.327519
9.145,11.566,0.536,0.031,0.209,0.459,2.985,0.796,30768.42161
9.145,11.566,0.536,0.031,0.209,0.459,3.953,0.454,29888.367617
9.145,6.246,0.734,4.006,0.213,0.971,2.985,0.454,26841.920584
7.645,11.566,0.734,4.006,0.213,0.971,2.985,0.454,25556.365971
7.645,6.246,0.536,4.006,0.213,0.971,2.985,0.454,26195.980056
7.645,6.246,0.734,0.031,0.213,0.971,2.985,0.454,28901.685466
7.645,6.246,0.734,4.006,0.209,0.971,2.985,0.454,22127.387962
7.645,6.246,0.734,4.006,0.213,0.459,2.985,0.454,26200.153724000003
7.645,6.246,0.734,4.006,0.213,0.971,3.953,0.454,25573.847590999998
7.645,6.246,0.734,4.006,0.213,0.971,2.985,0.796,22266.092101000002
7.645,6.246,0.734,4.006,0.213,0.971,2.985,0.454,26261.892942
7.645,7.066,2.186,4.006,0.459,0.209,2.478,0.171,25621.822112
9.145,7.066,2.186,4.006,0.459,0.209,2.478,0.171,27094.910073
7.645,7.746,2.186,4.006,0.459,0.209,2.478,0.171,27340.316326
7.645,7.066,1.284,4.006,0.459,0.209,2.478,0.171,17139.906323
7.645,7.066,2.186,2.681,0.459,0.209,2.478,0.171,26301.685965
7.645,7.066,2.186,4.006,0.963,0.209,2.478,0.171,25979.790661
7.645,7.066,2.186,4.006,0.459,0.221,2.478,0.171,23466.084789
7.645,7.066,2.186,4.006,0.459,0.209,4.46,0.171,26709.076834
7.645,7.066,2.186,4.006,0.459,0.209,2.478,2.329,26836.379743999998
7.645,7.746,1.284,2.681,0.963,0.221,4.46,2.329,26515.650859999998
9.145,7.066,1.284,2.681,0.963,0.221,4.46,2.329,22410.405115
9.145,7.746,2.186,2.681,0.963,0.221,4.46,2.329,27086.465244
9.145,7.746,1.284,4.006,0.963,0.221,4.46,2.329,26425.327139
9.145,7.746,1.284,2.681,0.459,0.221,4.46,2.329,26817.791092
9.145,7.746,1.284,2.681,0.963,0.209,4.46,2.329,26638.975034000003
9.145,7.746,1.284,2.681,0.963,0.221,2.478,2.329,27050.856092
9.145,7.746,1.284,2.681,0.963,0.221,4.46,0.171,26653.449445
9.145,7.746,1.284,2.681,0.963,0.221,4.46,2.329,27009.052784
4.645,10.066,1.086,1.356,0.959,0.709,5.428,1.421,26657.275081
6.145,10.066,1.086,1.356,0.959,0.709,5.428,1.421,26085.792385
4.645,10.746,1.086,1.356,0.959,0.709,5.428,1.421,25832.166569
4.645,10.066,2.384,1.356,0.959,0.709,5.428,1.421,24782.566846
4.645,10.066,1.086,0.031,0.959,0.709,5.428,1.421,28513.738168000003
4.645,10.066,1.086,1.356,0.463,0.709,5.428,1.421,25502.797565999997
4.645,10.066,1.086,1.356,0.959,0.721,5.428,1.421,25600.520062
4.645,10.066,1.086,1.356,0.959,0.709,1.51,1.421,25406.250179000002
4.645,10.066,1.086,1.356,0.959,0.709,5.428,1.079,25912.848513
4.645,10.746,2.384,0.031,0.463,0.721,1.51,1.079,31080.108053
6.145,10.066,2.384,0.031,0.463,0.721,1.51,1.079,29932.365641000004
6.145,10.746,1.086,0.031,0.463,0.721,1.51,1.079,29611.279792
6.145,10.746,2.384,1.356,0.463,0.721,1.51,1.079,26227.026446
6.145,10.746,2.384,0.031,0.959,0.721,1.51,1.079,28607.067114
6.145,10.746,2.384,0.031,0.463,0.709,1.51,1.079,31094.792294
6.145,10.746,2.384,0.031,0.463,0.721,5.428,1.079,30648.619929
6.145,10.746,2.384,0.031,0.463,0.721,1.51,1.421,31561.13376
6.145,10.746,2.384,0.031,0.463,0.721,1.51,1.079,29357.654797
4.457,6.879,1.843,3.84,0.053,0.49,4.137,0.249,11401.222706
6.707,6.879,1.843,3.84,0.053,0.49,4.137,0.249,20332.419064
4.457,7.934,1.843,3.84,0.053,0.49,4.137,0.249,17292.748746999998
4.457,6.879,2.453,3.84,0.053,0.49,4.137,0.249,18813.731589000003
4.457,6.879,1.843,1.853,0.053,0.49,4.137,0.249,25983.649499
