acceleration,deceleration,minGap,lcSpeedGain,lcCooperative,lcPushy,lcStrategic,lcAssertive,PMx
4.0,9.0,1.8,1.6,0.8,0.1,2.2,0.9,26379.74898
5.7,9.0,1.8,1.6,0.8,0.1,2.2,0.9,25908.556581
4.0,8.4,1.8,1.6,0.8,0.1,2.2,0.9,25360.240217
4.0,9.0,1.3,1.6,0.8,0.1,2.2,0.9,25795.593574
4.0,9.0,1.8,5.3,0.8,0.1,2.2,0.9,25119.484554
4.0,9.0,1.8,1.6,0.2,0.1,2.2,0.9,25529.65122
4.0,9.0,1.8,1.6,0.8,0.3,2.2,0.9,26259.182254
4.0,9.0,1.8,1.6,0.8,0.1,3.0,0.9,25940.615077000002
4.0,9.0,1.8,1.6,0.8,0.1,2.2,0.3,25824.821134
4.0,8.4,1.3,5.3,0.2,0.3,3.0,0.3,18058.966335999998
5.7,9.0,1.3,5.3,0.2,0.3,3.0,0.3,17986.365599999997
5.7,8.4,1.8,5.3,0.2,0.3,3.0,0.3,21113.372019000002
5.7,8.4,1.3,1.6,0.2,0.3,3.0,0.3,21301.008973
5.7,8.4,1.3,5.3,0.8,0.3,3.0,0.3,25811.132256999997
5.7,8.4,1.3,5.3,0.2,0.1,3.0,0.3,22942.805569999997
5.7,8.4,1.3,5.3,0.2,0.3,2.2,0.3,17685.847445
5.7,8.4,1.3,5.3,0.2,0.3,3.0,0.9,25169.211323
5.7,8.4,1.3,5.3,0.2,0.3,3.0,0.3,25859.116477
7.0,12.0,0.7,4.2,0.3,0.6,5.1,2.1,26455.093493
8.7,12.0,0.7,4.2,0.3,0.6,5.1,2.1,27132.361355
7.0,11.4,0.7,4.2,0.3,0.6,5.1,2.1,26111.580349999997
7.0,12.0,2.4,4.2,0.3,0.6,5.1,2.1,26759.596027
7.0,12.0,0.7,2.6,0.3,0.6,5.1,2.1,26797.548614
7.0,12.0,0.7,4.2,0.7,0.6,5.1,2.1,25976.813003
7.0,12.0,0.7,4.2,0.3,0.8,5.1,2.1,26731.096733
7.0,12.0,0.7,4.2,0.3,0.6,0.1,2.1,25845.881573
7.0,12.0,0.7,4.2,0.3,0.6,5.1,1.6,20592.341286
7.0,11.4,2.4,2.6,0.7,0.8,0.1,1.6,26209.671485
8.7,12.0,2.4,2.6,0.7,0.8,0.1,1.6,27014.594338
8.7,11.4,0.7,2.6,0.7,0.8,0.1,1.6,26781.163729
8.7,11.4,2.4,4.2,0.7,0.8,0.1,1.6,26942.990863
8.7,11.4,2.4,2.6,0.3,0.8,0.1,1.6,27264.714946
8.7,11.4,2.4,2.6,0.7,0.6,0.1,1.6,26785.603735999997
8.7,11.4,2.4,2.6,0.7,0.8,5.1,1.6,27045.328754
8.7,11.4,2.4,2.6,0.7,0.8,0.1,2.1,27252.079759
8.7,11.4,2.4,2.6,0.7,0.8,0.1,1.6,27222.534288
8.5,7.5,2.3,0.2,0.0,0.9,0.7,1.5,26357.360206
7.2,7.5,2.3,0.2,0.0,0.9,0.7,1.5,24653.94223
8.5,9.9,2.3,0.2,0.0,0.9,0.7,1.5,24250.449550999998
8.5,7.5,1.9,0.2,0.0,0.9,0.7,1.5,27026.901348
8.5,7.5,2.3,1.3,0.0,0.9,0.7,1.5,26798.942619
8.5,7.5,2.3,0.2,0.5,0.9,0.7,1.5,27012.323829
8.5,7.5,2.3,0.2,0.0,0.1,0.7,1.5,23563.918231000003
8.5,7.5,2.3,0.2,0.0,0.9,1.6,1.5,27193.844321
8.5,7.5,2.3,0.2,0.0,0.9,0.7,0.9,18537.461255
8.5,9.9,1.9,1.3,0.5,0.1,1.6,0.9,26978.368973
7.2,7.5,1.9,1.3,0.5,0.1,1.6,0.9,21106.716749
7.2,9.9,2.3,1.3,0.5,0.1,1.6,0.9,24839.898273
7.2,9.9,1.9,0.2,0.5,0.1,1.6,0.9,26740.178400999997
7.2,9.9,1.9,1.3,0.0,0.1,1.6,0.9,26072.543531000003
7.2,9.9,1.9,1.3,0.5,0.9,1.6,0.9,25701.607965000003
7.2,9.9,1.9,1.3,0.5,0.1,0.7,0.9,26194.844538999998
7.2,9.9,1.9,1.3,0.5,0.1,1.6,1.5,26079.643038000002
7.2,9.9,1.9,1.3,0.5,0.1,1.6,0.9,26452.676202000002
5.5,10.5,1.2,2.9,0.5,0.4,3.6,0.3,26228.803235
4.2,10.5,1.2,2.9,0.5,0.4,3.6,0.3,26418.20665
5.5,6.9,1.2,2.9,0.5,0.4,3.6,0.3,26172.631169
5.5,10.5,0.8,2.9,0.5,0.4,3.6,0.3,22826.754905
5.5,10.5,1.2,4.0,0.5,0.4,3.6,0.3,25962.913701999998
5.5,10.5,1.2,2.9,1.0,0.4,3.6,0.3,26045.508197
5.5,10.5,1.2,2.9,0.5,0.6,3.6,0.3,25665.941289000002
5.5,10.5,1.2,2.9,0.5,0.4,4.5,0.3,25986.580560000002
5.5,10.5,1.2,2.9,0.5,0.4,3.6,2.2,26015.056858
5.5,6.9,0.8,4.0,1.0,0.6,4.5,2.2,25131.595461999997
4.2,10.5,0.8,4.0,1.0,0.6,4.5,2.2,25351.605581
4.2,6.9,1.2,4.0,1.0,0.6,4.5,2.2,25367.044766
4.2,6.9,0.8,2.9,1.0,0.6,4.5,2.2,25753.102239
4.2,6.9,0.8,4.0,0.5,0.6,4.5,2.2,25258.533902000003
4.2,6.9,0.8,4.0,1.0,0.4,4.5,2.2,25357.262314000003
4.2,6.9,0.8,4.0,1.0,0.6,3.6,2.2,25318.526487000003
4.2,6.9,0.8,4.0,1.0,0.6,4.5,0.3,23677.854940999998
4.2,6.9,0.8,4.0,1.0,0.6,4.5,2.2,25986.003686999997
6.3,6.7,0.4,3.6,0.7,0.2,1.4,1.8,26315.346992
8.0,6.7,0.4,3.6,0.7,0.2,1.4,1.8,26006.063621
6.3,10.7,0.4,3.6,0.7,0.2,1.4,1.8,26173.034241
6.3,6.7,1.6,3.6,0.7,0.2,1.4,1.8,25616.643212000003
6.3,6.7,0.4,3.3,0.7,0.2,1.4,1.8,25510.682022
6.3,6.7,0.4,3.6,0.4,0.2,1.4,1.8,25614.055096
6.3,6.7,0.4,3.6,0.7,0.9,1.4,1.8,26223.596201
6.3,6.7,0.4,3.6,0.7,0.2,5.2,1.8,25630.292375999998
6.3,6.7,0.4,3.6,0.7,0.2,1.4,1.9,25467.861004
6.3,10.7,1.6,3.3,0.4,0.9,5.2,1.9,26299.209477
8.0,6.7,1.6,3.3,0.4,0.9,5.2,1.9,26240.435401000002
8.0,10.7,0.4,3.3,0.4,0.9,5.2,1.9,26296.866756
8.0,10.7,1.6,3.6,0.4,0.9,5.2,1.9,26532.102301
8.0,10.7,1.6,3.3,0.7,0.9,5.2,1.9,26861.260543
8.0,10.7,1.6,3.3,0.4,0.2,5.2,1.9,26241.289409
8.0,10.7,1.6,3.3,0.4,0.9,1.4,1.9,26661.47433
8.0,10.7,1.6,3.3,0.4,0.9,5.2,1.8,27075.209837000002
8.0,10.7,1.6,3.3,0.4,0.9,5.2,1.9,27205.307008
9.3,9.7,1.5,0.9,0.2,0.7,4.4,0.6,21545.604957
5.0,9.7,1.5,0.9,0.2,0.7,4.4,0.6,20142.129892999998
9.3,7.7,1.5,0.9,0.2,0.7,4.4,0.6,21280.05616
9.3,9.7,0.5,0.9,0.2,0.7,4.4,0.6,26193.462068
9.3,9.7,1.5,0.7,0.2,0.7,4.4,0.6,22637.610328000002
9.3,9.7,1.5,0.9,0.9,0.7,4.4,0.6,27173.382079
9.3,9.7,1.5,0.9,0.2,0.4,4.4,0.6,25477.485189
9.3,9.7,1.5,0.9,0.2,0.7,2.3,0.6,27214.537405
9.3,9.7,1.5,0.9,0.2,0.7,4.4,0.6,27271.689324
9.3,7.7,0.5,0.7,0.9,0.4,2.3,0.6,26474.630731999998
5.0,9.7,0.5,0.7,0.9,0.4,2.3,0.6,25053.26035
5.0,7.7,1.5,0.7,0.9,0.4,2.3,0.6,26039.099659
5.0,7.7,0.5,0.9,0.9,0.4,2.3,0.6,23644.258531000003
5.0,7.7,0.5,0.7,0.2,0.4,2.3,0.6,25762.393640000002
5.0,7.7,0.5,0.7,0.9,0.7,2.3,0.6,25911.737058
5.0,7.7,0.5,0.7,0.9,0.4,4.4,0.6,26248.556443999998
5.0,7.7,0.5,0.7,0.9,0.4,2.3,0.6,25540.614827999998
5.0,7.7,0.5,0.7,0.9,0.4,2.3,0.6,25098.69421
7.8,8.2,1.0,4.9,0.4,1.0,2.9,1.2,26527.192986000002
6.5,8.2,1.0,4.9,0.4,1.0,2.9,1.2,26375.843639
7.8,6.2,1.0,4.9,0.4,1.0,2.9,1.2,25358.689404
7.8,8.2,1.0,4.9,0.4,1.0,2.9,1.2,24794.429024
7.8,8.2,1.0,2.0,0.4,1.0,2.9,1.2,25768.338993999998
7.8,8.2,1.0,4.9,0.1,1.0,2.9,1.2,26766.343708
7.8,8.2,1.0,4.9,0.4,0.7,2.9,1.2,20184.215458000002
7.8,8.2,1.0,4.9,0.4,1.0,0.8,1.2,26582.617686999998
7.8,8.2,1.0,4.9,0.4,1.0,2.9,1.3,26684.04177
7.8,6.2,1.0,2.0,0.1,0.7,0.8,1.3,26028.626325999998
6.5,8.2,1.0,2.0,0.1,0.7,0.8,1.3,25186.841119
6.5,6.2,1.0,2.0,0.1,0.7,0.8,1.3,24810.675988
6.5,6.2,1.0,4.9,0.1,0.7,0.8,1.3,24983.663771
6.5,6.2,1.0,2.0,0.4,0.7,0.8,1.3,25775.840737
6.5,6.2,1.0,2.0,0.1,1.0,0.8,1.3,26309.509112
6.5,6.2,1.0,2.0,0.1,0.7,2.9,1.3,25129.375705
6.5,6.2,1.0,2.0,0.1,0.7,0.8,1.2,19175.541634
6.5,6.2,1.0,2.0,0.1,0.7,0.8,1.3,18002.341577
4.8,11.2,2.1,2.2,0.9,0.5,5.8,2.5,25810.947488
9.5,11.2,2.1,2.2,0.9,0.5,5.8,2.5,27222.275643
4.8,9.2,2.1,2.2,0.9,0.5,5.8,2.5,25318.458246
4.8,11.2,2.1,2.2,0.9,0.5,5.8,2.5,26195.015791
4.8,11.2,2.1,4.6,0.9,0.5,5.8,2.5,25638.829117
4.8,11.2,2.1,2.2,0.6,0.5,5.8,2.5,25452.18802
4.8,11.2,2.1,2.2,0.9,0.2,5.8,2.5,26075.714678
4.8,11.2,2.1,2.2,0.9,0.5,3.8,2.5,26127.850446
4.8,11.2,2.1,2.2,0.9,0.5,5.8,0.0,26046.062873
4.8,9.2,2.1,4.6,0.6,0.2,3.8,0.0,25677.75403
9.5,11.2,2.1,4.6,0.6,0.2,3.8,0.0,27384.46167
9.5,9.2,2.1,4.6,0.6,0.2,3.8,0.0,27934.142405
9.5,9.2,2.1,2.2,0.6,0.2,3.8,0.0,27366.357303
9.5,9.2,2.1,4.6,0.9,0.2,3.8,0.0,27635.357288
9.5,9.2,2.1,4.6,0.6,0.5,3.8,0.0,27168.791455
9.5,9.2,2.1,4.6,0.6,0.2,5.8,0.0,27363.899986
9.5,9.2,2.1,4.6,0.6,0.2,3.8,2.5,26570.155329999998
9.5,9.2,2.1,4.6,0.6,0.2,3.8,0.0,27850.321841
5.2,7.1,1.1,1.2,0.3,0.3,1.0,1.7,25913.979369
8.3,7.1,1.1,1.2,0.3,0.3,1.0,1.7,26501.161418
5.2,7.3,1.1,1.2,0.3,0.3,1.0,1.7,25753.222155
5.2,7.1,2.0,1.2,0.3,0.3,1.0,1.7,25864.514413
5.2,7.1,1.1,5.0,0.3,0.3,1.0,1.7,26092.120345
5.2,7.1,1.1,1.2,0.8,0.3,1.0,1.7,25495.197705
5.2,7.1,1.1,1.2,0.3,0.6,1.0,1.7,25321.100305
5.2,7.1,1.1,1.2,0.3,0.3,1.9,1.7,25470.565382
5.2,7.1,1.1,1.2,0.3,0.3,1.0,2.0,26133.741657
5.2,7.3,2.0,5.0,0.8,0.6,1.9,2.0,25301.496758
8.3,7.1,2.0,5.0,0.8,0.6,1.9,2.0,27027.693350999998
8.3,7.3,1.1,5.0,0.8,0.6,1.9,2.0,26184.927569
8.3,7.3,2.0,1.2,0.8,0.6,1.9,2.0,25115.026111
8.3,7.3,2.0,5.0,0.3,0.6,1.9,2.0,26747.858263000002
8.3,7.3,2.0,5.0,0.8,0.3,1.9,2.0,26480.161258
8.3,7.3,2.0,5.0,0.8,0.6,1.0,2.0,26821.451642
8.3,7.3,2.0,5.0,0.8,0.6,1.9,1.7,26677.021303
8.3,7.3,2.0,5.0,0.8,0.6,1.9,2.0,26174.582413
8.2,10.1,2.2,3.9,0.8,0.8,4.0,0.4,26904.958077
5.3,10.1,2.2,3.9,0.8,0.8,4.0,0.4,25760.442559000003
8.2,10.3,2.2,3.9,0.8,0.8,4.0,0.4,26228.526515999998
8.2,10.1,0.9,3.9,0.8,0.8,4.0,0.4,27011.373652000002
8.2,10.1,2.2,2.3,0.8,0.8,4.0,0.4,27621.943663
8.2,10.1,2.2,3.9,0.3,0.8,4.0,0.4,26304.152542
8.2,10.1,2.2,3.9,0.8,0.1,4.0,0.4,26929.441817
8.2,10.1,2.2,3.9,0.8,0.8,4.9,0.4,26457.723595
8.2,10.1,2.2,3.9,0.8,0.8,4.0,0.8,26491.593835
8.2,10.3,0.9,2.3,0.3,0.1,4.9,0.8,26572.234092
5.3,10.1,0.9,2.3,0.3,0.1,4.9,0.8,22582.219632
5.3,10.3,2.2,2.3,0.3,0.1,4.9,0.8,25976.887579
5.3,10.3,0.9,3.9,0.3,0.1,4.9,0.8,19858.833120000003
5.3,10.3,0.9,2.3,0.8,0.1,4.9,0.8,25825.773656999998
5.3,10.3,0.9,2.3,0.3,0.8,4.9,0.8,23012.340968999997
5.3,10.3,0.9,2.3,0.3,0.1,4.0,0.8,25697.767942
5.3,10.3,0.9,2.3,0.3,0.1,4.9,0.4,26556.935647000002
5.3,10.3,0.9,2.3,0.3,0.1,4.9,0.8,26010.123713
9.7,8.6,0.6,2.6,0.6,0.5,2.5,1.0,27512.801665
6.8,8.6,0.6,2.6,0.6,0.5,2.5,1.0,25366.885366000002
9.7,11.8,0.6,2.6,0.6,0.5,2.5,1.0,26696.872201
9.7,8.6,0.3,2.6,0.6,0.5,2.5,1.0,26937.997603
9.7,8.6,0.6,1.0,0.6,0.5,2.5,1.0,27378.797259
9.7,8.6,0.6,2.6,0.5,0.5,2.5,1.0,27461.956529
9.7,8.6,0.6,2.6,0.6,0.9,2.5,1.0,26633.182259
9.7,8.6,0.6,2.6,0.6,0.5,3.4,1.0,26865.300759
9.7,8.6,0.6,2.6,0.6,0.5,2.5,1.4,26801.566064
9.7,11.8,0.3,1.0,0.5,0.9,3.4,1.4,26817.024473999998
6.8,8.6,0.3,1.0,0.5,0.9,3.4,1.4,26348.747159
6.8,11.8,0.6,1.0,0.5,0.9,3.4,1.4,21890.777627
6.8,11.8,0.3,2.6,0.5,0.9,3.4,1.4,26618.399735
6.8,11.8,0.3,1.0,0.6,0.9,3.4,1.4,25738.637410000003
6.8,11.8,0.3,1.0,0.5,0.5,3.4,1.4,25948.127561
6.8,11.8,0.3,1.0,0.5,0.9,2.5,1.4,21839.061297
6.8,11.8,0.3,1.0,0.5,0.9,3.4,1.0,25670.064677000002
6.8,11.8,0.3,1.0,0.5,0.9,3.4,1.4,25943.160145
6.7,11.6,1.7,5.2,0.1,0.0,5.5,2.3,26153.253101000002
9.8,11.6,1.7,5.2,0.1,0.0,5.5,2.3,27421.213165
6.7,8.8,1.7,5.2,0.1,0.0,5.5,2.3,26347.845508
6.7,11.6,1.4,5.2,0.1,0.0,5.5,2.3,25692.474011000002
6.7,11.6,1.7,3.6,0.1,0.0,5.5,2.3,26242.22897
6.7,11.6,1.7,5.2,0.0,0.0,5.5,2.3,19249.785976
6.7,11.6,1.7,5.2,0.1,0.4,5.5,2.3,25897.753483
6.7,11.6,1.7,5.2,0.1,0.0,0.4,2.3,26521.314691
6.7,11.6,1.7,5.2,0.1,0.0,5.5,0.2,17640.600139
6.7,8.8,1.4,3.6,0.0,0.4,0.4,0.2,18074.541909
9.8,11.6,1.4,3.6,0.0,0.4,0.4,0.2,27702.533158
9.8,8.8,1.7,3.6,0.0,0.4,0.4,0.2,18997.798978000003
9.8,8.8,1.4,5.2,0.0,0.4,0.4,0.2,19913.141362000002
9.8,8.8,1.4,3.6,0.1,0.4,0.4,0.2,19443.217206
9.8,8.8,1.4,3.6,0.0,0.0,0.4,0.2,22141.563353999998
9.8,8.8,1.4,3.6,0.0,0.4,5.5,0.2,27344.21621
9.8,8.8,1.4,3.6,0.0,0.4,0.4,2.3,27176.814762
9.8,8.8,1.4,3.6,0.0,0.4,0.4,0.2,17535.312597
5.9,7.9,2.5,4.5,0.2,0.4,1.8,0.7,17217.433615
6.1,7.9,2.5,4.5,0.2,0.4,1.8,0.7,23367.482182
5.9,9.6,2.5,4.5,0.2,0.4,1.8,0.7,21730.861012
5.9,7.9,0.6,4.5,0.2,0.4,1.8,0.7,20600.047413
5.9,7.9,2.5,3.0,0.2,0.4,1.8,0.7,18067.257487
5.9,7.9,2.5,4.5,0.7,0.4,1.8,0.7,26205.588037
5.9,7.9,2.5,4.5,0.2,0.0,1.8,0.7,25170.519814000003
5.9,7.9,2.5,4.5,0.2,0.4,1.2,0.7,25906.477869000002
5.9,7.9,2.5,4.5,0.2,0.4,1.8,0.5,17096.457939
5.9,9.6,0.6,3.0,0.7,0.0,1.2,0.5,25424.923371999997
6.1,7.9,0.6,3.0,0.7,0.0,1.2,0.5,25617.955111000003
6.1,9.6,2.5,3.0,0.7,0.0,1.2,0.5,26272.4899
6.1,9.6,0.6,4.5,0.7,0.0,1.2,0.5,25914.045041
6.1,9.6,0.6,3.0,0.2,0.0,1.2,0.5,17276.097465000003
6.1,9.6,0.6,3.0,0.7,0.4,1.2,0.5,25462.309414
6.1,9.6,0.6,3.0,0.7,0.0,1.8,0.5,25525.720941
6.1,9.6,0.6,3.0,0.7,0.0,1.2,0.7,26234.671617
6.1,9.6,0.6,3.0,0.7,0.0,1.2,0.5,26060.394897
8.9,10.9,1.4,1.9,0.7,0.9,4.7,2.0,27072.066389
9.1,10.9,1.4,1.9,0.7,0.9,4.7,2.0,27453.959298
8.9,6.6,1.4,1.9,0.7,0.9,4.7,2.0,26091.450194999998
8.9,10.9,1.7,1.9,0.7,0.9,4.7,2.0,26909.79133
8.9,10.9,1.4,0.3,0.7,0.9,4.7,2.0,27254.564255
8.9,10.9,1.4,1.9,0.2,0.9,4.7,2.0,26911.121406000002
8.9,10.9,1.4,1.9,0.7,0.5,4.7,2.0,27125.82825
8.9,10.9,1.4,1.9,0.7,0.9,4.1,2.0,27238.188557
8.9,10.9,1.4,1.9,0.7,0.9,4.7,1.7,26501.542937
8.9,6.6,1.7,0.3,0.2,0.5,4.1,1.7,27329.467196999998
9.1,10.9,1.7,0.3,0.2,0.5,4.1,1.7,21670.277308
9.1,6.6,1.4,0.3,0.2,0.5,4.1,1.7,26685.555047
9.1,6.6,1.7,1.9,0.2,0.5,4.1,1.7,26981.092108
9.1,6.6,1.7,0.3,0.7,0.5,4.1,1.7,26905.860301
9.1,6.6,1.7,0.3,0.2,0.9,4.1,1.7,27293.25337
9.1,6.6,1.7,0.3,0.2,0.5,4.7,1.7,27108.178981
9.1,6.6,1.7,0.3,0.2,0.5,4.1,2.0,26869.240581
9.1,6.6,1.7,0.3,0.2,0.5,4.1,1.7,26972.279892
7.4,6.4,1.9,3.2,1.0,0.7,0.3,1.4,26602.1181
7.6,6.4,1.9,3.2,1.0,0.7,0.3,1.4,26306.905583
7.4,8.1,1.9,3.2,1.0,0.7,0.3,1.4,26648.484181
7.4,6.4,2.3,3.2,1.0,0.7,0.3,1.4,26911.391765
7.4,6.4,1.9,1.6,1.0,0.7,0.3,1.4,26360.983937
7.4,6.4,1.9,3.2,0.9,0.7,0.3,1.4,26404.815419000002
7.4,6.4,1.9,3.2,1.0,0.3,0.3,1.4,26081.046992999996
7.4,6.4,1.9,3.2,1.0,0.7,5.6,1.4,26608.301149
7.4,6.4,1.9,3.2,1.0,0.7,0.3,1.1,25436.820720000003
7.4,8.1,2.3,1.6,0.9,0.3,5.6,1.1,26310.846801
7.6,6.4,2.3,1.6,0.9,0.3,5.6,1.1,23597.092468
7.6,8.1,1.9,1.6,0.9,0.3,5.6,1.1,26287.920194
7.6,8.1,2.3,3.2,0.9,0.3,5.6,1.1,26348.972370000003
7.6,8.1,2.3,1.6,1.0,0.3,5.6,1.1,26397.766218
7.6,8.1,2.3,1.6,0.9,0.7,5.6,1.1,26317.400767
7.6,8.1,2.3,1.6,0.9,0.3,0.3,1.1,26858.364966
7.6,8.1,2.3,1.6,0.9,0.3,5.6,1.4,26461.467076
7.6,8.1,2.3,1.6,0.9,0.3,5.6,1.1,26673.542045000002
4.4,9.4,0.8,0.6,0.5,0.2,3.3,0.1,25879.120156
4.6,9.4,0.8,0.6,0.5,0.2,3.3,0.1,25885.027038
4.4,11.1,0.8,0.6,0.5,0.2,3.3,0.1,20352.335026
4.4,9.4,1.2,0.6,0.5,0.2,3.3,0.1,17995.196381
4.4,9.4,0.8,4.3,0.5,0.2,3.3,0.1,25895.795089
4.4,9.4,0.8,0.6,0.4,0.2,3.3,0.1,25501.88841
4.4,9.4,0.8,0.6,0.5,0.8,3.3,0.1,19407.063543
4.4,9.4,0.8,0.6,0.5,0.2,2.7,0.1,20088.320268000003
4.4,9.4,0.8,0.6,0.5,0.2,3.3,2.3,25959.233914
4.4,11.1,1.2,4.3,0.4,0.8,2.7,2.3,26414.007816999998
4.6,9.4,1.2,4.3,0.4,0.8,2.7,2.3,25852.080392999997
4.6,11.1,0.8,4.3,0.4,0.8,2.7,2.3,25516.267984
4.6,11.1,1.2,0.6,0.4,0.8,2.7,2.3,19845.404097
4.6,11.1,1.2,4.3,0.5,0.8,2.7,2.3,25820.668539000002
4.6,11.1,1.2,4.3,0.4,0.2,2.7,2.3,26311.216377
4.6,11.1,1.2,4.3,0.4,0.8,3.3,2.3,25749.834279000002
4.6,11.1,1.2,4.3,0.4,0.8,2.7,0.1,17896.92974
4.6,11.1,1.2,4.3,0.4,0.8,2.7,2.3,25484.965449000003
4.6,6.2,2.1,4.7,0.6,0.9,4.9,1.3,25314.532961
5.2,6.2,2.1,4.7,0.6,0.9,4.9,1.3,25195.679638
4.6,7.5,2.1,4.7,0.6,0.9,4.9,1.3,25763.681945000004
4.6,6.2,1.2,4.7,0.6,0.9,4.9,1.3,24676.569287
4.6,6.2,2.1,3.1,0.6,0.9,4.9,1.3,24390.435879
4.6,6.2,2.1,4.7,0.6,0.9,4.9,1.3,25231.892343
4.6,6.2,2.1,4.7,0.6,1.0,4.9,1.3,25873.463232
4.6,6.2,2.1,4.7,0.6,0.9,5.1,1.3,25510.933383000003
4.6,6.2,2.1,4.7,0.6,0.9,4.9,0.4,25450.523465000002
4.6,7.5,1.2,3.1,0.6,1.0,5.1,0.4,25503.474648
5.2,6.2,1.2,3.1,0.6,1.0,5.1,0.4,17280.730116
5.2,7.5,2.1,3.1,0.6,1.0,5.1,0.4,16892.318603
5.2,7.5,1.2,4.7,0.6,1.0,5.1,0.4,26107.861854000002
5.2,7.5,1.2,3.1,0.6,1.0,5.1,0.4,24198.470483
5.2,7.5,1.2,3.1,0.6,0.9,5.1,0.4,24841.488361999996
5.2,7.5,1.2,3.1,0.6,1.0,4.9,0.4,24527.252387
5.2,7.5,1.2,3.1,0.6,1.0,5.1,1.3,25061.79188
5.2,7.5,1.2,3.1,0.6,1.0,5.1,0.4,25574.256032
7.6,9.2,1.0,2.1,0.1,0.4,2.0,0.0,26980.961227999996
8.2,9.2,1.0,2.1,0.1,0.4,2.0,0.0,20479.28649
7.6,10.5,1.0,2.1,0.1,0.4,2.0,0.0,26692.266024
7.6,9.2,2.3,2.1,0.1,0.4,2.0,0.0,26867.559517
7.6,9.2,1.0,0.5,0.1,0.4,2.0,0.0,27111.555457000002
7.6,9.2,1.0,2.1,0.1,0.4,2.0,0.0,26328.976027999997
7.6,9.2,1.0,2.1,0.1,0.5,2.0,0.0,26588.545929
7.6,9.2,1.0,2.1,0.1,0.4,2.1,0.0,26386.167460999997
7.6,9.2,1.0,2.1,0.1,0.4,2.0,1.6,18446.69572
7.6,10.5,2.3,0.5,0.1,0.5,2.1,1.6,26676.975512999998
8.2,9.2,2.3,0.5,0.1,0.5,2.1,1.6,26764.647357
8.2,10.5,1.0,0.5,0.1,0.5,2.1,1.6,26625.308963000003
8.2,10.5,2.3,2.1,0.1,0.5,2.1,1.6,19012.934147
8.2,10.5,2.3,0.5,0.1,0.5,2.1,1.6,26714.845888
8.2,10.5,2.3,0.5,0.1,0.4,2.1,1.6,26792.456906
8.2,10.5,2.3,0.5,0.1,0.5,2.0,1.6,26318.428151
8.2,10.5,2.3,0.5,0.1,0.5,2.1,0.0,19018.493432
8.2,10.5,2.3,0.5,0.1,0.5,2.1,1.6,20154.400689000002
9.1,7.7,1.6,3.4,0.3,0.1,3.4,0.7,26502.66126
9.7,7.7,1.6,3.4,0.3,0.1,3.4,0.7,27160.275220000003
9.1,9.0,1.6,3.4,0.3,0.1,3.4,0.7,26847.907257
9.1,7.7,1.8,3.4,0.3,0.1,3.4,0.7,27337.489448000004
9.1,7.7,1.6,1.8,0.3,0.1,3.4,0.7,26671.703309
9.1,7.7,1.6,3.4,0.8,0.1,3.4,0.7,27093.735006
9.1,7.7,1.6,3.4,0.3,0.7,3.4,0.7,27223.289914
9.1,7.7,1.6,3.4,0.3,0.1,0.6,0.7,26381.133243
9.1,7.7,1.6,3.4,0.3,0.1,3.4,1.0,27019.861434
9.1,9.0,1.8,1.8,0.8,0.7,0.6,1.0,26888.431274000002
9.7,7.7,1.8,1.8,0.8,0.7,0.6,1.0,27158.437694
9.7,9.0,1.6,1.8,0.8,0.7,0.6,1.0,26518.516119
9.7,9.0,1.8,3.4,0.8,0.7,0.6,1.0,27410.375439
9.7,9.0,1.8,1.8,0.3,0.7,0.6,1.0,22027.994327
9.7,9.0,1.8,1.8,0.8,0.1,0.6,1.0,27243.276611
9.7,9.0,1.8,1.8,0.8,0.7,3.4,1.0,26955.357755999998
9.7,9.0,1.8,1.8,0.8,0.7,0.6,0.7,26604.087007
9.7,9.0,1.8,1.8,0.8,0.7,0.6,1.0,27483.593153
6.1,10.7,0.5,0.7,0.8,0.6,0.5,1.9,25657.812152000002
6.7,10.7,0.5,0.7,0.8,0.6,0.5,1.9,26889.359088
6.1,6.0,0.5,0.7,0.8,0.6,0.5,1.9,25990.996079
6.1,10.7,0.7,0.7,0.8,0.6,0.5,1.9,25875.476598
6.1,10.7,0.5,4.5,0.8,0.6,0.5,1.9,26213.560115
6.1,10.7,0.5,0.7,0.3,0.6,0.5,1.9,26177.564503
6.1,10.7,0.5,0.7,0.8,0.2,0.5,1.9,26147.463737
6.1,10.7,0.5,0.7,0.8,0.6,3.6,1.9,25965.859468000002
6.1,10.7,0.5,0.7,0.8,0.6,0.5,2.3,25678.362823000003
6.1,6.0,0.7,4.5,0.3,0.2,3.6,2.3,25883.802597
6.7,10.7,0.7,4.5,0.3,0.2,3.6,2.3,26190.160171999996
6.7,6.0,0.5,4.5,0.3,0.2,3.6,2.3,25710.975269
6.7,6.0,0.7,0.7,0.3,0.2,3.6,2.3,24049.422808
6.7,6.0,0.7,4.5,0.8,0.2,3.6,2.3,26205.325127999997
6.7,6.0,0.7,4.5,0.3,0.6,3.6,2.3,26070.289873
6.7,6.0,0.7,4.5,0.3,0.2,0.5,2.3,26020.834848
6.7,6.0,0.7,4.5,0.3,0.2,3.6,1.9,25268.301637
6.7,6.0,0.7,4.5,0.3,0.2,3.6,2.3,26142.469329
6.8,8.4,1.3,0.1,0.9,0.8,4.2,1.0,26521.169914
8.9,8.4,1.3,0.1,0.9,0.8,4.2,1.0,26987.162062
6.8,11.3,1.3,0.1,0.9,0.8,4.2,1.0,25710.748325
6.8,8.4,1.5,0.1,0.9,0.8,4.2,1.0,26689.166607
6.8,8.4,1.3,5.1,0.9,0.8,4.2,1.0,18101.194369
6.8,8.4,1.3,0.1,1.0,0.8,4.2,1.0,26396.81653
6.8,8.4,1.3,0.1,0.9,0.4,4.2,1.0,27336.825293
6.8,8.4,1.3,0.1,0.9,0.8,4.3,1.0,26287.815658
6.8,8.4,1.3,0.1,0.9,0.8,4.2,2.0,27023.652508
6.8,11.3,1.5,5.1,1.0,0.4,4.3,2.0,25381.047113
8.9,8.4,1.5,5.1,1.0,0.4,4.3,2.0,27117.519391
8.9,11.3,1.3,5.1,1.0,0.4,4.3,2.0,21444.739194
8.9,11.3,1.5,0.1,1.0,0.4,4.3,2.0,27737.991452000002
8.9,11.3,1.5,5.1,0.9,0.4,4.3,2.0,26403.659278
8.9,11.3,1.5,5.1,1.0,0.8,4.3,2.0,26911.248178
8.9,11.3,1.5,5.1,1.0,0.4,4.2,2.0,26874.568
8.9,11.3,1.5,5.1,1.0,0.4,4.3,1.0,26283.551828
8.9,11.3,1.5,5.1,1.0,0.4,4.3,2.0,26970.138124999998
9.8,11.4,2.4,2.7,0.4,0.3,1.2,2.2,20966.679238
5.9,11.4,2.4,2.7,0.4,0.3,1.2,2.2,25843.940326999997
9.8,8.3,2.4,2.7,0.4,0.3,1.2,2.2,27984.899469
9.8,11.4,0.4,2.7,0.4,0.3,1.2,2.2,27519.460961
9.8,11.4,2.4,2.5,0.4,0.3,1.2,2.2,20171.479842
9.8,11.4,2.4,2.7,0.5,0.3,1.2,2.2,27854.342382999996
9.8,11.4,2.4,2.7,0.4,0.9,1.2,2.2,26632.412307
9.8,11.4,2.4,2.7,0.4,0.3,1.4,2.2,27930.394013999998
9.8,11.4,2.4,2.7,0.4,0.3,1.2,0.7,27972.394
9.8,8.3,0.4,2.5,0.5,0.9,1.4,0.7,23221.747299000002
5.9,11.4,0.4,2.5,0.5,0.9,1.4,0.7,26049.324868
5.9,8.3,2.4,2.5,0.5,0.9,1.4,0.7,25537.699012000005
5.9,8.3,0.4,2.7,0.5,0.9,1.4,0.7,26065.046686
5.9,8.3,0.4,2.5,0.4,0.9,1.4,0.7,26200.190433
5.9,8.3,0.4,2.5,0.5,0.3,1.4,0.7,25855.290284
5.9,8.3,0.4,2.5,0.5,0.9,1.2,0.7,25194.859467
5.9,8.3,0.4,2.5,0.5,0.9,1.4,2.2,25185.623143
5.9,8.3,0.4,2.5,0.5,0.9,1.4,0.7,25715.846849999998
8.3,6.9,0.8,1.4,0.2,0.0,5.7,1.6,26711.633084
4.4,6.9,0.8,1.4,0.2,0.0,5.7,1.6,25489.172638
8.3,6.8,0.8,1.4,0.2,0.0,5.7,1.6,26461.795368
8.3,6.9,1.0,1.4,0.2,0.0,5.7,1.6,26572.267004
8.3,6.9,0.8,1.1,0.2,0.0,5.7,1.6,26373.823292
8.3,6.9,0.8,1.4,0.7,0.0,5.7,1.6,26202.888708
8.3,6.9,0.8,1.4,0.2,0.1,5.7,1.6,26677.533339999998
8.3,6.9,0.8,1.4,0.2,0.0,2.8,1.6,26793.383526999998
8.3,6.9,0.8,1.4,0.2,0.0,5.7,1.3,21497.050111
8.3,6.8,1.0,1.1,0.7,0.1,2.8,1.3,26409.515049
4.4,6.9,1.0,1.1,0.7,0.1,2.8,1.3,25272.899855
4.4,6.8,0.8,1.1,0.7,0.1,2.8,1.3,25695.640283
4.4,6.8,1.0,1.4,0.7,0.1,2.8,1.3,25621.718359
4.4,6.8,1.0,1.1,0.2,0.1,2.8,1.3,24589.216527
4.4,6.8,1.0,1.1,0.7,0.0,2.8,1.3,19125.983098999997
4.4,6.8,1.0,1.1,0.7,0.1,5.7,1.3,25778.062225
4.4,6.8,1.0,1.1,0.7,0.1,2.8,1.6,18391.599919
4.4,6.8,1.0,1.1,0.7,0.1,2.8,1.3,18836.925006999998
5.3,9.9,1.9,4.0,0.7,0.5,2.7,0.3,25513.604708
7.4,9.9,1.9,4.0,0.7,0.5,2.7,0.3,26604.138997000002
5.3,9.8,1.9,4.0,0.7,0.5,2.7,0.3,25045.802040000002
5.3,9.9,2.1,4.0,0.7,0.5,2.7,0.3,25872.935838
5.3,9.9,1.9,3.8,0.7,0.5,2.7,0.3,25773.953841
5.3,9.9,1.9,4.0,0.2,0.5,2.7,0.3,20537.97707
5.3,9.9,1.9,4.0,0.7,0.6,2.7,0.3,17766.823663000003
5.3,9.9,1.9,4.0,0.7,0.5,5.8,0.3,25613.133752
5.3,9.9,1.9,4.0,0.7,0.5,2.7,0.1,24763.718592999998
5.3,9.8,2.1,3.8,0.2,0.6,5.8,0.1,26060.053667
7.4,9.9,2.1,3.8,0.2,0.6,5.8,0.1,17715.870554
7.4,9.8,1.9,3.8,0.2,0.6,5.8,0.1,20393.282533
7.4,9.8,2.1,4.0,0.2,0.6,5.8,0.1,25612.341873999998
7.4,9.8,2.1,3.8,0.7,0.6,5.8,0.1,18088.227044
7.4,9.8,2.1,3.8,0.2,0.5,5.8,0.1,18254.569831
7.4,9.8,2.1,3.8,0.2,0.6,2.7,0.1,23082.604098
7.4,9.8,2.1,3.8,0.2,0.6,5.8,0.3,23485.508297
7.4,9.8,2.1,3.8,0.2,0.6,5.8,0.1,17912.576263000003
5.0,8.1,0.6,3.1,0.1,0.7,3.8,1.1,25802.930734
8.5,8.1,0.6,3.1,0.1,0.7,3.8,1.1,26708.792871999998
5.0,6.4,0.6,3.1,0.1,0.7,3.8,1.1,25524.284223
5.0,8.1,2.2,3.1,0.1,0.7,3.8,1.1,25375.2906
5.0,8.1,0.6,2.8,0.1,0.7,3.8,1.1,25275.70186
5.0,8.1,0.6,3.1,0.4,0.7,3.8,1.1,25281.502422
5.0,8.1,0.6,3.1,0.1,0.0,3.8,1.1,24424.817244
5.0,8.1,0.6,3.1,0.1,0.7,0.3,1.1,17129.369002
5.0,8.1,0.6,3.1,0.1,0.7,3.8,2.1,25877.377442999998
5.0,6.4,2.2,2.8,0.4,0.0,0.3,2.1,25800.839529000004
8.5,8.1,2.2,2.8,0.4,0.0,0.3,2.1,26515.204024
8.5,6.4,0.6,2.8,0.4,0.0,0.3,2.1,26237.312912
8.5,6.4,2.2,3.1,0.4,0.0,0.3,2.1,26362.048107
8.5,6.4,2.2,2.8,0.1,0.0,0.3,2.1,22264.897459
8.5,6.4,2.2,2.8,0.4,0.7,0.3,2.1,26657.062708
8.5,6.4,2.2,2.8,0.4,0.0,3.8,2.1,15504.835165
8.5,6.4,2.2,2.8,0.4,0.0,0.3,1.1,26844.181229
8.5,6.4,2.2,2.8,0.4,0.0,0.3,2.1,27204.763812999998
8.0,11.1,1.7,0.4,0.6,0.2,0.9,2.4,26730.04613
5.5,11.1,1.7,0.4,0.6,0.2,0.9,2.4,24688.162558999997
8.0,9.4,1.7,0.4,0.6,0.2,0.9,2.4,19874.128541
8.0,11.1,1.1,0.4,0.6,0.2,0.9,2.4,25704.233756
8.0,11.1,1.7,0.2,0.6,0.2,0.9,2.4,26685.493589
8.0,11.1,1.7,0.4,0.9,0.2,0.9,2.4,26801.019870999997
8.0,11.1,1.7,0.4,0.6,0.5,0.9,2.4,19861.584311
8.0,11.1,1.7,0.4,0.6,0.2,3.2,2.4,26196.516644000003
8.0,11.1,1.7,0.4,0.6,0.2,0.9,0.9,22377.682973
8.0,9.4,1.1,0.2,0.9,0.5,3.2,0.9,26630.478433999997
5.5,11.1,1.1,0.2,0.9,0.5,3.2,0.9,20052.605864999998
5.5,9.4,1.7,0.2,0.9,0.5,3.2,0.9,26642.172491
5.5,9.4,1.1,0.4,0.9,0.5,3.2,0.9,25470.257901
5.5,9.4,1.1,0.2,0.6,0.5,3.2,0.9,25690.224571
5.5,9.4,1.1,0.2,0.9,0.2,3.2,0.9,17085.481972
5.5,9.4,1.1,0.2,0.9,0.5,0.9,0.9,25779.009647
5.5,9.4,1.1,0.2,0.9,0.5,3.2,2.4,25877.432791
5.5,9.4,1.1,0.2,0.9,0.5,3.2,0.9,26372.683923
9.5,6.6,1.2,4.4,0.9,0.5,5.3,1.8,27015.488458
4.0,6.6,1.2,4.4,0.9,0.5,5.3,1.8,25818.182319
9.5,10.9,1.2,4.4,0.9,0.5,5.3,1.8,26970.027495000002
9.5,6.6,0.5,4.4,0.9,0.5,5.3,1.8,26734.304273
9.5,6.6,1.2,1.5,0.9,0.5,5.3,1.8,26418.092119
9.5,6.6,1.2,4.4,0.1,0.5,5.3,1.8,26717.488349
9.5,6.6,1.2,4.4,0.9,0.3,5.3,1.8,27087.812489
9.5,6.6,1.2,4.4,0.9,0.5,4.7,1.8,27367.54249
9.5,6.6,1.2,4.4,0.9,0.5,5.3,1.5,26866.591414000002
9.5,10.9,0.5,1.5,0.1,0.3,4.7,1.5,26900.091475999998
4.0,6.6,0.5,1.5,0.1,0.3,4.7,1.5,25526.151376
4.0,10.9,1.2,1.5,0.1,0.3,4.7,1.5,25921.885739999998
4.0,10.9,0.5,4.4,0.1,0.3,4.7,1.5,25790.255372
4.0,10.9,0.5,1.5,0.9,0.3,4.7,1.5,25914.359164
4.0,10.9,0.5,1.5,0.1,0.5,4.7,1.5,26271.48041
4.0,10.9,0.5,1.5,0.1,0.3,5.3,1.5,26121.270749999996
4.0,10.9,0.5,1.5,0.1,0.3,4.7,1.8,26553.354731
4.0,10.9,0.5,1.5,0.1,0.3,4.7,1.5,25615.822536
6.5,9.6,2.3,1.7,0.4,1.0,2.3,0.5,24900.666318
7.0,9.6,2.3,1.7,0.4,1.0,2.3,0.5,18558.230442
6.5,7.9,2.3,1.7,0.4,1.0,2.3,0.5,26446.277716
6.5,9.6,1.6,1.7,0.4,1.0,2.3,0.5,20508.720069000003
6.5,9.6,2.3,4.1,0.4,1.0,2.3,0.5,20320.664836
6.5,9.6,2.3,1.7,0.6,1.0,2.3,0.5,26487.637979
6.5,9.6,2.3,1.7,0.4,0.8,2.3,0.5,25196.79356
6.5,9.6,2.3,1.7,0.4,1.0,1.7,0.5,26249.907616
6.5,9.6,2.3,1.7,0.4,1.0,2.3,0.2,17330.681895
6.5,7.9,1.6,4.1,0.6,0.8,1.7,0.2,26217.498698999996
7.0,9.6,1.6,4.1,0.6,0.8,1.7,0.2,17303.277091999997
7.0,7.9,2.3,4.1,0.6,0.8,1.7,0.2,26749.431822
7.0,7.9,1.6,1.7,0.6,0.8,1.7,0.2,25246.171312
7.0,7.9,1.6,4.1,0.4,0.8,1.7,0.2,25537.370285
7.0,7.9,1.6,4.1,0.6,1.0,1.7,0.2,26338.649314
7.0,7.9,1.6,4.1,0.6,0.8,2.3,0.2,26123.003412
7.0,7.9,1.6,4.1,0.6,0.8,1.7,0.5,24748.007561
7.0,7.9,1.6,4.1,0.6,0.8,1.7,0.2,25419.703903
5.7,7.3,1.4,2.4,0.5,0.6,4.6,1.4,25699.660806
4.8,7.3,1.4,2.4,0.5,0.6,4.6,1.4,25446.593994
5.7,10.1,1.4,2.4,0.5,0.6,4.6,1.4,26355.792278
5.7,7.3,0.8,2.4,0.5,0.6,4.6,1.4,25227.192801
5.7,7.3,1.4,4.8,0.5,0.6,4.6,1.4,25844.557966
5.7,7.3,1.4,2.4,0.0,0.6,4.6,1.4,25472.152349
5.7,7.3,1.4,2.4,0.5,0.7,4.6,1.4,26390.76113
5.7,7.3,1.4,2.4,0.5,0.6,2.5,1.4,25950.578754000002
5.7,7.3,1.4,2.4,0.5,0.6,4.6,0.6,25663.441348
5.7,10.1,0.8,4.8,0.0,0.7,2.5,0.6,19537.814857999998
4.8,7.3,0.8,4.8,0.0,0.7,2.5,0.6,25897.613669
4.8,10.1,1.4,4.8,0.0,0.7,2.5,0.6,25082.165834
4.8,10.1,0.8,2.4,0.0,0.7,2.5,0.6,18297.704583
4.8,10.1,0.8,4.8,0.5,0.7,2.5,0.6,17802.746351
4.8,10.1,0.8,4.8,0.0,0.6,2.5,0.6,19194.275412000003
4.8,10.1,0.8,4.8,0.0,0.7,4.6,0.6,17576.213609
4.8,10.1,0.8,4.8,0.0,0.7,2.5,1.4,25346.007848
4.8,10.1,0.8,4.8,0.0,0.7,2.5,0.6,25406.450462
8.7,10.3,0.3,5.0,1.0,0.1,1.6,0.2,26748.132892
7.8,10.3,0.3,5.0,1.0,0.1,1.6,0.2,26751.248551
8.7,7.1,0.3,5.0,1.0,0.1,1.6,0.2,26451.211531
8.7,10.3,1.9,5.0,1.0,0.1,1.6,0.2,27203.595707
8.7,10.3,0.3,2.1,1.0,0.1,1.6,0.2,27267.649385999997
8.7,10.3,0.3,5.0,0.5,0.1,1.6,0.2,18665.560393
8.7,10.3,0.3,5.0,1.0,0.2,1.6,0.2,26994.319486
8.7,10.3,0.3,5.0,1.0,0.1,5.4,0.2,26711.887381
8.7,10.3,0.3,5.0,1.0,0.1,1.6,1.8,27077.651576000004
8.7,7.1,1.9,2.1,0.5,0.2,5.4,1.8,26929.705963
7.8,10.3,1.9,2.1,0.5,0.2,5.4,1.8,26837.163177
7.8,7.1,0.3,2.1,0.5,0.2,5.4,1.8,25492.088411
7.8,7.1,1.9,5.0,0.5,0.2,5.4,1.8,19548.43291
7.8,7.1,1.9,2.1,1.0,0.2,5.4,1.8,26534.896763
7.8,7.1,1.9,2.1,0.5,0.1,5.4,1.8,24303.688725
7.8,7.1,1.9,2.1,0.5,0.2,1.6,1.8,25922.985641
7.8,7.1,1.9,2.1,0.5,0.2,5.4,0.2,18465.845068
7.8,7.1,1.9,2.1,0.5,0.2,5.4,1.8,26183.600872
7.2,8.8,2.0,1.1,0.7,0.3,3.1,0.8,25774.586589
9.3,8.8,2.0,1.1,0.7,0.3,3.1,0.8,26797.854573999997
7.2,8.6,2.0,1.1,0.7,0.3,3.1,0.8,25861.603586
7.2,8.8,2.5,1.1,0.7,0.3,3.1,0.8,16526.456134
7.2,8.8,2.0,0.8,0.7,0.3,3.1,0.8,26313.926635
7.2,8.8,2.0,1.1,0.3,0.3,3.1,0.8,26691.378014
7.2,8.8,2.0,1.1,0.7,0.9,3.1,0.8,26400.031715
7.2,8.8,2.0,1.1,0.7,0.3,4.0,0.8,26086.588291
7.2,8.8,2.0,1.1,0.7,0.3,3.1,1.2,25757.061155
7.2,8.6,2.5,0.8,0.3,0.9,4.0,1.2,22781.074353999997
9.3,8.8,2.5,0.8,0.3,0.9,4.0,1.2,20199.144858
9.3,8.6,2.0,0.8,0.3,0.9,4.0,1.2,26841.721576
9.3,8.6,2.5,1.1,0.3,0.9,4.0,1.2,22781.008137999997
9.3,8.6,2.5,0.8,0.7,0.9,4.0,1.2,27113.848607
9.3,8.6,2.5,0.8,0.3,0.3,4.0,1.2,27013.338258
9.3,8.6,2.5,0.8,0.3,0.9,3.1,1.2,28215.144824
9.3,8.6,2.5,0.8,0.3,0.9,4.0,0.8,26995.415039
9.3,8.6,2.5,0.8,0.3,0.9,4.0,1.2,27187.484555000003
4.2,11.8,0.9,3.7,0.2,0.8,0.1,2.1,24195.779954999998
6.3,11.8,0.9,3.7,0.2,0.8,0.1,2.1,14754.872884
4.2,11.6,0.9,3.7,0.2,0.8,0.1,2.1,24679.932541000002
4.2,11.8,1.4,3.7,0.2,0.8,0.1,2.1,25983.646564000002
4.2,11.8,0.9,3.5,0.2,0.8,0.1,2.1,25723.560293000002
4.2,11.8,0.9,3.7,0.8,0.8,0.1,2.1,25818.411978
4.2,11.8,0.9,3.7,0.2,0.4,0.1,2.1,26045.311211
4.2,11.8,0.9,3.7,0.2,0.8,1.0,2.1,26246.341241
4.2,11.8,0.9,3.7,0.2,0.8,0.1,2.4,25136.793508000002
4.2,11.6,1.4,3.5,0.8,0.4,1.0,2.4,26019.300279000003
6.3,11.8,1.4,3.5,0.8,0.4,1.0,2.4,25697.18729
6.3,11.6,0.9,3.5,0.8,0.4,1.0,2.4,26139.331455
6.3,11.6,1.4,3.7,0.8,0.4,1.0,2.4,26115.857499
6.3,11.6,1.4,3.5,0.2,0.4,1.0,2.4,18086.787468
6.3,11.6,1.4,3.5,0.8,0.8,1.0,2.4,26001.352529
6.3,11.6,1.4,3.5,0.8,0.4,0.1,2.4,25892.859803
6.3,11.6,1.4,3.5,0.8,0.4,1.0,2.1,25866.739339
6.3,11.6,1.4,3.5,0.8,0.4,1.0,2.4,25346.9609
4.3,7.4,0.5,4.1,0.9,1.0,3.4,2.4,25095.945875999998
8.3,7.4,0.5,4.1,0.9,1.0,3.4,2.4,26298.622165
4.3,8.4,0.5,4.1,0.9,1.0,3.4,2.4,25728.845649000003
4.3,7.4,0.4,4.1,0.9,1.0,3.4,2.4,25585.639831
4.3,7.4,0.5,0.2,0.9,1.0,3.4,2.4,25907.59924
4.3,7.4,0.5,4.1,0.3,1.0,3.4,2.4,25805.900655999998
4.3,7.4,0.5,4.1,0.9,0.7,3.4,2.4,25171.545315000003
4.3,7.4,0.5,4.1,0.9,1.0,2.9,2.4,25513.390554999998
4.3,7.4,0.5,4.1,0.9,1.0,3.4,0.6,25250.550457
4.3,8.4,0.4,0.2,0.3,0.7,2.9,0.6,26047.17578
8.3,7.4,0.4,0.2,0.3,0.7,2.9,0.6,26097.814065
8.3,8.4,0.5,0.2,0.3,0.7,2.9,0.6,26545.371541
8.3,8.4,0.4,4.1,0.3,0.7,2.9,0.6,26630.893996
8.3,8.4,0.4,0.2,0.9,0.7,2.9,0.6,27277.288255
8.3,8.4,0.4,0.2,0.3,1.0,2.9,0.6,26409.622234
8.3,8.4,0.4,0.2,0.3,0.7,3.4,0.6,26911.362159999997
8.3,8.4,0.4,0.2,0.3,0.7,2.9,2.4,27249.004498
8.3,8.4,0.4,0.2,0.3,0.7,2.9,0.6,26596.727973
7.3,10.4,1.6,1.5,0.4,0.5,0.4,1.2,26616.741147
5.3,10.4,1.6,1.5,0.4,0.5,0.4,1.2,22260.003584
7.3,11.4,1.6,1.5,0.4,0.5,0.4,1.2,26473.513642
7.3,10.4,1.5,1.5,0.4,0.5,0.4,1.2,26133.711405000002
7.3,10.4,1.6,2.9,0.4,0.5,0.4,1.2,26323.967844
7.3,10.4,1.6,1.5,0.8,0.5,0.4,1.2,25957.044186
7.3,10.4,1.6,1.5,0.4,0.2,0.4,1.2,23043.951161999998
7.3,10.4,1.6,1.5,0.4,0.5,5.9,1.2,20784.399979
7.3,10.4,1.6,1.5,0.4,0.5,0.4,1.8,26629.366484
7.3,11.4,1.5,2.9,0.8,0.2,5.9,1.8,25879.228876
5.3,10.4,1.5,2.9,0.8,0.2,5.9,1.8,25659.213073
5.3,11.4,1.6,2.9,0.8,0.2,5.9,1.8,25881.362095
5.3,11.4,1.5,1.5,0.8,0.2,5.9,1.8,26000.548759
5.3,11.4,1.5,2.9,0.4,0.2,5.9,1.8,25451.39693
5.3,11.4,1.5,2.9,0.8,0.5,5.9,1.8,22877.296154
5.3,11.4,1.5,2.9,0.8,0.2,0.4,1.8,25716.758055000002
5.3,11.4,1.5,2.9,0.8,0.2,5.9,1.2,26207.443598
5.3,11.4,1.5,2.9,0.8,0.2,5.9,1.8,26215.700018
8.8,8.9,1.1,2.8,0.1,0.2,4.8,0.5,26500.368664999998
6.8,8.9,1.1,2.8,0.1,0.2,4.8,0.5,17474.888509999997
8.8,9.9,1.1,2.8,0.1,0.2,4.8,0.5,23080.795791
8.8,8.9,2.1,2.8,0.1,0.2,4.8,0.5,27013.754491
8.8,8.9,1.1,4.2,0.1,0.2,4.8,0.5,26833.748564
8.8,8.9,1.1,2.8,0.0,0.2,4.8,0.5,21493.116135
8.8,8.9,1.1,2.8,0.1,0.9,4.8,0.5,14981.625924
8.8,8.9,1.1,2.8,0.1,0.2,4.4,0.5,22869.567873
8.8,8.9,1.1,2.8,0.1,0.2,4.8,1.2,26832.488891
8.8,9.9,2.1,4.2,0.0,0.9,4.4,1.2,26600.316235000002
6.8,8.9,2.1,4.2,0.0,0.9,4.4,1.2,21872.518268999997
6.8,9.9,1.1,4.2,0.0,0.9,4.4,1.2,25833.885299
6.8,9.9,2.1,2.8,0.0,0.9,4.4,1.2,26233.422176
6.8,9.9,2.1,4.2,0.1,0.9,4.4,1.2,25557.623915
6.8,9.9,2.1,4.2,0.0,0.2,4.4,1.2,22069.06122
6.8,9.9,2.1,4.2,0.0,0.9,4.8,1.2,20666.909669
6.8,9.9,2.1,4.2,0.0,0.9,4.4,0.5,21422.768121999998
6.8,9.9,2.1,4.2,0.0,0.9,4.4,1.2,26670.316106000002
5.8,11.9,2.2,0.2,0.6,0.7,1.9,1.8,26097.055548
9.8,11.9,2.2,0.2,0.6,0.7,1.9,1.8,27315.840416
5.8,6.9,2.2,0.2,0.6,0.7,1.9,1.8,25447.799191
5.8,11.9,1.0,0.2,0.6,0.7,1.9,1.8,25619.384657000002
5.8,11.9,2.2,1.6,0.6,0.7,1.9,1.8,25661.892926
5.8,11.9,2.2,0.2,0.5,0.7,1.9,1.8,25946.453891
5.8,11.9,2.2,0.2,0.6,0.4,1.9,1.8,26669.179785
5.8,11.9,2.2,0.2,0.6,0.7,1.5,1.8,17475.056669999998
5.8,11.9,2.2,0.2,0.6,0.7,1.9,2.5,26092.005455
5.8,6.9,1.0,1.6,0.5,0.4,1.5,2.5,21573.442581
9.8,11.9,1.0,1.6,0.5,0.4,1.5,2.5,26905.88141
9.8,6.9,2.2,1.6,0.5,0.4,1.5,2.5,27789.578110999995
9.8,6.9,1.0,0.2,0.5,0.4,1.5,2.5,25845.155873
9.8,6.9,1.0,1.6,0.6,0.4,1.5,2.5,28025.843401
9.8,6.9,1.0,1.6,0.5,0.7,1.5,2.5,26639.530285
9.8,6.9,1.0,1.6,0.5,0.4,1.9,2.5,20812.577886
9.8,6.9,1.0,1.6,0.5,0.4,1.5,1.8,25020.909051000002
9.8,6.9,1.0,1.6,0.5,0.4,1.5,2.5,22693.018354
6.6,8.1,1.9,0.8,0.5,0.8,5.6,0.2,25891.939613000002
6.0,8.1,1.9,0.8,0.5,0.8,5.6,0.2,26235.092628
6.6,10.6,1.9,0.8,0.5,0.8,5.6,0.2,25858.807447
6.6,8.1,2.4,0.8,0.5,0.8,5.6,0.2,19988.645309
6.6,8.1,1.9,2.2,0.5,0.8,5.6,0.2,26186.486021
6.6,8.1,1.9,0.8,0.2,0.8,5.6,0.2,17954.97973
6.6,8.1,1.9,0.8,0.5,0.1,5.6,0.2,25429.696031
6.6,8.1,1.9,0.8,0.5,0.8,0.7,0.2,26268.871035
6.6,8.1,1.9,0.8,0.5,0.8,5.6,2.2,26044.63312
6.6,10.6,2.4,2.2,0.2,0.1,0.7,2.2,16732.125872999997
6.0,8.1,2.4,2.2,0.2,0.1,0.7,2.2,24875.341478000002
6.0,10.6,1.9,2.2,0.2,0.1,0.7,2.2,26284.914251000002
6.0,10.6,2.4,0.8,0.2,0.1,0.7,2.2,26179.185436
6.0,10.6,2.4,2.2,0.5,0.1,0.7,2.2,26128.347193
6.0,10.6,2.4,2.2,0.2,0.8,0.7,2.2,25747.246979
6.0,10.6,2.4,2.2,0.2,0.1,5.6,2.2,25711.751675
6.0,10.6,2.4,2.2,0.2,0.1,0.7,0.2,21405.998195
6.0,10.6,2.4,2.2,0.2,0.1,0.7,2.2,25635.460931999998
9.6,11.1,0.8,3.5,0.0,0.3,2.6,1.5,27372.298299000002
9.0,11.1,0.8,3.5,0.0,0.3,2.6,1.5,26755.314858
9.6,7.6,0.8,3.5,0.0,0.3,2.6,1.5,23806.108202
9.6,11.1,1.3,3.5,0.0,0.3,2.6,1.5,27356.902254
9.6,11.1,0.8,4.9,0.0,0.3,2.6,1.5,27412.774272
9.6,11.1,0.8,3.5,0.7,0.3,2.6,1.5,19579.99381
9.6,11.1,0.8,3.5,0.0,0.6,2.6,1.5,20586.895795
9.6,11.1,0.8,3.5,0.0,0.3,3.7,1.5,26907.088603000004
9.6,11.1,0.8,3.5,0.0,0.3,2.6,0.9,19634.593854000002
9.6,7.6,1.3,4.9,0.7,0.6,3.7,0.9,26960.793568
9.0,11.1,1.3,4.9,0.7,0.6,3.7,0.9,26761.867753
9.0,7.6,0.8,4.9,0.7,0.6,3.7,0.9,27241.648720999998
9.0,7.6,1.3,3.5,0.7,0.6,3.7,0.9,27032.272817999998
9.0,7.6,1.3,4.9,0.0,0.6,3.7,0.9,24461.063089
9.0,7.6,1.3,4.9,0.7,0.3,3.7,0.9,26942.901822
9.0,7.6,1.3,4.9,0.7,0.6,2.6,0.9,27112.649365999998
9.0,7.6,1.3,4.9,0.7,0.6,3.7,1.5,26944.988617
9.0,7.6,1.3,4.9,0.7,0.6,3.7,0.9,26154.066243
8.1,6.6,2.4,2.1,0.3,0.1,4.1,2.1,26596.639607
7.5,6.6,2.4,2.1,0.3,0.1,4.1,2.1,26596.948469000003
8.1,6.1,2.4,2.1,0.3,0.1,4.1,2.1,26057.376806
8.1,6.6,0.7,2.1,0.3,0.1,4.1,2.1,26326.20431
8.1,6.6,2.4,3.6,0.3,0.1,4.1,2.1,26430.768497
8.1,6.6,2.4,2.1,0.4,0.1,4.1,2.1,26588.798538
8.1,6.6,2.4,2.1,0.3,0.3,4.1,2.1,25101.912249
8.1,6.6,2.4,2.1,0.3,0.1,5.2,2.1,26832.232751
8.1,6.6,2.4,2.1,0.3,0.1,4.1,1.5,18538.312293
8.1,6.1,0.7,3.6,0.4,0.3,5.2,1.5,26065.821228
7.5,6.6,0.7,3.6,0.4,0.3,5.2,1.5,26313.578232
7.5,6.1,2.4,3.6,0.4,0.3,5.2,1.5,26437.187691
7.5,6.1,0.7,2.1,0.4,0.3,5.2,1.5,26305.793115
7.5,6.1,0.7,3.6,0.3,0.3,5.2,1.5,26590.74398
7.5,6.1,0.7,3.6,0.4,0.1,5.2,1.5,26242.73938
7.5,6.1,0.7,3.6,0.4,0.3,4.1,1.5,26608.763059999997
7.5,6.1,0.7,3.6,0.4,0.3,5.2,2.1,26114.93765
7.5,6.1,0.7,3.6,0.4,0.3,5.2,1.5,26224.288556
5.1,9.6,1.3,4.8,0.8,0.6,1.1,0.9,25734.502835
4.5,9.6,1.3,4.8,0.8,0.6,1.1,0.9,25860.088189000002
5.1,9.1,1.3,4.8,0.8,0.6,1.1,0.9,25660.205456
5.1,9.6,1.8,4.8,0.8,0.6,1.1,0.9,25931.101687000002
5.1,9.6,1.3,0.9,0.8,0.6,1.1,0.9,25184.988964999997
5.1,9.6,1.3,4.8,0.9,0.6,1.1,0.9,25676.287495
5.1,9.6,1.3,4.8,0.8,0.8,1.1,0.9,25800.256169
5.1,9.6,1.3,4.8,0.8,0.6,2.2,0.9,20790.297005
5.1,9.6,1.3,4.8,0.8,0.6,1.1,0.3,24496.907151
5.1,9.1,1.8,0.9,0.9,0.8,2.2,0.3,25638.658968000003
4.5,9.6,1.8,0.9,0.9,0.8,2.2,0.3,26147.356075
4.5,9.1,1.3,0.9,0.9,0.8,2.2,0.3,22229.972117999998
4.5,9.1,1.8,4.8,0.9,0.8,2.2,0.3,25872.311411
4.5,9.1,1.8,0.9,0.8,0.8,2.2,0.3,20275.748496
4.5,9.1,1.8,0.9,0.9,0.6,2.2,0.3,25327.538163999998
4.5,9.1,1.8,0.9,0.9,0.8,1.1,0.3,26080.062053999998
4.5,9.1,1.8,0.9,0.9,0.8,2.2,0.9,25107.351448999998
4.5,9.1,1.8,0.9,0.9,0.8,2.2,0.3,17838.790841
5.4,8.5,2.3,3.8,0.5,0.7,5.2,0.1,21262.875766
5.6,8.5,2.3,3.8,0.5,0.7,5.2,0.1,25503.128232
5.4,7.2,2.3,3.8,0.5,0.7,5.2,0.1,23090.965303
5.4,8.5,1.7,3.8,0.5,0.7,5.2,0.1,19478.12453
5.4,8.5,2.3,0.6,0.5,0.7,5.2,0.1,25552.979188999998
5.4,8.5,2.3,3.8,0.7,0.7,5.2,0.1,26158.050276
5.4,8.5,2.3,3.8,0.5,0.4,5.2,0.1,25495.610183
5.4,8.5,2.3,3.8,0.5,0.7,4.0,0.1,18888.209706
5.4,8.5,2.3,3.8,0.5,0.7,5.2,2.0,25810.168113
5.4,7.2,1.7,0.6,0.7,0.4,4.0,2.0,25421.855322000003
5.6,8.5,1.7,0.6,0.7,0.4,4.0,2.0,26153.236895000002
5.6,7.2,2.3,0.6,0.7,0.4,4.0,2.0,25794.251502000003
5.6,7.2,1.7,3.8,0.7,0.4,4.0,2.0,26217.466547
5.6,7.2,1.7,0.6,0.5,0.4,4.0,2.0,25837.953555
5.6,7.2,1.7,0.6,0.7,0.7,4.0,2.0,25858.471972
5.6,7.2,1.7,0.6,0.7,0.4,5.2,2.0,25796.852159000002
5.6,7.2,1.7,0.6,0.7,0.4,4.0,0.1,18893.179818
5.6,7.2,1.7,0.6,0.7,0.4,4.0,2.0,26037.424025
8.4,11.5,1.2,1.1,1.0,0.2,2.2,1.3,26531.734189
8.6,11.5,1.2,1.1,1.0,0.2,2.2,1.3,26664.959129000003
8.4,10.2,1.2,1.1,1.0,0.2,2.2,1.3,27062.751699
8.4,11.5,0.6,1.1,1.0,0.2,2.2,1.3,26746.255306
8.4,11.5,1.2,3.2,1.0,0.2,2.2,1.3,26361.381035000002
8.4,11.5,1.2,1.1,0.2,0.2,2.2,1.3,24918.029755000003
8.4,11.5,1.2,1.1,1.0,0.9,2.2,1.3,26829.188383
8.4,11.5,1.2,1.1,1.0,0.2,1.1,1.3,26818.435421000002
8.4,11.5,1.2,1.1,1.0,0.2,2.2,0.7,26603.293325
8.4,10.2,0.6,3.2,0.2,0.9,1.1,0.7,26579.253198
8.6,11.5,0.6,3.2,0.2,0.9,1.1,0.7,26814.285687999996
8.6,10.2,1.2,3.2,0.2,0.9,1.1,0.7,26105.728970999997
8.6,10.2,0.6,1.1,0.2,0.9,1.1,0.7,18645.663795
8.6,10.2,0.6,3.2,1.0,0.9,1.1,0.7,27435.145947999998
8.6,10.2,0.6,3.2,0.2,0.2,1.1,0.7,26100.257028
8.6,10.2,0.6,3.2,0.2,0.9,2.2,0.7,27198.726032
8.6,10.2,0.6,3.2,0.2,0.9,1.1,1.3,25992.643577
8.6,10.2,0.6,3.2,0.2,0.9,1.1,0.7,26549.900598
9.9,7.0,1.8,5.1,0.7,0.4,3.7,1.9,27598.750709
7.1,7.0,1.8,5.1,0.7,0.4,3.7,1.9,26542.574819
9.9,11.7,1.8,5.1,0.7,0.4,3.7,1.9,27106.471037000003
9.9,7.0,1.1,5.1,0.7,0.4,3.7,1.9,27262.890493
9.9,7.0,1.8,4.5,0.7,0.4,3.7,1.9,27514.541087999998
9.9,7.0,1.8,5.1,1.0,0.4,3.7,1.9,27366.632492
9.9,7.0,1.8,5.1,0.7,0.1,3.7,1.9,26948.624732
9.9,7.0,1.8,5.1,0.7,0.4,2.6,1.9,27657.504879
9.9,7.0,1.8,5.1,0.7,0.4,3.7,1.4,27574.368746
9.9,11.7,1.1,4.5,1.0,0.1,2.6,1.4,27746.497446
7.1,7.0,1.1,4.5,1.0,0.1,2.6,1.4,25814.495565999998
7.1,11.7,1.8,4.5,1.0,0.1,2.6,1.4,26253.719964
7.1,11.7,1.1,5.1,1.0,0.1,2.6,1.4,25948.279474
7.1,11.7,1.1,4.5,0.7,0.1,2.6,1.4,26094.586754
7.1,11.7,1.1,4.5,1.0,0.4,2.6,1.4,26203.83833
7.1,11.7,1.1,4.5,1.0,0.1,3.7,1.4,26211.660848
7.1,11.7,1.1,4.5,1.0,0.1,2.6,1.9,26760.471481
7.1,11.7,1.1,4.5,1.0,0.1,2.6,1.4,26271.290229
6.9,10.0,0.7,2.5,0.2,0.9,0.8,0.7,26247.245031000002
4.1,10.0,0.7,2.5,0.2,0.9,0.8,0.7,19214.525134
6.9,8.7,0.7,2.5,0.2,0.9,0.8,0.7,21148.417286
6.9,10.0,2.2,2.5,0.2,0.9,0.8,0.7,19396.323572
6.9,10.0,0.7,1.9,0.2,0.9,0.8,0.7,20560.251513
6.9,10.0,0.7,2.5,0.5,0.9,0.8,0.7,25425.129549
6.9,10.0,0.7,2.5,0.2,0.6,0.8,0.7,26931.398532
6.9,10.0,0.7,2.5,0.2,0.9,5.5,0.7,25819.948976
6.9,10.0,0.7,2.5,0.2,0.9,0.8,0.1,18969.292193
6.9,8.7,2.2,1.9,0.5,0.6,5.5,0.1,17216.908215999996
4.1,10.0,2.2,1.9,0.5,0.6,5.5,0.1,25694.115268
4.1,8.7,0.7,1.9,0.5,0.6,5.5,0.1,26743.818926
4.1,8.7,2.2,2.5,0.5,0.6,5.5,0.1,18388.458854
4.1,8.7,2.2,1.9,0.2,0.6,5.5,0.1,22409.686244999997
4.1,8.7,2.2,1.9,0.5,0.9,5.5,0.1,25373.959447
4.1,8.7,2.2,1.9,0.5,0.6,0.8,0.1,25963.450343999997
4.1,8.7,2.2,1.9,0.5,0.6,5.5,0.7,20913.495274
4.1,8.7,2.2,1.9,0.5,0.6,5.5,0.1,25183.784645
6.2,6.3,0.9,1.8,0.1,0.5,3.0,2.3,24310.369822
7.9,6.3,0.9,1.8,0.1,0.5,3.0,2.3,26026.643473
6.2,9.5,0.9,1.8,0.1,0.5,3.0,2.3,25781.851896
6.2,6.3,0.9,1.8,0.1,0.5,3.0,2.3,25948.920686999998
6.2,6.3,0.9,2.6,0.1,0.5,3.0,2.3,25209.113038
6.2,6.3,0.9,1.8,0.8,0.5,3.0,2.3,25604.972191
6.2,6.3,0.9,1.8,0.1,1.0,3.0,2.3,25605.54037
6.2,6.3,0.9,1.8,0.1,0.5,4.8,2.3,26118.102642
6.2,6.3,0.9,1.8,0.1,0.5,3.0,0.4,25317.198271
6.2,9.5,0.9,2.6,0.8,1.0,4.8,0.4,25909.741118
7.9,6.3,0.9,2.6,0.8,1.0,4.8,0.4,26661.235826
7.9,9.5,0.9,2.6,0.8,1.0,4.8,0.4,26213.223539
7.9,9.5,0.9,1.8,0.8,1.0,4.8,0.4,26705.221148999997
7.9,9.5,0.9,2.6,0.1,1.0,4.8,0.4,27097.591439999997
7.9,9.5,0.9,2.6,0.8,0.5,4.8,0.4,26642.549285999998
7.9,9.5,0.9,2.6,0.8,1.0,3.0,0.4,26810.514286
7.9,9.5,0.9,2.6,0.8,1.0,4.8,2.3,26593.772175
7.9,9.5,0.9,2.6,0.8,1.0,4.8,0.4,26534.902957
9.2,9.3,2.0,4.5,0.6,0.0,0.0,1.0,26260.466715
4.9,9.3,2.0,4.5,0.6,0.0,0.0,1.0,26625.440391000004
9.2,6.5,2.0,4.5,0.6,0.0,0.0,1.0,26875.809751
9.2,9.3,2.0,4.5,0.6,0.0,0.0,1.0,27446.616473000002
9.2,9.3,2.0,5.2,0.6,0.0,0.0,1.0,27082.515703
9.2,9.3,2.0,4.5,0.3,0.0,0.0,1.0,21707.946647
9.2,9.3,2.0,4.5,0.6,0.5,0.0,1.0,27319.472373
9.2,9.3,2.0,4.5,0.6,0.0,1.8,1.0,26227.660515000003
9.2,9.3,2.0,4.5,0.6,0.0,0.0,1.7,27250.384959
9.2,6.5,2.0,5.2,0.3,0.5,1.8,1.7,25588.433731999998
4.9,9.3,2.0,5.2,0.3,0.5,1.8,1.7,26056.702521
4.9,6.5,2.0,5.2,0.3,0.5,1.8,1.7,25172.886601
4.9,6.5,2.0,4.5,0.3,0.5,1.8,1.7,25654.351832
4.9,6.5,2.0,5.2,0.6,0.5,1.8,1.7,24881.834845
4.9,6.5,2.0,5.2,0.3,0.0,1.8,1.7,26044.269163999998
4.9,6.5,2.0,5.2,0.3,0.5,0.0,1.7,21014.253786
4.9,6.5,2.0,5.2,0.3,0.5,1.8,1.0,25235.716981
4.9,6.5,2.0,5.2,0.3,0.5,1.8,1.7,25486.904418
7.7,7.8,0.4,0.5,0.8,0.3,4.5,0.4,24403.445189
6.4,7.8,0.4,0.5,0.8,0.3,4.5,0.4,25402.548718
7.7,8.0,0.4,0.5,0.8,0.3,4.5,0.4,26596.101878
7.7,7.8,1.4,0.5,0.8,0.3,4.5,0.4,25663.759956
7.7,7.8,0.4,3.9,0.8,0.3,4.5,0.4,26187.233498999998
7.7,7.8,0.4,0.5,0.6,0.3,4.5,0.4,26186.91766
7.7,7.8,0.4,0.5,0.8,0.7,4.5,0.4,26355.815137999998
7.7,7.8,0.4,0.5,0.8,0.3,0.4,0.4,26118.681265
7.7,7.8,0.4,0.5,0.8,0.3,4.5,1.1,26191.503315
7.7,8.0,1.4,3.9,0.6,0.7,0.4,1.1,26673.586957
6.4,7.8,1.4,3.9,0.6,0.7,0.4,1.1,25271.623865
6.4,8.0,0.4,3.9,0.6,0.7,0.4,1.1,25264.881129
6.4,8.0,1.4,0.5,0.6,0.7,0.4,1.1,26292.476925
6.4,8.0,1.4,3.9,0.8,0.7,0.4,1.1,25716.302248
6.4,8.0,1.4,3.9,0.6,0.3,0.4,1.1,25949.224146
6.4,8.0,1.4,3.9,0.6,0.7,4.5,1.1,25452.106727
6.4,8.0,1.4,3.9,0.6,0.7,0.4,0.4,24636.641529
6.4,8.0,1.4,3.9,0.6,0.7,0.4,1.1,25591.12393
4.7,10.8,1.5,3.1,0.3,0.8,1.5,1.6,25276.870364
9.4,10.8,1.5,3.1,0.3,0.8,1.5,1.6,19899.864468
4.7,11.0,1.5,3.1,0.3,0.8,1.5,1.6,25814.204094
4.7,10.8,0.3,3.1,0.3,0.8,1.5,1.6,25459.36034
4.7,10.8,1.5,1.2,0.3,0.8,1.5,1.6,23465.349987
4.7,10.8,1.5,3.1,0.1,0.8,1.5,1.6,26029.120589
4.7,10.8,1.5,3.1,0.3,0.2,1.5,1.6,25017.313835
4.7,10.8,1.5,3.1,0.3,0.8,3.3,1.6,26151.492796000002
4.7,10.8,1.5,3.1,0.3,0.8,1.5,2.3,26184.538638
4.7,11.0,0.3,1.2,0.1,0.2,3.3,2.3,20628.370076
9.4,10.8,0.3,1.2,0.1,0.2,3.3,2.3,26270.203532
9.4,11.0,1.5,1.2,0.1,0.2,3.3,2.3,27532.80813
9.4,11.0,0.3,3.1,0.1,0.2,3.3,2.3,21392.755504
9.4,11.0,0.3,1.2,0.3,0.2,3.3,2.3,27619.551705
9.4,11.0,0.3,1.2,0.1,0.8,3.3,2.3,27049.876974
9.4,11.0,0.3,1.2,0.1,0.2,1.5,2.3,28000.366489
9.4,11.0,0.3,1.2,0.1,0.2,3.3,1.6,27159.431956
9.4,11.0,0.3,1.2,0.1,0.2,3.3,2.3,26891.901282
4.5,7.6,1.1,2.3,0.7,0.1,0.6,0.5,25805.3186
8.8,7.6,1.1,2.3,0.7,0.1,0.6,0.5,21357.323219000005
4.5,7.8,1.1,2.3,0.7,0.1,0.6,0.5,25452.94948
4.5,7.6,0.4,2.3,0.7,0.1,0.6,0.5,25758.416068000002
4.5,7.6,1.1,2.1,0.7,0.1,0.6,0.5,25351.092599999996
4.5,7.6,1.1,2.3,0.9,0.1,0.6,0.5,26228.50961
4.5,7.6,1.1,2.3,0.7,0.0,0.6,0.5,23338.290217
4.5,7.6,1.1,2.3,0.7,0.1,0.9,0.5,20001.626888000003
4.5,7.6,1.1,2.3,0.7,0.1,0.6,0.5,20281.072673000002
4.5,7.8,0.4,2.1,0.9,0.0,0.9,0.5,19786.222079
8.8,7.6,0.4,2.1,0.9,0.0,0.9,0.5,26946.718709
8.8,7.8,1.1,2.1,0.9,0.0,0.9,0.5,26301.094257999997
8.8,7.8,0.4,2.3,0.9,0.0,0.9,0.5,27116.580480999997
8.8,7.8,0.4,2.1,0.7,0.0,0.9,0.5,26780.373622
8.8,7.8,0.4,2.1,0.9,0.1,0.9,0.5,26857.641867000002
8.8,7.8,0.4,2.1,0.9,0.0,0.6,0.5,26353.654932
8.8,7.8,0.4,2.1,0.9,0.0,0.9,0.5,27350.378823
8.8,7.8,0.4,2.1,0.9,0.0,0.9,0.5,21359.726695999998
7.5,10.6,2.2,5.0,0.2,0.6,3.5,1.7,26004.468313999998
5.8,10.6,2.2,5.0,0.2,0.6,3.5,1.7,25158.337501
7.5,10.8,2.2,5.0,0.2,0.6,3.5,1.7,26596.232364
7.5,10.6,1.5,5.0,0.2,0.6,3.5,1.7,25849.795395
7.5,10.6,2.2,4.7,0.2,0.6,3.5,1.7,26878.619969
7.5,10.6,2.2,5.0,0.4,0.6,3.5,1.7,26691.345987
7.5,10.6,2.2,5.0,0.2,0.5,3.5,1.7,25997.435099000002
7.5,10.6,2.2,5.0,0.2,0.6,3.9,1.7,25871.340756999998
7.5,10.6,2.2,5.0,0.2,0.6,3.5,1.8,26695.155857
7.5,10.8,1.5,4.7,0.4,0.5,3.9,1.8,26787.708507
5.8,10.6,1.5,4.7,0.4,0.5,3.9,1.8,25953.508972
5.8,10.8,2.2,4.7,0.4,0.5,3.9,1.8,25938.559101
5.8,10.8,1.5,5.0,0.4,0.5,3.9,1.8,25870.223496
5.8,10.8,1.5,4.7,0.2,0.5,3.9,1.8,25912.505640000003
5.8,10.8,1.5,4.7,0.4,0.6,3.9,1.8,26276.633396999998
5.8,10.8,1.5,4.7,0.4,0.5,3.5,1.8,25734.206944999998
5.8,10.8,1.5,4.7,0.4,0.5,3.9,1.7,26238.244224000002
5.8,10.8,1.5,4.7,0.4,0.5,3.9,1.8,25789.264787
9.0,6.1,0.6,1.0,0.4,0.8,2.1,2.3,18968.129292999998
4.3,6.1,0.6,1.0,0.4,0.8,2.1,2.3,25928.309130999998
9.0,9.3,0.6,1.0,0.4,0.8,2.1,2.3,26515.470257
9.0,6.1,2.0,1.0,0.4,0.8,2.1,2.3,26670.468178
9.0,6.1,0.6,3.4,0.4,0.8,2.1,2.3,27145.6469
9.0,6.1,0.6,1.0,0.6,0.8,2.1,2.3,26013.341721999997
9.0,6.1,0.6,1.0,0.4,0.3,2.1,2.3,19786.966958999998
9.0,6.1,0.6,1.0,0.4,0.8,5.3,2.3,26655.784499
9.0,6.1,0.6,1.0,0.4,0.8,2.1,1.1,27467.806631
9.0,9.3,2.0,3.4,0.6,0.3,5.3,1.1,27014.096822
4.3,6.1,2.0,3.4,0.6,0.3,5.3,1.1,24934.230059
4.3,9.3,0.6,3.4,0.6,0.3,5.3,1.1,25433.300713999997
4.3,9.3,2.0,1.0,0.6,0.3,5.3,1.1,17815.796245
4.3,9.3,2.0,3.4,0.4,0.3,5.3,1.1,25743.819359
4.3,9.3,2.0,3.4,0.6,0.8,5.3,1.1,26192.629160999997
4.3,9.3,2.0,3.4,0.6,0.3,2.1,1.1,25675.344776
4.3,9.3,2.0,3.4,0.6,0.3,5.3,2.3,26085.8524
4.3,9.3,2.0,3.4,0.6,0.3,5.3,1.1,25755.189174
6.0,9.1,1.7,3.6,0.9,0.3,5.0,1.1,25830.794884000003
7.3,9.1,1.7,3.6,0.9,0.3,5.0,1.1,26370.966792
6.0,6.3,1.7,3.6,0.9,0.3,5.0,1.1,26299.847971
6.0,9.1,0.9,3.6,0.9,0.3,5.0,1.1,25735.036067
6.0,9.1,1.7,0.7,0.9,0.3,5.0,1.1,25849.909884
6.0,9.1,1.7,3.6,0.1,0.3,5.0,1.1,24947.846873000002
6.0,9.1,1.7,3.6,0.9,0.8,5.0,1.1,26044.424111
6.0,9.1,1.7,3.6,0.9,0.3,2.4,1.1,25568.057384
6.0,9.1,1.7,3.6,0.9,0.3,5.0,2.4,25803.526871000002
6.0,6.3,0.9,0.7,0.1,0.8,2.4,2.4,26261.7311
7.3,9.1,0.9,0.7,0.1,0.8,2.4,2.4,26241.988894000002
7.3,6.3,1.7,0.7,0.1,0.8,2.4,2.4,19204.195108
7.3,6.3,0.9,3.6,0.1,0.8,2.4,2.4,25745.736899
7.3,6.3,0.9,0.7,0.9,0.8,2.4,2.4,26708.408147000002
7.3,6.3,0.9,0.7,0.1,0.3,2.4,2.4,19248.760867
7.3,6.3,0.9,0.7,0.1,0.8,5.0,2.4,25940.533393
7.3,6.3,0.9,0.7,0.1,0.8,2.4,1.1,26170.060689
7.3,6.3,0.9,0.7,0.1,0.8,2.4,2.4,23283.310743000002
6.8,6.8,2.0,3.0,0.8,0.2,2.8,2.0,25297.534575000005
5.1,6.8,2.0,3.0,0.8,0.2,2.8,2.0,26244.974821
6.8,11.5,2.0,3.0,0.8,0.2,2.8,2.0,26694.6981
6.8,6.8,2.3,3.0,0.8,0.2,2.8,2.0,26055.523482
6.8,6.8,2.0,0.1,0.8,0.2,2.8,2.0,26745.962332
6.8,6.8,2.0,3.0,0.5,0.2,2.8,2.0,25917.292515
6.8,6.8,2.0,3.0,0.8,0.7,2.8,2.0,26500.44814
6.8,6.8,2.0,3.0,0.8,0.2,1.6,2.0,18806.907022
6.8,6.8,2.0,3.0,0.8,0.2,2.8,2.1,27028.007336
6.8,11.5,2.3,0.1,0.5,0.7,1.6,2.1,26921.090929
5.1,6.8,2.3,0.1,0.5,0.7,1.6,2.1,25626.236545
5.1,11.5,2.0,0.1,0.5,0.7,1.6,2.1,25773.615976
5.1,11.5,2.3,3.0,0.5,0.7,1.6,2.1,26018.738234
5.1,11.5,2.3,0.1,0.8,0.7,1.6,2.1,25923.287118
5.1,11.5,2.3,0.1,0.5,0.2,1.6,2.1,26141.985318
5.1,11.5,2.3,0.1,0.5,0.7,2.8,2.1,26849.903489999997
5.1,11.5,2.3,0.1,0.5,0.7,1.6,2.0,26189.123723999997
5.1,11.5,2.3,0.1,0.5,0.7,1.6,2.1,26760.175985
9.8,9.8,0.9,0.3,0.3,0.7,5.8,0.8,28218.766902
8.1,9.8,0.9,0.3,0.3,0.7,5.8,0.8,27032.036217
9.8,8.5,0.9,0.3,0.3,0.7,5.8,0.8,27560.495642
9.8,9.8,1.2,0.3,0.3,0.7,5.8,0.8,27281.421559000002
9.8,9.8,0.9,2.7,0.3,0.7,5.8,0.8,27351.715321
9.8,9.8,0.9,0.3,0.0,0.7,5.8,0.8,22536.984744
9.8,9.8,0.9,0.3,0.3,0.2,5.8,0.8,18944.409652000002
9.8,9.8,0.9,0.3,0.3,0.7,4.6,0.8,26612.643433
9.8,9.8,0.9,0.3,0.3,0.7,5.8,0.8,27260.589513
9.8,8.5,1.2,2.7,0.0,0.2,4.6,0.8,18896.498118
8.1,9.8,1.2,2.7,0.0,0.2,4.6,0.8,26394.465109
8.1,8.5,0.9,2.7,0.0,0.2,4.6,0.8,20904.294541
8.1,8.5,1.2,0.3,0.0,0.2,4.6,0.8,27208.833426999998
8.1,8.5,1.2,2.7,0.3,0.2,4.6,0.8,26045.297629
8.1,8.5,1.2,2.7,0.0,0.7,4.6,0.8,25845.924325
8.1,8.5,1.2,2.7,0.0,0.2,5.8,0.8,24694.655296
8.1,8.5,1.2,2.7,0.0,0.2,4.6,0.8,21790.838191
8.1,8.5,1.2,2.7,0.0,0.2,4.6,0.8,20266.190822
8.3,8.3,1.4,4.3,0.0,0.9,1.3,0.2,22259.227151
9.6,8.3,1.4,4.3,0.0,0.9,1.3,0.2,23081.997324000004
8.3,7.0,1.4,4.3,0.0,0.9,1.3,0.2,18762.273103
8.3,8.3,0.6,4.3,0.0,0.9,1.3,0.2,27169.906146
8.3,8.3,1.4,4.0,0.0,0.9,1.3,0.2,19150.291221
8.3,8.3,1.4,4.3,0.8,0.9,1.3,0.2,24205.576739
8.3,8.3,1.4,4.3,0.0,0.9,1.3,0.2,22907.294575
8.3,8.3,1.4,4.3,0.0,0.9,3.1,0.2,24733.084995999998
8.3,8.3,1.4,4.3,0.0,0.9,1.3,1.5,18346.822975
8.3,7.0,0.6,4.0,0.8,0.9,3.1,1.5,26323.259636000003
9.6,8.3,0.6,4.0,0.8,0.9,3.1,1.5,26544.021812
9.6,7.0,1.4,4.0,0.8,0.9,3.1,1.5,27687.177202
9.6,7.0,0.6,4.3,0.8,0.9,3.1,1.5,27161.259364
9.6,7.0,0.6,4.0,0.0,0.9,3.1,1.5,26386.136373
9.6,7.0,0.6,4.0,0.8,0.9,3.1,1.5,27479.657250000004
9.6,7.0,0.6,4.0,0.8,0.9,1.3,1.5,27474.348491
9.6,7.0,0.6,4.0,0.8,0.9,3.1,0.2,27091.586853
9.6,7.0,0.6,4.0,0.8,0.9,3.1,1.5,27506.200023
5.3,11.3,0.3,1.6,0.5,0.4,4.3,1.4,25320.994044
6.6,11.3,0.3,1.6,0.5,0.4,4.3,1.4,25874.697964
5.3,10.0,0.3,1.6,0.5,0.4,4.3,1.4,25758.480335
5.3,11.3,1.7,1.6,0.5,0.4,4.3,1.4,25598.935758
5.3,11.3,0.3,1.4,0.5,0.4,4.3,1.4,25669.578038
5.3,11.3,0.3,1.6,0.3,0.4,4.3,1.4,26033.187662000004
5.3,11.3,0.3,1.6,0.5,0.4,4.3,1.4,25213.333099
5.3,11.3,0.3,1.6,0.5,0.4,0.2,1.4,25183.663492
5.3,11.3,0.3,1.6,0.5,0.4,4.3,0.2,25637.178961999998
5.3,10.0,1.7,1.4,0.3,0.4,0.2,0.2,16907.576938
6.6,11.3,1.7,1.4,0.3,0.4,0.2,0.2,22435.535782
6.6,10.0,0.3,1.4,0.3,0.4,0.2,0.2,17377.417045000002
6.6,10.0,1.7,1.6,0.3,0.4,0.2,0.2,19569.531511
6.6,10.0,1.7,1.4,0.5,0.4,0.2,0.2,25549.024598
6.6,10.0,1.7,1.4,0.3,0.4,0.2,0.2,18759.673157999998
6.6,10.0,1.7,1.4,0.3,0.4,4.3,0.2,15711.948238
6.6,10.0,1.7,1.4,0.3,0.4,0.2,1.4,25962.513117999995
6.6,10.0,1.7,1.4,0.3,0.4,0.2,0.2,19699.149895000002
4.9,6.5,1.6,0.7,0.2,0.4,2.4,2.2,25268.319305999998
5.4,6.5,1.6,0.7,0.2,0.4,2.4,2.2,25833.46523
4.9,6.7,1.6,0.7,0.2,0.4,2.4,2.2,25831.596328
4.9,6.5,1.9,0.7,0.2,0.4,2.4,2.2,24278.023612
4.9,6.5,1.6,2.4,0.2,0.4,2.4,2.2,21913.456037
4.9,6.5,1.6,0.7,0.1,0.4,2.4,2.2,25600.758236
4.9,6.5,1.6,0.7,0.2,1.0,2.4,2.2,25342.23465
4.9,6.5,1.6,0.7,0.2,0.4,5.7,2.2,25678.852665
4.9,6.5,1.6,0.7,0.2,0.4,2.4,1.9,25161.521716000003
4.9,6.7,1.9,2.4,0.1,1.0,5.7,1.9,25760.897595000002
5.4,6.5,1.9,2.4,0.1,1.0,5.7,1.9,25741.094552
5.4,6.7,1.6,2.4,0.1,1.0,5.7,1.9,18635.494233999998
5.4,6.7,1.9,0.7,0.1,1.0,5.7,1.9,19170.120678
5.4,6.7,1.9,2.4,0.2,1.0,5.7,1.9,25670.900945
5.4,6.7,1.9,2.4,0.1,0.4,5.7,1.9,26370.91374
5.4,6.7,1.9,2.4,0.1,1.0,2.4,1.9,26107.083878999998
5.4,6.7,1.9,2.4,0.1,1.0,5.7,2.2,26020.219055
5.4,6.7,1.9,2.4,0.1,1.0,5.7,1.9,24877.006147
7.9,9.5,0.5,3.3,0.7,0.9,5.4,0.9,26232.300933
8.4,9.5,0.5,3.3,0.7,0.9,5.4,0.9,26769.234927
7.9,9.7,0.5,3.3,0.7,0.9,5.4,0.9,26584.102702000004
7.9,9.5,0.8,3.3,0.7,0.9,5.4,0.9,26670.651100000003
7.9,9.5,0.5,5.0,0.7,0.9,5.4,0.9,26874.65692
7.9,9.5,0.5,3.3,0.6,0.9,5.4,0.9,25765.624565
7.9,9.5,0.5,3.3,0.7,0.5,5.4,0.9,26326.739090000003
7.9,9.5,0.5,3.3,0.7,0.9,2.8,0.9,27165.301825000002
7.9,9.5,0.5,3.3,0.7,0.9,5.4,0.7,26485.506271000002
7.9,9.7,0.8,5.0,0.6,0.5,2.8,0.7,26359.845518000002
8.4,9.5,0.8,5.0,0.6,0.5,2.8,0.7,26931.166197
8.4,9.7,0.5,5.0,0.6,0.5,2.8,0.7,27068.765807000003
8.4,9.7,0.8,3.3,0.6,0.5,2.8,0.7,27542.481373000002
8.4,9.7,0.8,5.0,0.7,0.5,2.8,0.7,26618.595786
8.4,9.7,0.8,5.0,0.6,0.9,2.8,0.7,26502.039353
8.4,9.7,0.8,5.0,0.6,0.5,5.4,0.7,26030.148639000003
8.4,9.7,0.8,5.0,0.6,0.5,2.8,0.9,26365.375475999997
8.4,9.7,0.8,5.0,0.6,0.5,2.8,0.7,26924.1103
9.4,8.0,2.1,2.0,1.0,0.6,1.0,0.3,27186.12877
9.9,8.0,2.1,2.0,1.0,0.6,1.0,0.3,27288.85533
9.4,11.2,2.1,2.0,1.0,0.6,1.0,0.3,27057.062211
9.4,8.0,1.3,2.0,1.0,0.6,1.0,0.3,26897.216345
9.4,8.0,2.1,3.7,1.0,0.6,1.0,0.3,27641.647429
9.4,8.0,2.1,2.0,0.3,0.6,1.0,0.3,20180.246676
9.4,8.0,2.1,2.0,1.0,0.7,1.0,0.3,27405.964688
9.4,8.0,2.1,2.0,1.0,0.6,1.3,0.3,26812.640586
9.4,8.0,2.1,2.0,1.0,0.6,1.0,1.3,27077.905013
9.4,11.2,1.3,3.7,0.3,0.7,1.3,1.3,27696.979219
9.9,8.0,1.3,3.7,0.3,0.7,1.3,1.3,26956.084151
9.9,11.2,2.1,3.7,0.3,0.7,1.3,1.3,27556.017362
9.9,11.2,1.3,2.0,0.3,0.7,1.3,1.3,27658.832687000002
9.9,11.2,1.3,3.7,1.0,0.7,1.3,1.3,27473.707760999998
9.9,11.2,1.3,3.7,0.3,0.6,1.3,1.3,27273.923112999997
9.9,11.2,1.3,3.7,0.3,0.7,1.0,1.3,27141.380508000002
9.9,11.2,1.3,3.7,0.3,0.7,1.3,0.3,18708.481878
9.9,11.2,1.3,3.7,0.3,0.7,1.3,1.3,27404.471869
6.4,11.0,1.0,4.6,0.5,0.1,3.9,1.6,26442.698061000003
6.9,11.0,1.0,4.6,0.5,0.1,3.9,1.6,26583.394907
6.4,8.2,1.0,4.6,0.5,0.1,3.9,1.6,26116.048551
6.4,11.0,2.4,4.6,0.5,0.1,3.9,1.6,26030.973472
6.4,11.0,1.0,1.1,0.5,0.1,3.9,1.6,26375.833854
6.4,11.0,1.0,4.6,0.8,0.1,3.9,1.6,26297.330972
6.4,11.0,1.0,4.6,0.5,0.2,3.9,1.6,25909.873059999998
6.4,11.0,1.0,4.6,0.5,0.1,4.2,1.6,22695.712214
6.4,11.0,1.0,4.6,0.5,0.1,3.9,0.0,26346.016880000003
6.4,8.2,2.4,1.1,0.8,0.2,4.2,0.0,25939.050308
6.9,11.0,2.4,1.1,0.8,0.2,4.2,0.0,26604.225242
6.9,8.2,1.0,1.1,0.8,0.2,4.2,0.0,26005.2083
6.9,8.2,2.4,4.6,0.8,0.2,4.2,0.0,22220.00977
6.9,8.2,2.4,1.1,0.5,0.2,4.2,0.0,25486.659227
6.9,8.2,2.4,1.1,0.8,0.1,4.2,0.0,27032.160087000004
6.9,8.2,2.4,1.1,0.8,0.2,3.9,0.0,26214.140389
6.9,8.2,2.4,1.1,0.8,0.2,4.2,1.6,26158.08058
6.9,8.2,2.4,1.1,0.8,0.2,4.2,0.0,26240.958190999998
5.6,8.7,0.7,5.3,0.4,0.5,0.2,0.6,25639.518842999998
9.2,8.7,0.7,5.3,0.4,0.5,0.2,0.6,24372.124582999997
5.6,10.4,0.7,5.3,0.4,0.5,0.2,0.6,24190.497261
5.6,8.7,1.1,5.3,0.4,0.5,0.2,0.6,26093.235899
5.6,8.7,0.7,0.4,0.4,0.5,0.2,0.6,25083.86833
5.6,8.7,0.7,5.3,0.4,0.5,0.2,0.6,22239.760412
5.6,8.7,0.7,5.3,0.4,0.3,0.2,0.6,18499.806022
5.6,8.7,0.7,5.3,0.4,0.5,3.5,0.6,25431.891991
5.6,8.7,0.7,5.3,0.4,0.5,0.2,0.4,19560.983214
5.6,10.4,1.1,0.4,0.4,0.3,3.5,0.4,24105.45018
9.2,8.7,1.1,0.4,0.4,0.3,3.5,0.4,18870.746149000002
9.2,10.4,0.7,0.4,0.4,0.3,3.5,0.4,21956.792684999997
9.2,10.4,1.1,5.3,0.4,0.3,3.5,0.4,20967.249690000004
9.2,10.4,1.1,0.4,0.4,0.3,3.5,0.4,26584.472902999998
9.2,10.4,1.1,0.4,0.4,0.5,3.5,0.4,27283.280010000002
9.2,10.4,1.1,0.4,0.4,0.3,0.2,0.4,25127.758777000003
9.2,10.4,1.1,0.4,0.4,0.3,3.5,0.6,27213.778892
9.2,10.4,1.1,0.4,0.4,0.3,3.5,0.4,22123.575791000003
8.6,11.7,1.8,2.6,0.9,1.0,3.2,1.9,27485.711287
6.2,11.7,1.8,2.6,0.9,1.0,3.2,1.9,17236.34708
8.6,7.4,1.8,2.6,0.9,1.0,3.2,1.9,27122.697599
8.6,11.7,2.2,2.6,0.9,1.0,3.2,1.9,25313.892074000003
8.6,11.7,1.8,3.1,0.9,1.0,3.2,1.9,27140.164016000002
8.6,11.7,1.8,2.6,0.9,1.0,3.2,1.9,20131.809931
8.6,11.7,1.8,2.6,0.9,0.8,3.2,1.9,26985.662076
8.6,11.7,1.8,2.6,0.9,1.0,0.5,1.9,27710.374118
8.6,11.7,1.8,2.6,0.9,1.0,3.2,1.6,27245.139505
8.6,7.4,2.2,3.1,0.9,0.8,0.5,1.6,26381.536974
6.2,11.7,2.2,3.1,0.9,0.8,0.5,1.6,26226.878106
6.2,7.4,1.8,3.1,0.9,0.8,0.5,1.6,26315.504987
6.2,7.4,2.2,2.6,0.9,0.8,0.5,1.6,26218.907703999997
6.2,7.4,2.2,3.1,0.9,0.8,0.5,1.6,26043.521961
6.2,7.4,2.2,3.1,0.9,1.0,0.5,1.6,25915.543623999998
6.2,7.4,2.2,3.1,0.9,0.8,3.2,1.6,25851.353264999998
6.2,7.4,2.2,3.1,0.9,0.8,0.5,1.9,26046.624758
6.2,7.4,2.2,3.1,0.9,0.8,0.5,1.6,25642.33875
7.1,7.2,1.3,4.0,0.6,0.7,1.7,2.5,26379.211697
4.7,7.2,1.3,4.0,0.6,0.7,1.7,2.5,25992.319677
7.1,8.9,1.3,4.0,0.6,0.7,1.7,2.5,26174.092815
7.1,7.2,1.6,4.0,0.6,0.7,1.7,2.5,22932.889185
7.1,7.2,1.3,4.4,0.6,0.7,1.7,2.5,26060.836874
7.1,7.2,1.3,4.0,0.2,0.7,1.7,2.5,25964.792383
7.1,7.2,1.3,4.0,0.6,0.1,1.7,2.5,26157.359026000002
7.1,7.2,1.3,4.0,0.6,0.7,2.0,2.5,25941.585666
7.1,7.2,1.3,4.0,0.6,0.7,1.7,1.0,26085.645749
7.1,8.9,1.6,4.4,0.2,0.1,2.0,1.0,25860.691756999997
4.7,7.2,1.6,4.4,0.2,0.1,2.0,1.0,25460.460734999997
4.7,8.9,1.3,4.4,0.2,0.1,2.0,1.0,25519.858879
4.7,8.9,1.6,4.0,0.2,0.1,2.0,1.0,26062.209806
4.7,8.9,1.6,4.4,0.6,0.1,2.0,1.0,25298.110174
4.7,8.9,1.6,4.4,0.2,0.7,2.0,1.0,25092.804575999995
4.7,8.9,1.6,4.4,0.2,0.1,1.7,1.0,21892.650135999997
4.7,8.9,1.6,4.4,0.2,0.1,2.0,2.5,25851.331667
4.7,8.9,1.6,4.4,0.2,0.1,2.0,1.0,25815.329399000002
4.1,10.2,2.4,1.3,0.1,0.2,4.6,1.2,22438.300198999998
7.7,10.2,2.4,1.3,0.1,0.2,4.6,1.2,24782.547821
4.1,11.9,2.4,1.3,0.1,0.2,4.6,1.2,25278.884005
4.1,10.2,0.5,1.3,0.1,0.2,4.6,1.2,24939.398153
4.1,10.2,2.4,1.7,0.1,0.2,4.6,1.2,25914.623322
4.1,10.2,2.4,1.3,0.7,0.2,4.6,1.2,21296.340264000002
4.1,10.2,2.4,1.3,0.1,0.6,4.6,1.2,25927.524474
4.1,10.2,2.4,1.3,0.1,0.2,5.0,1.2,22377.784585
4.1,10.2,2.4,1.3,0.1,0.2,4.6,2.2,26473.67436
4.1,11.9,0.5,1.7,0.7,0.6,5.0,2.2,25559.879395
7.7,10.2,0.5,1.7,0.7,0.6,5.0,2.2,26632.842957
7.7,11.9,2.4,1.7,0.7,0.6,5.0,2.2,26517.798154
7.7,11.9,0.5,1.3,0.7,0.6,5.0,2.2,20894.396335999998
7.7,11.9,0.5,1.7,0.1,0.6,5.0,2.2,26331.711011
7.7,11.9,0.5,1.7,0.7,0.2,5.0,2.2,26455.338825
7.7,11.9,0.5,1.7,0.7,0.6,4.6,2.2,23587.132897
7.7,11.9,0.5,1.7,0.7,0.6,5.0,1.2,26243.978936
7.7,11.9,0.5,1.7,0.7,0.6,5.0,2.2,26107.036555
4.2,6.6,1.4,3.3,0.4,0.4,5.7,1.1,24813.27645
9.8,6.6,1.4,3.3,0.4,0.4,5.7,1.1,27301.139156
4.2,8.8,1.4,3.3,0.4,0.4,5.7,1.1,26257.530928
4.2,6.6,1.5,3.3,0.4,0.4,5.7,1.1,18214.377536
4.2,6.6,1.4,4.1,0.4,0.4,5.7,1.1,26016.476244999998
4.2,6.6,1.4,3.3,0.3,0.4,5.7,1.1,24959.324029
4.2,6.6,1.4,3.3,0.4,0.8,5.7,1.1,25059.583394
4.2,6.6,1.4,3.3,0.4,0.4,1.8,1.1,25142.763829
4.2,6.6,1.4,3.3,0.4,0.4,5.7,1.6,25624.778334000002
4.2,8.8,1.5,4.1,0.3,0.8,1.8,1.6,25412.223785
9.8,6.6,1.5,4.1,0.3,0.8,1.8,1.6,27072.704804
9.8,8.8,1.4,4.1,0.3,0.8,1.8,1.6,27746.906328
9.8,8.8,1.5,3.3,0.3,0.8,1.8,1.6,27530.464083
9.8,8.8,1.5,4.1,0.4,0.8,1.8,1.6,26421.529794
9.8,8.8,1.5,4.1,0.3,0.4,1.8,1.6,23891.954626
9.8,8.8,1.5,4.1,0.3,0.8,5.7,1.6,18196.582207
9.8,8.8,1.5,4.1,0.3,0.8,1.8,1.1,26934.370763000003
9.8,8.8,1.5,4.1,0.3,0.8,1.8,1.6,27508.483455999998
7.2,9.6,2.5,0.6,0.9,0.9,2.8,2.3,26266.992695
6.8,9.6,2.5,0.6,0.9,0.9,2.8,2.3,26482.555656
7.2,11.8,2.5,0.6,0.9,0.9,2.8,2.3,26469.868961
7.2,9.6,0.4,0.6,0.9,0.9,2.8,2.3,26625.377024999998
7.2,9.6,2.5,1.4,0.9,0.9,2.8,2.3,26448.898976
7.2,9.6,2.5,0.6,0.8,0.9,2.8,2.3,23087.835845
7.2,9.6,2.5,0.6,0.9,0.3,2.8,2.3,25983.818916999997
7.2,9.6,2.5,0.6,0.9,0.9,4.7,2.3,26444.103422
7.2,9.6,2.5,0.6,0.9,0.9,2.8,0.3,21279.707253
7.2,11.8,0.4,1.4,0.8,0.3,4.7,0.3,26965.891053
6.8,9.6,0.4,1.4,0.8,0.3,4.7,0.3,26219.455455000003
6.8,11.8,2.5,1.4,0.8,0.3,4.7,0.3,26818.187361999997
6.8,11.8,0.4,0.6,0.8,0.3,4.7,0.3,25974.321339000002
6.8,11.8,0.4,1.4,0.9,0.3,4.7,0.3,26302.297421
6.8,11.8,0.4,1.4,0.8,0.9,4.7,0.3,26893.329416
6.8,11.8,0.4,1.4,0.8,0.3,2.8,0.3,25979.855275
6.8,11.8,0.4,1.4,0.8,0.3,4.7,2.3,26161.24987
6.8,11.8,0.4,1.4,0.8,0.3,4.7,0.3,25638.758925000002
8.7,8.1,0.8,4.6,0.6,0.7,4.2,1.7,26956.314159
5.3,8.1,0.8,4.6,0.6,0.7,4.2,1.7,25791.201188
8.7,10.3,0.8,4.6,0.6,0.7,4.2,1.7,26907.144529999998
8.7,8.1,0.9,4.6,0.6,0.7,4.2,1.7,26292.943274
8.7,8.1,0.8,0.1,0.6,0.7,4.2,1.7,26747.944624000003
8.7,8.1,0.8,4.6,0.1,0.7,4.2,1.7,26320.221867
8.7,8.1,0.8,4.6,0.6,0.6,4.2,1.7,27421.774885
8.7,8.1,0.8,4.6,0.6,0.7,3.3,1.7,27127.312794
8.7,8.1,0.8,4.6,0.6,0.7,4.2,2.2,26571.947909000002
8.7,10.3,0.9,0.1,0.1,0.6,3.3,2.2,24883.813129
5.3,8.1,0.9,0.1,0.1,0.6,3.3,2.2,25921.430164
5.3,10.3,0.8,0.1,0.1,0.6,3.3,2.2,26087.563370999997
5.3,10.3,0.9,4.6,0.1,0.6,3.3,2.2,25559.186042
5.3,10.3,0.9,0.1,0.6,0.6,3.3,2.2,26324.848883
5.3,10.3,0.9,0.1,0.1,0.7,3.3,2.2,26189.932762
5.3,10.3,0.9,0.1,0.1,0.6,4.2,2.2,24147.776151
5.3,10.3,0.9,0.1,0.1,0.6,3.3,1.7,25489.011454
5.3,10.3,0.9,0.1,0.1,0.6,3.3,2.2,26236.706114
5.7,11.1,1.9,1.9,0.1,0.2,1.3,0.4,17456.054283999998
8.3,11.1,1.9,1.9,0.1,0.2,1.3,0.4,19418.273028
5.7,7.3,1.9,1.9,0.1,0.2,1.3,0.4,21900.535021
5.7,11.1,2.0,1.9,0.1,0.2,1.3,0.4,26797.454643999998
5.7,11.1,1.9,2.8,0.1,0.2,1.3,0.4,17187.961831
5.7,11.1,1.9,1.9,0.6,0.2,1.3,0.4,23382.343429
5.7,11.1,1.9,1.9,0.1,0.1,1.3,0.4,17650.820890000003
5.7,11.1,1.9,1.9,0.1,0.2,0.3,0.4,19179.404453000003
5.7,11.1,1.9,1.9,0.1,0.2,1.3,1.0,20166.839518
5.7,7.3,2.0,2.8,0.6,0.1,0.3,1.0,26104.244941
8.3,11.1,2.0,2.8,0.6,0.1,0.3,1.0,26768.700856
8.3,7.3,1.9,2.8,0.6,0.1,0.3,1.0,26977.108725
8.3,7.3,2.0,1.9,0.6,0.1,0.3,1.0,26399.233424000002
8.3,7.3,2.0,2.8,0.1,0.1,0.3,1.0,27167.971812000003
8.3,7.3,2.0,2.8,0.6,0.2,0.3,1.0,26783.610619
8.3,7.3,2.0,2.8,0.6,0.1,1.3,1.0,26598.387746
8.3,7.3,2.0,2.8,0.6,0.1,0.3,0.4,21368.306891
8.3,7.3,2.0,2.8,0.6,0.1,0.3,1.0,26319.393242
6.4,8.8,2.2,2.6,0.0,0.3,3.5,1.4,25933.622158
4.6,8.8,2.2,2.6,0.0,0.3,3.5,1.4,19493.580384
6.4,11.0,2.2,2.6,0.0,0.3,3.5,1.4,26034.125218
6.4,8.8,1.2,2.6,0.0,0.3,3.5,1.4,20572.987933
6.4,8.8,2.2,3.4,0.0,0.3,3.5,1.4,25535.345504
6.4,8.8,2.2,2.6,0.2,0.3,3.5,1.4,25983.652194000002
6.4,8.8,2.2,2.6,0.0,0.5,3.5,1.4,18926.206346
6.4,8.8,2.2,2.6,0.0,0.3,1.0,1.4,26108.102966000002
6.4,8.8,2.2,2.6,0.0,0.3,3.5,0.6,21528.559196
6.4,11.0,1.2,3.4,0.2,0.5,1.0,0.6,21048.175696000002
4.6,8.8,1.2,3.4,0.2,0.5,1.0,0.6,19203.155037
4.6,11.0,2.2,3.4,0.2,0.5,1.0,0.6,20973.729358000004
4.6,11.0,1.2,2.6,0.2,0.5,1.0,0.6,22049.651985
4.6,11.0,1.2,3.4,0.0,0.5,1.0,0.6,19233.721091
4.6,11.0,1.2,3.4,0.2,0.3,1.0,0.6,23743.380707999997
4.6,11.0,1.2,3.4,0.2,0.5,3.5,0.6,26194.724204
4.6,11.0,1.2,3.4,0.2,0.5,1.0,1.4,25642.890472
4.6,11.0,1.2,3.4,0.2,0.5,1.0,0.6,17630.341526999997
9.4,11.8,1.1,5.2,0.5,0.8,0.5,0.1,26609.064651
7.6,11.8,1.1,5.2,0.5,0.8,0.5,0.1,26857.142338999998
9.4,8.0,1.1,5.2,0.5,0.8,0.5,0.1,26512.969351
9.4,11.8,2.3,5.2,0.5,0.8,0.5,0.1,20983.338927
9.4,11.8,1.1,0.8,0.5,0.8,0.5,0.1,27428.346857
9.4,11.8,1.1,5.2,0.7,0.8,0.5,0.1,20708.108236
9.4,11.8,1.1,5.2,0.5,1.0,0.5,0.1,21652.460279
9.4,11.8,1.1,5.2,0.5,0.8,4.0,0.1,23472.913671000002
9.4,11.8,1.1,5.2,0.5,0.8,0.5,1.9,27359.845272
9.4,8.0,2.3,0.8,0.7,1.0,4.0,1.9,27259.140554999998
7.6,11.8,2.3,0.8,0.7,1.0,4.0,1.9,18216.245969000003
7.6,8.0,1.1,0.8,0.7,1.0,4.0,1.9,26520.56785
7.6,8.0,2.3,5.2,0.7,1.0,4.0,1.9,26551.627474999998
7.6,8.0,2.3,0.8,0.5,1.0,4.0,1.9,26639.290131
7.6,8.0,2.3,0.8,0.7,0.8,4.0,1.9,26221.836744
7.6,8.0,2.3,0.8,0.7,1.0,0.5,1.9,26696.672229
7.6,8.0,2.3,0.8,0.7,1.0,4.0,0.1,25710.425448
7.6,8.0,2.3,0.8,0.7,1.0,4.0,1.9,25819.739324
7.9,7.3,1.7,1.3,0.8,0.5,5.0,0.8,26483.975661999997
9.1,7.3,1.7,1.3,0.8,0.5,5.0,0.8,27307.215819999998
7.9,6.5,1.7,1.3,0.8,0.5,5.0,0.8,26254.437401
7.9,7.3,1.7,1.3,0.8,0.5,5.0,0.8,26564.956836999998
7.9,7.3,1.7,2.1,0.8,0.5,5.0,0.8,26272.032101
7.9,7.3,1.7,1.3,0.4,0.5,5.0,0.8,21572.222469
7.9,7.3,1.7,1.3,0.8,0.2,5.0,0.8,27133.157966
7.9,7.3,1.7,1.3,0.8,0.5,5.5,0.8,26375.784438000002
7.9,7.3,1.7,1.3,0.8,0.5,5.0,0.0,25918.746408
7.9,6.5,1.7,2.1,0.4,0.2,5.5,0.0,26764.440324
9.1,7.3,1.7,2.1,0.4,0.2,5.5,0.0,27298.648269
9.1,6.5,1.7,2.1,0.4,0.2,5.5,0.0,27741.086651999998
9.1,6.5,1.7,1.3,0.4,0.2,5.5,0.0,26833.479658
9.1,6.5,1.7,2.1,0.8,0.2,5.5,0.0,27037.583594
9.1,6.5,1.7,2.1,0.4,0.5,5.5,0.0,24742.1173
9.1,6.5,1.7,2.1,0.4,0.2,5.0,0.0,27189.73099
9.1,6.5,1.7,2.1,0.4,0.2,5.5,0.8,27691.122749000002
9.1,6.5,1.7,2.1,0.4,0.2,5.5,0.0,26904.835945
4.9,10.3,0.6,3.9,0.3,0.0,2.0,2.0,26378.321737
6.1,10.3,0.6,3.9,0.3,0.0,2.0,2.0,26284.347093
4.9,9.5,0.6,3.9,0.3,0.0,2.0,2.0,25939.912903
4.9,10.3,0.6,3.9,0.3,0.0,2.0,2.0,26122.366771
4.9,10.3,0.6,4.8,0.3,0.0,2.0,2.0,25789.779343
4.9,10.3,0.6,3.9,0.9,0.0,2.0,2.0,26373.484625999998
4.9,10.3,0.6,3.9,0.3,0.7,2.0,2.0,25782.577727
4.9,10.3,0.6,3.9,0.3,0.0,2.5,2.0,25818.851593
4.9,10.3,0.6,3.9,0.3,0.0,2.0,1.3,25889.833399000003
4.9,9.5,0.6,4.8,0.9,0.7,2.5,1.3,25105.475346
6.1,10.3,0.6,4.8,0.9,0.7,2.5,1.3,26089.318852
6.1,9.5,0.6,4.8,0.9,0.7,2.5,1.3,25793.207664
6.1,9.5,0.6,3.9,0.9,0.7,2.5,1.3,26007.759626
6.1,9.5,0.6,4.8,0.3,0.7,2.5,1.3,25536.868670000003
6.1,9.5,0.6,4.8,0.9,0.0,2.5,1.3,25871.959786
6.1,9.5,0.6,4.8,0.9,0.7,2.0,1.3,26267.655382
6.1,9.5,0.6,4.8,0.9,0.7,2.5,2.0,25827.143245
6.1,9.5,0.6,4.8,0.9,0.7,2.5,1.3,26165.594882
5.3,7.7,1.5,4.9,0.9,0.2,3.1,1.5,25773.001579
4.2,7.7,1.5,4.9,0.9,0.2,3.1,1.5,25585.63626
5.3,6.9,1.5,4.9,0.9,0.2,3.1,1.5,25932.059211
5.3,7.7,0.8,4.9,0.9,0.2,3.1,1.5,25655.306577000003
5.3,7.7,1.5,4.4,0.9,0.2,3.1,1.5,25587.729362
5.3,7.7,1.5,4.9,0.6,0.2,3.1,1.5,25866.113185000002
5.3,7.7,1.5,4.9,0.9,0.1,3.1,1.5,25938.057035
5.3,7.7,1.5,4.9,0.9,0.2,3.6,1.5,25521.231788
5.3,7.7,1.5,4.9,0.9,0.2,3.1,0.8,25496.70208
5.3,6.9,0.8,4.4,0.6,0.1,3.6,0.8,25954.528404999997
4.2,7.7,0.8,4.4,0.6,0.1,3.6,0.8,26065.352477
4.2,6.9,1.5,4.4,0.6,0.1,3.6,0.8,25824.201897
4.2,6.9,0.8,4.9,0.6,0.1,3.6,0.8,25847.661678
4.2,6.9,0.8,4.4,0.9,0.1,3.6,0.8,25092.465713999998
4.2,6.9,0.8,4.4,0.6,0.2,3.6,0.8,25101.470166
4.2,6.9,0.8,4.4,0.6,0.1,3.1,0.8,25701.670627
4.2,6.9,0.8,4.4,0.6,0.1,3.6,1.5,25319.658179
4.2,6.9,0.8,4.4,0.6,0.1,3.6,0.8,25880.116216000002
8.3,10.7,0.4,2.3,0.4,0.7,0.2,0.3,19664.257068
7.2,10.7,0.4,2.3,0.4,0.7,0.2,0.3,26072.311558
8.3,9.9,0.4,2.3,0.4,0.7,0.2,0.3,19152.436013000002
8.3,10.7,1.9,2.3,0.4,0.7,0.2,0.3,19243.989441
8.3,10.7,0.4,1.8,0.4,0.7,0.2,0.3,26523.000465999998
8.3,10.7,0.4,2.3,0.1,0.7,0.2,0.3,19627.355198999998
8.3,10.7,0.4,2.3,0.4,0.6,0.2,0.3,27193.836800999998
8.3,10.7,0.4,2.3,0.4,0.7,0.7,0.3,21424.303364
8.3,10.7,0.4,2.3,0.4,0.7,0.2,2.1,25470.643187
8.3,9.9,1.9,1.8,0.1,0.6,0.7,2.1,26718.686367000002
7.2,10.7,1.9,1.8,0.1,0.6,0.7,2.1,26490.636501
7.2,9.9,0.4,1.8,0.1,0.6,0.7,2.1,26188.056049
7.2,9.9,1.9,2.3,0.1,0.6,0.7,2.1,26834.913535
7.2,9.9,1.9,1.8,0.4,0.6,0.7,2.1,25527.548684
7.2,9.9,1.9,1.8,0.1,0.7,0.7,2.1,26715.538214999997
7.2,9.9,1.9,1.8,0.1,0.6,0.2,2.1,26446.488153
7.2,9.9,1.9,1.8,0.1,0.6,0.7,0.3,26038.738986999997
7.2,9.9,1.9,1.8,0.1,0.6,0.7,2.1,17268.524494999998
9.8,6.2,2.1,3.6,0.2,1.0,4.6,0.9,27623.396337
8.7,6.2,2.1,3.6,0.2,1.0,4.6,0.9,27103.672757
9.8,11.4,2.1,3.6,0.2,1.0,4.6,0.9,27494.118971999997
9.8,6.2,2.4,3.6,0.2,1.0,4.6,0.9,26035.107193
9.8,6.2,2.1,0.4,0.2,1.0,4.6,0.9,27566.153078
9.8,6.2,2.1,3.6,0.9,1.0,4.6,0.9,27240.780068
9.8,6.2,2.1,3.6,0.2,0.4,4.6,0.9,19324.198772
9.8,6.2,2.1,3.6,0.2,1.0,2.2,0.9,26641.645269
9.8,6.2,2.1,3.6,0.2,1.0,4.6,0.2,11387.215152
9.8,11.4,2.4,0.4,0.9,0.4,2.2,0.2,18329.251082000002
8.7,6.2,2.4,0.4,0.9,0.4,2.2,0.2,26110.283645
8.7,11.4,2.1,0.4,0.9,0.4,2.2,0.2,23836.334369999997
8.7,11.4,2.4,3.6,0.9,0.4,2.2,0.2,26093.321385
8.7,11.4,2.4,0.4,0.2,0.4,2.2,0.2,11137.338383999999
8.7,11.4,2.4,0.4,0.9,1.0,2.2,0.2,22922.747607
8.7,11.4,2.4,0.4,0.9,0.4,4.6,0.2,26517.005167
8.7,11.4,2.4,0.4,0.9,0.4,2.2,0.9,27152.615304
8.7,11.4,2.4,0.4,0.9,0.4,2.2,0.2,27457.885969000003
6.8,9.2,1.0,0.9,0.7,0.5,1.6,2.2,25882.78147
5.7,9.2,1.0,0.9,0.7,0.5,1.6,2.2,26370.298343000002
6.8,8.4,1.0,0.9,0.7,0.5,1.6,2.2,25581.282219
6.8,9.2,1.3,0.9,0.7,0.5,1.6,2.2,26111.276264
6.8,9.2,1.0,3.1,0.7,0.5,1.6,2.2,26607.119329
6.8,9.2,1.0,0.9,0.4,0.5,1.6,2.2,26395.396151999998
6.8,9.2,1.0,0.9,0.7,0.9,1.6,2.2,25872.631852
6.8,9.2,1.0,0.9,0.7,0.5,5.1,2.2,26190.039309
6.8,9.2,1.0,0.9,0.7,0.5,1.6,1.4,26355.210538
6.8,8.4,1.3,3.1,0.4,0.9,5.1,1.4,26143.115615000002
5.7,9.2,1.3,3.1,0.4,0.9,5.1,1.4,25710.871088
5.7,8.4,1.0,3.1,0.4,0.9,5.1,1.4,25666.47481
5.7,8.4,1.3,0.9,0.4,0.9,5.1,1.4,26130.801478999998
5.7,8.4,1.3,3.1,0.7,0.9,5.1,1.4,25665.798804
5.7,8.4,1.3,3.1,0.4,0.5,5.1,1.4,25794.215897000002
5.7,8.4,1.3,3.1,0.4,0.9,1.6,1.4,25665.208169999998
5.7,8.4,1.3,3.1,0.4,0.9,5.1,2.2,26160.690616
5.7,8.4,1.3,3.1,0.4,0.9,5.1,1.4,25853.656519999997
6.1,7.0,0.7,0.3,0.6,0.1,5.3,1.2,26063.759953
9.4,7.0,0.7,0.3,0.6,0.1,5.3,1.2,26975.929357
6.1,9.2,0.7,0.3,0.6,0.1,5.3,1.2,25649.646052999997
6.1,7.0,2.1,0.3,0.6,0.1,5.3,1.2,26371.664145
6.1,7.0,0.7,3.8,0.6,0.1,5.3,1.2,26251.255617000003
6.1,7.0,0.7,0.3,0.8,0.1,5.3,1.2,23829.563681
6.1,7.0,0.7,0.3,0.6,0.5,5.3,1.2,22478.981514
6.1,7.0,0.7,0.3,0.6,0.1,5.8,1.2,25908.76835
6.1,7.0,0.7,0.3,0.6,0.1,5.3,1.7,25912.914849
6.1,9.2,2.1,3.8,0.8,0.5,5.8,1.7,25720.006214
9.4,7.0,2.1,3.8,0.8,0.5,5.8,1.7,27387.827499
9.4,9.2,0.7,3.8,0.8,0.5,5.8,1.7,21572.277441
9.4,9.2,2.1,0.3,0.8,0.5,5.8,1.7,26714.285617
9.4,9.2,2.1,3.8,0.6,0.5,5.8,1.7,26825.069476999997
9.4,9.2,2.1,3.8,0.8,0.1,5.8,1.7,27363.488482
9.4,9.2,2.1,3.8,0.8,0.5,5.3,1.7,27280.996364
9.4,9.2,2.1,3.8,0.8,0.5,5.8,1.2,26843.870171000002
9.4,9.2,2.1,3.8,0.8,0.5,5.8,1.7,26900.308981000002
9.1,10.0,1.8,2.9,0.1,0.6,2.4,2.5,21095.55076
6.4,10.0,1.8,2.9,0.1,0.6,2.4,2.5,25786.977889
9.1,6.2,1.8,2.9,0.1,0.6,2.4,2.5,26865.077477
9.1,10.0,1.0,2.9,0.1,0.6,2.4,2.5,27726.56047
9.1,10.0,1.8,1.1,0.1,0.6,2.4,2.5,27349.641354
9.1,10.0,1.8,2.9,0.3,0.6,2.4,2.5,27380.207641
9.1,10.0,1.8,2.9,0.1,0.0,2.4,2.5,26890.578322
9.1,10.0,1.8,2.9,0.1,0.6,2.9,2.5,26715.146723
9.1,10.0,1.8,2.9,0.1,0.6,2.4,0.5,26852.736703
9.1,6.2,1.0,1.1,0.3,0.0,2.9,0.5,23031.201613
6.4,10.0,1.0,1.1,0.3,0.0,2.9,0.5,19938.250701
6.4,6.2,1.8,1.1,0.3,0.0,2.9,0.5,25221.438507
6.4,6.2,1.0,2.9,0.3,0.0,2.9,0.5,25838.333551000003
6.4,6.2,1.0,1.1,0.1,0.0,2.9,0.5,25804.314685999998
6.4,6.2,1.0,1.1,0.3,0.6,2.9,0.5,18569.521626
6.4,6.2,1.0,1.1,0.3,0.0,2.4,0.5,26594.455008999998
6.4,6.2,1.0,1.1,0.3,0.0,2.9,2.5,26046.66634
6.4,6.2,1.0,1.1,0.3,0.0,2.9,0.5,20511.914972
7.6,8.5,1.3,1.6,0.3,0.8,3.9,1.9,26670.016223
4.9,8.5,1.3,1.6,0.3,0.8,3.9,1.9,25466.018169
7.6,7.7,1.3,1.6,0.3,0.8,3.9,1.9,26105.831816
7.6,8.5,0.5,1.6,0.3,0.8,3.9,1.9,26110.894711
7.6,8.5,1.3,2.4,0.3,0.8,3.9,1.9,26179.309127
7.6,8.5,1.3,1.6,0.5,0.8,3.9,1.9,26507.394962000002
7.6,8.5,1.3,1.6,0.3,0.8,3.9,1.9,25741.890057000004
7.6,8.5,1.3,1.6,0.3,0.8,1.4,1.9,26202.136843
7.6,8.5,1.3,1.6,0.3,0.8,3.9,2.4,25663.164301
7.6,7.7,0.5,2.4,0.5,0.8,1.4,2.4,26133.913336999998
4.9,8.5,0.5,2.4,0.5,0.8,1.4,2.4,25700.841278
4.9,7.7,1.3,2.4,0.5,0.8,1.4,2.4,25387.736677
4.9,7.7,0.5,1.6,0.5,0.8,1.4,2.4,25719.564444000003
4.9,7.7,0.5,2.4,0.3,0.8,1.4,2.4,25751.145481
4.9,7.7,0.5,2.4,0.5,0.8,1.4,2.4,25631.475853
4.9,7.7,0.5,2.4,0.5,0.8,3.9,2.4,24961.342499
4.9,7.7,0.5,2.4,0.5,0.8,1.4,1.9,25425.773477
4.9,7.7,0.5,2.4,0.5,0.8,1.4,2.4,25286.624213000003
4.6,11.5,2.4,4.3,0.8,0.3,0.9,0.6,26092.408284
7.9,11.5,2.4,4.3,0.8,0.3,0.9,0.6,26732.184874
4.6,10.7,2.4,4.3,0.8,0.3,0.9,0.6,25585.60364
4.6,11.5,1.6,4.3,0.8,0.3,0.9,0.6,23962.515453
4.6,11.5,2.4,5.1,0.8,0.3,0.9,0.6,26060.455846
4.6,11.5,2.4,4.3,0.0,0.3,0.9,0.6,17618.091406
4.6,11.5,2.4,4.3,0.8,0.3,0.9,0.6,26030.646214
4.6,11.5,2.4,4.3,0.8,0.3,4.4,0.6,25853.909974000002
4.6,11.5,2.4,4.3,0.8,0.3,0.9,1.1,26120.926242
4.6,10.7,1.6,5.1,0.0,0.3,4.4,1.1,17860.042922
7.9,11.5,1.6,5.1,0.0,0.3,4.4,1.1,17899.346408999998
7.9,10.7,2.4,5.1,0.0,0.3,4.4,1.1,26511.958407
7.9,10.7,1.6,4.3,0.0,0.3,4.4,1.1,25885.39432
7.9,10.7,1.6,5.1,0.8,0.3,4.4,1.1,26616.860103
7.9,10.7,1.6,5.1,0.0,0.3,4.4,1.1,26579.684513
7.9,10.7,1.6,5.1,0.0,0.3,0.9,1.1,26770.021216
7.9,10.7,1.6,5.1,0.0,0.3,4.4,0.6,17039.146193
7.9,10.7,1.6,5.1,0.0,0.3,4.4,1.1,25289.121011
4.7,8.3,0.4,1.1,0.2,0.6,2.9,1.8,25649.115253999997
7.4,8.3,0.4,1.1,0.2,0.6,2.9,1.8,26236.488386999998
4.7,8.2,0.4,1.1,0.2,0.6,2.9,1.8,25290.170975
4.7,8.3,1.7,1.1,0.2,0.6,2.9,1.8,25796.151456
4.7,8.3,0.4,3.6,0.2,0.6,2.9,1.8,25395.792548
4.7,8.3,0.4,1.1,1.0,0.6,2.9,1.8,25595.980711
4.7,8.3,0.4,1.1,0.2,0.5,2.9,1.8,25588.526679
4.7,8.3,0.4,1.1,0.2,0.6,0.5,1.8,25276.081739
4.7,8.3,0.4,1.1,0.2,0.6,2.9,1.7,26324.183328
4.7,8.2,1.7,3.6,1.0,0.5,0.5,1.7,25485.177888
7.4,8.3,1.7,3.6,1.0,0.5,0.5,1.7,26551.743595
7.4,8.2,0.4,3.6,1.0,0.5,0.5,1.7,26214.212613
7.4,8.2,1.7,1.1,1.0,0.5,0.5,1.7,19433.404891
7.4,8.2,1.7,3.6,0.2,0.5,0.5,1.7,25739.414913
7.4,8.2,1.7,3.6,1.0,0.6,0.5,1.7,25998.67983
7.4,8.2,1.7,3.6,1.0,0.5,2.9,1.7,26308.338453
7.4,8.2,1.7,3.6,1.0,0.5,0.5,1.8,26469.284152
7.4,8.2,1.7,3.6,1.0,0.5,0.5,1.7,26287.013269000003
7.7,11.3,1.5,3.8,0.7,0.1,5.9,0.5,26616.660201
4.4,11.3,1.5,3.8,0.7,0.1,5.9,0.5,25726.603411999997
7.7,11.2,1.5,3.8,0.7,0.1,5.9,0.5,26474.531411999997
7.7,11.3,0.6,3.8,0.7,0.1,5.9,0.5,26307.818975000002
7.7,11.3,1.5,0.9,0.7,0.1,5.9,0.5,18775.595848999998
7.7,11.3,1.5,3.8,0.5,0.1,5.9,0.5,26712.070014999998
7.7,11.3,1.5,3.8,0.7,1.0,5.9,0.5,23460.166265
7.7,11.3,1.5,3.8,0.7,0.1,3.4,0.5,26094.049916
7.7,11.3,1.5,3.8,0.7,0.1,5.9,0.4,26987.25086
7.7,11.2,0.6,0.9,0.5,1.0,3.4,0.4,17575.352895
4.4,11.3,0.6,0.9,0.5,1.0,3.4,0.4,25446.193125
4.4,11.2,1.5,0.9,0.5,1.0,3.4,0.4,18948.716639
4.4,11.2,0.6,3.8,0.5,1.0,3.4,0.4,25503.677676
4.4,11.2,0.6,0.9,0.7,1.0,3.4,0.4,25389.160930000002
4.4,11.2,0.6,0.9,0.5,0.1,3.4,0.4,26025.601682
4.4,11.2,0.6,0.9,0.5,1.0,5.9,0.4,24406.414893
4.4,11.2,0.6,0.9,0.5,1.0,3.4,0.5,25836.178563
4.4,11.2,0.6,0.9,0.5,1.0,3.4,0.4,25472.732257
9.2,6.8,0.9,2.4,0.9,0.3,1.5,1.1,26894.274756000003
5.9,6.8,0.9,2.4,0.9,0.3,1.5,1.1,25636.143862
9.2,9.7,0.9,2.4,0.9,0.3,1.5,1.1,27457.506654999997
9.2,6.8,1.1,2.4,0.9,0.3,1.5,1.1,26636.795467000004
9.2,6.8,0.9,2.3,0.9,0.3,1.5,1.1,26919.976259000003
9.2,6.8,0.9,2.4,0.7,0.3,1.5,1.1,26057.113936
9.2,6.8,0.9,2.4,0.9,0.2,1.5,1.1,21293.67716
9.2,6.8,0.9,2.4,0.9,0.3,4.9,1.1,22697.075183
9.2,6.8,0.9,2.4,0.9,0.3,1.5,2.3,26061.465937
9.2,9.7,1.1,2.3,0.7,0.2,4.9,2.3,27030.987809
5.9,6.8,1.1,2.3,0.7,0.2,4.9,2.3,26508.745560000003
5.9,9.7,0.9,2.3,0.7,0.2,4.9,2.3,25493.970181999997
5.9,9.7,1.1,2.4,0.7,0.2,4.9,2.3,26197.67721
5.9,9.7,1.1,2.3,0.9,0.2,4.9,2.3,26013.249212
5.9,9.7,1.1,2.3,0.7,0.3,4.9,2.3,25860.392337
5.9,9.7,1.1,2.3,0.7,0.2,1.5,2.3,25665.653641999997
5.9,9.7,1.1,2.3,0.7,0.2,4.9,1.1,25834.748778
5.9,9.7,1.1,2.3,0.7,0.2,4.9,2.3,26127.987666
6.2,9.8,2.0,5.1,0.4,0.8,4.4,2.4,17766.382754
8.9,9.8,2.0,5.1,0.4,0.8,4.4,2.4,27114.195063
6.2,6.7,2.0,5.1,0.4,0.8,4.4,2.4,25996.100739
6.2,9.8,2.2,5.1,0.4,0.8,4.4,2.4,25881.560818
6.2,9.8,2.0,4.9,0.4,0.8,4.4,2.4,26183.470044
6.2,9.8,2.0,5.1,0.2,0.8,4.4,2.4,26031.159795
6.2,9.8,2.0,5.1,0.4,0.7,4.4,2.4,26430.740438
6.2,9.8,2.0,5.1,0.4,0.8,2.0,2.4,25659.099222
6.2,9.8,2.0,5.1,0.4,0.8,4.4,1.0,25419.441936000003
6.2,6.7,2.2,4.9,0.2,0.7,2.0,1.0,25462.844075
8.9,9.8,2.2,4.9,0.2,0.7,2.0,1.0,27155.651331
8.9,6.7,2.0,4.9,0.2,0.7,2.0,1.0,19070.69345
8.9,6.7,2.2,5.1,0.2,0.7,2.0,1.0,26541.567215000003
8.9,6.7,2.2,4.9,0.4,0.7,2.0,1.0,27058.494023
8.9,6.7,2.2,4.9,0.2,0.8,2.0,1.0,21346.710616
8.9,6.7,2.2,4.9,0.2,0.7,4.4,1.0,27226.429705000002
8.9,6.7,2.2,4.9,0.2,0.7,2.0,2.4,26483.973694
8.9,6.7,2.2,4.9,0.2,0.7,2.0,1.0,26838.82881
7.0,6.0,1.7,4.4,0.3,0.7,0.7,0.8,25457.650496000002
6.6,6.0,1.7,4.4,0.3,0.7,0.7,0.8,23504.90853
7.0,12.0,1.7,4.4,0.3,0.7,0.7,0.8,21326.528802
7.0,6.0,1.4,4.4,0.3,0.7,0.7,0.8,25573.914326000002
7.0,6.0,1.7,4.3,0.3,0.7,0.7,0.8,25425.348914000002
7.0,6.0,1.7,4.4,0.6,0.7,0.7,0.8,25939.296796000002
7.0,6.0,1.7,4.4,0.3,0.9,0.7,0.8,25997.628006
7.0,6.0,1.7,4.4,0.3,0.7,2.7,0.8,25984.988394
7.0,6.0,1.7,4.4,0.3,0.7,0.7,0.7,25959.208814999998
7.0,12.0,1.4,4.3,0.6,0.9,2.7,0.7,26106.272686999997
6.6,6.0,1.4,4.3,0.6,0.9,2.7,0.7,26041.094922
6.6,12.0,1.7,4.3,0.6,0.9,2.7,0.7,26118.30113
6.6,12.0,1.4,4.4,0.6,0.9,2.7,0.7,25857.800058
6.6,12.0,1.4,4.3,0.3,0.9,2.7,0.7,26125.507966
6.6,12.0,1.4,4.3,0.6,0.7,2.7,0.7,27461.206315
6.6,12.0,1.4,4.3,0.6,0.9,0.7,0.7,26286.10336
6.6,12.0,1.4,4.3,0.6,0.9,2.7,0.8,26275.539742
6.6,12.0,1.4,4.3,0.6,0.9,2.7,0.7,26389.993657
10.0,9.0,0.6,1.8,0.8,0.2,3.7,2.1,27335.864889000004
9.6,9.0,0.6,1.8,0.8,0.2,3.7,2.1,26790.163788
10.0,9.0,0.6,1.8,0.8,0.2,3.7,2.1,17973.75373
10.0,9.0,2.5,1.8,0.8,0.2,3.7,2.1,24157.636534
10.0,9.0,0.6,1.6,0.8,0.2,3.7,2.1,27688.532107
10.0,9.0,0.6,1.8,0.1,0.2,3.7,2.1,22032.190639
10.0,9.0,0.6,1.8,0.8,0.4,3.7,2.1,26856.435784
10.0,9.0,0.6,1.8,0.8,0.2,5.7,2.1,27547.958564
10.0,9.0,0.6,1.8,0.8,0.2,3.7,2.0,27156.266342
10.0,9.0,2.5,1.6,0.1,0.4,5.7,2.0,23959.578559
9.6,9.0,2.5,1.6,0.1,0.4,5.7,2.0,19354.578349
9.6,9.0,0.6,1.6,0.1,0.4,5.7,2.0,28130.249522
9.6,9.0,2.5,1.8,0.1,0.4,5.7,2.0,25338.821401
9.6,9.0,2.5,1.6,0.8,0.4,5.7,2.0,27146.978275
9.6,9.0,2.5,1.6,0.1,0.2,5.7,2.0,24460.74755
9.6,9.0,2.5,1.6,0.1,0.4,3.7,2.0,27664.189907999997
9.6,9.0,2.5,1.6,0.1,0.4,5.7,2.1,27060.432736000002
9.6,9.0,2.5,1.6,0.1,0.4,5.7,2.0,19808.746559
8.5,7.5,2.3,3.1,0.5,0.4,2.2,1.5,26515.647093
8.1,7.5,2.3,3.1,0.5,0.4,2.2,1.5,26811.389392999998
8.5,7.5,2.3,3.1,0.5,0.4,2.2,1.5,26647.679054
8.5,7.5,1.9,3.1,0.5,0.4,2.2,1.5,25922.255622999997
8.5,7.5,2.3,0.3,0.5,0.4,2.2,1.5,27015.947744999998
8.5,7.5,2.3,3.1,0.9,0.4,2.2,1.5,26634.620263999997
8.5,7.5,2.3,3.1,0.5,0.6,2.2,1.5,26526.216855
8.5,7.5,2.3,3.1,0.5,0.4,4.2,1.5,27160.213145
8.5,7.5,2.3,3.1,0.5,0.4,2.2,0.1,24056.591443999998
8.5,7.5,1.9,0.3,0.9,0.6,4.2,0.1,26942.797021
8.1,7.5,1.9,0.3,0.9,0.6,4.2,0.1,26697.248020000003
8.1,7.5,2.3,0.3,0.9,0.6,4.2,0.1,27355.122654
8.1,7.5,1.9,3.1,0.9,0.6,4.2,0.1,26581.185157
8.1,7.5,1.9,0.3,0.5,0.6,4.2,0.1,26690.405702
8.1,7.5,1.9,0.3,0.9,0.4,4.2,0.1,26538.776125
8.1,7.5,1.9,0.3,0.9,0.6,2.2,0.1,26537.916226
8.1,7.5,1.9,0.3,0.9,0.6,4.2,1.5,26584.717407000004
8.1,7.5,1.9,0.3,0.9,0.6,4.2,0.1,26937.450258
5.5,10.5,1.2,0.4,0.0,0.9,5.2,0.2,25689.720527999998
5.1,10.5,1.2,0.4,0.0,0.9,5.2,0.2,21099.261794
5.5,10.5,1.2,0.4,0.0,0.9,5.2,0.2,26131.341399999998
5.5,10.5,0.8,0.4,0.0,0.9,5.2,0.2,17269.129179
5.5,10.5,1.2,2.9,0.0,0.9,5.2,0.2,25226.410492
5.5,10.5,1.2,0.4,0.4,0.9,5.2,0.2,21808.510087000002
5.5,10.5,1.2,0.4,0.0,0.1,5.2,0.2,25134.701465
5.5,10.5,1.2,0.4,0.0,0.9,1.2,0.2,23968.391707000002
5.5,10.5,1.2,0.4,0.0,0.9,5.2,1.4,26213.461404
5.5,10.5,0.8,2.9,0.4,0.1,1.2,1.4,25435.33396
5.1,10.5,0.8,2.9,0.4,0.1,1.2,1.4,25764.807114000003
5.1,10.5,1.2,2.9,0.4,0.1,1.2,1.4,26126.55
5.1,10.5,0.8,0.4,0.4,0.1,1.2,1.4,19752.778129000002
5.1,10.5,0.8,2.9,0.0,0.1,1.2,1.4,17106.943006
5.1,10.5,0.8,2.9,0.4,0.9,1.2,1.4,25930.204396999998
5.1,10.5,0.8,2.9,0.4,0.1,5.2,1.4,25784.192553
5.1,10.5,0.8,2.9,0.4,0.1,1.2,0.2,22097.574927
5.1,10.5,0.8,2.9,0.4,0.1,1.2,1.4,25770.661366
5.1,7.2,2.4,1.4,0.7,0.8,0.4,0.7,26001.805109
7.0,7.2,2.4,1.4,0.7,0.8,0.4,0.7,25971.676382999998
5.1,6.3,2.4,1.4,0.7,0.8,0.4,0.7,25526.50698
5.1,7.2,0.7,1.4,0.7,0.8,0.4,0.7,17583.692509
5.1,7.2,2.4,3.9,0.7,0.8,0.4,0.7,25401.922295999997
5.1,7.2,2.4,1.4,0.0,0.8,0.4,0.7,22076.174398
5.1,7.2,2.4,1.4,0.7,0.5,0.4,0.7,23364.968693000003
5.1,7.2,2.4,1.4,0.7,0.8,4.6,0.7,25997.980146
5.1,7.2,2.4,1.4,0.7,0.8,0.4,0.9,25265.588394
5.1,6.3,0.7,3.9,0.0,0.5,4.6,0.9,17924.950814
7.0,7.2,0.7,3.9,0.0,0.5,4.6,0.9,22980.129904999998
7.0,6.3,2.4,3.9,0.0,0.5,4.6,0.9,18760.398419
7.0,6.3,0.7,1.4,0.0,0.5,4.6,0.9,24327.198581
7.0,6.3,0.7,3.9,0.7,0.5,4.6,0.9,25366.674779
7.0,6.3,0.7,3.9,0.0,0.8,4.6,0.9,25838.134443000003
7.0,6.3,0.7,3.9,0.0,0.5,0.4,0.9,17162.737224
7.0,6.3,0.7,3.9,0.0,0.5,4.6,0.7,25886.791145000003
7.0,6.3,0.7,3.9,0.0,0.5,4.6,0.9,18169.17321
8.1,10.2,1.3,4.1,0.2,0.3,3.3,1.9,26211.558217
10.0,10.2,1.3,4.1,0.2,0.3,3.3,1.9,27337.527788
8.1,9.3,1.3,4.1,0.2,0.3,3.3,1.9,25653.618005
8.1,10.2,1.8,4.1,0.2,0.3,3.3,1.9,26507.148019
8.1,10.2,1.3,1.3,0.2,0.3,3.3,1.9,26624.725249000003
8.1,10.2,1.3,4.1,0.5,0.3,3.3,1.9,26671.974613
8.1,10.2,1.3,4.1,0.2,0.0,3.3,1.9,26866.811174
8.1,10.2,1.3,4.1,0.2,0.3,1.6,1.9,26622.792983
8.1,10.2,1.3,4.1,0.2,0.3,3.3,2.1,25689.080841
8.1,9.3,1.8,1.3,0.5,0.0,1.6,2.1,26895.970534
10.0,10.2,1.8,1.3,0.5,0.0,1.6,2.1,27979.757134
10.0,9.3,1.3,1.3,0.5,0.0,1.6,2.1,27669.815994999997
10.0,9.3,1.8,4.1,0.5,0.0,1.6,2.1,27416.078687
10.0,9.3,1.8,1.3,0.2,0.0,1.6,2.1,27707.490616
10.0,9.3,1.8,1.3,0.5,0.3,1.6,2.1,27851.847177
10.0,9.3,1.8,1.3,0.5,0.0,3.3,2.1,27693.792896
10.0,9.3,1.8,1.3,0.5,0.0,1.6,1.9,26819.095468
10.0,9.3,1.8,1.3,0.5,0.0,1.6,2.1,27537.28541
9.6,8.7,1.9,0.1,0.5,0.0,1.8,1.3,27801.300849
8.5,8.7,1.9,0.1,0.5,0.0,1.8,1.3,24578.73305
9.6,10.8,1.9,0.1,0.5,0.0,1.8,1.3,27940.127545
9.6,8.7,2.3,0.1,0.5,0.0,1.8,1.3,27918.795054
9.6,8.7,1.9,2.6,0.5,0.0,1.8,1.3,27617.234392
9.6,8.7,1.9,0.1,0.3,0.0,1.8,1.3,27674.171109
9.6,8.7,1.9,0.1,0.5,0.8,1.8,1.3,25161.510513
9.6,8.7,1.9,0.1,0.5,0.0,0.1,1.3,27219.169238000002
9.6,8.7,1.9,0.1,0.5,0.0,1.8,0.3,27863.994321
9.6,10.8,2.3,2.6,0.3,0.8,0.1,0.3,18246.543765000002
8.5,8.7,2.3,2.6,0.3,0.8,0.1,0.3,20856.830091
8.5,10.8,1.9,2.6,0.3,0.8,0.1,0.3,21545.937732
8.5,10.8,2.3,0.1,0.3,0.8,0.1,0.3,23394.142827
8.5,10.8,2.3,2.6,0.5,0.8,0.1,0.3,18298.449858
8.5,10.8,2.3,2.6,0.3,0.0,0.1,0.3,19124.048281000003
8.5,10.8,2.3,2.6,0.3,0.8,1.8,0.3,25530.136026
8.5,10.8,2.3,2.6,0.3,0.8,0.1,1.3,27082.023465000002
8.5,10.8,2.3,2.6,0.3,0.8,0.1,0.3,18408.120627999997
6.6,11.7,0.8,2.8,1.0,0.5,4.8,0.1,25660.868497
5.5,11.7,0.8,2.8,1.0,0.5,4.8,0.1,25960.118694999997
6.6,7.8,0.8,2.8,1.0,0.5,4.8,0.1,26188.373733
6.6,11.7,1.2,2.8,1.0,0.5,4.8,0.1,26267.528887
6.6,11.7,0.8,5.2,1.0,0.5,4.8,0.1,26037.512306
6.6,11.7,0.8,2.8,0.8,0.5,4.8,0.1,19610.734608
6.6,11.7,0.8,2.8,1.0,0.3,4.8,0.1,26038.474434
6.6,11.7,0.8,2.8,1.0,0.5,3.1,0.1,26064.912217999998
6.6,11.7,0.8,2.8,1.0,0.5,4.8,1.5,26071.395136
6.6,7.8,1.2,5.2,0.8,0.3,3.1,1.5,25286.331207
5.5,11.7,1.2,5.2,0.8,0.3,3.1,1.5,25744.285761
5.5,7.8,0.8,5.2,0.8,0.3,3.1,1.5,25719.67867
5.5,7.8,1.2,2.8,0.8,0.3,3.1,1.5,26022.048260000003
5.5,7.8,1.2,5.2,1.0,0.3,3.1,1.5,25612.329794
5.5,7.8,1.2,5.2,0.8,0.5,3.1,1.5,25740.927718
5.5,7.8,1.2,5.2,0.8,0.3,4.8,1.5,25516.69268
5.5,7.8,1.2,5.2,0.8,0.3,3.1,0.1,24562.826422
5.5,7.8,1.2,5.2,0.8,0.3,3.1,1.5,25529.239879
5.9,7.9,1.1,3.4,0.8,0.9,2.6,1.6,25676.616385
7.7,7.9,1.1,3.4,0.8,0.9,2.6,1.6,26502.27721
5.9,10.1,1.1,3.4,0.8,0.9,2.6,1.6,25437.831797
5.9,7.9,2.1,3.4,0.8,0.9,2.6,1.6,25958.347927000003
5.9,7.9,1.1,4.6,0.8,0.9,2.6,1.6,25330.550099
5.9,7.9,1.1,3.4,0.4,0.9,2.6,1.6,23092.761584
5.9,7.9,1.1,3.4,0.8,0.2,2.6,1.6,26016.802519999997
5.9,7.9,1.1,3.4,0.8,0.9,3.8,1.6,25418.604854
5.9,7.9,1.1,3.4,0.8,0.9,2.6,1.8,26233.181593
5.9,10.1,2.1,4.6,0.4,0.2,3.8,1.8,25998.767089
7.7,7.9,2.1,4.6,0.4,0.2,3.8,1.8,26526.860151
7.7,10.1,1.1,4.6,0.4,0.2,3.8,1.8,26599.407981
7.7,10.1,2.1,3.4,0.4,0.2,3.8,1.8,26679.348047
7.7,10.1,2.1,4.6,0.8,0.2,3.8,1.8,24325.671235
7.7,10.1,2.1,4.6,0.4,0.9,3.8,1.8,26101.254093
7.7,10.1,2.1,4.6,0.4,0.2,2.6,1.8,26302.300215
7.7,10.1,2.1,4.6,0.4,0.2,3.8,1.6,26801.875846
7.7,10.1,2.1,4.6,0.4,0.2,3.8,1.8,26303.736598
8.9,10.9,2.2,0.8,0.3,0.4,5.5,0.4,19528.781902
4.7,10.9,2.2,0.8,0.3,0.4,5.5,0.4,20103.275702
8.9,7.1,2.2,0.8,0.3,0.4,5.5,0.4,26187.33842
8.9,10.9,1.0,0.8,0.3,0.4,5.5,0.4,22528.470509
8.9,10.9,2.2,1.9,0.3,0.4,5.5,0.4,22021.546983
8.9,10.9,2.2,0.8,0.9,0.4,5.5,0.4,21447.229655
8.9,10.9,2.2,0.8,0.3,0.7,5.5,0.4,26789.059548
8.9,10.9,2.2,0.8,0.3,0.4,0.9,0.4,20248.057337
8.9,10.9,2.2,0.8,0.3,0.4,5.5,0.6,27872.848499
8.9,7.1,1.0,1.9,0.9,0.7,0.9,0.6,26725.844283
4.7,10.9,1.0,1.9,0.9,0.7,0.9,0.6,25706.571317
4.7,7.1,2.2,1.9,0.9,0.7,0.9,0.6,12051.310603000002
4.7,7.1,1.0,0.8,0.9,0.7,0.9,0.6,23806.655921999998
4.7,7.1,1.0,1.9,0.3,0.7,0.9,0.6,19268.355574
4.7,7.1,1.0,1.9,0.9,0.4,0.9,0.6,25550.134279
4.7,7.1,1.0,1.9,0.9,0.7,5.5,0.6,25880.044394
4.7,7.1,1.0,1.9,0.9,0.7,0.9,0.4,25515.105587
4.7,7.1,1.0,1.9,0.9,0.7,0.9,0.6,25649.361992
7.4,6.4,0.5,4.8,0.1,0.1,1.1,1.0,26307.314879
6.2,6.4,0.5,4.8,0.1,0.1,1.1,1.0,22634.976296
7.4,8.6,0.5,4.8,0.1,0.1,1.1,1.0,22160.021098999998
7.4,6.4,0.4,4.8,0.1,0.1,1.1,1.0,19050.167273
7.4,6.4,0.5,0.6,0.1,0.1,1.1,1.0,19194.294715
7.4,6.4,0.5,4.8,0.2,0.1,1.1,1.0,26316.571317
7.4,6.4,0.5,4.8,0.1,0.4,1.1,1.0,25709.922536000002
7.4,6.4,0.5,4.8,0.1,0.1,2.3,1.0,26386.072439
7.4,6.4,0.5,4.8,0.1,0.1,1.1,2.4,25835.031561
7.4,8.6,0.4,0.6,0.2,0.4,2.3,2.4,26544.936633999998
6.2,6.4,0.4,0.6,0.2,0.4,2.3,2.4,26110.449199000002
6.2,8.6,0.5,0.6,0.2,0.4,2.3,2.4,26140.016929
6.2,8.6,0.4,4.8,0.2,0.4,2.3,2.4,22875.583427
6.2,8.6,0.4,0.6,0.1,0.4,2.3,2.4,26181.935227
6.2,8.6,0.4,0.6,0.2,0.1,2.3,2.4,26220.437187
6.2,8.6,0.4,0.6,0.2,0.4,1.1,2.4,18708.960076
6.2,8.6,0.4,0.6,0.2,0.4,2.3,1.0,25021.350401
6.2,8.6,0.4,0.6,0.2,0.4,2.3,2.4,26413.452509
4.4,9.4,1.6,2.1,0.6,0.6,4.0,2.2,25264.832133
9.2,9.4,1.6,2.1,0.6,0.6,4.0,2.2,27300.018594
4.4,11.6,1.6,2.1,0.6,0.6,4.0,2.2,25725.398699
4.4,9.4,1.5,2.1,0.6,0.6,4.0,2.2,25825.37158
4.4,9.4,1.6,3.3,0.6,0.6,4.0,2.2,25616.363996
4.4,9.4,1.6,2.1,0.7,0.6,4.0,2.2,25913.39153
4.4,9.4,1.6,2.1,0.6,0.9,4.0,2.2,25573.113892
4.4,9.4,1.6,2.1,0.6,0.6,5.3,2.2,25762.001111999998
4.4,9.4,1.6,2.1,0.6,0.6,4.0,1.2,24832.2549
4.4,11.6,1.5,3.3,0.7,0.9,5.3,1.2,25524.611761
9.2,9.4,1.5,3.3,0.7,0.9,5.3,1.2,18728.548467
9.2,11.6,1.6,3.3,0.7,0.9,5.3,1.2,26993.0856
9.2,11.6,1.5,2.1,0.7,0.9,5.3,1.2,27156.35128
9.2,11.6,1.5,3.3,0.6,0.9,5.3,1.2,27052.035552
9.2,11.6,1.5,3.3,0.7,0.6,5.3,1.2,24193.822213
9.2,11.6,1.5,3.3,0.7,0.9,4.0,1.2,26880.138967
9.2,11.6,1.5,3.3,0.7,0.9,5.3,2.2,27045.627136
9.2,11.6,1.5,3.3,0.7,0.9,5.3,1.2,27294.786511
4.3,8.2,2.0,0.4,0.3,0.5,1.4,1.9,26779.740591
4.3,8.2,2.0,0.4,0.3,0.5,1.4,1.9,11505.985226
4.3,8.9,2.0,0.4,0.3,0.5,1.4,1.9,22167.294243999997
4.3,8.2,2.2,0.4,0.3,0.5,1.4,1.9,25491.328337
4.3,8.2,2.0,1.0,0.3,0.5,1.4,1.9,25165.545964
4.3,8.2,2.0,0.4,0.2,0.5,1.4,1.9,22738.566248
4.3,8.2,2.0,0.4,0.3,0.2,1.4,1.9,25511.083318999998
4.3,8.2,2.0,0.4,0.3,0.5,4.1,1.9,21395.961173000003
4.3,8.2,2.0,0.4,0.3,0.5,1.4,1.9,25810.69449
4.3,8.9,2.2,1.0,0.2,0.2,4.1,1.9,25623.966961
4.3,8.2,2.2,1.0,0.2,0.2,4.1,1.9,25917.810196
4.3,8.9,2.0,1.0,0.2,0.2,4.1,1.9,26528.111856000003
4.3,8.9,2.2,0.4,0.2,0.2,4.1,1.9,17601.161293
4.3,8.9,2.2,1.0,0.3,0.2,4.1,1.9,25656.808608
4.3,8.9,2.2,1.0,0.2,0.5,4.1,1.9,25965.659857
4.3,8.9,2.2,1.0,0.2,0.2,1.4,1.9,19723.118638
4.3,8.9,2.2,1.0,0.2,0.2,4.1,1.9,23791.119066
4.3,8.9,2.2,1.0,0.2,0.2,4.1,1.9,17944.93979
7.3,11.2,0.9,3.0,0.8,0.0,4.3,0.6,23429.690296
7.3,11.2,0.9,3.0,0.8,0.0,4.3,0.6,26638.457956
7.3,11.9,0.9,3.0,0.8,0.0,4.3,0.6,26099.198096
7.3,11.2,1.1,3.0,0.8,0.0,4.3,0.6,26743.507955
7.3,11.2,0.9,3.7,0.8,0.0,4.3,0.6,25950.107431
7.3,11.2,0.9,3.0,0.7,0.0,4.3,0.6,23407.621683
7.3,11.2,0.9,3.0,0.8,0.7,4.3,0.6,26563.669987
7.3,11.2,0.9,3.0,0.8,0.0,1.1,0.6,26327.188455
7.3,11.2,0.9,3.0,0.8,0.0,4.3,0.6,20724.086382
7.3,11.9,1.1,3.7,0.7,0.7,1.1,0.6,26682.255723000002
7.3,11.2,1.1,3.7,0.7,0.7,1.1,0.6,26414.749645
7.3,11.9,0.9,3.7,0.7,0.7,1.1,0.6,18776.569821999998
7.3,11.9,1.1,3.0,0.7,0.7,1.1,0.6,26375.29862
7.3,11.9,1.1,3.7,0.8,0.7,1.1,0.6,25795.647234000004
7.3,11.9,1.1,3.7,0.7,0.0,1.1,0.6,25750.934141000005
7.3,11.9,1.1,3.7,0.7,0.7,4.3,0.6,26216.981715
7.3,11.9,1.1,3.7,0.7,0.7,1.1,0.6,26376.587056
7.3,11.9,1.1,3.7,0.7,0.7,1.1,0.6,26449.385992000003
8.8,6.7,1.5,1.7,0.5,0.3,2.8,0.0,26306.777955999998
8.8,6.7,1.5,1.7,0.5,0.3,2.8,0.0,26944.153440000002
8.8,10.4,1.5,1.7,0.5,0.3,2.8,0.0,27127.343146
8.8,6.7,0.6,1.7,0.5,0.3,2.8,0.0,26975.895631
8.8,6.7,1.5,5.0,0.5,0.3,2.8,0.0,26565.297854
8.8,6.7,1.5,1.7,0.4,0.3,2.8,0.0,26632.867033000002
8.8,6.7,1.5,1.7,0.5,0.4,2.8,0.0,26718.858476
8.8,6.7,1.5,1.7,0.5,0.3,2.6,0.0,22969.72779
8.8,6.7,1.5,1.7,0.5,0.3,2.8,2.5,27155.222612
8.8,10.4,0.6,5.0,0.4,0.4,2.6,2.5,27071.520353
8.8,6.7,0.6,5.0,0.4,0.4,2.6,2.5,26167.741669
8.8,10.4,1.5,5.0,0.4,0.4,2.6,2.5,26288.903828000002
8.8,10.4,0.6,1.7,0.4,0.4,2.6,2.5,26479.484292999998
8.8,10.4,0.6,5.0,0.5,0.4,2.6,2.5,26844.609153999998
8.8,10.4,0.6,5.0,0.4,0.3,2.6,2.5,26317.779191999998
8.8,10.4,0.6,5.0,0.4,0.4,2.8,2.5,27076.900606000003
8.8,10.4,0.6,5.0,0.4,0.4,2.6,0.0,27486.464078
8.8,10.4,0.6,5.0,0.4,0.4,2.6,2.5,26028.204421
5.8,9.7,0.4,4.3,0.0,0.8,5.8,1.3,25979.599715999997
5.8,9.7,0.4,4.3,0.0,0.8,5.8,1.3,25701.031113999998
5.8,7.4,0.4,4.3,0.0,0.8,5.8,1.3,25300.419474000002
5.8,9.7,1.7,4.3,0.0,0.8,5.8,1.3,25852.27049
5.8,9.7,0.4,2.3,0.0,0.8,5.8,1.3,25793.716268
5.8,9.7,0.4,4.3,0.9,0.8,5.8,1.3,25831.385454000003
5.8,9.7,0.4,4.3,0.0,0.9,5.8,1.3,25372.451760000004
5.8,9.7,0.4,4.3,0.0,0.8,5.6,1.3,19427.813415999997
5.8,9.7,0.4,4.3,0.0,0.8,5.8,1.2,25957.034536000003
5.8,7.4,1.7,2.3,0.9,0.9,5.6,1.2,25260.910775
5.8,9.7,1.7,2.3,0.9,0.9,5.6,1.2,25569.274405000004
5.8,7.4,0.4,2.3,0.9,0.9,5.6,1.2,25380.587717
5.8,7.4,1.7,4.3,0.9,0.9,5.6,1.2,25817.585798
5.8,7.4,1.7,2.3,0.0,0.9,5.6,1.2,26068.067186
5.8,7.4,1.7,2.3,0.9,0.8,5.6,1.2,25976.156735000004
5.8,7.4,1.7,2.3,0.9,0.9,5.8,1.2,25768.553393
5.8,7.4,1.7,2.3,0.9,0.9,5.6,1.3,25948.446122
5.8,7.4,1.7,2.3,0.9,0.9,5.6,1.2,26416.029659
6.5,7.4,1.2,5.0,0.1,0.6,2.1,0.3,22306.508422
9.5,7.4,1.2,5.0,0.1,0.6,2.1,0.3,24722.616298
6.5,11.1,1.2,5.0,0.1,0.6,2.1,0.3,20265.886837
6.5,7.4,0.3,5.0,0.1,0.6,2.1,0.3,25780.725377000002
6.5,7.4,1.2,1.7,0.1,0.6,2.1,0.3,17492.423284999997
6.5,7.4,1.2,5.0,0.3,0.6,2.1,0.3,24371.36803
6.5,7.4,1.2,5.0,0.1,0.5,2.1,0.3,26420.901121000003
6.5,7.4,1.2,5.0,0.1,0.6,4.8,0.3,25735.807682
6.5,7.4,1.2,5.0,0.1,0.6,2.1,0.9,25817.862086
6.5,11.1,0.3,1.7,0.3,0.5,4.8,0.9,26197.027156
9.5,7.4,0.3,1.7,0.3,0.5,4.8,0.9,26845.666849
9.5,11.1,1.2,1.7,0.3,0.5,4.8,0.9,27237.433885
9.5,11.1,0.3,5.0,0.3,0.5,4.8,0.9,27020.086812
9.5,11.1,0.3,1.7,0.1,0.5,4.8,0.9,27679.729953000002
9.5,11.1,0.3,1.7,0.3,0.6,4.8,0.9,27176.994561
9.5,11.1,0.3,1.7,0.3,0.5,2.1,0.9,27153.85284
9.5,11.1,0.3,1.7,0.3,0.5,4.8,0.3,22079.676067
9.5,11.1,0.3,1.7,0.3,0.5,4.8,0.9,27247.808225999997
9.5,10.4,2.3,2.3,0.6,0.1,5.1,1.6,27235.846801
6.5,10.4,2.3,2.3,0.6,0.1,5.1,1.6,20272.551550999997
9.5,8.1,2.3,2.3,0.6,0.1,5.1,1.6,27236.738083
9.5,10.4,1.4,2.3,0.6,0.1,5.1,1.6,27143.781702
9.5,10.4,2.3,4.3,0.6,0.1,5.1,1.6,27556.647271
9.5,10.4,2.3,2.3,0.8,0.1,5.1,1.6,28159.992807
9.5,10.4,2.3,2.3,0.6,0.0,5.1,1.6,27400.287833000002
9.5,10.4,2.3,2.3,0.6,0.1,1.9,1.6,26672.192562
9.5,10.4,2.3,2.3,0.6,0.1,5.1,2.2,27014.990638
9.5,8.1,1.4,4.3,0.8,0.0,1.9,2.2,27307.414097
6.5,10.4,1.4,4.3,0.8,0.0,1.9,2.2,26553.983455
6.5,8.1,2.3,4.3,0.8,0.0,1.9,2.2,25389.324568
6.5,8.1,1.4,2.3,0.8,0.0,1.9,2.2,26155.551570000003
6.5,8.1,1.4,4.3,0.6,0.0,1.9,2.2,26590.80285
6.5,8.1,1.4,4.3,0.8,0.1,1.9,2.2,26404.65683
6.5,8.1,1.4,4.3,0.8,0.0,5.1,2.2,26432.777423
6.5,8.1,1.4,4.3,0.8,0.0,1.9,1.6,25978.51046
6.5,8.1,1.4,4.3,0.8,0.0,1.9,2.2,26322.435422000002
8.0,8.9,0.7,3.7,0.9,0.4,0.6,2.2,26700.331863
5.0,8.9,0.7,3.7,0.9,0.4,0.6,2.2,25662.883316
8.0,6.6,0.7,3.7,0.9,0.4,0.6,2.2,26082.052145
8.0,8.9,2.0,3.7,0.9,0.4,0.6,2.2,26717.752480999996
8.0,8.9,0.7,3.0,0.9,0.4,0.6,2.2,27450.281776
8.0,8.9,0.7,3.7,0.0,0.4,0.6,2.2,19185.048801999998
8.0,8.9,0.7,3.7,0.9,0.8,0.6,2.2,20058.073173999997
8.0,8.9,0.7,3.7,0.9,0.4,0.4,2.2,26194.820431
8.0,8.9,0.7,3.7,0.9,0.4,0.6,0.3,26548.825053
8.0,6.6,2.0,3.0,0.0,0.8,0.4,0.3,19059.398167
5.0,8.9,2.0,3.0,0.0,0.8,0.4,0.3,15823.256706
5.0,6.6,0.7,3.0,0.0,0.8,0.4,0.3,22413.137062
5.0,6.6,2.0,3.7,0.0,0.8,0.4,0.3,17531.766858000003
5.0,6.6,2.0,3.0,0.9,0.8,0.4,0.3,20621.164839
5.0,6.6,2.0,3.0,0.0,0.4,0.4,0.3,21492.114863000003
5.0,6.6,2.0,3.0,0.0,0.8,0.6,0.3,25483.567436
5.0,6.6,2.0,3.0,0.0,0.8,0.4,2.2,25328.292352
5.0,6.6,2.0,3.0,0.0,0.8,0.4,0.3,25967.750805000003
5.0,11.9,1.8,1.0,0.4,0.9,3.6,1.0,26011.614244
8.0,11.9,1.8,1.0,0.4,0.9,3.6,1.0,26991.01905
5.0,9.6,1.8,1.0,0.4,0.9,3.6,1.0,25626.525573
5.0,11.9,0.9,1.0,0.4,0.9,3.6,1.0,25812.507122000003
5.0,11.9,1.8,0.4,0.4,0.9,3.6,1.0,25807.064746
5.0,11.9,1.8,1.0,0.5,0.9,3.6,1.0,25898.719151999998
5.0,11.9,1.8,1.0,0.4,0.3,3.6,1.0,25650.94429
5.0,11.9,1.8,1.0,0.4,0.9,3.4,1.0,26264.445214
5.0,11.9,1.8,1.0,0.4,0.9,3.6,1.5,19055.898937
5.0,9.6,0.9,0.4,0.5,0.3,3.4,1.5,25907.571481
8.0,11.9,0.9,0.4,0.5,0.3,3.4,1.5,25738.354236
8.0,9.6,1.8,0.4,0.5,0.3,3.4,1.5,27361.781154
8.0,9.6,0.9,1.0,0.5,0.3,3.4,1.5,20100.542841000002
8.0,9.6,0.9,0.4,0.4,0.3,3.4,1.5,26645.507166
8.0,9.6,0.9,0.4,0.5,0.9,3.4,1.5,26635.736491000003
8.0,9.6,0.9,0.4,0.5,0.3,3.6,1.5,27232.988158
8.0,9.6,0.9,0.4,0.5,0.3,3.4,1.0,18209.423692999997
8.0,9.6,0.9,0.4,0.5,0.3,3.4,1.5,26463.790047
5.4,6.3,0.8,2.0,0.8,0.8,1.7,0.5,25366.532815
9.9,6.3,0.8,2.0,0.8,0.8,1.7,0.5,27442.465857000003
5.4,7.0,0.8,2.0,0.8,0.8,1.7,0.5,25553.079494
5.4,6.3,1.0,2.0,0.8,0.8,1.7,0.5,25927.564762
5.4,6.3,0.8,0.7,0.8,0.8,1.7,0.5,19902.441414
5.4,6.3,0.8,2.0,0.8,0.8,1.7,0.5,25244.856734
5.4,6.3,0.8,2.0,0.8,0.8,1.7,0.5,24016.900121
5.4,6.3,0.8,2.0,0.8,0.8,2.2,0.5,25685.27634
5.4,6.3,0.8,2.0,0.8,0.8,1.7,0.8,25598.892672
5.4,7.0,1.0,0.7,0.8,0.8,2.2,0.8,26358.684996
9.9,6.3,1.0,0.7,0.8,0.8,2.2,0.8,27464.455237000002
9.9,7.0,0.8,0.7,0.8,0.8,2.2,0.8,24446.625446
9.9,7.0,1.0,2.0,0.8,0.8,2.2,0.8,27176.901639
9.9,7.0,1.0,0.7,0.8,0.8,2.2,0.8,26782.179363
9.9,7.0,1.0,0.7,0.8,0.8,2.2,0.8,27500.970042
9.9,7.0,1.0,0.7,0.8,0.8,1.7,0.8,27262.413549999997
9.9,7.0,1.0,0.7,0.8,0.8,2.2,0.5,27277.639365
9.9,7.0,1.0,0.7,0.8,0.8,2.2,0.8,27845.188549
8.4,9.3,1.9,4.7,0.3,0.3,4.7,1.7,27201.216521
6.9,9.3,1.9,4.7,0.3,0.3,4.7,1.7,26231.939158
8.4,10.0,1.9,4.7,0.3,0.3,4.7,1.7,27290.344806
8.4,9.3,2.1,4.7,0.3,0.3,4.7,1.7,27076.595334999998
8.4,9.3,1.9,3.3,0.3,0.3,4.7,1.7,26493.280169999998
8.4,9.3,1.9,4.7,0.3,0.3,4.7,1.7,27012.398306
8.4,9.3,1.9,4.7,0.3,0.3,4.7,1.7,27183.678584
8.4,9.3,1.9,4.7,0.3,0.3,5.2,1.7,21539.298791
8.4,9.3,1.9,4.7,0.3,0.3,4.7,2.0,26317.911693000002
8.4,10.0,2.1,3.3,0.3,0.3,5.2,2.0,27096.367470999998
6.9,9.3,2.1,3.3,0.3,0.3,5.2,2.0,26283.231486
6.9,10.0,1.9,3.3,0.3,0.3,5.2,2.0,25902.352272
6.9,10.0,2.1,4.7,0.3,0.3,5.2,2.0,26221.372188
6.9,10.0,2.1,3.3,0.3,0.3,5.2,2.0,26183.005706999997
6.9,10.0,2.1,3.3,0.3,0.3,5.2,2.0,26580.375046
6.9,10.0,2.1,3.3,0.3,0.3,4.7,2.0,25787.036385
6.9,10.0,2.1,3.3,0.3,0.3,5.2,1.7,25757.464803000003
6.9,10.0,2.1,3.3,0.3,0.3,5.2,2.0,26771.081176
9.9,7.8,1.4,0.7,0.1,0.1,0.3,2.4,28135.23431
5.4,7.8,1.4,0.7,0.1,0.1,0.3,2.4,25713.593528
9.9,11.5,1.4,0.7,0.1,0.1,0.3,2.4,27448.465331000003
9.9,7.8,1.6,0.7,0.1,0.1,0.3,2.4,19840.239832
9.9,7.8,1.4,4.7,0.1,0.1,0.3,2.4,26218.666321999997
9.9,7.8,1.4,0.7,0.6,0.1,0.3,2.4,27460.163913
9.9,7.8,1.4,0.7,0.1,0.6,0.3,2.4,26861.991983
9.9,7.8,1.4,0.7,0.1,0.1,3.7,2.4,23438.632865
9.9,7.8,1.4,0.7,0.1,0.1,0.3,0.1,20043.234581
9.9,11.5,1.6,4.7,0.6,0.6,3.7,0.1,20649.664173999998
5.4,7.8,1.6,4.7,0.6,0.6,3.7,0.1,25414.398467
5.4,11.5,1.4,4.7,0.6,0.6,3.7,0.1,25736.027792
5.4,11.5,1.6,0.7,0.6,0.6,3.7,0.1,25830.901176
5.4,11.5,1.6,4.7,0.1,0.6,3.7,0.1,23656.336940999998
5.4,11.5,1.6,4.7,0.6,0.1,3.7,0.1,26082.354364
5.4,11.5,1.6,4.7,0.6,0.6,0.3,0.1,25460.050687000003
5.4,11.5,1.6,4.7,0.6,0.6,3.7,2.4,26472.979917
5.4,11.5,1.6,4.7,0.6,0.6,3.7,0.1,25950.534483
6.9,10.8,2.5,3.3,0.6,0.6,3.2,1.1,26339.262193000002
8.4,10.8,2.5,3.3,0.6,0.6,3.2,1.1,26922.531507
6.9,8.5,2.5,3.3,0.6,0.6,3.2,1.1,25899.602544
6.9,10.8,0.5,3.3,0.6,0.6,3.2,1.1,25964.499075
6.9,10.8,2.5,2.0,0.6,0.6,3.2,1.1,26294.732824
6.9,10.8,2.5,3.3,0.1,0.6,3.2,1.1,17294.502994000002
6.9,10.8,2.5,3.3,0.6,0.1,3.2,1.1,25985.362727000003
6.9,10.8,2.5,3.3,0.6,0.6,0.8,1.1,25942.164750999997
6.9,10.8,2.5,3.3,0.6,0.6,3.2,1.4,26045.21061
6.9,8.5,0.5,2.0,0.1,0.1,0.8,1.4,25849.404871
8.4,10.8,0.5,2.0,0.1,0.1,0.8,1.4,27071.206506000002
8.4,8.5,2.5,2.0,0.1,0.1,0.8,1.4,26126.464001
8.4,8.5,0.5,3.3,0.1,0.1,0.8,1.4,26766.830653000005
8.4,8.5,0.5,2.0,0.6,0.1,0.8,1.4,27111.010261
8.4,8.5,0.5,2.0,0.1,0.6,0.8,1.4,17562.035641000002
8.4,8.5,0.5,2.0,0.1,0.1,3.2,1.4,26560.399322
8.4,8.5,0.5,2.0,0.1,0.1,0.8,1.1,26120.375396
8.4,8.5,0.5,2.0,0.1,0.1,0.8,1.4,13440.537861
6.1,8.6,1.6,2.7,0.7,1.0,1.0,2.0,26076.707411999996
4.6,8.6,1.6,2.7,0.7,1.0,1.0,2.0,26095.292499999996
6.1,9.2,1.6,2.7,0.7,1.0,1.0,2.0,25582.966424
6.1,8.6,1.8,2.7,0.7,1.0,1.0,2.0,26022.457030999998
6.1,8.6,1.6,1.4,0.7,1.0,1.0,2.0,26206.325725000002
6.1,8.6,1.6,2.7,0.7,1.0,1.0,2.0,25577.999288
6.1,8.6,1.6,2.7,0.7,0.5,1.0,2.0,25847.224784
6.1,8.6,1.6,2.7,0.7,1.0,0.0,2.0,27017.339183
6.1,8.6,1.6,2.7,0.7,1.0,1.0,1.7,25787.392619
6.1,9.2,1.8,1.4,0.7,0.5,0.0,1.7,25641.099383
4.6,8.6,1.8,1.4,0.7,0.5,0.0,1.7,24322.025892
4.6,9.2,1.6,1.4,0.7,0.5,0.0,1.7,25754.703537
4.6,9.2,1.8,2.7,0.7,0.5,0.0,1.7,25920.615596000003
4.6,9.2,1.8,1.4,0.7,0.5,0.0,1.7,24051.659888000002
4.6,9.2,1.8,1.4,0.7,1.0,0.0,1.7,26055.10304
4.6,9.2,1.8,1.4,0.7,0.5,1.0,1.7,25621.700629
4.6,9.2,1.8,1.4,0.7,0.5,0.0,2.0,25267.815687000002
4.6,9.2,1.8,1.4,0.7,0.5,0.0,1.7,25568.708676
9.1,11.6,0.5,0.0,0.2,0.5,4.0,0.8,30399.081922999998
7.6,11.6,0.5,0.0,0.2,0.5,4.0,0.8,28991.875614
9.1,6.2,0.5,0.0,0.2,0.5,4.0,0.8,29656.512902000002
9.1,11.6,0.7,0.0,0.2,0.5,4.0,0.8,26385.405614000003
9.1,11.6,0.5,4.0,0.2,0.5,4.0,0.8,25357.036775
9.1,11.6,0.5,0.0,0.2,0.5,4.0,0.8,30311.326201000003
9.1,11.6,0.5,0.0,0.2,1.0,4.0,0.8,29776.327519
9.1,11.6,0.5,0.0,0.2,0.5,3.0,0.8,30768.42161
9.1,11.6,0.5,0.0,0.2,0.5,4.0,0.5,29888.367617
9.1,6.2,0.7,4.0,0.2,1.0,3.0,0.5,26841.920584
7.6,11.6,0.7,4.0,0.2,1.0,3.0,0.5,25556.365971
7.6,6.2,0.5,4.0,0.2,1.0,3.0,0.5,26195.980056
7.6,6.2,0.7,0.0,0.2,1.0,3.0,0.5,28901.685466
7.6,6.2,0.7,4.0,0.2,1.0,3.0,0.5,22127.387962
7.6,6.2,0.7,4.0,0.2,0.5,3.0,0.5,26200.153724000003
7.6,6.2,0.7,4.0,0.2,1.0,4.0,0.5,25573.847590999998
7.6,6.2,0.7,4.0,0.2,1.0,3.0,0.8,22266.092101000002
7.6,6.2,0.7,4.0,0.2,1.0,3.0,0.5,26261.892942
7.6,7.1,2.2,4.0,0.5,0.2,2.5,0.2,25621.822112
9.1,7.1,2.2,4.0,0.5,0.2,2.5,0.2,27094.910073
7.6,7.7,2.2,4.0,0.5,0.2,2.5,0.2,27340.316326
7.6,7.1,1.3,4.0,0.5,0.2,2.5,0.2,17139.906323
7.6,7.1,2.2,2.7,0.5,0.2,2.5,0.2,26301.685965
7.6,7.1,2.2,4.0,1.0,0.2,2.5,0.2,25979.790661
7.6,7.1,2.2,4.0,0.5,0.2,2.5,0.2,23466.084789
7.6,7.1,2.2,4.0,0.5,0.2,4.5,0.2,26709.076834
7.6,7.1,2.2,4.0,0.5,0.2,2.5,2.3,26836.379743999998
7.6,7.7,1.3,2.7,1.0,0.2,4.5,2.3,26515.650859999998
9.1,7.1,1.3,2.7,1.0,0.2,4.5,2.3,22410.405115
9.1,7.7,2.2,2.7,1.0,0.2,4.5,2.3,27086.465244
9.1,7.7,1.3,4.0,1.0,0.2,4.5,2.3,26425.327139
9.1,7.7,1.3,2.7,0.5,0.2,4.5,2.3,26817.791092
9.1,7.7,1.3,2.7,1.0,0.2,4.5,2.3,26638.975034000003
9.1,7.7,1.3,2.7,1.0,0.2,2.5,2.3,27050.856092
9.1,7.7,1.3,2.7,1.0,0.2,4.5,0.2,26653.449445
9.1,7.7,1.3,2.7,1.0,0.2,4.5,2.3,27009.052784
4.6,10.1,1.1,1.4,1.0,0.7,5.4,1.4,26657.275081
6.1,10.1,1.1,1.4,1.0,0.7,5.4,1.4,26085.792385
4.6,10.7,1.1,1.4,1.0,0.7,5.4,1.4,25832.166569
4.6,10.1,2.4,1.4,1.0,0.7,5.4,1.4,24782.566846
4.6,10.1,1.1,0.0,1.0,0.7,5.4,1.4,28513.738168000003
4.6,10.1,1.1,1.4,0.5,0.7,5.4,1.4,25502.797565999997
4.6,10.1,1.1,1.4,1.0,0.7,5.4,1.4,25600.520062
4.6,10.1,1.1,1.4,1.0,0.7,1.5,1.4,25406.250179000002
4.6,10.1,1.1,1.4,1.0,0.7,5.4,1.1,25912.848513
4.6,10.7,2.4,0.0,0.5,0.7,1.5,1.1,31080.108053
6.1,10.1,2.4,0.0,0.5,0.7,1.5,1.1,29932.365641000004
6.1,10.7,1.1,0.0,0.5,0.7,1.5,1.1,29611.279792
6.1,10.7,2.4,1.4,0.5,0.7,1.5,1.1,26227.026446
6.1,10.7,2.4,0.0,1.0,0.7,1.5,1.1,28607.067114
6.1,10.7,2.4,0.0,0.5,0.7,1.5,1.1,31094.792294
6.1,10.7,2.4,0.0,0.5,0.7,5.4,1.1,30648.619929
6.1,10.7,2.4,0.0,0.5,0.7,1.5,1.4,31561.13376
6.1,10.7,2.4,0.0,0.5,0.7,1.5,1.1,29357.654797
4.5,6.9,1.8,3.8,0.1,0.5,4.1,0.2,11401.222706
6.7,6.9,1.8,3.8,0.1,0.5,4.1,0.2,20332.419064
4.5,7.9,1.8,3.8,0.1,0.5,4.1,0.2,17292.748746999998
4.5,6.9,2.5,3.8,0.1,0.5,4.1,0.2,18813.731589000003
4.5,6.9,1.8,1.9,0.1,0.5,4.1,0.2,25983.649499
4.5,6.9,1.8,3.8,0.6,0.5,4.1,0.2,25204.32768
4.5,6.9,1.8,3.8,0.1,0.5,4.1,0.2,19861.206826999998
4.5,6.9,1.8,3.8,0.1,0.5,5.4,0.2,13246.573898
4.5,6.9,1.8,3.8,0.1,0.5,4.1,1.8,22410.507578999997
4.5,7.9,2.5,1.9,0.6,0.5,5.4,1.8,25125.494753
6.7,6.9,2.5,1.9,0.6,0.5,5.4,1.8,25917.701972000003
6.7,7.9,1.8,1.9,0.6,0.5,5.4,1.8,26046.541219
6.7,7.9,2.5,3.8,0.6,0.5,5.4,1.8,26103.633003000003
6.7,7.9,2.5,1.9,0.1,0.5,5.4,1.8,25833.84331
6.7,7.9,2.5,1.9,0.6,0.5,5.4,1.8,26386.188277999998
6.7,7.9,2.5,1.9,0.6,0.5,4.1,1.8,26357.443462
6.7,7.9,2.5,1.9,0.6,0.5,5.4,0.2,20458.551158000002
6.7,7.9,2.5,1.9,0.6,0.5,5.4,1.8,25972.735682
7.5,9.9,0.7,1.2,0.6,1.0,1.2,1.5,26361.119102
9.7,9.9,0.7,1.2,0.6,1.0,1.2,1.5,26831.853514000002
7.5,10.9,0.7,1.2,0.6,1.0,1.2,1.5,26256.083941999997
7.5,9.9,1.4,1.2,0.6,1.0,1.2,1.5,26383.287658
7.5,9.9,0.7,4.5,0.6,1.0,1.2,1.5,26210.016147000002
7.5,9.9,0.7,1.2,0.1,1.0,1.2,1.5,23767.51984
7.5,9.9,0.7,1.2,0.6,0.0,1.2,1.5,25669.008800000003
7.5,9.9,0.7,1.2,0.6,1.0,2.4,1.5,26244.737201999997
7.5,9.9,0.7,1.2,0.6,1.0,1.2,0.5,26144.435259
7.5,10.9,1.4,4.5,0.1,0.0,2.4,0.5,23776.495925
9.7,9.9,1.4,4.5,0.1,0.0,2.4,0.5,22487.954315000003
9.7,10.9,0.7,4.5,0.1,0.0,2.4,0.5,19840.590392
9.7,10.9,1.4,1.2,0.1,0.0,2.4,0.5,22154.540361
9.7,10.9,1.4,4.5,0.6,0.0,2.4,0.5,27599.561859
9.7,10.9,1.4,4.5,0.1,1.0,2.4,0.5,26205.728772
9.7,10.9,1.4,4.5,0.1,0.0,1.2,0.5,27758.530867999998
9.7,10.9,1.4,4.5,0.1,0.0,2.4,1.5,26951.001045000005
9.7,10.9,1.4,4.5,0.1,0.0,2.4,0.5,20283.917086
9.0,8.4,2.4,5.2,0.8,0.7,5.6,2.1,16994.696967999997
8.2,8.4,2.4,5.2,0.8,0.7,5.6,2.1,27374.218676999997
9.0,9.4,2.4,5.2,0.8,0.7,5.6,2.1,27614.650701
9.0,8.4,0.8,5.2,0.8,0.7,5.6,2.1,25837.260591
9.0,8.4,2.4,3.2,0.8,0.7,5.6,2.1,26687.407139000003
9.0,8.4,2.4,5.2,0.8,0.7,5.6,2.1,27458.665665
9.0,8.4,2.4,5.2,0.8,0.8,5.6,2.1,27292.017764999997
9.0,8.4,2.4,5.2,0.8,0.7,1.0,2.1,26923.079875999996
9.0,8.4,2.4,5.2,0.8,0.7,5.6,2.4,26597.131993000003
9.0,9.4,0.8,3.2,0.8,0.8,1.0,2.4,26386.549979999996
8.2,8.4,0.8,3.2,0.8,0.8,1.0,2.4,26421.454809000003
8.2,9.4,2.4,3.2,0.8,0.8,1.0,2.4,26645.205381
8.2,9.4,0.8,5.2,0.8,0.8,1.0,2.4,26906.838298000002
8.2,9.4,0.8,3.2,0.8,0.8,1.0,2.4,26638.732796999997
8.2,9.4,0.8,3.2,0.8,0.7,1.0,2.4,26552.067521999998
8.2,9.4,0.8,3.2,0.8,0.8,5.6,2.4,26837.312603
8.2,9.4,0.8,3.2,0.8,0.8,1.0,2.1,26979.341816
8.2,9.4,0.8,3.2,0.8,0.8,1.0,2.4,26653.108014
6.0,11.4,1.3,2.5,0.3,0.2,2.7,0.9,25715.087325
5.2,11.4,1.3,2.5,0.3,0.2,2.7,0.9,25799.490181
6.0,6.4,1.3,2.5,0.3,0.2,2.7,0.9,22766.916394
6.0,11.4,1.9,2.5,0.3,0.2,2.7,0.9,25847.086271
6.0,11.4,1.3,0.5,0.3,0.2,2.7,0.9,23313.199357
6.0,11.4,1.3,2.5,0.3,0.2,2.7,0.9,26346.484217999998
6.0,11.4,1.3,2.5,0.3,0.3,2.7,0.9,25367.739627000003
6.0,11.4,1.3,2.5,0.3,0.2,3.9,0.9,22869.966438
6.0,11.4,1.3,2.5,0.3,0.2,2.7,1.2,25866.658476999997
6.0,6.4,1.9,0.5,0.3,0.3,3.9,1.2,25883.535547
5.2,11.4,1.9,0.5,0.3,0.3,3.9,1.2,25349.146233
5.2,6.4,1.3,0.5,0.3,0.3,3.9,1.2,16322.874177
5.2,6.4,1.9,2.5,0.3,0.3,3.9,1.2,25715.394104
5.2,6.4,1.9,0.5,0.3,0.3,3.9,1.2,25524.914971
5.2,6.4,1.9,0.5,0.3,0.2,3.9,1.2,19985.490267999998
5.2,6.4,1.9,0.5,0.3,0.3,2.7,1.2,25875.424813999998
5.2,6.4,1.9,0.5,0.3,0.3,3.9,0.9,18619.884727999997
5.2,6.4,1.9,0.5,0.3,0.3,3.9,1.2,25840.202261
6.7,7.6,0.5,1.9,0.4,0.4,4.9,2.4,26057.428214
7.5,7.6,0.5,1.9,0.4,0.4,4.9,2.4,25960.843749
6.7,11.7,0.5,1.9,0.4,0.4,4.9,2.4,25662.627668
6.7,7.6,0.5,1.9,0.4,0.4,4.9,2.4,25480.061234
6.7,7.6,0.5,1.2,0.4,0.4,4.9,2.4,26623.335947
6.7,7.6,0.5,1.9,0.9,0.4,4.9,2.4,26456.600206000003
6.7,7.6,0.5,1.9,0.4,0.1,4.9,2.4,26381.184136
6.7,7.6,0.5,1.9,0.4,0.4,3.2,2.4,26139.621089
6.7,7.6,0.5,1.9,0.4,0.4,4.9,0.8,19297.991126
6.7,11.7,0.5,1.2,0.9,0.1,3.2,0.8,26130.386867999998
7.5,7.6,0.5,1.2,0.9,0.1,3.2,0.8,26300.078142
7.5,11.7,0.5,1.2,0.9,0.1,3.2,0.8,26722.811157
7.5,11.7,0.5,1.9,0.9,0.1,3.2,0.8,25542.918903
7.5,11.7,0.5,1.2,0.4,0.1,3.2,0.8,26586.491549
7.5,11.7,0.5,1.2,0.9,0.4,3.2,0.8,26338.656488
7.5,11.7,0.5,1.2,0.9,0.1,4.9,0.8,26457.966872999998
7.5,11.7,0.5,1.2,0.9,0.1,3.2,2.4,26562.889737999998
7.5,11.7,0.5,1.2,0.9,0.1,3.2,0.8,26589.373103
9.7,10.6,1.6,4.5,0.9,0.9,1.9,1.2,26164.677626999997
4.5,10.6,1.6,4.5,0.9,0.9,1.9,1.2,25683.061466
9.7,8.7,1.6,4.5,0.9,0.9,1.9,1.2,27151.969141
9.7,10.6,1.6,4.5,0.9,0.9,1.9,1.2,27463.887637
9.7,10.6,1.6,3.8,0.9,0.9,1.9,1.2,27438.016765999997
9.7,10.6,1.6,4.5,0.4,0.9,1.9,1.2,27454.052622
9.7,10.6,1.6,4.5,0.9,0.6,1.9,1.2,27464.580425
9.7,10.6,1.6,4.5,0.9,0.9,0.2,1.2,27219.482721
9.7,10.6,1.6,4.5,0.9,0.9,1.9,2.1,27805.692102999998
9.7,8.7,1.6,3.8,0.4,0.6,0.2,2.1,27174.565523
4.5,10.6,1.6,3.8,0.4,0.6,0.2,2.1,26255.523890999997
4.5,8.7,1.6,3.8,0.4,0.6,0.2,2.1,26212.516138
4.5,8.7,1.6,4.5,0.4,0.6,0.2,2.1,25435.677119
4.5,8.7,1.6,3.8,0.9,0.6,0.2,2.1,25885.849753000002
4.5,8.7,1.6,3.8,0.4,0.9,0.2,2.1,25686.213808
4.5,8.7,1.6,3.8,0.4,0.6,1.9,2.1,25538.519392000002
4.5,8.7,1.6,3.8,0.4,0.6,0.2,1.2,25505.387099
4.5,8.7,1.6,3.8,0.4,0.6,0.2,2.1,25592.234775999998
8.2,6.1,1.0,0.5,0.7,0.6,3.4,0.6,26646.776132000003
6.0,6.1,1.0,0.5,0.7,0.6,3.4,0.6,17105.571471
8.2,7.2,1.0,0.5,0.7,0.6,3.4,0.6,26800.387325000003
8.2,6.1,2.2,0.5,0.7,0.6,3.4,0.6,26203.718544999996
8.2,6.1,1.0,5.2,0.7,0.6,3.4,0.6,26339.978798
8.2,6.1,1.0,0.5,0.7,0.6,3.4,0.6,25943.166710999998
8.2,6.1,1.0,0.5,0.7,0.4,3.4,0.6,24484.001643
8.2,6.1,1.0,0.5,0.7,0.6,1.7,0.6,23345.545173
8.2,6.1,1.0,0.5,0.7,0.6,3.4,0.2,22072.414769
8.2,7.2,2.2,5.2,0.7,0.4,1.7,0.2,26479.557122
6.0,6.1,2.2,5.2,0.7,0.4,1.7,0.2,25614.83742
6.0,7.2,1.0,5.2,0.7,0.4,1.7,0.2,17693.718157000003
6.0,7.2,2.2,0.5,0.7,0.4,1.7,0.2,17287.445071000002
6.0,7.2,2.2,5.2,0.7,0.4,1.7,0.2,20512.944267
6.0,7.2,2.2,5.2,0.7,0.6,1.7,0.2,20090.30788
6.0,7.2,2.2,5.2,0.7,0.4,3.4,0.2,24032.040488
6.0,7.2,2.2,5.2,0.7,0.4,1.7,0.6,26213.957448
6.0,7.2,2.2,5.2,0.7,0.4,1.7,0.2,20614.536191
5.2,9.1,2.1,3.2,0.2,0.1,0.4,1.8,25456.063086000002
9.0,9.1,2.1,3.2,0.2,0.1,0.4,1.8,19505.579359999996
5.2,10.2,2.1,3.2,0.2,0.1,0.4,1.8,25178.896719999997
5.2,9.1,1.1,3.2,0.2,0.1,0.4,1.8,26097.930607000002
5.2,9.1,2.1,2.5,0.2,0.1,0.4,1.8,25677.112035
5.2,9.1,2.1,3.2,0.2,0.1,0.4,1.8,25691.657151
5.2,9.1,2.1,3.2,0.2,0.9,0.4,1.8,26294.403688000002
5.2,9.1,2.1,3.2,0.2,0.1,4.6,1.8,24893.879853
5.2,9.1,2.1,3.2,0.2,0.1,0.4,1.5,25640.677651
5.2,10.2,1.1,2.5,0.2,0.9,4.6,1.5,25397.075908
9.0,9.1,1.1,2.5,0.2,0.9,4.6,1.5,24546.210732
9.0,10.2,2.1,2.5,0.2,0.9,4.6,1.5,26148.969388999998
9.0,10.2,1.1,3.2,0.2,0.9,4.6,1.5,26539.913379
9.0,10.2,1.1,2.5,0.2,0.9,4.6,1.5,26964.793098000002
9.0,10.2,1.1,2.5,0.2,0.1,4.6,1.5,26971.879924
9.0,10.2,1.1,2.5,0.2,0.9,0.4,1.5,26905.40083
9.0,10.2,1.1,2.5,0.2,0.9,4.6,1.8,27030.831616
9.0,10.2,1.1,2.5,0.2,0.9,4.6,1.5,27124.416599999997
4.8,8.8,0.9,4.2,0.6,0.2,4.5,2.3,20968.175756
7.1,8.8,0.9,4.2,0.6,0.2,4.5,2.3,23676.801651
4.8,6.1,0.9,4.2,0.6,0.2,4.5,2.3,26135.693484
4.8,8.8,0.9,4.2,0.6,0.2,4.5,2.3,25848.988924
4.8,8.8,0.9,1.5,0.6,0.2,4.5,2.3,25363.986788000002
4.8,8.8,0.9,4.2,0.5,0.2,4.5,2.3,25903.383949000003
4.8,8.8,0.9,4.2,0.6,0.4,4.5,2.3,25559.969269
4.8,8.8,0.9,4.2,0.6,0.2,1.3,2.3,25856.086221
4.8,8.8,0.9,4.2,0.6,0.2,4.5,0.7,20231.857950999998
4.8,6.1,0.9,1.5,0.5,0.4,1.3,0.7,25468.014035
7.1,8.8,0.9,1.5,0.5,0.4,1.3,0.7,25894.042447
7.1,6.1,0.9,1.5,0.5,0.4,1.3,0.7,25799.533658
7.1,6.1,0.9,4.2,0.5,0.4,1.3,0.7,26071.619777
7.1,6.1,0.9,1.5,0.6,0.4,1.3,0.7,19602.293383000004
7.1,6.1,0.9,1.5,0.5,0.2,1.3,0.7,25832.102285
7.1,6.1,0.9,1.5,0.5,0.4,4.5,0.7,25152.007619
7.1,6.1,0.9,1.5,0.5,0.4,1.3,2.3,26223.810933
7.1,6.1,0.9,1.5,0.5,0.4,1.3,0.7,25472.874812000002
7.8,11.8,2.0,1.5,0.1,0.7,1.6,1.0,26232.354839000003
4.1,11.8,2.0,1.5,0.1,0.7,1.6,1.0,25929.090694
7.8,9.1,2.0,1.5,0.1,0.7,1.6,1.0,26506.094976
7.8,11.8,2.0,1.5,0.1,0.7,1.6,1.0,26272.59207
7.8,11.8,2.0,4.2,0.1,0.7,1.6,1.0,18919.669499
7.8,11.8,2.0,1.5,1.0,0.7,1.6,1.0,26183.176596
7.8,11.8,2.0,1.5,0.1,0.9,1.6,1.0,26676.669139999998
7.8,11.8,2.0,1.5,0.1,0.7,4.3,1.0,18468.638965
7.8,11.8,2.0,1.5,0.1,0.7,1.6,1.9,19341.357734999998
7.8,9.1,2.0,4.2,1.0,0.9,4.3,1.9,16563.197616999998
4.1,11.8,2.0,4.2,1.0,0.9,4.3,1.9,25763.803162000004
4.1,9.1,2.0,4.2,1.0,0.9,4.3,1.9,26741.948384
4.1,9.1,2.0,1.5,1.0,0.9,4.3,1.9,26253.827169
4.1,9.1,2.0,4.2,0.1,0.9,4.3,1.9,25353.320544
4.1,9.1,2.0,4.2,1.0,0.7,4.3,1.9,26342.946548
4.1,9.1,2.0,4.2,1.0,0.9,1.6,1.9,25933.805500000002
4.1,9.1,2.0,4.2,1.0,0.9,4.3,1.0,25752.644395
4.1,9.1,2.0,4.2,1.0,0.9,4.3,1.9,26406.714062
9.3,7.3,0.3,2.8,0.4,0.9,3.0,0.4,26477.512488
5.6,7.3,0.3,2.8,0.4,0.9,3.0,0.4,25999.283272
9.3,10.6,0.3,2.8,0.4,0.9,3.0,0.4,26634.842875
9.3,7.3,1.5,2.8,0.4,0.9,3.0,0.4,27063.101638
9.3,7.3,0.3,2.8,0.4,0.9,3.0,0.4,25357.480149
9.3,7.3,0.3,2.8,0.2,0.9,3.0,0.4,25358.564135999997
9.3,7.3,0.3,2.8,0.4,0.2,3.0,0.4,23556.816267000002
9.3,7.3,0.3,2.8,0.4,0.9,5.8,0.4,27113.105150000003
9.3,7.3,0.3,2.8,0.4,0.9,3.0,0.1,26571.698607
9.3,10.6,1.5,2.8,0.2,0.2,5.8,0.1,19233.790201
5.6,7.3,1.5,2.8,0.2,0.2,5.8,0.1,22636.187373
5.6,10.6,0.3,2.8,0.2,0.2,5.8,0.1,21059.422964
5.6,10.6,1.5,2.8,0.2,0.2,5.8,0.1,18904.635589999998
5.6,10.6,1.5,2.8,0.4,0.2,5.8,0.1,25764.774494999998
5.6,10.6,1.5,2.8,0.2,0.9,5.8,0.1,21260.361160999997
5.6,10.6,1.5,2.8,0.2,0.2,3.0,0.1,17440.656121
5.6,10.6,1.5,2.8,0.2,0.2,5.8,0.4,18697.732381
5.6,10.6,1.5,2.8,0.2,0.2,5.8,0.1,25862.605059999998
6.3,10.3,1.4,0.2,0.9,0.4,0.1,1.7,26395.703465
8.6,10.3,1.4,0.2,0.9,0.4,0.1,1.7,26900.322181999996
6.3,7.6,1.4,0.2,0.9,0.4,0.1,1.7,17762.839917
6.3,10.3,0.4,0.2,0.9,0.4,0.1,1.7,26818.880043
6.3,10.3,1.4,0.2,0.9,0.4,0.1,1.7,26217.100104999998
6.3,10.3,1.4,0.2,0.7,0.4,0.1,1.7,26489.068614
6.3,10.3,1.4,0.2,0.9,0.7,0.1,1.7,26207.094858000004
6.3,10.3,1.4,0.2,0.9,0.4,2.8,1.7,19967.123075
6.3,10.3,1.4,0.2,0.9,0.4,0.1,1.3,26577.674604
6.3,7.6,0.4,0.2,0.7,0.7,2.8,1.3,25147.545621999998
8.6,10.3,0.4,0.2,0.7,0.7,2.8,1.3,27377.954311
8.6,7.6,1.4,0.2,0.7,0.7,2.8,1.3,27003.181038
8.6,7.6,0.4,0.2,0.7,0.7,2.8,1.3,26623.397767000002
8.6,7.6,0.4,0.2,0.9,0.7,2.8,1.3,26995.497988
8.6,7.6,0.4,0.2,0.7,0.4,2.8,1.3,21843.173548
8.6,7.6,0.4,0.2,0.7,0.7,0.1,1.3,27012.130593
8.6,7.6,0.4,0.2,0.7,0.7,2.8,1.7,26931.723238
8.6,7.6,0.4,0.2,0.7,0.7,2.8,1.3,26887.450901
5.6,6.5,2.3,0.9,1.0,0.1,3.8,0.1,25294.22241
6.3,6.5,2.3,0.9,1.0,0.1,3.8,0.1,21501.277209
5.6,9.8,2.3,0.9,1.0,0.1,3.8,0.1,26340.360410999998
5.6,6.5,1.8,0.9,1.0,0.1,3.8,0.1,22122.546038
5.6,6.5,2.3,0.9,1.0,0.1,3.8,0.1,26157.693186
5.6,6.5,2.3,0.9,0.1,0.1,3.8,0.1,25496.989325000002
5.6,6.5,2.3,0.9,1.0,0.8,3.8,0.1,25495.895695
5.6,6.5,2.3,0.9,1.0,0.1,2.1,0.1,17579.146999999997
5.6,6.5,2.3,0.9,1.0,0.1,3.8,1.6,25829.26412
5.6,9.8,1.8,0.9,0.1,0.8,2.1,1.6,25727.279219
6.3,6.5,1.8,0.9,0.1,0.8,2.1,1.6,19265.343706
6.3,9.8,2.3,0.9,0.1,0.8,2.1,1.6,25780.72313
6.3,9.8,1.8,0.9,0.1,0.8,2.1,1.6,17797.494667
6.3,9.8,1.8,0.9,1.0,0.8,2.1,1.6,26334.731108
6.3,9.8,1.8,0.9,0.1,0.1,2.1,1.6,25828.017406
6.3,9.8,1.8,0.9,0.1,0.8,3.8,1.6,23135.895123000002
6.3,9.8,1.8,0.9,0.1,0.8,2.1,0.1,23776.282789999997
6.3,9.8,1.8,0.9,0.1,0.8,2.1,1.6,20799.476016
8.6,9.5,1.2,3.5,0.5,0.6,0.8,1.3,26218.369360999997
9.3,9.5,1.2,3.5,0.5,0.6,0.8,1.3,26498.139322
8.6,6.8,1.2,3.5,0.5,0.6,0.8,1.3,26518.661767999998
8.6,9.5,0.7,3.5,0.5,0.6,0.8,1.3,26911.327045
8.6,9.5,1.2,3.5,0.5,0.6,0.8,1.3,26237.82839
8.6,9.5,1.2,3.5,0.6,0.6,0.8,1.3,26821.315704999997
8.6,9.5,1.2,3.5,0.5,0.3,0.8,1.3,26632.997169000002
8.6,9.5,1.2,3.5,0.5,0.6,5.0,1.3,26669.310084
8.6,9.5,1.2,3.5,0.5,0.6,0.8,0.4,26735.84773
8.6,6.8,0.7,3.5,0.6,0.3,5.0,0.4,26541.644401999998
9.3,9.5,0.7,3.5,0.6,0.3,5.0,0.4,26858.563703
9.3,6.8,1.2,3.5,0.6,0.3,5.0,0.4,27471.526536999998
9.3,6.8,0.7,3.5,0.6,0.3,5.0,0.4,26145.137105
9.3,6.8,0.7,3.5,0.5,0.3,5.0,0.4,27282.622559
9.3,6.8,0.7,3.5,0.6,0.6,5.0,0.4,26617.138893000003
9.3,6.8,0.7,3.5,0.6,0.3,0.8,0.4,26767.080002
9.3,6.8,0.7,3.5,0.6,0.3,5.0,1.3,27264.887392000004
9.3,6.8,0.7,3.5,0.6,0.3,5.0,0.4,26690.800778
7.1,8.0,1.7,2.2,0.2,0.8,5.2,2.0,26007.216864
7.8,8.0,1.7,2.2,0.2,0.8,5.2,2.0,21456.119499
7.1,8.3,1.7,2.2,0.2,0.8,5.2,2.0,26188.23992
7.1,8.0,1.2,2.2,0.2,0.8,5.2,2.0,26141.513673
7.1,8.0,1.7,4.8,0.2,0.8,5.2,2.0,26122.489509
7.1,8.0,1.7,2.2,0.4,0.8,5.2,2.0,25910.255248
7.1,8.0,1.7,2.2,0.2,0.6,5.2,2.0,26467.429709
7.1,8.0,1.7,2.2,0.2,0.8,3.5,2.0,25844.764192000002
7.1,8.0,1.7,2.2,0.2,0.8,5.2,2.3,25912.839767
7.1,8.3,1.2,4.8,0.4,0.6,3.5,2.3,26419.071354
7.8,8.0,1.2,4.8,0.4,0.6,3.5,2.3,27366.785304
7.8,8.3,1.7,4.8,0.4,0.6,3.5,2.3,26872.290605000002
7.8,8.3,1.2,2.2,0.4,0.6,3.5,2.3,17305.174983
7.8,8.3,1.2,4.8,0.2,0.6,3.5,2.3,26563.143629000002
7.8,8.3,1.2,4.8,0.4,0.8,3.5,2.3,25992.910559999997
7.8,8.3,1.2,4.8,0.4,0.6,5.2,2.3,26172.135561999996
7.8,8.3,1.2,4.8,0.4,0.6,3.5,2.0,20618.057292999998
7.8,8.3,1.2,4.8,0.4,0.6,3.5,2.3,26033.088600000003
4.1,11.0,0.6,4.8,0.7,0.3,2.3,0.7,26071.431229
4.8,11.0,0.6,4.8,0.7,0.3,2.3,0.7,25341.04905
4.1,11.3,0.6,4.8,0.7,0.3,2.3,0.7,25437.92008
4.1,11.0,2.3,4.8,0.7,0.3,2.3,0.7,25875.719676
4.1,11.0,0.6,2.2,0.7,0.3,2.3,0.7,25942.043737
4.1,11.0,0.6,4.8,0.9,0.3,2.3,0.7,26066.099452000002
4.1,11.0,0.6,4.8,0.7,0.1,2.3,0.7,25946.375986
4.1,11.0,0.6,4.8,0.7,0.3,0.6,0.7,25835.400763999998
4.1,11.0,0.6,4.8,0.7,0.3,2.3,1.0,25875.557779000002
4.1,11.3,2.3,2.2,0.9,0.1,0.6,1.0,26517.875222000002
4.8,11.0,2.3,2.2,0.9,0.1,0.6,1.0,26110.658526
4.8,11.3,0.6,2.2,0.9,0.1,0.6,1.0,25983.042725
4.8,11.3,2.3,4.8,0.9,0.1,0.6,1.0,26303.468402
4.8,11.3,2.3,2.2,0.7,0.1,0.6,1.0,26695.870815000002
4.8,11.3,2.3,2.2,0.9,0.3,0.6,1.0,24962.641002999997
4.8,11.3,2.3,2.2,0.9,0.1,2.3,1.0,25850.007400000002
4.8,11.3,2.3,2.2,0.9,0.1,0.6,0.7,26156.467186
4.8,11.3,2.3,2.2,0.9,0.1,0.6,1.0,26124.108400999998
4.1,7.0,2.3,2.5,0.1,0.7,3.0,1.0,19076.27865
5.9,7.0,2.3,2.5,0.1,0.7,3.0,1.0,23462.608597
4.1,10.3,2.3,2.5,0.1,0.7,3.0,1.0,17230.5747
4.1,7.0,2.0,2.5,0.1,0.7,3.0,1.0,20970.368187
4.1,7.0,2.3,1.4,0.1,0.7,3.0,1.0,23571.387706
4.1,7.0,2.3,2.5,0.9,0.7,3.0,1.0,25072.189811
4.1,7.0,2.3,2.5,0.1,0.7,3.0,1.0,25561.239458
4.1,7.0,2.3,2.5,0.1,0.7,3.1,1.0,21520.094199
4.1,7.0,2.3,2.5,0.1,0.7,3.0,2.2,23158.55775
4.1,10.3,2.0,1.4,0.9,0.7,3.1,2.2,26659.311723
5.9,7.0,2.0,1.4,0.9,0.7,3.1,2.2,25778.374389999997
5.9,10.3,2.3,1.4,0.9,0.7,3.1,2.2,25789.805850999997
5.9,10.3,2.0,2.5,0.9,0.7,3.1,2.2,25560.942107000003
5.9,10.3,2.0,1.4,0.1,0.7,3.1,2.2,25912.472564
5.9,10.3,2.0,1.4,0.9,0.7,3.1,2.2,26409.185807
5.9,10.3,2.0,1.4,0.9,0.7,3.0,2.2,26072.122574
5.9,10.3,2.0,1.4,0.9,0.7,3.1,1.0,25745.420313
5.9,10.3,2.0,1.4,0.9,0.7,3.1,2.2,25290.370632
7.1,10.0,1.2,5.2,0.6,0.2,0.0,2.2,25400.028819
8.9,10.0,1.2,5.2,0.6,0.2,0.0,2.2,24723.031995
7.1,7.3,1.2,5.2,0.6,0.2,0.0,2.2,25827.682688
7.1,10.0,0.9,5.2,0.6,0.2,0.0,2.2,26668.95418
7.1,10.0,1.2,4.0,0.6,0.2,0.0,2.2,25971.465099
7.1,10.0,1.2,5.2,0.4,0.2,0.0,2.2,24386.826377999998
7.1,10.0,1.2,5.2,0.6,0.2,0.0,2.2,26581.357825
7.1,10.0,1.2,5.2,0.6,0.2,0.1,2.2,26073.768060000002
7.1,10.0,1.2,5.2,0.6,0.2,0.0,1.0,26086.637646
7.1,7.3,0.9,4.0,0.4,0.2,0.1,1.0,25743.773401000002
8.9,10.0,0.9,4.0,0.4,0.2,0.1,1.0,27079.874659999998
8.9,7.3,1.2,4.0,0.4,0.2,0.1,1.0,26998.340418
8.9,7.3,0.9,5.2,0.4,0.2,0.1,1.0,22632.97584
8.9,7.3,0.9,4.0,0.6,0.2,0.1,1.0,26751.151089
8.9,7.3,0.9,4.0,0.4,0.2,0.1,1.0,20978.512419
8.9,7.3,0.9,4.0,0.4,0.2,0.0,1.0,27488.597676999998
8.9,7.3,0.9,4.0,0.4,0.2,0.1,2.2,27003.566682999997
8.9,7.3,0.9,4.0,0.4,0.2,0.1,1.0,26915.535534000002
8.6,8.5,1.7,1.2,0.9,0.5,4.4,1.6,26954.663502
7.4,8.5,1.7,1.2,0.9,0.5,4.4,1.6,26147.958133
8.6,8.8,1.7,1.2,0.9,0.5,4.4,1.6,26496.553713
8.6,8.5,0.4,1.2,0.9,0.5,4.4,1.6,26516.889569
8.6,8.5,1.7,2.7,0.9,0.5,4.4,1.6,26467.577579000004
8.6,8.5,1.7,1.2,0.7,0.5,4.4,1.6,26321.214941
8.6,8.5,1.7,1.2,0.9,1.0,4.4,1.6,26438.623371
8.6,8.5,1.7,1.2,0.9,0.5,1.6,1.6,26824.100702
8.6,8.5,1.7,1.2,0.9,0.5,4.4,1.6,22617.343107
8.6,8.8,0.4,2.7,0.7,1.0,1.6,1.6,26796.714374
7.4,8.5,0.4,2.7,0.7,1.0,1.6,1.6,26057.88588
7.4,8.8,1.7,2.7,0.7,1.0,1.6,1.6,26229.601096
7.4,8.8,0.4,1.2,0.7,1.0,1.6,1.6,26024.180533000002
7.4,8.8,0.4,2.7,0.9,1.0,1.6,1.6,25853.795711
7.4,8.8,0.4,2.7,0.7,0.5,1.6,1.6,26031.467321
7.4,8.8,0.4,2.7,0.7,1.0,4.4,1.6,26614.829400000002
7.4,8.8,0.4,2.7,0.7,1.0,1.6,1.6,26397.91867
7.4,8.8,0.4,2.7,0.7,1.0,1.6,1.6,26469.495846
5.6,11.5,0.6,3.9,0.4,1.0,1.5,0.4,17540.816172
4.4,11.5,0.6,3.9,0.4,1.0,1.5,0.4,19507.331614000002
5.6,11.8,0.6,3.9,0.4,1.0,1.5,0.4,18022.604285
5.6,11.5,1.5,3.9,0.4,1.0,1.5,0.4,17908.777415999997
5.6,11.5,0.6,0.1,0.4,1.0,1.5,0.4,18364.391908999998
5.6,11.5,0.6,3.9,0.2,1.0,1.5,0.4,17541.435772
5.6,11.5,0.6,3.9,0.4,0.5,1.5,0.4,26289.712119
5.6,11.5,0.6,3.9,0.4,1.0,4.5,0.4,25678.20147
5.6,11.5,0.6,3.9,0.4,1.0,1.5,0.3,24208.535387000004
5.6,11.8,1.5,0.1,0.2,0.5,4.5,0.3,25926.995415999998
4.4,11.5,1.5,0.1,0.2,0.5,4.5,0.3,26255.340556
4.4,11.8,0.6,0.1,0.2,0.5,4.5,0.3,24531.737506
4.4,11.8,1.5,3.9,0.2,0.5,4.5,0.3,25753.234941000002
4.4,11.8,1.5,0.1,0.4,0.5,4.5,0.3,25829.119848000002
4.4,11.8,1.5,0.1,0.2,1.0,4.5,0.3,21156.519482
4.4,11.8,1.5,0.1,0.2,0.5,1.5,0.3,24637.276254
4.4,11.8,1.5,0.1,0.2,0.5,4.5,0.4,25443.179426
4.4,11.8,1.5,0.1,0.2,0.5,4.5,0.3,24164.678627
6.3,7.7,0.9,3.2,0.3,0.6,5.2,1.3,25931.751709
8.2,7.7,0.9,3.2,0.3,0.6,5.2,1.3,26405.478767
6.3,6.6,0.9,3.2,0.3,0.6,5.2,1.3,25955.933177
6.3,7.7,0.7,3.2,0.3,0.6,5.2,1.3,25179.274193999998
6.3,7.7,0.9,0.7,0.3,0.6,5.2,1.3,25437.941325
6.3,7.7,0.9,3.2,0.6,0.6,5.2,1.3,25894.765193
6.3,7.7,0.9,3.2,0.3,0.1,5.2,1.3,26751.726561
6.3,7.7,0.9,3.2,0.3,0.6,5.3,1.3,25418.054153999998
6.3,7.7,0.9,3.2,0.3,0.6,5.2,0.0,26328.59495
6.3,6.6,0.7,0.7,0.6,0.1,5.3,0.0,25453.457536
8.2,7.7,0.7,0.7,0.6,0.1,5.3,0.0,22187.947454
8.2,6.6,0.9,0.7,0.6,0.1,5.3,0.0,26998.309115999997
8.2,6.6,0.7,3.2,0.6,0.1,5.3,0.0,25890.862677
8.2,6.6,0.7,0.7,0.3,0.1,5.3,0.0,26054.793089
8.2,6.6,0.7,0.7,0.6,0.6,5.3,0.0,26522.421045
8.2,6.6,0.7,0.7,0.6,0.1,5.2,0.0,25356.838669999997
8.2,6.6,0.7,0.7,0.6,0.1,5.3,1.3,21899.669745
8.2,6.6,0.7,0.7,0.6,0.1,5.3,0.0,19987.720502
9.3,10.7,2.0,0.5,0.8,0.1,2.2,0.0,27410.624612
5.2,10.7,2.0,0.5,0.8,0.1,2.2,0.0,26747.781201
9.3,9.6,2.0,0.5,0.8,0.1,2.2,0.0,21847.201188
9.3,10.7,1.8,0.5,0.8,0.1,2.2,0.0,27776.704568
9.3,10.7,2.0,3.4,0.8,0.1,2.2,0.0,26902.654192
9.3,10.7,2.0,0.5,0.1,0.1,2.2,0.0,27588.677143
9.3,10.7,2.0,0.5,0.8,0.6,2.2,0.0,27290.973864
9.3,10.7,2.0,0.5,0.8,0.1,2.3,0.0,21514.872897999998
9.3,10.7,2.0,0.5,0.8,0.1,2.2,1.3,25825.883307
9.3,9.6,1.8,3.4,0.1,0.6,2.3,1.3,27315.079082
5.2,10.7,1.8,3.4,0.1,0.6,2.3,1.3,25931.625911000003
5.2,9.6,2.0,3.4,0.1,0.6,2.3,1.3,25762.028138
5.2,9.6,1.8,0.5,0.1,0.6,2.3,1.3,18304.27297
5.2,9.6,1.8,3.4,0.8,0.6,2.3,1.3,25789.591766999998
5.2,9.6,1.8,3.4,0.1,0.1,2.3,1.3,25569.69873
5.2,9.6,1.8,3.4,0.1,0.6,2.2,1.3,18067.65053
5.2,9.6,1.8,3.4,0.1,0.6,2.3,0.0,25261.173087
5.2,9.6,1.8,3.4,0.1,0.6,2.3,1.3,25097.784695
7.8,6.2,0.4,4.5,0.5,0.3,3.7,0.7,25681.13168
6.7,6.2,0.4,4.5,0.5,0.3,3.7,0.7,25827.619905
7.8,11.1,0.4,4.5,0.5,0.3,3.7,0.7,26499.258128
7.8,6.2,2.3,4.5,0.5,0.3,3.7,0.7,26387.590255000003
7.8,6.2,0.4,4.7,0.5,0.3,3.7,0.7,25756.255034
7.8,6.2,0.4,4.5,0.8,0.3,3.7,0.7,27687.789921000003
7.8,6.2,0.4,4.5,0.5,0.3,3.7,0.7,20962.828795
7.8,6.2,0.4,4.5,0.5,0.3,0.8,0.7,26362.2506
7.8,6.2,0.4,4.5,0.5,0.3,3.7,0.7,25849.470820999995
7.8,11.1,2.3,4.7,0.8,0.3,0.8,0.7,26538.319326999997
6.7,6.2,2.3,4.7,0.8,0.3,0.8,0.7,26048.032703
6.7,11.1,0.4,4.7,0.8,0.3,0.8,0.7,25527.863299
6.7,11.1,2.3,4.5,0.8,0.3,0.8,0.7,26429.285687000003
6.7,11.1,2.3,4.7,0.5,0.3,0.8,0.7,21477.299883
6.7,11.1,2.3,4.7,0.8,0.3,0.8,0.7,26728.474969000003
6.7,11.1,2.3,4.7,0.8,0.3,3.7,0.7,26071.313348
6.7,11.1,2.3,4.7,0.8,0.3,0.8,0.7,25850.528763000002
6.7,11.1,2.3,4.7,0.8,0.3,0.8,0.7,26215.408118
4.8,9.2,1.5,1.9,0.0,0.8,0.7,1.9,25568.764955
9.7,9.2,1.5,1.9,0.0,0.8,0.7,1.9,18863.645581000004
4.8,8.1,1.5,1.9,0.0,0.8,0.7,1.9,18464.179163
4.8,9.2,1.2,1.9,0.0,0.8,0.7,1.9,18716.584679
4.8,9.2,1.5,2.0,0.0,0.8,0.7,1.9,20428.248518
4.8,9.2,1.5,1.9,0.3,0.8,0.7,1.9,25441.197568
4.8,9.2,1.5,1.9,0.0,0.8,0.7,1.9,25975.836769
4.8,9.2,1.5,1.9,0.0,0.8,3.8,1.9,25598.749992999998
4.8,9.2,1.5,1.9,0.0,0.8,0.7,1.9,25853.00678
4.8,8.1,1.2,2.0,0.3,0.8,3.8,1.9,25630.16032
9.7,9.2,1.2,2.0,0.3,0.8,3.8,1.9,27591.669255
9.7,8.1,1.5,2.0,0.3,0.8,3.8,1.9,26452.681976
9.7,8.1,1.2,1.9,0.3,0.8,3.8,1.9,23068.022422999995
9.7,8.1,1.2,2.0,0.0,0.8,3.8,1.9,25631.407972
9.7,8.1,1.2,2.0,0.3,0.8,3.8,1.9,23227.081278
9.7,8.1,1.2,2.0,0.3,0.8,0.7,1.9,26979.431528
9.7,8.1,1.2,2.0,0.3,0.8,3.8,1.9,26801.145269
9.7,8.1,1.2,2.0,0.3,0.8,3.8,1.9,27328.137839000003
